date,y_ret_1d,y_up_1d,future_mdd_1d,future_vol_1d,y_ret_3d,y_up_3d,future_mdd_3d,future_vol_3d,y_ret_5d,y_up_5d,future_mdd_5d,future_vol_5d,y_ret_10d,y_up_10d,future_mdd_10d,future_vol_10d,y_ret_20d,y_up_20d,future_mdd_20d,future_vol_20d,y_crash_5d,y_crash_20d
2018-01-02,-0.002135992268149311,0.0,-0.002133712660028486,0.0,-0.07607949524576521,0.0,-0.07325746799431021,0.034364908926695095,-0.08533168152396775,0.0,-0.08179231863442393,0.028495359657723117,-0.15261085127307877,0.0,-0.14153627311522055,0.027000690339293,-0.21323547308951366,0.0,-0.19203413940256053,0.03894773004150492,1.0,1.0
2018-01-03,0.0,0.0,0.0,0.0,-0.07778818283842551,0.0,-0.07483962936564492,0.03398736398884816,-0.14551617115841067,0.0,-0.13542409123307186,0.032126361674915845,-0.09488261619772574,0.0,-0.13970064148253736,0.03435846895937927,-0.21198015018695793,0.0,-0.19101924447612262,0.038962427907409704,1.0,1.0
2018-01-04,-0.07394350297761587,0.0,-0.07127583749109057,0.0,-0.08319568925581838,0.0,-0.07982893799002133,0.03268276857188431,-0.13894260599175615,0.0,-0.13542409123307186,0.03339972752314745,-0.09097177820572663,0.0,-0.13970064148253736,0.03448626275604136,-0.2533529571695004,0.0,-0.22380612972202418,0.03944015598647806,1.0,1.0
2018-01-05,-0.003844679860809721,0.0,-0.0038372985418264616,0.0,-0.07157266818079487,0.0,-0.06907137375287786,0.027204878299988428,-0.06499910301414033,0.0,-0.06907137375287786,0.025004400548420642,-0.012355369528718425,0.0,-0.07367613200306977,0.02694353082139394,-0.1794094541918845,0.0,-0.20742358078602618,0.03690723159816296,0.0,1.0
2018-01-08,-0.00540750641739282,0.0,-0.005392912172573205,0.0,-0.06115442315333058,0.0,-0.06548536209553157,0.030053697455019505,-0.059517761576862976,0.0,-0.06548536209553157,0.025497063445493347,0.03333642026759171,1.0,-0.07010785824345145,0.02983298745005127,-0.16460576054135537,0.0,-0.20742358078602618,0.03715025443877976,0.0,1.0
2018-01-09,-0.062320481902592345,0.0,-0.060418280402788516,0.0,-0.05574691673593779,0.0,-0.060418280402788516,0.031043775445420467,-0.06727916974911101,0.0,-0.06506584043377228,0.02528974440254705,0.033514179987707275,1.0,-0.06506584043377228,0.029827826257395308,-0.28897389539334817,0.0,-0.29621542940320233,0.04560414523252094,0.0,1.0
2018-01-10,0.0065735651666546605,1.0,0.0,0.0,0.008210226743122143,1.0,0.0,0.0027941096211483297,0.050633554960684946,1.0,-0.013082583810302584,0.023651878632908418,0.12462956383824444,1.0,-0.013082583810302584,0.020979426383501917,-0.3006818406418505,0.0,-0.346433770014556,0.046284956495616675,0.0,1.0
2018-01-11,0.0,0.0,0.0,0.0,-0.011532253013173274,0.0,-0.013082583810302584,0.006627418285640528,0.04797082778602953,1.0,-0.013082583810302584,0.023755635217878386,0.09299941883425235,1.0,-0.024745269286754024,0.02382088868168571,-0.2373720623125791,0.0,-0.346433770014556,0.04969387163496828,0.0,1.0
2018-01-12,0.001636661576467578,1.0,0.0,0.0,0.044059989794030495,1.0,-0.013082583810302584,0.029549406081849965,0.05264373348542188,1.0,-0.013082583810302584,0.02344975308756357,0.08023169000425093,1.0,-0.037117903930131035,0.02461409973487984,-0.2373720623125791,0.0,-0.346433770014556,0.04969387163496828,0.0,1.0
2018-01-15,-0.013168914589640904,0.0,-0.013082583810302584,0.0,0.046334166209561795,1.0,-0.013082583810302584,0.02923236851025993,0.0928541818444547,1.0,-0.013082583810302584,0.025798640530201096,-0.04687050340061644,0.0,-0.1506550218340612,0.04713967338945459,-0.18543350754874516,0.0,-0.346433770014556,0.051650381517701856,0.0,1.0
2018-01-16,0.055592242807203714,1.0,0.0,0.0,0.064175986498595,1.0,0.0,0.0241852279119177,0.10079334973681832,1.0,-0.005216095380029873,0.023976234700419475,-0.06062462181643497,0.0,-0.17321688500727805,0.047565814824569626,-0.17324932962164377,0.0,-0.346433770014556,0.05167267188208992,0.0,1.0
2018-01-17,0.0039108379919991585,1.0,0.0,0.0,0.050430853626891904,1.0,0.0,0.017706442445712033,0.07399600887755957,1.0,-0.005216095380029873,0.017605260998785597,-0.11709753398923213,0.0,-0.17394468704512378,0.04304845728693597,-0.2180624381740203,0.0,-0.346433770014556,0.04977459082063285,0.0,1.0
2018-01-18,0.004672905699392423,1.0,0.0,0.0,0.04129026893761549,1.0,-0.005216095380029873,0.020265500008910205,0.045028591048222856,1.0,-0.024745269286754024,0.02388233940436311,-0.16238117896377371,0.0,-0.20742358078602618,0.0435459869220299,-0.18560563199514452,0.0,-0.346433770014556,0.05075066380436434,0.0,1.0
2018-01-19,0.041847109935500504,1.0,0.0,0.0,0.06541226518616802,1.0,-0.005216095380029873,0.01984458302578184,0.02758795651882918,1.0,-0.037117903930131035,0.02548060149332299,-0.16705408466316607,0.0,-0.20742358078602618,0.04334368665718487,-0.2159819993665994,0.0,-0.346433770014556,0.050764894737810824,0.0,1.0
2018-01-22,-0.005229746697277265,0.0,-0.005216095380029873,0.0,-0.0014914245866700204,0.0,-0.024745269286754024,0.02223801079799385,-0.13972468524507112,0.0,-0.1506550218340612,0.05193138909166039,-0.1979421808089472,0.0,-0.20742358078602618,0.04003531831967405,-0.19341113544934693,0.0,-0.346433770014556,0.05215457953856486,1.0,1.0
2018-01-23,0.028794901947944856,1.0,0.0,0.0,-0.009029406719394152,0.0,-0.037117903930131035,0.023042111753953178,-0.16141797155325333,0.0,-0.17321688500727805,0.05074503038906558,-0.32248807538105556,0.0,-0.29621542940320233,0.0513428561379101,-0.16053807708381387,0.0,-0.346433770014556,0.052782845424655854,1.0,1.0
2018-01-24,-0.02505657983733762,0.0,-0.024745269286754024,0.0,-0.16328984049573875,0.0,-0.1506550218340612,0.050479664001885985,-0.19109354286679167,0.0,-0.17394468704512378,0.044620003651439984,-0.42531140448009497,0.0,-0.346433770014556,0.04829371305922659,-0.19197498849459735,0.0,-0.346433770014556,0.05212691874530164,1.0,1.0
2018-01-25,-0.012767728830001417,0.0,-0.012686567164179152,0.0,-0.16515629366386042,0.0,-0.15223880597014927,0.05012405888419336,-0.20740977001199662,0.0,-0.18731343283582091,0.04413204386731491,-0.3303714811468314,0.0,-0.32985074626865674,0.05895178049733683,-0.1399485269451561,0.0,-0.32985074626865674,0.05258673586783776,1.0,1.0
2018-01-26,-0.12546553182839976,0.0,-0.11791383219954654,0.0,-0.1532692341994527,0.0,-0.1421012849584279,0.05365550270330209,-0.19464204118199518,0.0,-0.1768707482993197,0.046047430504304473,-0.3176037523168301,0.0,-0.32123960695389264,0.05951254199370706,-0.07859502842778328,0.0,-0.32123960695389264,0.05393295768189442,1.0,1.0
2018-01-29,-0.026923033005459406,0.0,-0.0265638389031706,0.0,-0.06917650935359551,0.0,-0.06683804627249357,0.01675514475128865,-0.05821749556387602,0.0,-0.06683804627249357,0.01938854851533009,-0.13856300414812878,0.0,-0.23050556983718928,0.05541964851131048,0.05582457217877708,1.0,-0.23050556983718928,0.046188144549641826,0.0,1.0
2018-01-30,-0.000880669365593636,0.0,-0.0008802816901408717,0.0,-0.0422534763481361,0.0,-0.041373239436619635,0.019299101720420233,-0.16107010382780226,0.0,-0.14876760563380276,0.05193377728771505,-0.11262470780520882,0.0,-0.20950704225352101,0.05535434268626812,0.12402330551646804,1.0,-0.20950704225352101,0.04638558924809563,1.0,1.0
2018-01-31,-0.04137280698254254,0.0,-0.04052863436123344,0.0,-0.03041379319282312,0.0,-0.04052863436123344,0.02253498171041371,-0.23421786161330332,0.0,-0.20881057268722458,0.05134614473251418,-0.10096490418478819,0.0,-0.20881057268722458,0.05568257177264414,0.1349620867550966,1.0,-0.20881057268722458,0.04636334684116158,1.0,1.0
2018-02-01,0.0,0.0,0.0,0.0,-0.11881662747966626,0.0,-0.12170753860127159,0.0639166646542623,-0.12296171113483485,0.0,-0.18437783832879195,0.06971626825026814,-0.023224453031370825,0.0,-0.18437783832879195,0.05619772063253548,0.16394124168267585,1.0,-0.18437783832879195,0.045276922248957775,1.0,1.0
2018-02-02,0.010959013789719382,1.0,0.0,0.0,-0.19284505463076082,0.0,-0.18437783832879195,0.05786657078930634,-0.12296171113483485,0.0,-0.18437783832879195,0.06971626825026814,-0.048927914703433224,0.0,-0.18437783832879195,0.05661894508288742,0.2170645052378274,1.0,-0.18437783832879195,0.046265571142064796,1.0,1.0
2018-02-05,-0.12977564126938565,0.0,-0.12170753860127159,0.0,-0.13392072492455437,0.0,-0.18437783832879195,0.08411768198992688,-0.08034550858425267,0.0,-0.18437783832879195,0.07587467357095179,0.004531045359600102,1.0,-0.18437783832879195,0.06026936688033024,0.24524092039170917,1.0,-0.18437783832879195,0.04667453149061278,1.0,1.0
2018-02-06,-0.0740284271510947,0.0,-0.07135470527404342,0.0,-0.004145083655168664,0.0,-0.07135470527404342,0.05875985728690331,0.04844539602259344,1.0,-0.07135470527404342,0.05052874816910072,0.16194999829724172,1.0,-0.07135470527404342,0.04198294212775463,0.37288208913246207,1.0,-0.07135470527404342,0.033755132598908895,0.0,0.0
2018-02-07,0.069883343495926,1.0,0.0,0.0,0.1234585598362275,1.0,0.0,0.029851373531405937,0.13325295742851517,1.0,-0.0009842519685039353,0.029393451015383314,0.23333641598549779,1.0,-0.025375939849624163,0.03054609365682079,0.4069487879055563,1.0,-0.0412224591329069,0.02964506541128725,0.0,0.0
2018-02-08,0.0,0.0,0.0,0.0,0.052590479677762016,1.0,-0.0009842519685039353,0.025490874148902935,0.09973725810346418,1.0,-0.0009842519685039353,0.021543280433713976,0.1904229542016753,1.0,-0.025375939849624163,0.026443958387719377,0.40165029508924227,1.0,-0.0412224591329069,0.02922185579797635,0.0,0.0
2018-02-09,0.053575216340301476,1.0,0.0,0.0,0.06336961393258919,1.0,-0.0009842519685039353,0.023444216942680802,0.0740337964314017,1.0,-0.025375939849624163,0.027837155490982056,0.23900872388904676,1.0,-0.025375939849624163,0.026957335750053112,0.39467676613174163,1.0,-0.0412224591329069,0.029499684509100156,0.0,0.0
2018-02-12,-0.0009847366625394926,0.0,-0.0009842519685039353,0.0,0.046162041763162624,1.0,-0.0009842519685039353,0.015593306443644242,0.08487655394385296,1.0,-0.025375939849624163,0.03101387560258116,0.19438757632690598,1.0,-0.025375939849624163,0.025319389952498918,0.31199051292832264,1.0,-0.0412224591329069,0.030251743637690648,0.0,0.0
2018-02-13,0.01077913425482719,1.0,0.0,0.0,0.02144331675363951,1.0,-0.025375939849624163,0.025470186985863234,0.11350460227464831,1.0,-0.025375939849624163,0.029788025471746898,0.23664801332167695,1.0,-0.025375939849624163,0.02508356746837234,0.3301185265772995,1.0,-0.0412224591329069,0.030011892668020648,0.0,0.0
2018-02-14,0.036367644170875006,1.0,0.0,0.0,0.07508215635156526,1.0,-0.025375939849624163,0.03765562716820929,0.10008345855698263,1.0,-0.025375939849624163,0.031307321822235515,0.2359269909398847,1.0,-0.025375939849624163,0.02512151102956504,0.26625531996045765,1.0,-0.06949270326615709,0.033630581575928735,0.0,0.0
2018-02-22,-0.02570346167206247,0.0,-0.025375939849624163,0.0,0.06635782384894627,1.0,-0.025375939849624163,0.0369986893846865,0.09068569609821125,1.0,-0.025375939849624163,0.030542009152682244,0.18716569471404673,1.0,-0.025375939849624163,0.02684204725877177,0.2483861685018177,1.0,-0.06949270326615709,0.033241329221317846,0.0,0.0
2018-02-23,0.06441797385275289,1.0,0.0,0.0,0.08941927605817017,1.0,-0.0026385224274405594,0.027419818090580635,0.16497492745764517,1.0,-0.0026385224274405594,0.022651333060251078,0.26599241994126077,1.0,-0.012317167051578148,0.024071292404859883,0.22756961453898722,1.0,-0.09520500347463523,0.03471206652075312,0.0,0.0
2018-02-26,0.027643311668255798,1.0,0.0,0.0,0.05197118391752083,1.0,-0.0026385224274405594,0.014120584985033465,0.109511022383053,1.0,-0.0026385224274405594,0.017554070597311292,0.24070987503210886,1.0,-0.012317167051578148,0.02111220020872244,0.24708609217138494,1.0,-0.09520500347463523,0.03642161971926001,0.0,0.0
2018-02-27,-0.002642009462838585,0.0,-0.0026385224274405594,0.0,0.07291364193663648,1.0,-0.0026385224274405594,0.020998402237045032,0.12314341104702863,1.0,-0.0026385224274405594,0.019214216603450733,0.21093209083522046,1.0,-0.012317167051578148,0.02245560724831226,0.2870222241929335,1.0,-0.09520500347463523,0.03825376136873097,0.0,0.0
2018-02-28,0.026969881712103586,1.0,0.0,0.0,0.08450972017763585,1.0,0.0,0.016201810068930525,0.13584353238290223,1.0,0.0,0.01601426162941606,0.17361237192005852,1.0,-0.0412224591329069,0.02840354135649426,0.2810463480363827,1.0,-0.09520500347463523,0.03840835084162491,0.0,0.0
2018-03-01,0.048585769687371445,1.0,0.0,0.0,0.09881553879776368,1.0,0.0,0.01722013258837586,0.09647999861583545,1.0,-0.012317167051578148,0.022527876068738344,0.21122734088756692,1.0,-0.0412224591329069,0.031723597917278135,0.24806643153938931,1.0,-0.09520500347463523,0.038526146349208576,0.0,0.0
2018-03-02,0.008954068778160719,1.0,0.0,0.0,0.06028788098342709,1.0,0.0,0.014983118673583632,0.10101749248361559,1.0,-0.012317167051578148,0.023747847837329656,0.15566804224269487,1.0,-0.0412224591329069,0.031289558569040296,0.2661936423225818,1.0,-0.09520500347463523,0.039565906257629485,0.0,0.0
2018-03-05,0.0412757003322316,1.0,0.0,0.0,0.03894016015030342,1.0,-0.012317167051578148,0.02200762221076852,0.13119885264905606,1.0,-0.012317167051578148,0.023956154973994292,0.11760293660141675,1.0,-0.0412224591329069,0.03405561736609019,0.25723957354442095,1.0,-0.09520500347463523,0.03966319847342672,0.0,0.0
2018-03-06,0.010058111873035002,1.0,0.0,0.0,0.050787723373223355,1.0,-0.012317167051578148,0.027184871658792437,0.08778867978819169,1.0,-0.012317167051578148,0.024785546870079236,0.09347051325562258,1.0,-0.0412224591329069,0.032706926842297035,0.18800779594559933,1.0,-0.09520500347463523,0.040051534567428146,0.0,0.0
2018-03-07,-0.012393652054963122,0.0,-0.012317167051578148,0.0,0.07986504044378946,1.0,-0.012317167051578148,0.02817282365988654,0.03776883953715639,1.0,-0.0412224591329069,0.03412759645959592,0.03032832902057305,1.0,-0.06949270326615709,0.037677415900599906,0.15974371957599195,1.0,-0.09520500347463523,0.040499533159368176,0.0,0.0
2018-03-08,0.053123263555151526,1.0,0.0,0.0,0.09012421997012,1.0,-0.002132196162046962,0.023457483245113726,0.11474734227173135,1.0,-0.0412224591329069,0.03871168057035217,0.06122047378777097,1.0,-0.06949270326615709,0.03755216960958581,0.15892713989414872,1.0,-0.09520500347463523,0.04052046541025155,0.0,0.0
2018-03-09,0.03913542894360113,1.0,0.0,0.0,-0.0029607719630321337,0.0,-0.0412224591329069,0.03230147287488023,0.05465054975907935,1.0,-0.0412224591329069,0.0367575136051588,-0.03842280540227351,0.0,-0.09520500347463523,0.03697411066053301,0.10247386993180967,1.0,-0.09520500347463523,0.03922054132849029,0.0,0.0
2018-03-12,-0.002134472528632681,0.0,-0.002132196162046962,0.0,0.022488649772978816,1.0,-0.0412224591329069,0.043220823899686386,-0.013595916047639215,0.0,-0.0412224591329069,0.036419257081858024,0.006376217139276064,1.0,-0.09520500347463523,0.043963421752502625,0.061335101420033566,1.0,-0.09520500347463523,0.03845412447348908,0.0,0.0
2018-03-13,-0.03996172837800048,0.0,-0.03917378917378911,0.0,0.017649593344110988,1.0,-0.03917378917378911,0.04363842622422654,0.005681833467430864,1.0,-0.03917378917378911,0.037287157427605355,0.07609013335771324,1.0,-0.09520500347463523,0.048285965386842405,0.07410797215372183,1.0,-0.09520500347463523,0.038468502362529744,0.0,0.0
2018-03-14,0.06458485067961187,1.0,0.0,0.0,0.028500284858994064,1.0,-0.035441278665740095,0.03998553946252199,-0.007440510516583341,0.0,-0.06949270326615709,0.04041787712311102,0.1074339761163242,1.0,-0.09520500347463523,0.04606238993800517,0.11868864638801686,1.0,-0.09520500347463523,0.0371424004635883,0.0,0.0
2018-03-15,-0.006973528957500559,0.0,-0.006949270326615853,0.0,-0.01894128883418054,0.0,-0.035441278665740095,0.018889006605553926,-0.053526868483960405,0.0,-0.06949270326615709,0.027484768001280236,0.036839090651822566,1.0,-0.09520500347463523,0.042545092914726586,0.09220979451845165,1.0,-0.09520500347463523,0.03546212055191358,0.0,0.0
2018-03-16,-0.029111036863117452,0.0,-0.028691392582225195,0.0,-0.06505183223869478,0.0,-0.0629811056682994,0.02914722890818282,-0.09307335516135286,0.0,-0.08887333799860042,0.030766993193070222,0.11052560007988681,1.0,-0.08887333799860042,0.046278463674883724,0.05447228083798156,1.0,-0.08887333799860042,0.036998958059447105,1.0,0.0
2018-03-19,0.017143276986437438,1.0,0.0,0.0,-0.01744230266334237,0.0,-0.05169971671388096,0.03342949600574352,0.01997213318691517,1.0,-0.07790368271954673,0.05016638654910384,0.13963663694300424,1.0,-0.07790368271954673,0.04454353075751428,0.17533273451688675,1.0,-0.07790368271954673,0.0409635472388635,0.0,0.0
2018-03-20,-0.05308407236201482,0.0,-0.05169971671388096,0.0,-0.08110559528467282,0.0,-0.07790368271954673,0.03230850746408512,0.07040829989028227,1.0,-0.07790368271954673,0.05647075781797063,0.09453728268997676,1.0,-0.07790368271954673,0.046243941105395446,0.12061189185686111,1.0,-0.07790368271954673,0.04212371215285105,0.0,0.0
2018-03-21,0.018498492712234877,1.0,0.0,0.0,0.055912928562492525,1.0,-0.045454545454545525,0.05325790407670409,0.1148744866329074,1.0,-0.045454545454545525,0.04806936209176463,0.12941539055541906,1.0,-0.045454545454545525,0.042564603539663036,0.15851540704185996,1.0,-0.06265664160401008,0.04023162797959852,0.0,0.0
2018-03-22,-0.04652001563489293,0.0,-0.045454545454545525,0.0,0.10499387954006202,1.0,-0.045454545454545525,0.0580273315772151,0.0903659591357829,1.0,-0.045454545454545525,0.04950408542083305,0.09770666610637764,1.0,-0.057644110275689275,0.04320873268900781,0.03953083875663522,1.0,-0.14207980652962515,0.04653233139552246,0.0,0.0
2018-03-23,0.08393445148515048,1.0,0.0,0.0,0.14289600955556545,1.0,-0.008580858085808662,0.04033120432032745,0.20359895524123955,1.0,-0.014521452145214608,0.03970510464512583,0.14089667533408315,1.0,-0.06077694235588971,0.03935275700893784,0.1775740018448201,1.0,-0.14207980652962515,0.0489995102124612,0.0,0.0
2018-03-26,0.06757944368980437,1.0,0.0,0.0,0.052951523285525354,1.0,-0.014521452145214608,0.03532113818162055,0.1196645037560891,1.0,-0.014521452145214608,0.0353951204306908,0.05495888428075762,1.0,-0.06265664160401008,0.031825391562773635,0.1202908739613475,1.0,-0.14207980652962515,0.046118040132615154,0.0,0.0
2018-03-27,-0.008617885619389545,0.0,-0.008580858085808662,0.0,0.052085060066284605,1.0,-0.014521452145214608,0.034912871264974915,0.02412898279969442,1.0,-0.027568922305764465,0.03232989615781732,-0.001982161203991322,0.0,-0.06265664160401008,0.024446686458535087,0.06391951771328731,1.0,-0.14207980652962515,0.04394048361638311,0.0,0.0
2018-03-28,-0.006010034784889639,0.0,-0.005992010652463353,0.0,0.06070294568567413,1.0,-0.005992010652463353,0.03295683916415247,0.014540903922511655,1.0,-0.045112781954887216,0.03333902849031651,0.0112546702716927,1.0,-0.06265664160401008,0.024312954638021956,0.06007618289486496,1.0,-0.14207980652962515,0.04400009313669552,0.0,0.0
2018-03-29,0.06671298047056382,1.0,0.0,0.0,0.03875690320397369,1.0,-0.027568922305764465,0.03971341015078738,0.007340706970594669,1.0,-0.057644110275689275,0.0338448051831484,0.05537070386662921,1.0,-0.06265664160401008,0.02652021782550944,0.05853426234182177,1.0,-0.14207980652962515,0.04401716700688151,0.0,0.0
2018-03-30,0.0,0.0,0.0,0.0,-0.04616204176316249,0.0,-0.045112781954887216,0.011585738831349087,-0.06270227990715635,0.0,-0.06077694235588971,0.010122088554117387,-0.05605331924190519,0.0,-0.06265664160401008,0.021387073503633877,0.08982695838979336,1.0,-0.14207980652962515,0.04672931604653599,0.0,0.0
2018-04-02,-0.027956077266590072,0.0,-0.027568922305764465,0.0,-0.059372273499969,0.0,-0.057644110275689275,0.006123379651642048,-0.06470561947533157,0.0,-0.06265664160401008,0.009646227197056743,0.03569609757388241,1.0,-0.06265664160401008,0.03630261827766507,0.06018224180479652,1.0,-0.14207980652962515,0.04731476397288232,0.0,0.0
2018-04-03,-0.01820596449657241,0.0,-0.018041237113401998,0.0,-0.03474620264056635,0.0,-0.034149484536082464,0.006181246974592551,-0.026111144003685773,0.0,-0.036082474226803996,0.00997884588538171,0.026074609166884373,1.0,-0.04372623574144485,0.03724079045594458,0.12917268042074123,1.0,-0.14207980652962515,0.04744619605115026,0.0,0.0
2018-04-04,-0.013210231736806575,0.0,-0.013123359580052618,0.0,-0.01854357771216896,0.0,-0.01837270341207342,0.004999703652830257,-0.003286233650818758,0.0,-0.01837270341207342,0.008024498059176174,0.029100016486440956,1.0,-0.05139056831922606,0.037082427562336574,0.1434070084909666,1.0,-0.14207980652962515,0.047176873418696315,0.0,0.0
2018-04-09,-0.0033300064071873827,0.0,-0.0033244680851063357,0.0,0.005305052229693098,1.0,-0.005319148936170137,0.0062954119646347,0.048029996896034384,1.0,-0.005319148936170137,0.015101678808892068,-0.05817582734974245,0.0,-0.14207980652962515,0.04839446653063583,0.15091597050881686,1.0,-0.14207980652962515,0.04704287351003739,0.0,0.0
2018-04-10,-0.002003339568175062,0.0,-0.002001334222815121,0.0,0.01325400449317515,1.0,-0.002001334222815121,0.005162923426264895,0.0066489606652511924,1.0,-0.04372623574144485,0.0267612641335129,0.03667732651073684,1.0,-0.14207980652962515,0.056559315365126726,0.129939224691843,1.0,-0.14207980652962515,0.04750523109337406,0.0,0.0
2018-04-11,0.010638398205055577,1.0,0.0,0.0,0.05336334287139689,1.0,0.0,0.014575800359582752,0.10040171704921395,1.0,-0.04372623574144485,0.044693420511367196,0.06533198968058977,1.0,-0.14207980652962515,0.05692410470657365,0.11956398002737817,1.0,-0.14207980652962515,0.04765164658359306,0.0,0.0
2018-04-12,0.004618945856294458,1.0,0.0,0.0,-0.001986097971629403,0.0,-0.04372623574144485,0.03401550763103719,0.05218575317057025,1.0,-0.04372623574144485,0.05051304287231789,0.06590167891727852,1.0,-0.14207980652962515,0.05692846953268015,0.10476510033806243,1.0,-0.14207980652962515,0.04768842285393898,0.0,0.0
2018-04-13,0.03810599881004664,1.0,0.0,0.0,0.08514437298786372,1.0,-0.04372623574144485,0.056132517456335324,0.03238625013725981,1.0,-0.05139056831922606,0.05157877254004733,0.048821512623172095,1.0,-0.14207980652962515,0.05721748238627721,0.10430663596602797,1.0,-0.14207980652962515,0.047688825225829394,0.0,0.0
2018-04-16,-0.04471104263797064,0.0,-0.04372623574144485,0.0,0.009460808504228889,1.0,-0.04372623574144485,0.06271435409656098,-0.10620582424577693,0.0,-0.14207980652962515,0.06308893966660835,0.003163558475192716,1.0,-0.14207980652962515,0.05619672676376548,0.04461706548880669,1.0,-0.14207980652962515,0.047403968208199955,1.0,0.0
2018-04-17,0.09174941681578773,1.0,0.0,0.0,0.038991293965183756,1.0,-0.05139056831922606,0.05643197845145027,0.030028365845485773,1.0,-0.14207980652962515,0.07530481471584964,0.14588027763169872,1.0,-0.14207980652962515,0.06087663883274682,0.0832490620503951,1.0,-0.14207980652962515,0.04622424435030448,1.0,0.0
2018-04-18,-0.037577565673588095,0.0,-0.03688029020556227,0.0,-0.15324419842359396,0.0,-0.14207980652962515,0.03611115259578485,-0.035069727368624064,0.0,-0.14207980652962515,0.06415727013543293,0.024486144230914074,1.0,-0.14207980652962515,0.05620378430795836,-0.04324330320926545,0.0,-0.14207980652962515,0.04229406190510712,1.0,0.0
2018-04-19,-0.015180557177015979,0.0,-0.015065913370998163,0.0,-0.02414348529671393,0.0,-0.10922787193973638,0.0785495270357034,0.013715925746708314,1.0,-0.10922787193973638,0.06245426513862383,0.10309807125385682,1.0,-0.10922787193973638,0.05554946891830275,0.072043246791639,1.0,-0.10922787193973638,0.044853290818567204,1.0,0.0
2018-04-20,-0.10048607557298998,0.0,-0.09560229445506696,0.0,0.017688395481979903,1.0,-0.09560229445506696,0.07974947824691056,0.016435262485912427,1.0,-0.09560229445506696,0.06230748048484128,0.11430699200452561,1.0,-0.09560229445506696,0.055135353393505636,0.07192038582876818,1.0,-0.10305775764439418,0.04485587119384985,1.0,0.0
2018-04-23,0.09152314745329189,1.0,0.0,0.0,0.12938255849671412,1.0,0.0,0.034796800519563714,0.1093693827209696,1.0,-0.01981424148606803,0.037503019778286774,0.2090917978585594,1.0,-0.029209621993127266,0.04155574073404897,0.158069298255351,1.0,-0.10305775764439418,0.03831345613263831,0.0,0.0
2018-04-24,0.026651323601678007,1.0,0.0,0.0,0.025398190605610403,1.0,-0.01238390092879249,0.0160849162600305,0.11585191178621305,1.0,-0.01981424148606803,0.03992244445171346,0.09326189818110614,1.0,-0.03340883352208379,0.036035104261570965,0.007049051937413788,1.0,-0.11325028312570784,0.03589474012023941,0.0,0.0
2018-04-25,0.011208087441744334,1.0,0.0,0.0,-0.00880508833400027,0.0,-0.01981424148606803,0.01019954369574895,0.059555871599538096,1.0,-0.029209621993127266,0.04497216194756962,0.05423199034678819,1.0,-0.04530011325028316,0.036060908164996325,-0.08422593904055165,0.0,-0.16874292185730466,0.03800155044055956,0.0,1.0
2018-04-26,-0.01246122043781189,0.0,-0.01238390092879249,0.0,0.07799250074279081,1.0,-0.01981424148606803,0.050956898835225715,0.08938214550714854,1.0,-0.029209621993127266,0.0464375303386037,0.03886342142078396,1.0,-0.04926387315968295,0.03610907598397741,-0.14859339476239186,0.0,-0.21177802944507362,0.03926407678882663,0.0,1.0
2018-04-27,-0.007551955337932792,0.0,-0.007523510971786829,0.0,0.06080900459560579,1.0,-0.029209621993127266,0.05570270949140211,0.09787172951861323,1.0,-0.029209621993127266,0.045441768231763026,0.05548512334285587,1.0,-0.04926387315968295,0.03569854049784588,-0.14117359659750608,0.0,-0.2157417893544734,0.03924983380528415,0.0,1.0
2018-05-02,0.09800567651853549,1.0,0.0,0.0,0.10939532128289323,1.0,-0.029209621993127266,0.05221311634833475,0.09972241513758988,1.0,-0.029209621993127266,0.04522633528984334,0.04145350701361409,1.0,-0.06568516421291049,0.03645366516567815,-0.13434392370339726,0.0,-0.2163080407701019,0.03927375934664493,0.0,1.0
2018-05-03,-0.029644716584997,0.0,-0.029209621993127266,0.0,0.007418008338010629,1.0,-0.029209621993127266,0.029212210039009995,-0.022590013605106936,0.0,-0.03340883352208379,0.024898445195700808,-0.06263121558130354,0.0,-0.07134767836919598,0.018708585246646328,-0.26019022619487436,0.0,-0.23782559456398633,0.03125381423963101,0.0,1.0
2018-05-04,0.04103436134935481,1.0,0.0,0.0,0.031361455204051356,1.0,-0.00962627406568528,0.02163523535158605,-0.005323881252749855,0.0,-0.04530011325028316,0.022228252259831195,-0.06772944744017949,0.0,-0.10305775764439418,0.019395654090396404,-0.2792613823339352,0.0,-0.2740656851642129,0.032028149206270895,0.0,1.0
2018-05-07,-0.003971636426347169,0.0,-0.003963759909399789,0.0,-0.0339796583694647,0.0,-0.03340883352208379,0.009205508888636594,-0.050518724086364555,0.0,-0.04926387315968295,0.007735725345702633,-0.031054824462217905,0.0,-0.10305775764439418,0.029118840984136134,-0.4456149050477848,0.0,-0.35956964892412224,0.03775436003195498,0.0,1.0
2018-05-08,-0.005701269718956191,0.0,-0.005685048322910835,0.0,-0.04238660617575743,0.0,-0.04150085275724846,0.007695826430244885,-0.04238660617575743,0.0,-0.045480386583286014,0.009506275437221514,-0.04238660617575743,0.0,-0.099488345650938,0.0293500723804614,-0.4703447903339368,0.0,-0.3752131893121091,0.03753881895550467,0.0,1.0
2018-05-09,-0.02430675222416132,0.0,-0.024013722126929538,0.0,-0.040845817941061166,0.0,-0.04002287021154938,0.008271038018574145,-0.05826890812397564,0.0,-0.05660377358490554,0.010634511730898234,-0.05102249960320843,0.0,-0.09433962264150941,0.029507033313763642,-0.5064517459172945,0.0,-0.3973699256718125,0.03750681560768912,0.0,1.0
2018-05-10,-0.012378584232639869,0.0,-0.012302284710017597,0.0,-0.012378584232639869,0.0,-0.016403046280023537,0.006752088831484642,-0.04004120197619656,0.0,-0.03925014645577041,0.008602259655897601,-0.08621284624369216,0.0,-0.08528037383177578,0.03342573975284654,-0.479302736924203,0.0,-0.3843457943925235,0.03800697135159535,0.0,1.0
2018-05-11,-0.004160481484259989,0.0,-0.004151838671411667,0.0,-0.021583571667174402,0.0,-0.021352313167259718,0.010726699652473217,-0.06240556618742963,0.0,-0.06049822064056942,0.013896806164089991,-0.13845792938733992,0.0,-0.14252336448598135,0.037445955031922516,-0.4869917157423724,0.0,-0.3948598130841122,0.037926629356350695,0.0,1.0
2018-05-14,0.004160481484259885,1.0,0.0,0.0,-0.023502136259296775,0.0,-0.027283511269276417,0.010582976430331417,0.019463899624146717,1.0,-0.06049822064056942,0.039217610858726805,-0.1874568161831758,0.0,-0.1869158878504673,0.0390303194195939,-0.5394220145470305,0.0,-0.42815420560747675,0.03825116479624765,0.0,1.0
2018-05-15,-0.021583571667174402,0.0,-0.021352313167259718,0.0,-0.06240556618742963,0.0,-0.06049822064056942,0.011715036917851798,0.0,0.0,-0.06049822064056942,0.03995687346535449,-0.19665871994036194,0.0,-0.19100467289719636,0.038585366724709906,-0.4612637602198528,0.0,-0.42815420560747675,0.04468371598753692,0.0,1.0
2018-05-16,-0.006079046076382226,0.0,-0.0060606060606061,0.0,0.036886989807061135,1.0,-0.040000000000000036,0.047711506324575645,0.007246408520767253,1.0,-0.040000000000000036,0.03927329952911118,-0.17579743071701145,0.0,-0.19158878504672905,0.03898713624646986,-0.4472345209844594,0.0,-0.42815420560747675,0.04481137347162717,0.0,1.0
2018-05-17,-0.03474294844387286,0.0,-0.03414634146341455,0.0,0.027662617743556682,1.0,-0.03414634146341455,0.04907436481180216,-0.04617164426749562,0.0,-0.08528037383177578,0.046473752144719584,-0.19755901061357078,0.0,-0.21378504672897192,0.03889168417230531,-0.4545144522032752,0.0,-0.42815420560747675,0.044707078743961584,1.0,1.0
2018-05-18,0.07770898432731632,1.0,0.0,0.0,0.0480684030410224,1.0,-0.029205607476635476,0.04362050222109866,-0.07605236319991024,0.0,-0.14252336448598135,0.051064206383427124,-0.2115319348937558,0.0,-0.2511682242990655,0.03964867600027536,-0.40357295995612646,0.0,-0.42815420560747675,0.04539569958368488,1.0,1.0
2018-05-21,-0.015303418139886773,0.0,-0.015186915887850594,0.0,-0.08913768015093909,0.0,-0.08528037383177578,0.021064543296970977,-0.2069207158073225,0.0,-0.1869158878504673,0.021993425936935047,-0.41456008058556704,0.0,-0.3393691588785047,0.03560189735413514,-0.5660617522412483,0.0,-0.43224299065420557,0.04152504168504138,1.0,1.0
2018-05-22,-0.014337163146407218,0.0,-0.014234875444839812,0.0,-0.13845792938733992,0.0,-0.12930011862396207,0.02259408478744852,-0.19665871994036194,0.0,-0.17852906287069992,0.02464987364800714,-0.4279581841581793,0.0,-0.3481613285883748,0.03483635887504197,-0.4745215301655035,0.0,-0.42348754448398573,0.04734300299118648,1.0,1.0
2018-05-23,-0.05949709886464514,0.0,-0.0577617328519856,0.0,-0.17728013452102864,0.0,-0.16245487364620947,0.004688978654886529,-0.18304383923777864,0.0,-0.16726835138387486,0.027809961554416895,-0.45542924631408593,0.0,-0.36582430806257527,0.03354300724670414,-0.5140397687588195,0.0,-0.4151624548736462,0.04773297530543201,1.0,1.0
2018-05-24,-0.06462366737628752,0.0,-0.06257982120051087,0.0,-0.1228244579293096,0.0,-0.11558109833971908,0.025813026025359273,-0.15138736634607522,0.0,-0.14048531289910593,0.02537537376389795,-0.39308989068051076,0.0,-0.3269476372924649,0.0360681585696521,-0.44752509723552786,0.0,-0.3793103448275862,0.04757940139566032,1.0,1.0
2018-05-25,-0.053159368280095924,0.0,-0.05177111716621252,0.0,-0.05892307299684597,0.0,-0.05722070844686644,0.023766549012828913,-0.13547957169384545,0.0,-0.1267029972752043,0.021583558126331937,-0.34853378635503257,0.0,-0.29427792915531337,0.03541185609385208,-0.4330911743830955,0.0,-0.3514986376021798,0.04703951433632849,1.0,1.0
2018-05-28,-0.005041422272926152,0.0,-0.005028735632183978,0.0,-0.03360433068969173,0.0,-0.03304597701149414,0.011897073468254386,-0.2076393647782445,0.0,-0.1875,0.04529093813179887,-0.35196519836385465,0.0,-0.2966954022988506,0.03560368440913581,-0.32874355924955484,0.0,-0.3160919540229885,0.04900174396843779,1.0,1.0
2018-05-29,-0.0007222824438240095,0.0,-0.0007220216606498298,0.0,-0.07727878114082347,0.0,-0.07436823104693135,0.019648480830928204,-0.23129946421781744,0.0,-0.2064981949458483,0.042373669951950015,-0.2646050402794909,0.0,-0.2931407942238268,0.04981320017215554,-0.29323294950180023,0.0,-0.31263537906137184,0.0500153536124338,1.0,1.0
2018-05-30,-0.02784062597294173,0.0,-0.027456647398843903,0.0,-0.20187566006149438,0.0,-0.18280346820809246,0.04190717867373661,-0.27238540707630726,0.0,-0.2384393063583815,0.03629372388953521,-0.2714370902674479,0.0,-0.2926300578034683,0.04950138250323803,-0.2771405277813177,0.0,-0.3121387283236995,0.0503613770441804,1.0,1.0
2018-05-31,-0.04871587272405782,0.0,-0.04754829123328386,0.0,-0.20273655580105177,0.0,-0.1835066864784547,0.04163813205446671,-0.2417025243344355,0.0,-0.21693907875185747,0.042364820031535216,-0.25695544158970435,0.0,-0.27265973254086195,0.04967134990933613,-0.20364688813519718,0.0,-0.2927191679049035,0.051865790273159885,1.0,1.0
2018-06-01,-0.12531916136449484,0.0,-0.11778471138845548,0.0,-0.19582890837930778,0.0,-0.17784711388455543,0.04279256219497318,-0.21305421466118707,0.0,-0.19188767550702035,0.04383825518882358,-0.19204102506237067,0.0,-0.2363494539781592,0.050473974432168986,-0.19109629187920893,0.0,-0.25741029641185653,0.05147018947594409,1.0,1.0
2018-06-04,-0.02870152171249916,0.0,-0.028293545534924913,0.0,-0.06766749024588278,0.0,-0.06808134394341303,0.018739326411086537,-0.14432583358561019,0.0,-0.13439434129089312,0.020094863659916532,-0.15150167165568137,0.0,-0.14058355437665782,0.04283881938301826,-0.008881053043960481,0.0,-0.15826702033598594,0.04600968675376421,1.0,1.0
2018-06-05,-0.0418082253023138,0.0,-0.04094631483166522,0.0,-0.0590335315841931,0.0,-0.05732484076433131,0.018230565873162293,-0.03330557606167338,0.0,-0.10919017288444055,0.04881752065234293,-0.046563346007324244,0.0,-0.11555959963603268,0.050416642608722806,-0.010059526987733344,0.0,-0.13375796178343957,0.04604657763959963,1.0,0.0
2018-06-06,0.0028422567689300737,1.0,0.0,0.0,-0.07381608657079726,0.0,-0.07379375591296133,0.02447468337217631,0.0009483168088594818,1.0,-0.07379375591296133,0.04570900188622907,-0.05861052244473356,0.0,-0.08560677328316091,0.051423876067435946,-0.046610378441622996,0.0,-0.10442144873000947,0.04831893872426544,0.0,0.0
2018-06-07,-0.02006756305080937,0.0,-0.019867549668874274,0.0,0.005660392471710355,1.0,-0.07379375591296133,0.05879602523920815,-0.015252917255268764,0.0,-0.07379375591296133,0.04597955563509575,-0.0544352065550171,0.0,-0.08560677328316091,0.05150972564800233,-0.02587590464655612,0.0,-0.10442144873000947,0.04864017312684692,0.0,0.0
2018-06-08,-0.05659078028891804,0.0,-0.055019305019305076,0.0,0.01817362309073852,1.0,-0.055019305019305076,0.05752061975899592,0.02101318959881639,1.0,-0.055019305019305076,0.04558180094311504,-0.084557388028063,0.0,-0.10442144873000947,0.05313204844173829,0.022901764286684414,1.0,-0.10442144873000947,0.04886007854622564,0.0,0.0
2018-06-11,0.08231873581143763,1.0,0.0,0.0,0.061405426084458536,1.0,-0.02069614299153344,0.04379889278503677,-0.007175838070071202,0.0,-0.08560677328316091,0.053761723571262486,0.023221639114299704,1.0,-0.10442144873000947,0.05320614311625135,0.09633110893843211,1.0,-0.10442144873000947,0.0471112548972462,1.0,0.0
2018-06-12,-0.007554332431781044,0.0,-0.007525870178739402,0.0,-0.0047147659237033535,0.0,-0.02069614299153344,0.012786886011826674,-0.013257769945650812,0.0,-0.08560677328316091,0.05188918086295183,-0.02862790922230941,0.0,-0.10442144873000947,0.047363385126619265,-0.014211513460960471,0.0,-0.10442144873000947,0.04408146211284592,1.0,0.0
2018-06-13,-0.013358977295198013,0.0,-0.013270142180094813,0.0,-0.08194024144972784,0.0,-0.08128544423440454,0.042388690355392715,-0.059558839253592996,0.0,-0.08128544423440454,0.05591328006357176,-0.0057034375138697545,0.0,-0.10018903591682427,0.04763483866679433,0.10857808254840533,1.0,-0.10258697591436217,0.050747533156144206,1.0,0.0
2018-06-14,0.016198543803275726,1.0,0.0,0.0,0.007655539781328278,1.0,-0.08128544423440454,0.06643925338219121,-0.039182289299748346,0.0,-0.08128544423440454,0.05639975034816387,0.05330855345450713,1.0,-0.10018903591682427,0.04931083721048684,0.13712722533757843,1.0,-0.10258697591436217,0.0506002902590959,1.0,0.0
2018-06-15,-0.08477980795780561,0.0,-0.08128544423440454,0.0,-0.06239840576167068,0.0,-0.08128544423440454,0.06976679422125104,-0.10557057762687945,0.0,-0.10018903591682427,0.05698999529313634,0.0009447331831616659,1.0,-0.10018903591682427,0.05064110188346919,0.1546906366438328,1.0,-0.10258697591436217,0.05090628567315721,1.0,0.0
2018-06-19,0.07623680393585815,1.0,0.0,0.0,0.02939897485478135,1.0,-0.052430886558627376,0.05314634195444633,0.030397477184370948,1.0,-0.09246901811248809,0.0523758468082093,0.1426206186117208,1.0,-0.09246901811248809,0.04434048371485633,0.26030453150448035,1.0,-0.10258697591436217,0.04630549587124079,1.0,0.0
2018-06-20,-0.05385540173972326,0.0,-0.052430886558627376,0.0,-0.09702757360493186,0.0,-0.09246901811248809,0.02787199549158856,-0.015370139276658635,0.0,-0.09246901811248809,0.04235568637848973,0.03650381901959076,1.0,-0.09246901811248809,0.04079504875809838,0.1526515313352435,1.0,-0.10258697591436217,0.04487856059645199,1.0,0.0
2018-06-21,0.00701757265864654,1.0,0.0,0.0,0.008016074988236125,1.0,-0.04895104895104896,0.04150130216663665,0.05385540173972322,1.0,-0.04895104895104896,0.033979479409694265,0.012000144003110558,1.0,-0.10258697591436217,0.04472242522492023,0.18416425770903705,1.0,-0.10258697591436217,0.043214462671785185,0.0,0.0
2018-06-22,-0.05018974452385528,0.0,-0.04895104895104896,0.0,0.03146768980441799,1.0,-0.04895104895104896,0.04373231689418257,0.0924908427542555,1.0,-0.04895104895104896,0.03654352499916823,0.02855930190846089,1.0,-0.10258697591436217,0.04521106728569169,0.2149180058893867,1.0,-0.10258697591436217,0.043654070978677254,0.0,0.0
2018-06-25,0.05118824685344483,1.0,0.0,0.0,0.09702757360493193,1.0,0.0,0.014682557710908796,0.10651531081004119,1.0,-0.03551912568306015,0.031330087056223616,0.10745915231474755,1.0,-0.10258697591436217,0.042038651508407625,0.2905665637660413,1.0,-0.10258697591436217,0.04143111152625761,0.0,0.0
2018-06-26,0.030469187474828477,1.0,0.0,0.0,0.09149234042466592,1.0,0.0,0.012362947851579105,0.11222314142734993,1.0,-0.03551912568306015,0.03248105411900567,0.07310946982413236,1.0,-0.10258697591436217,0.03994500009281414,0.22672992694543745,1.0,-0.10258697591436217,0.04093996129038358,0.0,0.0
2018-06-27,0.015370139276658718,1.0,0.0,0.0,0.024857876481767894,1.0,-0.03551912568306015,0.033775704876820856,0.05187395829624956,1.0,-0.03551912568306015,0.038000427163261886,0.014416395761348873,1.0,-0.10258697591436217,0.04042024607053314,0.22681540779258147,1.0,-0.10258697591436217,0.04094196289143942,0.0,0.0
2018-06-28,0.04565301367317886,1.0,0.0,0.0,0.06638381467586271,1.0,-0.03551912568306015,0.04147429549615404,-0.041855257736612625,0.0,-0.10258697591436217,0.05159820741358583,0.11428152006227493,1.0,-0.10258697591436217,0.05300532461775553,0.16161289476804705,1.0,-0.10258697591436217,0.04303384474624857,1.0,0.0
2018-06-29,-0.036165276468069524,0.0,-0.03551912568306015,0.0,-0.009149194653587977,0.0,-0.03551912568306015,0.04246568185560996,-0.06393154084579449,0.0,-0.10258697591436217,0.04757407643912202,0.08381867188307134,1.0,-0.10258697591436217,0.05181279519170677,0.09215900379929037,1.0,-0.10258697591436217,0.042662508285485116,1.0,0.0
2018-07-02,0.05689607747075352,1.0,0.0,0.0,-0.05134299494172186,0.0,-0.10258697591436217,0.05595063788396037,0.0009438415047063485,1.0,-0.10258697591436217,0.04827023289476018,0.1537459034606711,1.0,-0.10258697591436217,0.050016373858081664,0.0833060631204761,1.0,-0.11188271604938282,0.043126658813711756,1.0,0.0
2018-07-03,-0.029879995656272026,0.0,-0.02943800178412137,0.0,-0.0846623418484784,0.0,-0.10258697591436217,0.041631654218212875,-0.039113671603217555,0.0,-0.10258697591436217,0.04096499198807547,0.1176839128927595,1.0,-0.10258697591436217,0.048158178985868924,0.025540798285135738,1.0,-0.11265432098765438,0.04139815470077281,1.0,0.0
2018-07-04,-0.07835907675620349,0.0,-0.0753676470588236,0.0,-0.026072240309775244,0.0,-0.0753676470588236,0.049307504755684115,-0.03745756253490044,0.0,-0.0753676470588236,0.040791637720670196,0.1161477123156526,1.0,-0.0753676470588236,0.048293049712628724,0.0632164159238637,1.0,-0.11265432098765438,0.04079025783872665,0.0,0.0
2018-07-05,0.02357673056399702,1.0,0.0,0.0,0.06912540080925776,1.0,0.0,0.004861274683844616,0.15613677779888757,1.0,-0.027829313543599188,0.04661262645101691,0.17216411370592644,1.0,-0.05233941316415547,0.04008268658746351,0.12241114309085147,1.0,-0.12268518518518534,0.036711456958667274,0.0,0.0
2018-07-06,0.02871010588243136,1.0,0.0,0.0,0.01732478365730592,1.0,-0.027829313543599188,0.024524449211985908,0.14775021272886585,1.0,-0.027829313543599188,0.04700697231466002,0.18635870398092572,1.0,-0.05233941316415547,0.04053161684955714,0.037164829801363715,1.0,-0.17515432098765438,0.039295075912220014,0.0,1.0
2018-07-09,0.016838564362829524,1.0,0.0,0.0,0.10384994135245938,1.0,-0.027829313543599188,0.05990090211551234,0.15280206195596466,1.0,-0.027829313543599188,0.04703234569672176,0.1831074114512937,1.0,-0.05233941316415547,0.040462482479515505,-0.03846628082779605,0.0,-0.21296296296296302,0.04015871562704467,0.0,1.0
2018-07-10,-0.02822388658795492,0.0,-0.027829313543599188,0.0,0.10220154248360502,1.0,-0.027829313543599188,0.060068784031262805,0.1567975844959771,1.0,-0.027829313543599188,0.046825905571164346,0.15362045712130512,1.0,-0.05233941316415547,0.04152285795948375,-0.0018570107472126599,0.0,-0.21296296296296302,0.04177403074085415,0.0,1.0
2018-07-11,0.11523526357758473,1.0,0.0,0.0,0.16418738418109008,1.0,0.0,0.043450908458492,0.15360527485055314,1.0,-0.030927835051546282,0.047648498786035734,0.21239901203123257,1.0,-0.05233941316415547,0.03902187561714858,-0.02414409892936096,0.0,-0.21296296296296302,0.04279438586639785,0.0,1.0
2018-07-12,0.015190165493975238,1.0,0.0,0.0,0.06978620750634733,1.0,0.0,0.007773852146518632,0.016027335907038694,1.0,-0.05233941316415547,0.025453751576746123,0.047331374705772145,1.0,-0.05233941316415547,0.029527064527963595,-0.08238388145758162,0.0,-0.21296296296296302,0.03625348245434549,0.0,1.0
2018-07-13,0.03376195510953008,1.0,0.0,0.0,0.02317984577899341,1.0,-0.030927835051546282,0.028176848803906526,0.038608491252059854,1.0,-0.05233941316415547,0.02894356880809588,0.00834033191621895,1.0,-0.07098765432098775,0.030448786212584268,-0.08655465170194616,0.0,-0.21296296296296302,0.036153668938934874,0.0,1.0
2018-07-16,0.020834086902842053,1.0,0.0,0.0,-0.03292478469646661,0.0,-0.05233941316415547,0.022795354470109108,0.030305349495329058,1.0,-0.05233941316415547,0.027609319872118995,-0.07043984034019493,0.0,-0.11188271604938282,0.03109475049489017,-0.08092028561489537,0.0,-0.21296296296296302,0.03646994435236418,0.0,1.0
2018-07-17,-0.03141619623337881,0.0,-0.030927835051546282,0.0,-0.015987550760312292,0.0,-0.05233941316415547,0.03070094793921606,-0.003177127374672013,0.0,-0.05233941316415547,0.027272547826071965,-0.09214311460762371,0.0,-0.11265432098765438,0.029803813760574595,-0.13205972201306623,0.0,-0.21296296296296302,0.03642863432421057,0.0,1.0
2018-07-18,-0.02234267536592966,0.0,-0.02209492635024557,0.0,0.040887458825865905,1.0,-0.02209492635024557,0.025927832972931907,0.058793737180679415,1.0,-0.02209492635024557,0.024397736847729622,-0.05293129639178898,0.0,-0.11265432098765438,0.02919816882315938,-0.16223014863231328,0.0,-0.21296296296296302,0.03801506290656623,0.0,1.0
2018-07-19,0.03777132083899633,1.0,0.0,0.0,0.05058174422463653,1.0,-0.01256873527101332,0.021462898280113916,0.031304038798733315,1.0,-0.04861111111111116,0.033032318370370614,-0.049752970615075,0.0,-0.12268518518518534,0.0290276492058806,-0.14761698034865106,0.0,-0.21296296296296302,0.03787468990297589,0.0,1.0
2018-07-20,0.02545881335279941,1.0,0.0,0.0,0.04336509170761275,1.0,-0.01256873527101332,0.019277594733177267,-0.030268159335840986,0.0,-0.07098765432098775,0.030358641741128463,-0.14919387417956198,0.0,-0.17515432098765438,0.02970549366538471,-0.21791950889314324,0.0,-0.2299382716049383,0.03676720177572578,0.0,1.0
2018-07-23,-0.012648389967159062,0.0,-0.01256873527101332,0.0,-0.03192609539306225,0.0,-0.04861111111111116,0.03284852343726731,-0.1007451898355239,0.0,-0.11188271604938282,0.028775121123981572,-0.22157369227908982,0.0,-0.21296296296296302,0.027738031917213895,-0.216683706984898,0.0,-0.2299382716049383,0.036829232960460055,1.0,1.0
2018-07-24,0.030554668321972667,1.0,0.0,0.0,-0.04307858272148118,0.0,-0.07098765432098775,0.03349003281188002,-0.08896598723295167,0.0,-0.11265432098765438,0.029758161820061687,-0.15547746786851768,0.0,-0.21296296296296302,0.03589267222410614,-0.20306018285953262,0.0,-0.2299382716049383,0.03691526559397239,1.0,1.0
2018-07-25,-0.04983237374787576,0.0,-0.04861111111111116,0.0,-0.11865146819033748,0.0,-0.11188271604938282,0.01130874991465886,-0.11172503357246838,0.0,-0.11265432098765438,0.022984419470090504,-0.23654311096059352,0.0,-0.21296296296296302,0.03364917529007281,-0.22006188477680164,0.0,-0.2299382716049383,0.036156010604146534,1.0,1.0
2018-07-26,-0.023800877295577998,0.0,-0.023519870235198748,0.0,-0.06968828180704854,0.0,-0.0673154906731549,0.018028294872767386,-0.08105700941380828,0.0,-0.07785888077858882,0.01848173900934037,-0.12971525616335364,0.0,-0.17274939172749393,0.04000068615643991,-0.15118131605823149,0.0,-0.19059205190592043,0.03556914565656428,0.0,1.0
2018-07-27,-0.045018217146883685,0.0,-0.04401993355481726,0.0,-0.03809178252901457,0.0,-0.04485049833887034,0.023126505609409615,-0.11892571484372104,0.0,-0.11212624584717601,0.026191264506884294,-0.0948949836181651,0.0,-0.15282392026578073,0.040419788740233754,-0.14546755725379742,0.0,-0.17109634551495012,0.03546032540432817,1.0,1.0
2018-07-30,-0.0008691873645868512,0.0,-0.0008688097306689402,0.0,-0.012237914971346665,0.0,-0.018981880931837836,0.011237990869226807,-0.120828502443566,0.0,-0.11993097497842975,0.02650891255171921,-0.010480445274700427,0.0,-0.11993097497842975,0.04092987330186238,-0.059973226722291106,0.0,-0.13891285591026747,0.035804029486744125,1.0,0.0
2018-07-31,0.00779562198245587,1.0,0.0,0.0,-0.07303831033225061,0.0,-0.07765314926660916,0.02859477336902161,-0.06651148063556606,0.0,-0.11993097497842975,0.04099921397459497,-0.039916607405442436,0.0,-0.11993097497842975,0.041859114210723476,-0.060026974356305114,0.0,-0.13891285591026747,0.03580387156841093,1.0,0.0
2018-08-01,-0.019164349589215715,0.0,-0.018981880931837836,0.0,-0.127754937061435,0.0,-0.11993097497842975,0.017621474594299254,-0.12481807738812516,0.0,-0.11993097497842975,0.041627177433737256,-0.10929885224052426,0.0,-0.11993097497842975,0.04496521373453992,-0.09591433120577621,0.0,-0.13891285591026747,0.0361157183006767,1.0,0.0
2018-08-02,-0.061669582725490765,0.0,-0.059806508355320975,0.0,-0.05514275302880629,0.0,-0.1029023746701847,0.051146243663974134,-0.04865824674954532,0.0,-0.1029023746701847,0.053268579037919976,-0.09786400973357597,0.0,-0.1029023746701847,0.04488659590176333,-0.11646464390312518,0.0,-0.12379280070237053,0.036795829624696165,1.0,0.0
2018-08-03,-0.04692100474672851,0.0,-0.04583723105706272,0.0,-0.04398414507341863,0.0,-0.04925650557620809,0.04818278366830194,0.024030731225555903,1.0,-0.04925650557620809,0.04661336072077957,-0.06872563471358117,0.0,-0.12379280070237053,0.04229494309153144,-0.06273161077337078,0.0,-0.12379280070237053,0.03451083225293603,0.0,0.0
2018-08-06,0.053447834443412987,1.0,0.0,0.0,0.05993234072267385,1.0,-0.04925650557620809,0.049863878991149524,0.11034805716886541,1.0,-0.04925650557620809,0.0397358097696966,0.00488998529419177,1.0,-0.12379280070237053,0.04107258696468025,0.003913899321136315,1.0,-0.12379280070237053,0.03331923100830368,0.0,0.0
2018-08-07,-0.05051097477010315,0.0,-0.04925650557620809,0.0,0.017503901528871445,1.0,-0.04925650557620809,0.04404218299046726,0.02659487323012363,1.0,-0.04925650557620809,0.040620924113994504,-0.047582714991014866,0.0,-0.12379280070237053,0.03713466520473069,-0.02732152985119282,0.0,-0.12379280070237053,0.03146711431928166,0.0,0.0
2018-08-08,0.05699548104936408,1.0,0.0,0.0,0.10741119749555557,1.0,0.0,0.018940787321398252,0.015519225147600898,1.0,-0.08779631255487275,0.043783876274557876,0.01648122618379185,1.0,-0.12379280070237053,0.03409018380671315,0.058840500022933395,1.0,-0.12379280070237053,0.03032114600982452,1.0,0.0
2018-08-09,0.01101939524961048,1.0,0.0,0.0,0.02011036695086261,1.0,-0.02985074626865669,0.02861877268833191,-0.04920576298403067,0.0,-0.0948200175592625,0.03452630120787232,-0.021466059894877803,0.0,-0.12379280070237053,0.02952429355676292,0.008275909303859661,1.0,-0.12379280070237053,0.027703785919780812,1.0,0.0
2018-08-10,0.03939632119658107,1.0,0.0,0.0,-0.05249565115137366,0.0,-0.08779631255487275,0.04220899844680653,-0.09275636593913711,0.0,-0.12379280070237053,0.033647206470421014,-0.050572573635632216,0.0,-0.12379280070237053,0.02951758211004514,0.021681066061323948,1.0,-0.12379280070237053,0.02811142815415341,1.0,0.0
2018-08-13,-0.030305349495328922,0.0,-0.02985074626865669,0.0,-0.0996214794302222,0.0,-0.0948200175592625,0.022082611667743123,-0.10545807187467365,0.0,-0.12379280070237053,0.02938595778996824,-0.04949278144759073,0.0,-0.12379280070237053,0.029681521433384206,-0.055043211978239734,0.0,-0.12379280070237053,0.02785531346763458,1.0,0.0
2018-08-14,-0.06158662285262581,0.0,-0.05972850678733033,0.0,-0.10184733764038921,0.0,-0.09683257918552035,0.022009923070889087,-0.07417758822113843,0.0,-0.09683257918552035,0.03007998444349748,-0.02011036695086262,0.0,-0.09683257918552035,0.02845500940543533,-0.007266153676622919,0.0,-0.09683257918552035,0.02743543700942526,1.0,0.0
2018-08-15,-0.007729507082267439,0.0,-0.007699711260827691,0.0,-0.013566099526718903,0.0,-0.039461020211742026,0.024284980861465147,0.0009620010361908411,1.0,-0.039461020211742026,0.020075238151727775,0.01338452103474806,1.0,-0.039461020211742026,0.02261777442994361,0.039627826539980954,1.0,-0.07380073800738018,0.02387587415033173,0.0,0.0
2018-08-16,-0.03253120770549591,0.0,-0.03200775945683798,0.0,-0.0048614582862452,0.0,-0.03200775945683798,0.024248401457852224,0.0277397030891529,1.0,-0.03200775945683798,0.02080601475464992,-0.018600634169549168,0.0,-0.06642066420664217,0.02572248530686953,0.06387147038666145,1.0,-0.07380073800738018,0.023967330637280956,0.0,0.0
2018-08-17,0.026694615261044552,1.0,0.0,0.0,0.04122271582395431,1.0,0.0,0.010500775140085026,0.0421837923035049,1.0,-0.017924528301886733,0.015692797005390318,0.005994023940210426,1.0,-0.07380073800738018,0.02377430834993946,-0.032589442098946014,0.0,-0.13672922252010722,0.03689188325621541,0.0,0.0
2018-08-20,0.0009751341582062914,1.0,0.0,0.0,0.033576295533604306,1.0,0.0,0.007564793660587649,0.055965290427083016,1.0,-0.017924528301886733,0.01942423424567912,-0.0009760859730554598,0.0,-0.07380073800738018,0.02309140221029523,-0.14235065605860386,0.0,-0.20554066130473625,0.04027877633569949,0.0,1.0
2018-08-21,0.013552966404703668,1.0,0.0,0.0,0.014514042884254012,1.0,-0.017924528301886733,0.01636501694033787,0.05406722127027579,1.0,-0.017924528301886733,0.019637592346720946,0.020261185139822144,1.0,-0.07380073800738018,0.024049142050668475,-0.11778303565638351,0.0,-0.20554066130473625,0.04087702360466568,0.0,1.0
2018-08-22,0.01904819497069441,1.0,0.0,0.0,0.041437189864173024,1.0,-0.017924528301886733,0.024193294114962575,0.01242251999855711,1.0,-0.02859778597785978,0.024849253179548482,0.04235927383914143,1.0,-0.07380073800738018,0.025947153831787497,-0.11934675763256625,0.0,-0.20554066130473625,0.04084124141457934,0.0,1.0
2018-08-23,-0.018087118491143882,0.0,-0.017924528301886733,0.0,0.021466059894877723,1.0,-0.017924528301886733,0.02458125421657044,-0.046340337258701965,0.0,-0.06642066420664217,0.02794002868994109,0.029741969198737516,1.0,-0.07380073800738018,0.0254991036574605,-0.15919482671393642,0.0,-0.20554066130473625,0.040543170708704876,0.0,1.0
2018-08-24,0.04047611338462262,1.0,0.0,0.0,0.011461443519006598,1.0,-0.02859778597785978,0.028192935890605366,-0.03618976836329449,0.0,-0.07380073800738018,0.027592087578720195,0.07225363969695633,1.0,-0.07380073800738018,0.025175101562871366,-0.11598350304911377,0.0,-0.20554066130473625,0.041093549765289776,0.0,1.0
2018-08-27,-0.0009229349986008394,0.0,-0.0009225092250921829,0.0,-0.06872933215218077,0.0,-0.06642066420664217,0.01625503079074913,-0.056941376400138334,0.0,-0.07380073800738018,0.02083666306690153,-0.005550430530649092,0.0,-0.07380073800738018,0.02571360750924274,-0.15753894735341217,0.0,-0.20554066130473625,0.03972916340616325,0.0,1.0
2018-08-28,-0.028091734867015182,0.0,-0.027700831024930817,0.0,-0.0757429467493162,0.0,-0.07294552169898438,0.013128308604397496,-0.03380603613045366,0.0,-0.07294552169898438,0.02483250382555434,0.012844213274239732,1.0,-0.07294552169898438,0.026273348202005123,-0.15015743231539944,0.0,-0.20554066130473625,0.039826218260631804,0.0,1.0
2018-08-29,-0.03971466228656463,0.0,-0.03893637226970559,0.0,-0.027926706534522356,0.0,-0.04653371320037991,0.02428533406501116,0.02993675384058444,1.0,-0.04653371320037991,0.026886599498972055,0.026243305505232923,1.0,-0.04653371320037991,0.025054426176443458,-0.17268156152889455,0.0,-0.20822162645218945,0.04070122233239591,0.0,1.0
2018-08-30,-0.007936549595736303,0.0,-0.007905138339920903,0.0,0.03400036102312613,1.0,-0.007905138339920903,0.013663752072050157,0.07608230645743949,1.0,-0.007905138339920903,0.0148329800641716,0.08247210455621057,1.0,-0.03663985701519212,0.020883992262585846,-0.12509726897091178,0.0,-0.20822162645218945,0.04020257853452889,0.0,1.0
2018-08-31,0.019724505347778788,1.0,0.0,0.0,0.07758796572288557,1.0,0.0,0.00699556957016261,0.10844340806025084,1.0,0.0,0.009374063473367547,-0.038583466039156356,0.0,-0.13672922252010722,0.04633431341671257,-0.2511721504119886,0.0,-0.3020554066130474,0.04891273613468075,0.0,1.0
2018-09-03,0.02221240527108376,1.0,0.0,0.0,0.06429435070539725,1.0,0.0,0.011941857070186725,0.05139094586948937,1.0,-0.03663985701519212,0.025563545402556783,-0.14137457008554852,0.0,-0.20554066130473625,0.051117395458489014,-0.27989993200972596,0.0,-0.30831099195710454,0.048362326172245514,0.0,1.0
2018-09-04,0.035651055104023076,1.0,0.0,0.0,0.06650649744138824,1.0,0.0,0.012035245747056816,0.046650249404693374,1.0,-0.03663985701519212,0.02518849196754698,-0.13804422079620554,0.0,-0.20554066130473625,0.05136339042972832,-0.3098944777228647,0.0,-0.3136729222520107,0.047676478397917756,0.0,1.0
2018-09-05,0.006430890330290553,1.0,0.0,0.0,-0.006472514505617479,0.0,-0.03663985701519212,0.025931492899023377,-0.0036934483353516095,0.0,-0.03663985701519212,0.022581840037421638,-0.1617060314717077,0.0,-0.20554066130473625,0.04954337457662131,-0.4850470924379143,0.0,-0.40303842716711347,0.053239465870937176,0.0,1.0
2018-09-06,0.024424552007074794,1.0,0.0,0.0,0.004568303970379878,1.0,-0.03663985701519212,0.027617864051940104,0.006389798098770988,1.0,-0.03663985701519212,0.023561070723481896,-0.18893679591267393,0.0,-0.20554066130473625,0.04897132919722717,-0.46343186408250103,0.0,-0.40303842716711347,0.054064370156842054,0.0,1.0
2018-09-07,-0.037327956842982755,0.0,-0.03663985701519212,0.0,-0.034548890672716825,0.0,-0.03663985701519212,0.022484331107645462,-0.1470268740994072,0.0,-0.13672922252010722,0.05385687358414773,-0.1882371427460701,0.0,-0.20554066130473625,0.049033628126367565,-0.49077187004969997,0.0,-0.40303842716711347,0.05318207722104933,1.0,1.0
2018-09-10,0.01747170880628781,1.0,0.0,0.0,0.01929320293467907,1.0,-0.014585232452142272,0.014941833624154464,-0.19276551595503774,0.0,-0.19108280254777066,0.05813977834802165,-0.1519885168227631,0.0,-0.19108280254777066,0.04887128679688488,-0.4967019625248535,0.0,-0.4030937215650592,0.05326901475644811,1.0,1.0
2018-09-11,-0.014692642636022034,0.0,-0.014585232452142272,0.0,-0.1271706260627123,0.0,-0.12101910828025475,0.0625480299566454,-0.18469447020089905,0.0,-0.19108280254777066,0.05976226267040457,-0.16300164558963914,0.0,-0.19108280254777066,0.048242695465171535,-0.44640105624941934,0.0,-0.4030937215650592,0.05630789120391096,1.0,1.0
2018-09-12,0.016514136764413014,1.0,0.0,0.0,-0.19554458212530365,0.0,-0.19108280254777066,0.060733980249865205,-0.15801258313635616,0.0,-0.19108280254777066,0.06263277514279965,-0.1989248670341275,0.0,-0.19381255686988175,0.04931481722614226,-0.47985775751097975,0.0,-0.4030937215650592,0.05655288656895589,1.0,1.0
2018-09-13,-0.12899212019110334,0.0,-0.12101910828025475,0.0,-0.18651596432929005,0.0,-0.19108280254777066,0.064795552534427,-0.195326594011445,0.0,-0.19108280254777066,0.058544581782862086,-0.20756937352712237,0.0,-0.19381255686988175,0.04874149375821752,-0.45107561936021673,0.0,-0.4030937215650592,0.0579151655643211,1.0,1.0
2018-09-14,-0.08306659869861333,0.0,-0.07971014492753614,0.0,-0.04553459970966583,0.0,-0.07971014492753614,0.04832218557057407,-0.04121026864666286,0.0,-0.07971014492753614,0.041037634707912996,-0.21258868437283204,0.0,-0.1915113871635611,0.04986635972804619,-0.24644608496349327,0.0,-0.32091097308488614,0.0562592465655822,0.0,1.0
2018-09-17,0.025542754560426706,1.0,0.0,0.0,0.01673212487827186,1.0,-0.020585048754062973,0.01945497126877817,0.04077699913227467,1.0,-0.020585048754062973,0.017485119185853687,-0.13852536192417747,0.0,-0.16952789699570814,0.045440075673198875,-0.20254722068910855,0.0,-0.2961373390557941,0.0542778144790104,0.0,1.0
2018-09-18,0.011989244428520889,1.0,0.0,0.0,0.016313575491523787,1.0,-0.020585048754062973,0.01931227170730225,0.02169282461125997,1.0,-0.020585048754062973,0.015207661976994125,-0.17185025692665915,0.0,-0.1759656652360515,0.043614000825689704,-0.23361485118150507,0.0,-0.2961373390557941,0.053675967029809146,0.0,1.0
2018-09-19,-0.020799874110675798,0.0,-0.020585048754062973,0.0,0.0032450001433271367,1.0,-0.020585048754062973,0.01881059449016107,-0.040912283897771365,0.0,-0.049356223175965774,0.02582224375169227,-0.32334106096620646,0.0,-0.28326180257510736,0.0555311270748895,-0.31737089397970275,0.0,-0.2961373390557941,0.05491880407261443,0.0,1.0
2018-09-20,0.02512420517367867,1.0,0.0,0.0,0.03050345429341484,1.0,-0.0010787486515642097,0.011014389412016318,-0.01224277951567744,0.0,-0.049356223175965774,0.025565693982915392,-0.2744950681698271,0.0,-0.28326180257510736,0.05840479490427758,-0.27304052245883276,0.0,-0.2961373390557941,0.05556582053417351,0.0,1.0
2018-09-21,-0.0010793309196757944,0.0,-0.0010787486515642097,0.0,-0.0452366149607742,0.0,-0.049356223175965774,0.025316179259779772,-0.17137841572616916,0.0,-0.16201716738197436,0.05431708085263299,-0.30253472730362985,0.0,-0.28326180257510736,0.05645396619085272,-0.2923676099481856,0.0,-0.2961373390557941,0.05504870774979432,1.0,1.0
2018-09-25,0.006458580039411949,1.0,0.0,0.0,-0.03628765376968038,0.0,-0.049356223175965774,0.02724382964584179,-0.17930236105645223,0.0,-0.16952789699570814,0.053433819494838504,-0.3447134457020904,0.0,-0.2961373390557941,0.05568715024136441,-0.3250901745179508,0.0,-0.2961373390557941,0.05510824238297995,1.0,1.0
2018-09-26,-0.05061586408051035,0.0,-0.049356223175965774,0.0,-0.17675766484590535,0.0,-0.16201716738197436,0.05821951676915251,-0.19354308153791902,0.0,-0.1759656652360515,0.05144472030561395,-0.2833994106597802,0.0,-0.2961373390557941,0.06277994463798324,-0.30064121709428615,0.0,-0.2961373390557941,0.05586450312780928,1.0,1.0
2018-09-27,0.007869630271418094,1.0,0.0,0.0,-0.13514507701535372,0.0,-0.13325867861142215,0.06328240873316593,-0.2824287770684352,0.0,-0.251959686450168,0.06583327081783293,-0.2809328904768524,0.0,-0.26539753639417696,0.06269673182048371,-0.22427285691136106,0.0,-0.26539753639417696,0.05591172547268861,1.0,1.0
2018-09-28,-0.13401143103681307,0.0,-0.12541993281075026,0.0,-0.15079684772882693,0.0,-0.1399776035834267,0.05921933218499526,-0.2622522886541497,0.0,-0.251959686450168,0.07013230591959872,-0.24350624583309438,0.0,-0.26539753639417696,0.06577341633933433,-0.10747797300998463,0.0,-0.26539753639417696,0.06322146427568666,1.0,1.0
2018-10-08,-0.009003276249958827,0.0,-0.008962868117797673,0.0,-0.15628697630304025,0.0,-0.1446862996158771,0.06180731574737201,-0.13115631157746063,0.0,-0.1446862996158771,0.05823571903704307,-0.033857400590661224,0.0,-0.16005121638924458,0.06069454223169429,0.0834840364716615,1.0,-0.16005121638924458,0.057206849308776696,1.0,1.0
2018-10-09,-0.007782140442054963,0.0,-0.007751937984496138,0.0,-0.11923758136737775,0.0,-0.13695090439276492,0.07203848820130163,-0.16541108464563817,0.0,-0.1524547803617572,0.05781941704129478,-0.06402185876493102,0.0,-0.1524547803617572,0.06164096001957386,0.08776475376744654,1.0,-0.1524547803617572,0.05716513900694694,1.0,1.0
2018-10-10,-0.13950155961102648,0.0,-0.13020833333333337,0.0,-0.11437089488544684,0.0,-0.13020833333333337,0.07279087835116503,-0.08985632912186105,0.0,-0.14583333333333337,0.0708594721800964,-0.06176459425484598,0.0,-0.14583333333333337,0.06163962637392923,0.08842097331953408,1.0,-0.14583333333333337,0.05715833209882697,1.0,0.0
2018-10-11,0.02804611868570375,1.0,0.0,0.0,-0.018127384592556715,0.0,-0.0451237263464338,0.029193660566870835,0.0014958865915829297,1.0,-0.04700854700854684,0.043766157275640365,0.005970166986503754,1.0,-0.10993377483443711,0.0490531811715233,0.19274607412983868,1.0,-0.11390728476821188,0.04777633182746526,0.0,0.0
2018-10-12,-0.002915453960124131,0.0,-0.0029112081513829047,0.0,0.02159911180346172,1.0,-0.0451237263464338,0.04588891967707222,0.018746042821055412,1.0,-0.04700854700854684,0.04641705521096375,0.0014545457109943617,1.0,-0.10993377483443711,0.048818642017741117,0.16222776629874605,1.0,-0.11390728476821188,0.047651203893662876,0.0,0.0
2018-10-15,-0.04325804931813627,0.0,-0.04233576642335768,0.0,-0.023634778133996743,0.0,-0.04700854700854684,0.05353050404866415,0.0972989109867995,1.0,-0.04700854700854684,0.054151825152350216,0.010167117355444242,1.0,-0.10993377483443711,0.048833983381459375,0.2367728763981248,1.0,-0.11390728476821188,0.04952164934408228,0.0,0.0
2018-10-16,0.06777261508172203,1.0,0.0,0.0,0.06491954609931569,1.0,-0.04700854700854684,0.05019425610806839,0.10138922588070703,1.0,-0.04700854700854684,0.053221074804396355,0.01962327118413959,1.0,-0.11390728476821188,0.048052802610472775,0.2994268560638405,1.0,-0.11390728476821188,0.047892100602124885,0.0,0.0
2018-10-17,-0.04814934389758249,0.0,-0.04700854700854684,0.0,0.07278434522321361,1.0,-0.04700854700854684,0.0526791439760475,0.028091734867015085,1.0,-0.04700854700854684,0.04795401302726236,-0.017241806434505992,0.0,-0.11390728476821188,0.04411535582142681,0.22371318960930558,1.0,-0.11390728476821188,0.046542153737191165,0.0,0.0
2018-10-18,0.04529627491517621,1.0,0.0,0.0,0.08176595469656746,1.0,-0.03841059602649011,0.048574085179297476,0.004474280394921107,1.0,-0.10993377483443711,0.05382169847583346,0.05666003356549126,1.0,-0.11390728476821188,0.04185112899169676,0.2843131753856761,1.0,-0.11390728476821188,0.04450886492077565,1.0,0.0
2018-10-19,0.07563741420561998,1.0,0.0,0.0,0.03094480384942149,1.0,-0.0437086092715232,0.04818872784264214,-0.017291497110060994,0.0,-0.10993377483443711,0.05085275328602497,0.1360282728231098,1.0,-0.11390728476821188,0.05429118288560726,0.27329333499968134,1.0,-0.11390728476821188,0.04418774678046563,1.0,0.0
2018-10-22,-0.039167734424228655,0.0,-0.03841059602649011,0.0,-0.1164594087258752,0.0,-0.10993377483443711,0.027044270672552842,-0.08713179363135515,0.0,-0.10993377483443711,0.034011792107320804,0.11734143706232274,1.0,-0.11390728476821188,0.052412921273491155,0.17900480416796075,1.0,-0.11390728476821188,0.04231448415518071,1.0,0.0
2018-10-23,-0.005524875931969916,0.0,-0.005509641873278293,0.0,-0.0537611768914524,0.0,-0.07438016528925617,0.03988007242728832,-0.0817659546965676,0.0,-0.07851239669421484,0.03338778924488839,0.1517866125323777,1.0,-0.07851239669421484,0.05003230758034277,0.1494169431770594,1.0,-0.08369565217391295,0.04443500687390775,0.0,0.0
2018-10-24,-0.07176679836967668,0.0,-0.06925207756232687,0.0,-0.0424391832751566,0.0,-0.06925207756232687,0.04138197193772289,-0.04533354130152107,0.0,-0.07340720221606645,0.038534613654152915,0.15018556757438004,1.0,-0.07340720221606645,0.05010081797361018,0.17024523724891588,1.0,-0.08369565217391295,0.044362239672669244,0.0,0.0
2018-10-25,0.023530497410194036,1.0,0.0,0.0,-0.004474280394920966,0.0,-0.03323699421965309,0.02396654584215284,0.05218575317057025,1.0,-0.03323699421965309,0.02367976089928527,0.18677590714333486,1.0,-0.04593639575971742,0.04467088094454323,0.22552167371917717,1.0,-0.08478260869565213,0.04085816664835127,0.0,0.0
2018-10-26,0.005797117684325915,1.0,0.0,0.0,0.00290275965796141,1.0,-0.03323699421965309,0.026637329151311184,0.1533197699331707,1.0,-0.03323699421965309,0.0522197134483295,0.1607732205877518,1.0,-0.04829210836277975,0.04506775405710914,0.12422220793740471,1.0,-0.15326086956521734,0.045085234383947737,0.0,1.0
2018-10-29,-0.03380189548944103,0.0,-0.03323699421965309,0.0,0.022858138076050184,1.0,-0.03323699421965309,0.02936477618270382,0.20447323069367776,1.0,-0.03323699421965309,0.05134936052434043,0.22660575904268052,1.0,-0.04829210836277975,0.047810052776991976,0.08977729781977933,1.0,-0.17717391304347818,0.04572155745051598,0.0,1.0
2018-10-30,0.030907537463076704,1.0,0.0,0.0,0.18132454773828585,1.0,0.0,0.04546125633979376,0.23355256722894524,1.0,-0.004711425206124997,0.04362572323275755,0.2798035848797009,1.0,-0.04829210836277975,0.044042772202410665,0.1262177172674014,1.0,-0.17717391304347818,0.04487764618192272,0.0,1.0
2018-10-31,0.02575249610241455,1.0,0.0,0.0,0.20736758872004224,1.0,0.0,0.04128772315830304,0.19551910887590107,1.0,-0.011778563015312105,0.04873466417063999,0.24095499604381146,1.0,-0.04829210836277975,0.04530840524330384,0.16526876841123522,1.0,-0.17717391304347818,0.04671715322097317,0.0,1.0
2018-11-01,0.12466451417279469,1.0,0.0,0.0,0.17689253366345398,1.0,-0.004711425206124997,0.05284123774811016,0.13459015397276455,1.0,-0.04593639575971742,0.057397163928581164,0.22765314182018487,1.0,-0.04829210836277975,0.04543531555782416,0.09299625667392765,1.0,-0.17717391304347818,0.048002105163963193,0.0,1.0
2018-11-02,0.05695057844483289,1.0,0.0,0.0,0.04510209860069175,1.0,-0.011778563015312105,0.029655709197825335,0.007453450654580972,1.0,-0.04829210836277975,0.030162340374726194,0.13726506217657156,1.0,-0.04829210836277975,0.030944688457166948,-0.015075662405447273,0.0,-0.17717391304347818,0.039521618469743176,0.0,1.0
2018-11-05,-0.004722558954173614,0.0,-0.004711425206124997,0.0,-0.04702493864486298,0.0,-0.04593639575971742,0.013824490513178552,0.02213252834900279,1.0,-0.04829210836277975,0.03563541542044708,0.06166336710563811,1.0,-0.04829210836277975,0.02860798113894772,-0.014235115821872098,0.0,-0.17717391304347818,0.03958335769608988,0.0,1.0
2018-11-06,-0.007125920889967549,0.0,-0.007100591715976212,0.0,-0.044774568836078374,0.0,-0.04378698224852062,0.014445526604461637,0.04625101765075569,1.0,-0.04378698224852062,0.03570280702518912,-0.0023696693553183134,0.0,-0.08369565217391295,0.036426461174910184,-0.007125920889967549,0.0,-0.17717391304347818,0.039577664526120736,0.0,1.0
2018-11-07,-0.035176458800721816,0.0,-0.03456495828367112,0.0,0.03398100819314386,1.0,-0.03694874851013119,0.04468183687267808,0.04543588716791034,1.0,-0.03694874851013119,0.03577899119305667,0.020059669674536016,1.0,-0.08369565217391295,0.03662322909581668,0.03282827031333565,1.0,-0.17717391304347818,0.04018917848184802,0.0,1.0
2018-11-08,-0.002472189145389037,0.0,-0.0024691358024691024,0.0,0.08855339734144503,1.0,-0.0024691358024691024,0.031087082409879934,0.09306298784742024,1.0,-0.007909604519774072,0.0282809346045292,0.0387457665758424,1.0,-0.08478260869565213,0.03512445511015329,0.06685066089595088,1.0,-0.17717391304347818,0.03930507866935702,0.0,1.0
2018-11-09,0.07162965613925486,1.0,0.0,0.0,0.08308453511402114,1.0,-0.007909604519774072,0.03301038586336134,0.12981161152199053,1.0,-0.007909604519774072,0.026569725627569204,-0.036551012650347145,0.0,-0.15326086956521734,0.042890208650039355,0.06120686346315994,1.0,-0.17717391304347818,0.03936602484339438,0.0,1.0
2018-11-12,0.019395930347579235,1.0,0.0,0.0,0.023905520853554605,1.0,-0.007909604519774072,0.011601574391067048,0.03953083875663522,1.0,-0.018478260869565166,0.01899727120941671,-0.1368284612229013,0.0,-0.17717391304347818,0.035138274325337185,-0.019779586086976032,0.0,-0.17717391304347818,0.03613735780960071,0.0,1.0
2018-11-13,-0.007941051372812919,0.0,-0.007909604519774072,0.0,0.03878602503515645,1.0,-0.007909604519774072,0.017238530790613688,-0.04862068700607409,0.0,-0.08369565217391295,0.03462760331132852,-0.15358586761229956,0.0,-0.17717391304347818,0.03389850118706825,-0.006802747322752523,0.0,-0.17717391304347818,0.036610937155330966,1.0,1.0
2018-11-14,0.012450641878787961,1.0,0.0,0.0,0.02807595978186868,1.0,-0.018478260869565166,0.02171791446455958,-0.025376217493374417,0.0,-0.08369565217391295,0.03608460232128525,-0.07568622763257617,0.0,-0.17717391304347818,0.04255378833659729,-0.01260761685457474,0.0,-0.17717391304347818,0.03669296301803792,1.0,1.0
2018-11-15,0.03427643452918126,1.0,0.0,0.0,-0.05313027751204924,0.0,-0.08369565217391295,0.04206791289815489,-0.05431722127157794,0.0,-0.08478260869565213,0.035117302155283754,-0.13465688514625726,0.0,-0.17717391304347818,0.043447595126809804,-0.025058258733362763,0.0,-0.17717391304347818,0.036571166238765426,1.0,1.0
2018-11-16,-0.01865111662610052,0.0,-0.018478260869565166,0.0,-0.07210329390134369,0.0,-0.08369565217391295,0.034527423860103844,-0.16636262417233766,0.0,-0.15326086956521734,0.034911403844318914,-0.15234072458201864,0.0,-0.17717391304347818,0.041796953843605135,-0.11995931507897888,0.0,-0.17717391304347818,0.0377897861600508,1.0,1.0
2018-11-19,-0.06875559541512996,0.0,-0.06644518272425248,0.0,-0.06994253917465865,0.0,-0.06755260243632333,0.03465451204145504,-0.1763592999795365,0.0,-0.1616832779623476,0.034297657232684256,-0.07589848292751014,0.0,-0.1616832779623476,0.04712378927064436,-0.07829082856612991,0.0,-0.1616832779623476,0.03818136528293786,1.0,1.0
2018-11-20,0.015303418139886706,1.0,0.0,0.0,-0.07895591213110717,0.0,-0.08995327102803741,0.03862696408713207,-0.10496518060622555,0.0,-0.11565420560747663,0.0321815446365064,-0.004756251534649153,0.0,-0.11565420560747663,0.04249549983333034,-0.01674680286656054,0.0,-0.11565420560747663,0.035194785022657826,1.0,0.0
2018-11-21,-0.01649036189941546,0.0,-0.016355140186915973,0.0,-0.12290712270429333,0.0,-0.11565420560747663,0.026490586701098613,-0.05031001013920184,0.0,-0.11565420560747663,0.048032461925165144,0.012768600638799739,1.0,-0.11565420560747663,0.04346048120130032,-0.061428098723178726,0.0,-0.11565420560747663,0.0355159648277168,1.0,0.0
2018-11-22,-0.0777689683715785,0.0,-0.07482185273159148,0.0,-0.10377823684669679,0.0,-0.10095011876484561,0.03309429011118169,-0.08033966387467932,0.0,-0.10095011876484561,0.050285373455511324,0.02810489432010852,1.0,-0.10095011876484561,0.04307534017058601,-0.015559859107031804,0.0,-0.10095011876484561,0.036052300842875175,1.0,0.0
2018-11-23,-0.028647792433299405,0.0,-0.028241335044929317,0.0,0.043949320131792174,1.0,-0.028241335044929317,0.04114208858672857,0.014021899590318984,1.0,-0.045454545454545525,0.040303759806824255,0.09775787611350706,1.0,-0.045454545454545525,0.03419946546208973,0.005121650120054924,1.0,-0.10921501706484638,0.034071342332722916,0.0,0.0
2018-11-26,0.0026385239581810205,1.0,0.0,0.0,0.026077096930198482,1.0,-0.045454545454545525,0.047744480036208944,0.10046081705202647,1.0,-0.045454545454545525,0.0416219436707385,0.11704887513592527,1.0,-0.045454545454545525,0.03247846096680542,0.10403863839991048,1.0,-0.10921501706484638,0.03660211803412778,0.0,0.0
2018-11-27,0.06995858860691047,1.0,0.0,0.0,0.04003116806543731,1.0,-0.045454545454545525,0.04760765127902135,0.10020892907157644,1.0,-0.045454545454545525,0.04164318541293557,0.14678312028954704,1.0,-0.045454545454545525,0.03287104214331545,0.11558474943368577,1.0,-0.10921501706484638,0.03664816035750263,0.0,0.0
2018-11-28,-0.04652001563489293,0.0,-0.045454545454545525,0.0,0.027863704486934898,1.0,-0.045454545454545525,0.0428969496043543,0.06307861077800146,1.0,-0.045454545454545525,0.03483345901334826,0.06307861077800146,1.0,-0.045454545454545525,0.02802933760178261,-0.002460025840862534,0.0,-0.10921501706484638,0.03531821025255528,0.0,0.0
2018-11-29,0.01659259509341985,1.0,0.0,0.0,0.07677035609955886,1.0,0.0,0.023496537688602683,0.10844455819478778,1.0,-0.0011534025374855261,0.021669366119378766,0.1095986264128944,1.0,-0.018454440599769306,0.022111153366311087,0.012787898049755907,1.0,-0.10921501706484638,0.03446264459222188,0.0,0.0
2018-11-30,0.057791125028408025,1.0,0.0,0.0,0.09300603131947455,1.0,0.0,0.02265562138610556,0.08373597652318822,1.0,-0.009227220299884653,0.024851816246848353,0.03238140950303978,1.0,-0.0716723549488053,0.030635587008177003,-0.024344571897737706,0.0,-0.12286689419795216,0.03455328732600212,0.0,0.0
2018-12-03,0.0023866359777309533,1.0,0.0,0.0,0.034060838072959905,1.0,-0.0011534025374855261,0.015253520611068544,0.016588058083898825,1.0,-0.018454440599769306,0.015382518151328958,-0.002392345638619824,0.0,-0.0716723549488053,0.025845038855039533,-0.11108508697225575,0.0,-0.1478953356086461,0.03224087811639163,0.0,0.0
2018-12-04,0.03282827031333565,1.0,0.0,0.0,0.023558215517049175,1.0,-0.009227220299884653,0.017887611515969758,0.04657419121797057,1.0,-0.018454440599769306,0.019217758187327957,-0.011990551331911419,0.0,-0.0716723549488053,0.025907848309534246,-0.1488014843084415,0.0,-0.1774744027303753,0.03281911118650039,0.0,1.0
2018-12-05,-0.0011540682181066394,0.0,-0.0011534025374855261,0.0,-0.018626848207167705,0.0,-0.018454440599769306,0.0036100570853686326,0.0,0.0,-0.018454440599769306,0.0166835081203308,-0.07419669936197842,0.0,-0.08418657565415233,0.024415963466910925,-0.13832122753151718,0.0,-0.1774744027303753,0.03353376682966612,0.0,1.0
2018-12-06,-0.008115986578179838,0.0,-0.008083140877598205,0.0,0.014899989122741797,1.0,-0.01732101616628179,0.01938566287879829,0.001154068218106624,1.0,-0.01732101616628179,0.016673925559767058,-0.0436647534271403,0.0,-0.08418657565415233,0.026801071800020143,-0.09311858771656094,0.0,-0.1774744027303753,0.035321593729880016,0.0,1.0
2018-12-07,-0.009356793410881267,0.0,-0.0093131548311991,0.0,0.00927005479628651,1.0,-0.013651877133105672,0.020783418597321187,-0.0513545670201483,0.0,-0.0716723549488053,0.02990780020007103,-0.09263622599345223,0.0,-0.10921501706484638,0.03115862205279539,-0.09519377214456949,0.0,-0.1774744027303753,0.03533465102196066,0.0,1.0
2018-12-10,0.032372769111802695,1.0,0.0,0.0,0.018626848207167652,1.0,-0.013651877133105672,0.019332988762201943,-0.018980403722518698,0.0,-0.0716723549488053,0.03277205963401674,-0.013010236736014775,0.0,-0.10921501706484638,0.039242869409506116,-0.07058890693852617,0.0,-0.1774744027303753,0.03558065372574556,0.0,1.0
2018-12-11,-0.013745920904635014,0.0,-0.013651877133105672,0.0,-0.07437054272106983,0.0,-0.0716723549488053,0.025952751322954853,-0.05856474254988206,0.0,-0.0716723549488053,0.027423111975781372,-0.031198370855861163,0.0,-0.10921501706484638,0.03804317084102111,-0.09043018373841531,0.0,-0.1774744027303753,0.0348345800126945,0.0,1.0
2018-12-12,0.0,0.0,0.0,0.0,-0.03760725192968646,0.0,-0.05882352941176472,0.03527845874525277,-0.07419669936197842,0.0,-0.07151095732410606,0.02835200340204689,-0.06553863661886403,0.0,-0.09688581314878886,0.04032860278825644,-0.08921575514569392,0.0,-0.16608996539792387,0.034819502875185294,0.0,1.0
2018-12-13,-0.060624621816434854,0.0,-0.05882352941176472,0.0,-0.04481882164524696,0.0,-0.05882352941176472,0.03458118579723522,-0.04481882164524696,0.0,-0.07151095732410606,0.033411150438727125,-0.09681072836313855,0.0,-0.09688581314878886,0.04090746304399453,-0.10831245260215022,0.0,-0.16608996539792387,0.034945695473205515,0.0,1.0
2018-12-14,0.023017369886748393,1.0,0.0,0.0,-0.01357207754554359,0.0,-0.03592814371257469,0.021474522297914824,-0.041281658973303874,0.0,-0.06227544910179639,0.032329764523115874,-0.056725981400777545,0.0,-0.09507042253521125,0.037544899828904923,-0.01357207754554359,0.0,-0.15140845070422526,0.03353352188174425,0.0,1.0
2018-12-17,-0.007211569715560587,0.0,-0.007185628742515049,0.0,-0.007211569715560587,0.0,-0.03592814371257469,0.024226642061902993,0.005970166986503975,1.0,-0.06227544910179639,0.044649155498771013,-0.10869274133363595,0.0,-0.12089201877934264,0.03680330881033598,-0.06302270450044758,0.0,-0.15140845070422526,0.033518261111604365,0.0,1.0
2018-12-18,-0.0293778777167314,0.0,-0.028950542822677727,0.0,-0.05708745914449181,0.0,-0.055488540410132625,0.03604983306785723,0.027366371694020727,1.0,-0.055488540410132625,0.04466380522232762,-0.13681093297653016,0.0,-0.15140845070422526,0.03748427504626936,-0.08558679727360897,0.0,-0.15140845070422526,0.03401205519263981,0.0,1.0
2018-12-19,0.029377877716731313,1.0,0.0,0.0,0.0425596144187959,1.0,-0.055488540410132625,0.05309119193261111,0.00865806274311431,1.0,-0.055488540410132625,0.04807970545590333,-0.06412452816953879,0.0,-0.15140845070422526,0.04064948364238657,-0.02134418756068433,0.0,-0.15140845070422526,0.03451982335037152,0.0,1.0
2018-12-20,-0.05708745914449181,0.0,-0.055488540410132625,0.0,0.027366371694020727,1.0,-0.055488540410132625,0.05211622368360597,-0.051991906717891674,0.0,-0.07629107981220651,0.04721765590076569,-0.049453834289420656,0.0,-0.15140845070422526,0.04215168976828111,-0.04313669388815911,0.0,-0.15140845070422526,0.03387962679984984,0.0,1.0
2018-12-21,0.07026919584655615,1.0,0.0,0.0,0.03636764417087479,1.0,-0.04694835680751175,0.04834037852848561,-0.015444322427473631,0.0,-0.09507042253521125,0.04196038575858471,-0.002557546151117232,0.0,-0.15140845070422526,0.03854405991391999,-0.10210203009423031,0.0,-0.17018779342723,0.04045840645005657,1.0,1.0
2018-12-24,0.014184634991956381,1.0,0.0,0.0,-0.06517364341995607,0.0,-0.07629107981220651,0.026303111399868916,-0.11466290832013988,0.0,-0.12089201877934264,0.020600320746670606,-0.05757867020251134,0.0,-0.15140845070422526,0.0313373788518278,-0.1938159362196898,0.0,-0.18779342723004688,0.036676136065851066,1.0,1.0
2018-12-25,-0.048086186667637795,0.0,-0.04694835680751175,0.0,-0.09989815326598622,0.0,-0.09507042253521125,0.011336732637268969,-0.16417730467055094,0.0,-0.15140845070422526,0.009028103646148962,-0.05923181288255405,0.0,-0.15140845070422526,0.0312359362325382,-0.16003651200451968,0.0,-0.18779342723004688,0.03847062050324457,1.0,1.0
2018-12-26,-0.0312720917442746,0.0,-0.030788177339901357,0.0,-0.08076135664445834,0.0,-0.0775862068965516,0.004610318961272949,-0.07278259091265318,0.0,-0.10960591133004915,0.029333451257929268,-0.02367711852682991,0.0,-0.10960591133004915,0.028100487978187504,-0.12721779746767017,0.0,-0.14778325123152702,0.03741119688958447,1.0,0.0
2018-12-27,-0.0205398748540738,0.0,-0.020330368487928907,0.0,-0.08481902625863845,0.0,-0.0813214739517153,0.006056858616119504,0.002538072428470871,1.0,-0.0813214739517153,0.03556054694975404,-0.01150172423901164,0.0,-0.0813214739517153,0.02706648482150948,-0.08067823359260717,0.0,-0.14037267080745353,0.03723632270261946,1.0,0.0
2018-12-28,-0.02894939004611002,0.0,-0.02853437094682232,0.0,-0.020970624314304825,0.0,-0.06225680933852129,0.035661831661554,0.01288677627635643,1.0,-0.06225680933852129,0.034562437894499656,0.04315390385523395,1.0,-0.06225680933852129,0.02809794866232348,-0.06566323467050325,0.0,-0.14037267080745353,0.03704684751279547,0.0,0.0
2019-01-02,-0.03532976135845476,0.0,-0.03471295060080104,0.0,0.05202733732865474,1.0,-0.03471295060080104,0.03724610019672175,0.05708423811762854,1.0,-0.03471295060080104,0.030817977960111806,0.045670036833188266,1.0,-0.03471295060080104,0.027808717699410807,0.08690011134278339,1.0,-0.14037267080745353,0.045678070608520645,0.0,0.0
2019-01-03,0.04330852709025987,1.0,0.0,0.0,0.07716592768092122,1.0,-0.010139416983523497,0.025396226841198792,0.10494549178799684,1.0,-0.010139416983523497,0.020526060940360632,0.051224135702921184,1.0,-0.05465838509316778,0.027051487682631273,0.10494549178799684,1.0,-0.14037267080745353,0.04505950739382688,0.0,0.0
2019-01-04,0.0440485715968495,1.0,0.0,0.0,0.04910547238582323,1.0,-0.010139416983523497,0.02215745056728938,0.04910547238582323,1.0,-0.01245330012453294,0.020535079425951577,0.042780340608854335,1.0,-0.05465838509316778,0.02595597490071272,0.1667483833309848,1.0,-0.14037267080745353,0.049467359230612476,0.0,0.0
2019-01-07,-0.010191171006188326,0.0,-0.010139416983523497,0.0,0.017588393100887435,1.0,-0.010139416983523497,0.01140591613867647,-0.014039796667482611,0.0,-0.031133250311332406,0.013969258639780914,0.006317140401261497,1.0,-0.05465838509316778,0.02243526834657989,0.16871011738296843,1.0,-0.14037267080745353,0.04953996373282465,0.0,0.0
2019-01-08,0.015248071795162138,1.0,0.0,0.0,0.015248071795162138,1.0,-0.01245330012453294,0.012504386716145033,0.030267127578877638,1.0,-0.031133250311332406,0.019452141080662684,-0.09954448394311309,0.0,-0.12173913043478268,0.0417263516233658,0.18104032663790598,1.0,-0.14037267080745353,0.049380791226475214,0.0,0.0
2019-01-09,0.0125314923119136,1.0,0.0,0.0,-0.01909669745645636,0.0,-0.031133250311332406,0.013628391544729754,-0.011414201284440123,0.0,-0.031133250311332406,0.022429022952655198,-0.13623726601717834,0.0,-0.14037267080745353,0.04095498414919706,0.18379168201935406,1.0,-0.14037267080745353,0.049401688940132964,0.0,0.0
2019-01-10,-0.012531492311913627,0.0,-0.01245330012453294,0.0,0.0024875634718019286,1.0,-0.031133250311332406,0.02368926701489646,-0.05372135608507571,0.0,-0.05465838509316778,0.023210847069423578,-0.10080469912196552,0.0,-0.14037267080745353,0.04444830758459488,0.22339258630491274,1.0,-0.14037267080745353,0.05028172760375333,0.0,0.0
2019-01-11,-0.01909669745645636,0.0,-0.018915510718789386,0.0,-0.011414201284440123,0.0,-0.026086956521739202,0.026980595219105605,-0.006325131776968814,0.0,-0.05465838509316778,0.02939872006577284,-0.10354067894084021,0.0,-0.14037267080745353,0.044470967376483254,0.21070842089566236,1.0,-0.14037267080745353,0.05065527818504753,0.0,0.0
2019-01-14,0.03411575324017172,1.0,0.0,0.0,-0.022093166316705704,0.0,-0.05465838509316778,0.02936261290060256,0.020356937068744103,1.0,-0.05465838509316778,0.028069193768018853,-0.06917650935359562,0.0,-0.14037267080745353,0.04498734213136131,0.2805875570452899,1.0,-0.14037267080745353,0.05090026987126803,0.0,0.0
2019-01-15,-0.026433257068155597,0.0,-0.026086956521739202,0.0,-0.02134418756068433,0.0,-0.05465838509316778,0.02971530794518376,-0.1298116115219907,0.0,-0.12173913043478268,0.05090468537108389,-0.10881713852573731,0.0,-0.14037267080745353,0.04289483784361796,0.19874903093590243,1.0,-0.14037267080745353,0.052388805046534,1.0,0.0
2019-01-16,-0.029775662488722,0.0,-0.029336734693877542,0.0,0.01267444089672786,1.0,-0.029336734693877542,0.026496102368965317,-0.12482306473273824,0.0,-0.128463476070529,0.050934555819586134,0.04123007450959501,1.0,-0.128463476070529,0.058305650863542335,0.23732818630616614,1.0,-0.128463476070529,0.05172009721304582,1.0,0.0
2019-01-17,0.0348647319961932,1.0,0.0,0.0,-0.07360269196511311,0.0,-0.10957178841309823,0.06566468681479465,-0.04708334303688985,0.0,-0.128463476070529,0.05840958318841851,0.05372135608507574,1.0,-0.128463476070529,0.05769665715409291,0.2518982846688244,1.0,-0.128463476070529,0.05122869524402395,1.0,0.0
2019-01-18,0.007585371389256564,1.0,0.0,0.0,-0.1299121342402096,0.0,-0.128463476070529,0.05278871057482087,-0.09721554716387144,0.0,-0.128463476070529,0.05409092146664473,0.1239680427221302,1.0,-0.128463476070529,0.06470988649798673,0.32167879726333026,1.0,-0.128463476070529,0.054873234307309685,1.0,0.0
2019-01-21,-0.11605279535056295,0.0,-0.10957178841309823,0.0,-0.08953344642233965,0.0,-0.128463476070529,0.0672225124505585,-0.08953344642233965,0.0,-0.128463476070529,0.054939278641290654,0.16239297698170688,1.0,-0.128463476070529,0.06544674486706488,0.4054651081081644,1.0,-0.128463476070529,0.05721295659981825,1.0,0.0
2019-01-22,-0.021444710278903257,0.0,-0.021216407355021283,0.0,0.011251876797434847,1.0,-0.021216407355021283,0.03136516487379133,0.02099447299625343,1.0,-0.021216407355021283,0.025175339758919654,0.28058481058101925,1.0,-0.021216407355021283,0.04912581054528899,0.48995878117147196,1.0,-0.04951456310679625,0.049604078602985144,0.0,0.0
2019-01-23,0.047964059207126424,1.0,0.0,0.0,0.047964059207126424,1.0,-0.015151515151515027,0.025819192221712913,0.16605313924233334,1.0,-0.015151515151515027,0.050125737380362856,0.3200289480365324,1.0,-0.017135862913096767,0.04650643743805576,0.4607485046575608,1.0,-0.07892527287993278,0.051335107628308084,0.0,0.0
2019-01-24,-0.015267472130788308,0.0,-0.015151515151515027,0.0,-0.005524875931969916,0.0,-0.015151515151515027,0.0127350031178887,0.1008046991219655,1.0,-0.017135862913096767,0.05299727941128217,0.3241972854268784,1.0,-0.017135862913096767,0.04666603454493497,0.4254657748148339,1.0,-0.07892527287993278,0.05105366470357085,0.0,0.0
2019-01-25,0.01526747213078838,1.0,0.0,0.0,0.13335655216599512,1.0,-0.005509641873278293,0.05661578127258596,0.2211835898860017,1.0,-0.017135862913096767,0.058492314252146384,0.31424909983650257,1.0,-0.02490039840637448,0.04776511258601576,0.5043712727499433,1.0,-0.07892527287993278,0.05112620338655571,0.0,0.0
2019-01-28,-0.005524875931969916,0.0,-0.005509641873278293,0.0,0.1008046991219655,1.0,-0.017135862913096767,0.06382916887838481,0.25192642340404653,1.0,-0.017135862913096767,0.056712711412230506,0.3497640663988855,1.0,-0.02490039840637448,0.04775204669783876,0.5190561229025061,1.0,-0.07892527287993278,0.05108344911123922,0.0,0.0
2019-01-29,0.12361395596717663,1.0,0.0,0.0,0.21144099368718314,1.0,-0.017135862913096767,0.06251703498521688,0.25959033758476585,1.0,-0.017135862913096767,0.05526602084021808,0.3075661694616397,1.0,-0.04660194174757282,0.052747809233414225,0.616158438209117,1.0,-0.07892527287993278,0.052456973081601785,0.0,0.0
2019-01-30,-0.017284380913241283,0.0,-0.017135862913096767,0.0,0.13383734336883973,1.0,-0.017135862913096767,0.04997765128269512,0.15397580879419925,1.0,-0.017135862913096767,0.04254633544994698,0.19609811179657102,1.0,-0.04660194174757282,0.0427839624621998,0.48428307588580494,1.0,-0.07892527287993278,0.0485173048469039,0.0,0.0
2019-01-31,0.1051114186332477,1.0,0.0,0.0,0.15326076253083037,1.0,0.0,0.042191285015504724,0.22339258630491274,1.0,0.0,0.03530113501887773,0.1981769285837487,1.0,-0.04951456310679625,0.0426088855043596,0.4662606429669013,1.0,-0.07892527287993278,0.049438322277382755,0.0,0.0
2019-02-01,0.046010305648833266,1.0,0.0,0.0,0.06614877107419276,1.0,0.0,0.01813789572818413,0.093065509950501,1.0,-0.02490039840637448,0.02851975255871778,0.1977107545412,1.0,-0.04951456310679625,0.042515695200423795,0.3406275886128566,1.0,-0.07892527287993278,0.04654260040564739,0.0,0.0
2019-02-11,0.0021390382487494423,1.0,0.0,0.0,0.0722708620228318,1.0,0.0,0.020859177083513425,0.09783764299483894,1.0,-0.02490039840637448,0.02948418638827036,0.24307213112645754,1.0,-0.04951456310679625,0.047231586491702005,0.35044573251696526,1.0,-0.07892527287993278,0.04689610204389302,0.0,0.0
2019-02-12,0.017999427176610003,1.0,0.0,0.0,0.04491616605291839,1.0,-0.02490039840637448,0.03164968785362324,0.04797583187687389,1.0,-0.04660194174757282,0.04018352545282695,0.20937397059045287,1.0,-0.04951456310679625,0.04982398064897886,0.34149622526568907,1.0,-0.07892527287993278,0.047083076428830146,0.0,0.0
2019-02-13,0.052132396597472326,1.0,0.0,0.0,0.07769917756947946,1.0,-0.02490039840637448,0.03614823578271487,0.042122303002371915,1.0,-0.04660194174757282,0.0400065006287226,0.14071955662102822,1.0,-0.07892527287993278,0.05428608051785616,0.2792520962913216,1.0,-0.07892527287993278,0.04893967353177196,0.0,0.0
2019-02-14,-0.0252156577211641,0.0,-0.02490039840637448,0.0,-0.022155991897208484,0.0,-0.04660194174757282,0.04214466830103827,-0.0252156577211641,0.0,-0.04951456310679625,0.033893110424858174,0.1012684893879556,1.0,-0.07892527287993278,0.05278966128574221,0.19485883747562777,1.0,-0.08750934928945397,0.049104682923847794,0.0,0.0
2019-02-15,0.05078243869317129,1.0,0.0,0.0,0.015205564126063591,1.0,-0.04660194174757282,0.040524775338551894,0.10464524459069904,1.0,-0.04951456310679625,0.05290662137817383,0.19012217291344075,1.0,-0.07892527287993278,0.0535652302819221,0.24116205681688824,1.0,-0.08750934928945397,0.04848958393640489,0.0,0.0
2019-02-18,-0.04772277286921557,0.0,-0.04660194174757282,0.0,-0.050782438693171214,0.0,-0.04951456310679625,0.02447159157795806,0.14523448813161863,1.0,-0.04951456310679625,0.05956004583182915,0.16929205650362072,1.0,-0.07892527287993278,0.05268708428628765,0.19438442924322966,1.0,-0.08750934928945397,0.04768682679985488,0.0,0.0
2019-02-19,0.01214589830210812,1.0,0.0,0.0,0.10158557876674343,1.0,-0.015090543259557387,0.05128184421068251,0.1613981387135789,1.0,-0.031066330814441767,0.055613397521087085,0.30859226874747714,1.0,-0.07892527287993278,0.052164464978032773,0.3539216663110153,1.0,-0.08750934928945397,0.050661582279310155,0.0,0.0
2019-02-20,-0.015205564126063697,0.0,-0.015090543259557387,0.0,0.18081136269872608,1.0,-0.015090543259557387,0.05364400479023196,0.09859725361865637,1.0,-0.07892527287993278,0.0650357484963778,0.2881849640892338,1.0,-0.07892527287993278,0.05324462746063713,0.2926996444437605,1.0,-0.08750934928945397,0.052712538660562414,0.0,0.0
2019-02-21,0.10464524459069904,1.0,0.0,0.0,0.16445780453753456,1.0,-0.031066330814441767,0.061318657405868615,0.1264841471091197,1.0,-0.07892527287993278,0.06296425277365109,0.26808371438315265,1.0,-0.07892527287993278,0.05521180581883802,0.32206869542968863,1.0,-0.08750934928945397,0.05226799770631623,0.0,0.0
2019-02-22,0.09137168223409073,1.0,0.0,0.0,0.009157573154021017,1.0,-0.07892527287993278,0.06293577807430027,0.08547692832274166,1.0,-0.07892527287993278,0.0541480259814361,0.14291683407165665,1.0,-0.07892527287993278,0.05009821451970204,0.1904150574906556,1.0,-0.08750934928945397,0.04888313374937785,0.0,0.0
2019-02-25,-0.03155912228725536,0.0,-0.031066330814441767,0.0,-0.06953277971567018,0.0,-0.07892527287993278,0.02652746699790343,0.024057568372002087,1.0,-0.07892527287993278,0.04136159721338861,0.10737360139050771,1.0,-0.07892527287993278,0.045558704507885586,0.06658302920210649,1.0,-0.09006433166547534,0.04587337723121705,0.0,0.0
2019-02-26,-0.050654986792814535,0.0,-0.04939341421143839,0.0,0.025664368375906122,1.0,-0.04939341421143839,0.046751074360757684,0.1471941300338983,1.0,-0.04939341421143839,0.04842910025799479,0.1321222546752363,1.0,-0.06207928197456991,0.04383336612943472,0.015477523068913143,1.0,-0.1622587562544674,0.04905837577171136,0.0,1.0
2019-02-27,0.012681329364399696,1.0,0.0,0.0,0.1062716774520719,1.0,0.0,0.02115970680898389,0.18958771047057757,1.0,-0.008227374719521285,0.035703597292115155,0.1385325396702933,1.0,-0.06207928197456991,0.04293228199835139,0.06099990663520745,1.0,-0.1665475339528234,0.0476554450465063,0.0,1.0
2019-02-28,0.06363802580432094,1.0,0.0,0.0,0.1851677874623131,1.0,0.0,0.025194780122678912,0.1415995672740329,1.0,-0.04263275991024673,0.04612613529957487,0.09359034808767219,1.0,-0.08750934928945397,0.04511647883169443,0.037106730629429006,1.0,-0.17583988563259478,0.04769849169515112,0.0,1.0
2019-03-01,0.02995232228335111,1.0,0.0,0.0,0.11326835530185685,1.0,-0.008227374719521285,0.04113087408896577,0.05743990574891489,1.0,-0.06207928197456991,0.04551847960709787,0.051039883903447505,1.0,-0.08750934928945397,0.041671647314627115,0.015919900530727737,1.0,-0.17583988563259478,0.04653568587636173,0.0,1.0
2019-03-04,0.09157743937464086,1.0,0.0,0.0,0.04800921918636066,1.0,-0.04263275991024673,0.054567860803713245,0.0833160330185056,1.0,-0.06207928197456991,0.04868447469353915,0.02509237273960902,1.0,-0.08750934928945397,0.040843240639059634,0.03780104259383678,1.0,-0.17583988563259478,0.047456397796421856,0.0,1.0
2019-03-05,-0.00826140635613533,0.0,-0.008227374719521285,0.0,-0.06408985590907715,0.0,-0.06207928197456991,0.011057269008825437,-0.015071875358662121,0.0,-0.06207928197456991,0.031156782416579414,0.04532939756353812,1.0,-0.08750934928945397,0.04544803334493322,-0.06408985590907715,0.0,-0.17583988563259478,0.042794978871683036,0.0,1.0
2019-03-06,-0.03530681383214484,0.0,-0.034690799396681626,0.0,0.0,0.0,-0.05429864253393668,0.0399354663389165,-0.05105517080028418,0.0,-0.05429864253393668,0.03540388240641928,0.004514680354526613,1.0,-0.07993966817496234,0.04816522564350649,-0.06544390825238373,0.0,-0.17583988563259478,0.042803995589623646,0.0,1.0
2019-03-07,-0.02052163572079691,0.0,-0.020312500000000067,0.0,0.028496344829618107,1.0,-0.020312500000000067,0.03323479724606261,-0.048009219186360724,0.0,-0.07993966817496234,0.034990614864662165,0.053984981046535964,1.0,-0.07993966817496234,0.046758446601615884,-0.034979718896026815,0.0,-0.17583988563259478,0.04217433277316384,0.0,1.0
2019-03-08,0.05582844955294188,1.0,0.0,0.0,0.004773278752657812,1.0,-0.04977375565610864,0.04128436820668479,-0.0064000218454674,0.0,-0.07993966817496234,0.036326432070634664,0.04749822341899897,1.0,-0.07993966817496234,0.04715683276008499,-0.0796440630599254,0.0,-0.17583988563259478,0.04424114687469667,0.0,1.0
2019-03-11,-0.006810469002526752,0.0,-0.006787330316742057,0.0,-0.08331603301850563,0.0,-0.07993966817496234,0.015608604147389193,-0.0582236602788967,0.0,-0.07993966817496234,0.02378009335641802,-0.040790572188401264,0.0,-0.09006433166547534,0.044981938698733806,-0.14414559386629605,0.0,-0.1794138670478913,0.04206081865715061,0.0,1.0
2019-03-12,-0.044244701797757434,0.0,-0.04328018223234631,0.0,-0.055418002395882494,0.0,-0.07365223993925596,0.02839790950913404,0.06040127292220022,1.0,-0.07365223993925596,0.05519400743796153,-0.11664473160632303,0.0,-0.1622587562544674,0.05081987222693256,-0.13125607878738713,0.0,-0.1794138670478913,0.042160592581212554,0.0,1.0
2019-03-13,-0.032260862218221435,0.0,-0.031746031746031744,0.0,-0.007168489478612516,0.0,-0.031746031746031744,0.022243785032971,0.055569851154810786,1.0,-0.04789135096497499,0.056204671754167705,-0.07753263303508595,0.0,-0.1665475339528234,0.049653612691265184,-0.10977943579586175,0.0,-0.1929949964260187,0.041454754784801595,0.0,1.0
2019-03-14,0.021087561620096385,1.0,0.0,0.0,0.1369068369381791,1.0,0.0,0.047312333972320805,0.10199420023289661,1.0,-0.04789135096497499,0.05194555815308773,-0.0564836174582432,0.0,-0.17583988563259478,0.04901208608231938,-0.06257324045261728,0.0,-0.1929949964260187,0.04120639473532069,0.0,1.0
2019-03-15,0.0040048111195124915,1.0,0.0,0.0,0.06674315175293603,1.0,-0.04789135096497499,0.06693802121280887,0.05389824526446634,1.0,-0.06004288777698352,0.05527392210268416,-0.03511998337271971,0.0,-0.17583988563259478,0.05057169481446042,-0.11647971199703155,0.0,-0.20729092208720512,0.04129717259746235,0.0,1.0
2019-03-18,0.11181446419857004,1.0,0.0,0.0,0.07690182749328774,1.0,-0.04789135096497499,0.06618219207684348,0.017433088090495347,1.0,-0.09006433166547534,0.05802394252958641,0.012708669854227906,1.0,-0.17583988563259478,0.05324736892315494,-0.09203816060483543,0.0,-0.20729092208720512,0.04192678817528596,1.0,1.0
2019-03-19,-0.049076123565146734,0.0,-0.04789135096497499,0.0,-0.06192103005361621,0.0,-0.06004288777698352,0.026207201647018598,-0.17704600452852315,0.0,-0.1622587562544674,0.03148517393768909,-0.10941925347261522,0.0,-0.17583988563259478,0.03843905531287009,-0.18820013132572952,0.0,-0.20729092208720512,0.03282698901878326,1.0,1.0
2019-03-20,0.01416348685986445,1.0,0.0,0.0,-0.04530525254292796,0.0,-0.0577350111028867,0.020813001555680288,-0.13310248418989679,0.0,-0.13693560325684673,0.03255844555727575,-0.06995858860691034,0.0,-0.14655810510732792,0.03628696427967119,-0.12456272264176224,0.0,-0.17912657290895628,0.031899028322874536,1.0,1.0
2019-03-21,-0.02700839334833388,0.0,-0.0266469282013323,0.0,-0.14213336782324082,0.0,-0.13249444855662462,0.025050638179043936,-0.15847781769113983,0.0,-0.14655810510732792,0.027369959992976953,-0.08896469994256276,0.0,-0.14655810510732792,0.03562054610267135,-0.1446963764881305,0.0,-0.17912657290895628,0.0315554592882475,1.0,1.0
2019-03-22,-0.03246034605445844,0.0,-0.03193916349809889,0.0,-0.12025757770142728,0.0,-0.11330798479087456,0.03210830703628286,-0.08901822863718609,0.0,-0.12319391634980992,0.0406359914109477,-0.12714228647892437,0.0,-0.12319391634980992,0.03922110068735079,-0.14544345086132895,0.0,-0.1566539923954373,0.031579277298209946,1.0,1.0
2019-03-25,-0.08266462842044851,0.0,-0.07934014139827172,0.0,-0.09900907828834758,0.0,-0.09426551453260024,0.03520364904560698,-0.004724418236267511,0.0,-0.09426551453260024,0.04789538167786092,-0.10335502167789477,0.0,-0.09819324430479182,0.038668832041104564,-0.14970913104944567,0.0,-0.13904163393558522,0.03176254925622585,1.0,0.0
2019-03-26,-0.005132603226520314,0.0,-0.005119453924914752,0.0,0.026106745837720848,1.0,-0.016211604095563215,0.023992816599157373,0.06762675105590792,1.0,-0.016211604095563215,0.027685928236193556,-0.014611347181063947,0.0,-0.09392265193370164,0.030336737839620705,-0.048960827195701724,0.0,-0.13496448303078135,0.027084637985732834,0.0,0.0
2019-03-27,-0.011211846641378689,0.0,-0.011149228130360234,0.0,0.08307281341070137,1.0,-0.011149228130360234,0.02777380923807733,0.06314389558298641,1.0,-0.019731649565903675,0.02834047185004024,-0.032246802760775725,0.0,-0.10891870560378858,0.031004162674126874,-0.11051959846785371,0.0,-0.17600631412786116,0.03049760413599312,0.0,1.0
2019-03-28,0.042451195705619914,1.0,0.0,0.0,0.08397120092380689,1.0,-0.010260457774269982,0.027354414354223887,0.06951311774857709,1.0,-0.024467245461720633,0.027366668895471485,-0.006089622994373988,0.0,-0.10891870560378858,0.031321742905453406,-0.09072400813508355,0.0,-0.17600631412786116,0.03061800051524809,0.0,1.0
2019-03-29,0.05183346434646026,1.0,0.0,0.0,0.03190454651874528,1.0,-0.019731649565903675,0.02913321404528251,-0.03812405784173821,0.0,-0.08602999210734019,0.03706077910520605,-0.08135972862431182,0.0,-0.12470402525651147,0.02902974409941648,-0.13127767006451183,0.0,-0.17600631412786116,0.028723323866116177,1.0,1.0
2019-04-01,-0.010313459128273101,0.0,-0.010260457774269982,0.0,-0.024771542303503005,0.0,-0.024467245461720633,0.002431213298379631,-0.0986306034416273,0.0,-0.09392265193370164,0.022808378381241095,-0.10474683045906338,0.0,-0.12470402525651147,0.02472751227646651,-0.18881457192484177,0.0,-0.17600631412786116,0.025421990535749863,1.0,1.0
2019-04-02,-0.00961545869944187,0.0,-0.009569377990430561,0.0,-0.0796440630599254,0.0,-0.07655502392344493,0.02739055659110135,-0.082238098236972,0.0,-0.08452950558213701,0.02499870480902035,-0.07878087785311422,0.0,-0.11562998405103664,0.025941624706824734,-0.308633684937559,0.0,-0.26555023923444965,0.036587894516824704,1.0,1.0
2019-04-03,-0.004842624475788015,0.0,-0.004830917874396157,0.0,-0.07870168561391234,0.0,-0.07568438003220612,0.027587639448046954,-0.09539069834376214,0.0,-0.09098228663446062,0.024832831335434537,-0.054604134034851856,0.0,-0.10708534621578103,0.02678009415362357,-0.3243081941912245,0.0,-0.27697262479871176,0.03662277520169827,1.0,1.0
2019-04-04,-0.0651859798846955,0.0,-0.06310679611650483,0.0,-0.06778001506174201,0.0,-0.07119741100323618,0.03071379874058756,-0.07560274074295105,0.0,-0.08656957928802589,0.0281424295881079,-0.055731676545567724,0.0,-0.10275080906148859,0.026779629346042676,-0.3061910385067404,0.0,-0.27346278317152095,0.03711364848298163,1.0,1.0
2019-04-08,-0.00867308125342878,0.0,-0.008635578583765069,0.0,-0.02536209398327859,0.0,-0.025043177892918878,0.01177779979961134,-0.04323567078257348,0.0,-0.042314335060449015,0.017647327427494412,-0.01830116438240458,0.0,-0.042314335060449015,0.019924226984528656,-0.17818504624217435,0.0,-0.23639455782312924,0.03895237613042443,0.0,1.0
2019-04-09,0.0060790460763821925,1.0,0.0,0.0,-0.0017436796048268398,0.0,-0.022510822510822592,0.01610060881215326,-0.006116227017436094,0.0,-0.03982683982683988,0.023054270872890335,-0.04635410937155084,0.0,-0.0680272108843537,0.022498777279363738,-0.12609272703210103,0.0,-0.23639455782312924,0.04058835224243837,0.0,1.0
2019-04-10,-0.02276805880623198,0.0,-0.022510822510822592,0.0,-0.04064163560552693,0.0,-0.03982683982683988,0.020560864803566597,0.0034572203838577208,1.0,-0.03982683982683988,0.023960943012753734,-0.03434948001463768,0.0,-0.0680272108843537,0.02334287037722118,-0.18805223150293973,0.0,-0.23639455782312924,0.04186928724384897,0.0,1.0
2019-04-11,0.014945333125022985,1.0,0.0,0.0,0.0105727857124137,1.0,-0.0322862129144853,0.026282935560797322,0.04078656430891021,1.0,-0.0322862129144853,0.021137465229971394,-0.07827279570707797,0.0,-0.11224489795918369,0.02980532926867781,-0.1736787655397341,0.0,-0.23639455782312924,0.04175691283012089,0.0,1.0
2019-04-12,-0.03281890992431798,0.0,-0.0322862129144853,0.0,0.011279946065066838,1.0,-0.0322862129144853,0.026387273109250063,0.01987106419738346,1.0,-0.0322862129144853,0.021447512772010395,-0.08463438514070949,0.0,-0.11224489795918369,0.029377303044442686,-0.14531836294469694,0.0,-0.23639455782312924,0.042998350837914714,0.0,1.0
2019-04-15,0.02844636251170859,1.0,0.0,0.0,0.058660141108205256,1.0,0.0,0.006304048035886717,0.02493450640016902,1.0,-0.03316326530612246,0.01973773075574578,-0.0499179414402001,0.0,-0.11224489795918369,0.028326483993805825,-0.12877651635251988,0.0,-0.23639455782312924,0.04265660981017939,0.0,1.0
2019-04-16,0.015652493477675947,1.0,0.0,0.0,0.024243611609992635,1.0,-0.005952380952380931,0.009945801497141433,-0.040237882354114705,0.0,-0.0680272108843537,0.02139169945081332,-0.08406774146577849,0.0,-0.11224489795918369,0.026056999416831324,-0.1789966784137892,0.0,-0.23639455782312924,0.04200226721896736,0.0,1.0
2019-04-17,0.014561285118820594,1.0,0.0,0.0,-0.019164349589215715,0.0,-0.03316326530612246,0.017278269668447654,-0.037806700398495464,0.0,-0.0680272108843537,0.02194534533035246,-0.22985280708444478,0.0,-0.21683673469387743,0.04347719538919757,-0.17904823144898557,0.0,-0.23639455782312924,0.04200075886588237,0.0,1.0
2019-04-18,-0.005970166986503796,0.0,-0.005952380952380931,0.0,-0.07045166095061135,0.0,-0.0680272108843537,0.012914217517803778,-0.11905936001598821,0.0,-0.11224489795918369,0.02861657699332212,-0.2697040601563726,0.0,-0.23639455782312924,0.04164062911369004,-0.19257805696114375,0.0,-0.23639455782312924,0.041724636516638776,1.0,1.0
2019-04-19,-0.02775546772153235,0.0,-0.027373823781009388,0.0,-0.046397818530812054,0.0,-0.06244653550042756,0.024004169459922634,-0.1045054493380929,0.0,-0.106928999144568,0.030930013285475386,-0.25045936196117263,0.0,-0.23182207014542333,0.042989567364520274,-0.1835198792860632,0.0,-0.23182207014542333,0.0418109655841422,1.0,1.0
2019-04-22,-0.03672602624257503,0.0,-0.03605980650835516,0.0,-0.08533372530795194,0.0,-0.08179419525065956,0.0351011784937877,-0.07485244784036907,0.0,-0.08179419525065956,0.03187558079132516,-0.1598838818597698,0.0,-0.21020228671943697,0.05037233429214613,-0.1496168512200256,0.0,-0.21020228671943697,0.041710478639979405,1.0,1.0
2019-04-23,0.018083675433295327,1.0,0.0,0.0,-0.04002395537398554,0.0,-0.06451612903225812,0.037923023221896474,-0.043829859111663684,0.0,-0.06451612903225812,0.030001193074326794,-0.0797386176605502,0.0,-0.1953405017921147,0.0527547255653709,-0.18268658691299236,0.0,-0.1953405017921147,0.04345599418070534,0.0,1.0
2019-04-24,-0.06669137449867228,0.0,-0.06451612903225812,0.0,-0.05621009703108937,0.0,-0.06451612903225812,0.03401876469096928,-0.19204610668594935,0.0,-0.17473118279569888,0.05313321905469661,-0.15370275148830195,0.0,-0.1953405017921147,0.05375833715909362,-0.11778303565638351,0.0,-0.1953405017921147,0.047593805457564003,1.0,1.0
2019-04-25,0.008583743691391435,1.0,0.0,0.0,0.004777839953713297,1.0,-0.005687203791469253,0.005836701069519987,-0.1506447001403844,0.0,-0.14881516587677723,0.051273997629769155,-0.09540596983265616,0.0,-0.14881516587677723,0.05096522497853059,-0.06020564829541741,0.0,-0.14881516587677723,0.045525343413180965,1.0,0.0
2019-04-26,0.0018975337761914111,1.0,0.0,0.0,-0.13393847587866844,0.0,-0.12701421800947865,0.060527618284831684,-0.1459539126230797,0.0,-0.14881516587677723,0.05201135049548158,-0.060683977803987384,0.0,-0.14881516587677723,0.05321486921282252,-0.08004270767353625,0.0,-0.14881516587677723,0.045478010382873406,1.0,0.0
2019-04-29,-0.0057034375138697545,0.0,-0.005687203791469253,0.0,-0.16112597760796724,0.0,-0.14881516587677723,0.05462825212449686,-0.0850314340194007,0.0,-0.14881516587677723,0.06369159472098722,-0.07885857491231982,0.0,-0.14881516587677723,0.05322213096274527,-0.11329077133380393,0.0,-0.14881516587677723,0.045838218478901724,1.0,0.0
2019-04-30,-0.13013257214099025,0.0,-0.12202097235462339,0.0,-0.14214800888540147,0.0,-0.14394661582459478,0.060594086198100465,-0.03590875854888639,0.0,-0.14394661582459478,0.06829930948691683,-0.09492893694801073,0.0,-0.14394661582459478,0.05337437453143425,-0.02314471682378869,0.0,-0.14394661582459478,0.049867739010156356,1.0,0.0
2019-05-06,-0.025289967953107253,0.0,-0.02497285559174811,0.0,0.0508045756354592,1.0,-0.02497285559174811,0.036063745929737094,0.038343355197647436,1.0,-0.05434782608695643,0.04353380959859737,0.0508045756354592,1.0,-0.06225296442687733,0.03527064132296998,0.09521146799337657,1.0,-0.09782608695652162,0.040319689706173396,0.0,0.0
2019-05-07,0.013274531208696108,1.0,0.0,0.0,0.11951378154521122,1.0,0.0,0.020384765819448775,0.05523873030772815,1.0,-0.06225296442687733,0.04145028036847578,0.07712600319522882,1.0,-0.06225296442687733,0.03385990442521925,0.09854446602778832,1.0,-0.09782608695652162,0.0402018558039433,0.0,0.0
2019-05-08,0.0628200123798705,1.0,0.0,0.0,0.05035879194205858,1.0,-0.05434782608695643,0.05198997927559229,0.08526993481909238,1.0,-0.06225296442687733,0.043464637094913876,0.06693948267510952,1.0,-0.06225296442687733,0.03383046927084793,0.1131324337118291,1.0,-0.09782608695652162,0.04047807621337452,0.0,0.0
2019-05-09,0.04341923795664462,1.0,0.0,0.0,-0.020855813280838346,0.0,-0.06225296442687733,0.040551764154974836,0.006172859107081016,1.0,-0.06225296442687733,0.03797639725717419,0.010267030639744195,1.0,-0.06225296442687733,0.028238260031215608,-0.005173317280220528,0.0,-0.09782608695652162,0.04033634560166617,0.0,0.0
2019-05-10,-0.055880458394456496,0.0,-0.05434782608695643,0.0,-0.020969315517422742,0.0,-0.06225296442687733,0.04050477681517211,-0.05902017839912433,0.0,-0.06225296442687733,0.0319713822394983,-0.10294796925244225,0.0,-0.09782608695652162,0.0314816203678085,-0.02805795279515738,0.0,-0.09782608695652162,0.03939468931688361,0.0,0.0
2019-05-13,-0.008394592843026367,0.0,-0.008359456635318674,0.0,0.018634079544892792,1.0,-0.016145307769929396,0.026426348924758574,0.012461220437811815,1.0,-0.03733602421796178,0.024071684662809546,0.03591971583191854,1.0,-0.07870837537840558,0.03821777624602291,0.07156705456215613,1.0,-0.07870837537840558,0.03847925488616074,0.0,0.0
2019-05-14,0.04330573572006003,1.0,0.0,0.0,0.005254872838358597,1.0,-0.03733602421796178,0.029468759282498654,0.021887272887500593,1.0,-0.03733602421796178,0.023507745925623123,0.03520032153723869,1.0,-0.07870837537840558,0.03824094156708081,0.09540596983265606,1.0,-0.07870837537840558,0.03845913171736703,0.0,0.0
2019-05-15,-0.016277063332140844,0.0,-0.016145307769929396,0.0,-0.022449922439221802,0.0,-0.03733602421796178,0.016476557161856285,-0.01833045214398285,0.0,-0.03733602421796178,0.013607564837289211,-0.019358729869548896,0.0,-0.07870837537840558,0.036001912044327095,0.03178023162163855,1.0,-0.07870837537840558,0.03776521402159784,0.0,0.0
2019-05-16,-0.02177379954956073,0.0,-0.021538461538461617,0.0,-0.005141399500418764,0.0,-0.021538461538461617,0.015381160216606913,0.004094171532663147,1.0,-0.021538461538461617,0.012349311385893161,-0.03443219642148413,0.0,-0.06741573033707848,0.0368757482214855,0.007153837356618774,1.0,-0.06741573033707848,0.03871712679246485,0.0,0.0
2019-05-17,0.01560094044247981,1.0,0.0,0.0,0.019720410737718713,1.0,0.0,0.00643836232803802,-0.043927790853317855,0.0,-0.06741573033707848,0.030910515305068362,0.07178422012422205,1.0,-0.06741573033707848,0.04456223230094479,0.012500162764231468,1.0,-0.07471264367816088,0.038581619890257025,0.0,0.0
2019-05-20,0.0010314596066622124,1.0,0.0,0.0,0.010267030639744195,1.0,0.0,0.002101976139239073,0.023458495394106684,1.0,-0.06741573033707848,0.04836664179728751,0.044406892357917296,1.0,-0.06741573033707848,0.04480102638237224,0.010267030639744195,1.0,-0.07471264367816088,0.03854132777371004,0.0,0.0
2019-05-21,0.0030880106885767668,1.0,0.0,0.0,-0.06056019090245993,0.0,-0.06741573033707848,0.03510111323804793,0.013313048649738217,1.0,-0.06741573033707848,0.04868937008161576,0.021418462832559625,1.0,-0.06741573033707848,0.04550130374188003,0.032457210147381704,1.0,-0.07471264367816088,0.0388583688649086,0.0,0.0
2019-05-22,0.006147560344505219,1.0,0.0,0.0,0.019339025098867705,1.0,-0.06741573033707848,0.06237375172327122,-0.0010282777255659324,0.0,-0.06741573033707848,0.049001247087209855,0.046192951036719714,1.0,-0.06741573033707848,0.04615513583460256,0.05498636382910517,1.0,-0.07471264367816088,0.03920947489533519,0.0,0.0
2019-05-23,-0.06979576193554174,0.0,-0.06741573033707848,0.0,0.0040774776166563,1.0,-0.06741573033707848,0.06281149310477223,-0.0385263679541472,0.0,-0.06741573033707848,0.05030711594158522,-0.01544034791996459,0.0,-0.06741573033707848,0.049531180854503136,0.10831834330256054,1.0,-0.07471264367816088,0.0411170362658182,0.0,0.0
2019-05-24,0.08298722668990433,1.0,0.0,0.0,0.0626199238654706,1.0,-0.020161290322580627,0.04392985588488591,0.1157120109775401,1.0,-0.050403225806451624,0.050064236859158825,0.07489001645728492,1.0,-0.05951219512195116,0.044211524809242744,0.1651987965614199,1.0,-0.07471264367816088,0.03763620683282712,0.0,0.0
2019-05-27,-0.009113987137706205,0.0,-0.009072580645161255,0.0,-0.05171783270850975,0.0,-0.050403225806451624,0.010016312131528824,0.02094839696381065,1.0,-0.050403225806451624,0.040924392227598354,0.03564733873023749,1.0,-0.05951219512195116,0.038738963861347016,0.08499321283339271,1.0,-0.07471264367816088,0.033506625350095014,0.0,0.0
2019-05-28,-0.011253315686727368,0.0,-0.011190233977619424,0.0,0.04183877142534191,1.0,-0.04170905391658186,0.050519151940365534,0.0081054141828214,1.0,-0.04170905391658186,0.042065902300346424,0.06020564829541736,1.0,-0.05951219512195116,0.03863565297933072,0.07541506695894629,1.0,-0.07471264367816088,0.03376168732246385,0.0,0.0
2019-05-29,-0.031350529884076044,0.0,-0.030864197530864224,0.0,0.04131569978824441,1.0,-0.030864197530864224,0.05060664944640305,0.04722122876228566,1.0,-0.0331707317073171,0.0425782880608534,0.051138961491187414,1.0,-0.05951219512195116,0.03913355959928445,0.09231280026535063,1.0,-0.07471264367816088,0.033586114627250425,0.0,0.0
2019-05-30,0.08444261699614558,1.0,0.0,0.0,0.05070925975362502,1.0,-0.0331707317073171,0.04793816984170145,0.02308602003418255,1.0,-0.05951219512195116,0.047957774262891,0.04158603377810282,1.0,-0.05951219512195116,0.04011629532521443,0.1066335903046244,1.0,-0.07471264367816088,0.03295849265048707,0.0,0.0
2019-05-31,-0.01177638732382507,0.0,-0.011707317073170631,0.0,-0.005870858349783745,0.0,-0.0331707317073171,0.02149125154081117,-0.040821994520255166,0.0,-0.05951219512195116,0.030213112088676643,-0.05928405735999049,0.0,-0.07471264367816088,0.030089795151442836,0.06423359660403007,1.0,-0.07471264367816088,0.028917563647968627,0.0,0.0
2019-06-03,-0.02195696991869548,0.0,-0.021717670286278468,0.0,-0.049580209638137786,0.0,-0.05397448478900868,0.034242738886319984,0.014698941766426806,1.0,-0.05397448478900868,0.036411916306312485,-0.034139861718173146,0.0,-0.07471264367816088,0.03054321471829125,0.04251848162155421,1.0,-0.07471264367816088,0.02985248218966295,0.0,0.0
2019-06-04,0.027862498892736662,1.0,0.0,0.0,-0.007088637277734636,0.0,-0.05397448478900868,0.037682473107566276,0.05210023411259587,1.0,-0.05397448478900868,0.03431000353137811,0.011038747314821976,1.0,-0.07471264367816088,0.030806465668762228,0.04344217136948133,1.0,-0.07471264367816088,0.029815880127643198,0.0,0.0
2019-06-05,-0.055485738612179036,0.0,-0.05397448478900868,0.0,0.008793412792385515,1.0,-0.05397448478900868,0.042379822037915134,0.003917732728901653,1.0,-0.05397448478900868,0.03482034612484803,0.008793412792385515,1.0,-0.07471264367816088,0.030618224179739445,0.0048947723767284275,1.0,-0.07471264367816088,0.0293349156928677,0.0,0.0
2019-06-06,0.020534602441707735,1.0,0.0,0.0,0.07972347383203834,1.0,0.0,0.012317626891265929,0.01850001374392021,1.0,-0.059386973180076574,0.03030289688982466,0.12375869122252518,1.0,-0.07471264367816088,0.028827098418619225,0.06427915140456458,1.0,-0.07471264367816088,0.026402542734054145,0.0,0.0
2019-06-10,0.04374454896285696,1.0,0.0,0.0,0.0388688688993732,1.0,-0.02011494252873558,0.026213347981946498,-0.018462062839735442,0.0,-0.07471264367816088,0.029798658888169727,0.09030878010413512,1.0,-0.07471264367816088,0.02961622042405836,-0.020534602441707753,0.0,-0.11802378774016464,0.029864302800095353,0.0,0.0
2019-06-11,0.015444322427473556,1.0,0.0,0.0,-0.04577913766064448,0.0,-0.059386973180076574,0.023280506568287604,-0.04883880348460009,0.0,-0.07471264367816088,0.021429124576745864,0.049345874103155,1.0,-0.07471264367816088,0.027271639376753542,-0.06220661180259231,0.0,-0.11802378774016464,0.02806763425943452,0.0,0.0
2019-06-12,-0.020320002490957494,0.0,-0.02011494252873558,0.0,-0.077650934230066,0.0,-0.07471264367816088,0.010738840032314489,-0.041061486797773925,0.0,-0.07471264367816088,0.023394832481093784,0.015209418663528708,1.0,-0.07471264367816088,0.027872317398719072,-0.09540596983265616,0.0,-0.13174748398902103,0.02790244095598588,0.0,0.0
2019-06-13,-0.040903457597160554,0.0,-0.040078201368523914,0.0,-0.043963123421116176,0.0,-0.055718475073313845,0.022191597326217116,0.004875680063483931,1.0,-0.055718475073313845,0.02573861780137827,0.041173838774163335,1.0,-0.055718475073313845,0.026909518506376795,-0.06252035698133405,0.0,-0.13174748398902103,0.0279066224135718,0.0,0.0
2019-06-14,-0.01642747414194793,0.0,-0.016293279022403295,0.0,0.020161973290344103,1.0,-0.016293279022403295,0.016855295970362387,0.10525867747860487,1.0,-0.016293279022403295,0.024355622182519,0.06504755652652165,1.0,-0.039413382218148496,0.023673933127307478,0.004065046248169372,1.0,-0.13174748398902103,0.027163094908843638,0.0,0.0
2019-06-17,0.01336780831799232,1.0,0.0,0.0,0.06220661180259236,1.0,0.0,0.005300767725429628,0.10877084294387052,1.0,-0.012832263978001857,0.023291988034440672,0.1235176539640206,1.0,-0.039413382218148496,0.024494343716415526,0.041567058506044356,1.0,-0.13174748398902103,0.02724461778320626,0.0,0.0
2019-06-18,0.023221639114299704,1.0,0.0,0.0,0.10831834330256054,1.0,0.0,0.016556416599839432,0.09818467758775508,1.0,-0.012832263978001857,0.024412274960212758,0.07665834333972736,1.0,-0.039413382218148496,0.02807262383925631,0.014199021514662225,1.0,-0.13174748398902103,0.0273303882828109,0.0,0.0
2019-06-19,0.02561716437030033,1.0,0.0,0.0,0.07218139551157854,1.0,-0.012832263978001857,0.02957556431064334,0.056270905461302693,1.0,-0.028414298808432714,0.02858219858362788,0.03240342405465943,1.0,-0.05306495882891127,0.028751571113773283,-0.007010544486217412,0.0,-0.13174748398902103,0.02684346253070024,0.0,0.0
2019-06-20,0.059479539817960406,1.0,0.0,0.0,0.049345874103155,1.0,-0.012832263978001857,0.031094944010613346,0.03629815871067952,1.0,-0.028414298808432714,0.027677075041954387,-0.0038986404156571976,0.0,-0.0631290027447392,0.02797844642615725,-0.06220661180259231,0.0,-0.13174748398902103,0.02686919822116229,0.0,0.0
2019-06-21,-0.012915308676682278,0.0,-0.012832263978001857,0.0,-0.028825798726958077,0.0,-0.028414298808432714,0.009073092359823346,-0.04021112095208335,0.0,-0.039413382218148496,0.010221772959009685,-0.05947953981796051,0.0,-0.0631290027447392,0.019882295537390047,-0.1175539143356424,0.0,-0.13174748398902103,0.02282638054729771,0.0,0.0
2019-06-24,0.002781642961876992,1.0,0.0,0.0,-0.010266072430598634,0.0,-0.0185185185185186,0.010860664139605257,0.01474681102014992,1.0,-0.029629629629629672,0.02192301690040462,-0.11084338254584288,0.0,-0.11802378774016464,0.026539059677602367,-0.1339294025800255,0.0,-0.13815187557182063,0.02335177772554756,0.0,0.0
2019-06-25,-0.018692133012152633,0.0,-0.0185185185185186,0.0,-0.03007745523727795,0.0,-0.029629629629629672,0.011101294541240949,-0.021526334248027818,0.0,-0.032936870997255174,0.02633573091092772,-0.11155248590574746,0.0,-0.11802378774016464,0.026502838721150213,-0.13777318053288581,0.0,-0.1390667886550777,0.023288712751141985,0.0,0.0
2019-06-26,0.005644417619677131,1.0,0.0,0.0,0.03065730107042578,1.0,-0.016885553470919246,0.02433217093144379,-0.02386748140664343,0.0,-0.05306495882891127,0.026606773313403734,-0.11061538849618488,0.0,-0.13174748398902103,0.026477668608578878,-0.09700973644040643,0.0,-0.1390667886550777,0.02394113383265308,0.0,0.0
2019-06-27,-0.017029739844802296,0.0,-0.016885553470919246,0.0,-0.008478618855552232,0.0,-0.032936870997255174,0.03243101711626778,-0.04019679912633676,0.0,-0.0631290027447392,0.026125406685351144,-0.10369419575549749,0.0,-0.13174748398902103,0.02699079890777347,-0.07699856529230836,0.0,-0.1390667886550777,0.024762888627918738,0.0,0.0
2019-06-28,0.04204262329555093,1.0,0.0,0.0,-0.012482159181518144,0.0,-0.05306495882891127,0.033064215344802084,-0.019268418865877143,0.0,-0.0631290027447392,0.026026040302613594,-0.06098251027835219,0.0,-0.13174748398902103,0.02891010985180207,-0.019268418865877143,0.0,-0.1390667886550777,0.02637081670642431,0.0,0.0
2019-07-01,-0.03349150230630084,0.0,-0.032936870997255174,0.0,-0.06520968257708541,0.0,-0.0631290027447392,0.009324027343152595,-0.1255901935659929,0.0,-0.11802378774016464,0.023111365385953108,-0.08195059545797624,0.0,-0.13174748398902103,0.02595148386134005,-0.029714349562555472,0.0,-0.1390667886550777,0.025606234352864018,1.0,0.0
2019-07-02,-0.021033280170768262,0.0,-0.02081362346263016,0.0,-0.027819539855127327,0.0,-0.03122043519394513,0.010227247311791194,-0.09002615165771963,0.0,-0.08798486281929985,0.02484724729708669,-0.0624593218250651,0.0,-0.10217596972563858,0.02467912912469799,0.03165999996283316,1.0,-0.10974456007568589,0.025262013523866086,1.0,0.0
2019-07-03,-0.010684900100016267,0.0,-0.010628019323671412,0.0,-0.07106541108892378,0.0,-0.06859903381642507,0.029312937462926413,-0.08674790708954147,0.0,-0.08309178743961343,0.024801905673946592,-0.03941396854087674,0.0,-0.08309178743961343,0.024263170245616014,0.05269328013360147,1.0,-0.09082125603864732,0.024730827283148297,1.0,0.0
2019-07-04,0.003898640415657323,1.0,0.0,0.0,-0.058307971386935095,0.0,-0.06225680933852129,0.031717665671935784,-0.06349739662916072,0.0,-0.0768482490272373,0.027633516243955793,-0.058307971386935095,0.0,-0.0768482490272373,0.025422672660268427,0.07068414880416826,1.0,-0.08463035019455245,0.02455657049827827,0.0,0.0
2019-07-05,-0.06427915140456468,0.0,-0.06225680933852129,0.0,-0.0799616474051825,0.0,-0.0768482490272373,0.027809217075309343,-0.041714091412474966,0.0,-0.0768482490272373,0.03137129205391255,-0.05807437451768194,0.0,-0.0768482490272373,0.02543170756155349,0.07584354133525677,1.0,-0.08463035019455245,0.02458612613142501,0.0,0.0
2019-07-08,0.002072539601972375,1.0,0.0,0.0,-0.0031168856402532226,0.0,-0.017598343685300222,0.012572363182985671,0.04363959810801674,1.0,-0.017598343685300222,0.01549352675820401,-0.023086020034182586,0.0,-0.06454816285998022,0.01864892983365008,0.12100513280534231,1.0,-0.06554121151936443,0.019847825807145673,0.0,0.0
2019-07-09,-0.017755035602590147,0.0,-0.017598343685300222,0.0,0.020492520390117386,1.0,-0.017598343685300222,0.018190813192322294,0.027566829832654592,1.0,-0.017598343685300222,0.01800474783351721,-0.026220694627138316,0.0,-0.06554121151936443,0.01859893141868713,0.10784190650921176,1.0,-0.06554121151936443,0.02018421408508025,0.0,0.0
2019-07-10,0.012565610360364474,1.0,0.0,0.0,0.05932209410863435,1.0,0.0,0.005433111514272166,0.047333938548664765,1.0,-0.013902681231380387,0.014237608966437934,0.01360565205577846,1.0,-0.06554121151936443,0.019186831652496093,0.0963633657889834,1.0,-0.06554121151936443,0.02098167007972417,0.0,0.0
2019-07-11,0.025681945632342846,1.0,0.0,0.0,0.032756255074880225,1.0,-0.013902681231380387,0.017720491675451845,0.005189425242225622,1.0,-0.04071499503475673,0.020848399468580785,0.026695630463189166,1.0,-0.06554121151936443,0.020319708334787984,0.0857098019002445,1.0,-0.06554121151936443,0.020913341855008632,0.0,0.0
2019-07-12,0.02107453811592694,1.0,0.0,0.0,0.009086382555957442,1.0,-0.013902681231380387,0.014337250030015534,-0.01636028310520691,0.0,-0.04071499503475673,0.017220023866047422,0.04171409141247491,1.0,-0.06554121151936443,0.022412329996905036,0.048500351096833955,1.0,-0.066726780883679,0.020579568386094305,0.0,0.0
2019-07-15,-0.014000228673389752,0.0,-0.013902681231380387,0.0,-0.04156705850604432,0.0,-0.04071499503475673,0.012897366953494692,-0.06672561814219932,0.0,-0.06454816285998022,0.01455699753776469,0.052236245895420794,1.0,-0.06554121151936443,0.02340616198568626,0.08833456606789958,1.0,-0.066726780883679,0.02394115407585525,0.0,0.0
2019-07-16,0.002012073113420235,1.0,0.0,0.0,-0.023434592547744076,0.0,-0.029145728643215962,0.015416174190976562,-0.05378752445979289,0.0,-0.05427135678391948,0.015339456836494935,0.09411932178789835,1.0,-0.05427135678391948,0.023338699235991966,0.10051495802430345,1.0,-0.066726780883679,0.023617651779161832,0.0,0.0
2019-07-17,-0.029578902946074653,0.0,-0.029145728643215962,0.0,-0.054737462582229675,0.0,-0.05326633165829142,0.015824113793998094,-0.03372828649288627,0.0,-0.05427135678391948,0.02005337433120713,0.09210724867447814,1.0,-0.05427135678391948,0.02341019122008693,0.08751376333528796,1.0,-0.066726780883679,0.02386923937487381,0.0,0.0
2019-07-18,0.00413223728491037,1.0,0.0,0.0,-0.026220694627138316,0.0,-0.02989690721649474,0.01468535957732225,0.021506205220963463,1.0,-0.02989690721649474,0.01964180712263243,0.12899212019110332,1.0,-0.02989690721649474,0.019604372026590218,0.1691223377272251,1.0,-0.066726780883679,0.024677724429848443,0.0,0.0
2019-07-19,-0.029290796921065343,0.0,-0.028865979381443196,0.0,-0.008281620831721986,0.0,-0.02989690721649474,0.02100285647198111,0.05807437451768192,1.0,-0.02989690721649474,0.024439424803467898,0.13391791585293866,1.0,-0.02989690721649474,0.01943909074508164,0.15621041279026893,1.0,-0.066726780883679,0.02494979237760329,0.0,0.0
2019-07-22,-0.001062134990983423,0.0,-0.0010615711252653925,0.0,0.04666476485711841,1.0,-0.0010615711252653925,0.011840796409609012,0.11896186403761995,1.0,-0.0010615711252653925,0.013935344980310575,0.14409115283952503,1.0,-0.018935978358881833,0.017330572955068842,0.25942019953434164,1.0,-0.066726780883679,0.027304808846406913,0.0,0.0
2019-07-23,0.022071311080326825,1.0,0.0,0.0,0.08842730642973073,1.0,0.0,0.008070775735739603,0.14790684624769124,1.0,0.0,0.006362267246487798,0.1340626011363501,1.0,-0.02975653742110007,0.01845077429387848,0.26211899610179273,1.0,-0.066726780883679,0.027241719699391723,0.0,0.0
2019-07-24,0.02565558876777507,1.0,0.0,0.0,0.09795268794827658,1.0,0.0,0.0061870910959276795,0.1258355351673645,1.0,0.0,0.013591321503005769,0.08275771373320481,1.0,-0.057709648331830565,0.022100145059170222,0.26587640090017783,1.0,-0.066726780883679,0.027315756453768752,0.0,0.0
2019-07-25,0.040700406581628934,1.0,0.0,0.0,0.10017994639958931,1.0,0.0,0.005384752999566326,0.10748591497013993,1.0,0.0,0.015330101379317727,0.05901417143705538,1.0,-0.057709648331830565,0.021368732948508253,0.22900274577112567,1.0,-0.066726780883679,0.02766138729343024,0.0,0.0
2019-07-26,0.03159669259887282,1.0,0.0,0.0,0.059479539817960406,1.0,0.0,0.014101208772992185,0.07584354133525677,1.0,0.0,0.012335158996902284,0.006786259684359007,1.0,-0.066726780883679,0.018401765319652263,0.1621784045996823,1.0,-0.066726780883679,0.027960691099377995,0.0,0.0
2019-07-29,0.02788284721908776,1.0,0.0,0.0,0.035188815789638395,1.0,0.0,0.011805075559612722,0.025129288801904872,1.0,-0.018935978358881833,0.015179348954231746,0.036098320172478875,1.0,-0.066726780883679,0.024437821810347583,0.1122172559956848,1.0,-0.066726780883679,0.02798246175288914,0.0,0.0
2019-07-30,0.0,0.0,0.0,0.0,0.016364001517296216,1.0,0.0,0.003922794740665458,-0.013844245111341167,0.0,-0.02975653742110007,0.010821986345158643,0.006395636236405244,1.0,-0.066726780883679,0.02307411632244481,0.08433440877659708,1.0,-0.066726780883679,0.02752901301170297,0.0,0.0
2019-07-31,0.007305968570550494,1.0,0.0,0.0,-0.002753558417182807,0.0,-0.018935978358881833,0.012888998851057099,-0.04307782143415949,0.0,-0.057709648331830565,0.014882014726064197,-0.004593485339190095,0.0,-0.066726780883679,0.023338572448097724,0.07332201455497102,1.0,-0.066726780883679,0.02771733456587021,0.0,0.0
2019-08-01,0.009058032946745639,1.0,0.0,0.0,-0.02115021368189165,0.0,-0.02975653742110007,0.011852171068779128,-0.04847174353308446,0.0,-0.057709648331830565,0.013848381220669717,0.04013021753612181,1.0,-0.066726780883679,0.028180961211371182,0.050565094828701466,1.0,-0.07888446215139444,0.028010115917073967,0.0,0.0
2019-08-02,-0.019117559934479056,0.0,-0.018935978358881833,0.0,-0.059441822951455746,0.0,-0.057709648331830565,0.007423153909394789,-0.0690572816508976,0.0,-0.066726780883679,0.01025518484664992,0.022292496937330274,1.0,-0.066726780883679,0.028369082812721994,0.022292496937330274,1.0,-0.09641434262948212,0.028356196050133415,0.0,0.0
2019-08-05,-0.011090686694158284,0.0,-0.011029411764705954,0.0,-0.03841221654535112,0.0,-0.03952205882352955,0.012772737169073605,0.010969031370573937,1.0,-0.04871323529411775,0.030983727619249314,0.1153290466948168,1.0,-0.04871323529411775,0.03444735286748869,0.07692699916237129,1.0,-0.09641434262948212,0.02890191065610838,0.0,0.0
2019-08-06,-0.029233576322818356,0.0,-0.028810408921933095,0.0,-0.03884903502226026,0.0,-0.03810408921933084,0.012754852336970391,0.020239881347746336,1.0,-0.03810408921933084,0.030405258527745598,0.12805639496544274,1.0,-0.03810408921933084,0.033817320114905174,0.0922639767379808,1.0,-0.09641434262948212,0.02869816417142948,0.0,0.0
2019-08-07,0.0019120464716256631,1.0,0.0,0.0,0.05129329438755069,1.0,-0.01146131805157602,0.031461165568301384,0.03848433609496933,1.0,-0.01272727272727281,0.0271082248534885,0.18311868716697302,1.0,-0.01272727272727281,0.030879168782594932,0.14080155157576746,1.0,-0.09641434262948212,0.02777058977958371,0.0,0.0
2019-08-08,-0.011527505171067496,0.0,-0.01146131805157602,0.0,0.047561411198938995,1.0,-0.01146131805157602,0.03210421626176318,0.08860196106920631,1.0,-0.01272727272727281,0.03194951450793418,0.1699885743340703,1.0,-0.01272727272727281,0.03181360331175772,0.1405506350542185,1.0,-0.09641434262948212,0.027772960195772925,0.0,0.0
2019-08-09,0.06090875308699252,1.0,0.0,0.0,0.04809979479441138,1.0,-0.01272727272727281,0.031951797279672026,0.09134977858822804,1.0,-0.01272727272727281,0.03146160204980082,0.15539214491532322,1.0,-0.03665338645418337,0.0333849813689288,0.15207814022528598,1.0,-0.09641434262948212,0.027500180907803925,0.0,0.0
2019-08-12,-0.0018198367169859828,0.0,-0.0018181818181818299,0.0,0.03922071315328133,1.0,-0.01272727272727281,0.027799307721357087,0.10436001532424286,1.0,-0.01272727272727281,0.03519675189977113,0.07611893582320614,1.0,-0.054183266932271046,0.030997111934568857,0.1230218145126628,1.0,-0.09641434262948212,0.02532742547189292,0.0,0.0
2019-08-13,-0.010989121575595317,0.0,-0.010928961748634003,0.0,0.03226086221822148,1.0,-0.010928961748634003,0.02920050993855001,0.10781651361769636,1.0,-0.010928961748634003,0.03477569845415004,0.077938772540192,1.0,-0.054183266932271046,0.030946504955719923,0.09049649302567678,1.0,-0.09641434262948212,0.02678906986708129,0.0,0.0
2019-08-14,0.05202967144586244,1.0,0.0,0.0,0.11716897361682399,1.0,-0.00874125874125875,0.03498569813991813,0.1446343510720036,1.0,-0.00874125874125875,0.03077066396924493,0.07791549989416102,1.0,-0.06454183266932279,0.03094791824560215,0.07364746097818764,1.0,-0.09641434262948212,0.027518694216911093,0.0,0.0
2019-08-15,-0.008779687652045837,0.0,-0.00874125874125875,0.0,0.06677596374742925,1.0,-0.00874125874125875,0.036776058885146304,0.081386613264864,1.0,-0.011155378486055856,0.031660669752617596,0.010434877292579714,1.0,-0.07888446215139444,0.02775891832219214,0.03183064425761926,1.0,-0.09641434262948212,0.025261951873011137,0.0,0.0
2019-08-16,0.07391898982300732,1.0,0.0,0.0,0.10138436727818685,1.0,0.0,0.03004194274702662,0.06404236632709522,1.0,-0.03665338645418337,0.03499096545080495,0.0,0.0,-0.09641434262948212,0.028299435897798757,0.030397477184370948,1.0,-0.09641434262948212,0.025293282606052864,0.0,0.0
2019-08-19,0.001636661576467578,1.0,0.0,0.0,0.016247311093902445,1.0,-0.011155378486055856,0.015358543030050993,-0.028241079501036766,0.0,-0.054183266932271046,0.01819806432830385,-0.03840204753244544,0.0,-0.09641434262948212,0.019127323725720326,-0.08723476579877959,0.0,-0.10836653386454187,0.021103956332809204,0.0,0.0
2019-08-20,0.025828715878712,1.0,0.0,0.0,-0.01151328507237978,0.0,-0.03665338645418337,0.02184217854592497,-0.029877741077504433,0.0,-0.054183266932271046,0.018078411972667498,-0.03579241822746185,0.0,-0.09641434262948212,0.019217854873607804,-0.07997457153751047,0.0,-0.10836653386454187,0.021265833459086333,0.0,0.0
2019-08-21,-0.011218066361277132,0.0,-0.011155378486055856,0.0,-0.05570645695621636,0.0,-0.054183266932271046,0.0060870107651409145,-0.06671885117784258,0.0,-0.06454183266932279,0.00867813368988254,-0.04231713559120551,0.0,-0.09641434262948212,0.018297040684071533,-0.08476833129682533,0.0,-0.10836653386454187,0.0209530109701227,0.0,0.0
2019-08-22,-0.02612393458981453,0.0,-0.025785656728444795,0.0,-0.04448839059493924,0.0,-0.04351329572925067,0.010954059170124658,-0.07095173597228437,0.0,-0.06849315068493145,0.00863583410481972,-0.029437939279851843,0.0,-0.08622078968573732,0.01821303403425891,-0.051250884667236374,0.0,-0.10048231511254024,0.021656340367580698,0.0,0.0
2019-08-23,-0.018364456005124697,0.0,-0.018196856906534387,0.0,-0.029376850226750854,0.0,-0.028949545078577277,0.007546735006500388,-0.06404236632709533,0.0,-0.06203473945409432,0.007016730456979737,-0.0033140046900372233,0.0,-0.06203473945409432,0.016493171596371915,0.015593258092295136,1.0,-0.10048231511254024,0.022885357907758776,0.0,0.0
2019-08-26,0.0,0.0,0.0,0.0,-0.026463345377345154,0.0,-0.026116259477674708,0.006495344535948659,-0.010160968031408592,0.0,-0.04465037910699232,0.019849475355909002,0.046902878689456834,1.0,-0.04465037910699232,0.017828856491995698,0.034771714956366793,1.0,-0.10048231511254024,0.022460972108531783,0.0,0.0
2019-08-27,-0.01101239422162617,0.0,-0.010951979780960297,0.0,-0.045677910321970557,0.0,-0.04465037910699232,0.0033522990614809965,-0.005914677149957483,0.0,-0.04465037910699232,0.020008456806478135,0.012557720485484966,1.0,-0.04465037910699232,0.021359984781675896,0.06047594135525154,1.0,-0.10048231511254024,0.023052330955762507,0.0,0.0
2019-08-28,-0.01545095115571899,0.0,-0.015332197614991494,0.0,0.0008514261902175236,1.0,-0.03407155025553665,0.024960922426284345,0.024401715586637084,1.0,-0.03407155025553665,0.02069285474505787,-0.004268038915973405,0.0,-0.060289389067524124,0.022869471983726547,0.01940170516993146,1.0,-0.10048231511254024,0.025868889767926447,0.0,0.0
2019-08-29,-0.01921456494462547,0.0,-0.01903114186851218,0.0,0.02054866822738776,1.0,-0.01903114186851218,0.02241974149885033,0.04151379669243252,1.0,-0.01903114186851218,0.018327074671889387,0.02139576696503958,1.0,-0.060289389067524124,0.022476080017175326,0.12276866439189922,1.0,-0.10048231511254024,0.03173302365008525,0.0,0.0
2019-08-30,0.035516942290561924,1.0,0.0,0.0,0.059067231686981365,1.0,0.0,0.012769093523022062,0.06072836163705801,1.0,0.0,0.013544748841330962,0.030397477184370948,1.0,-0.060289389067524124,0.02177205054076947,0.1116896507094739,1.0,-0.10048231511254024,0.032263040420586364,0.0,0.0
2019-09-02,0.004246290881451224,1.0,0.0,0.0,0.02521141934649607,1.0,0.0,0.0077795203180861,0.05706384672086535,1.0,0.0,0.01230248191829455,-0.048832718266334105,0.0,-0.10048231511254024,0.02289880866826783,0.06347412508178457,1.0,-0.10048231511254024,0.03173338703065115,0.0,0.0
2019-09-03,0.019303998514968296,1.0,0.0,0.0,0.02096512846504487,1.0,0.0,0.008734825079816903,0.018472397635442266,1.0,-0.0337620578778135,0.022366603846770684,-0.044182153310048586,0.0,-0.10048231511254024,0.023125601856002806,0.10756148158484527,1.0,-0.10048231511254024,0.03322743004182761,0.0,0.0
2019-09-04,0.0016611299500765373,1.0,0.0,0.0,0.03351355732444579,1.0,0.0,0.014639561781968354,-0.028669754502610445,0.0,-0.060289389067524124,0.02369598365504511,-0.04245119570561985,0.0,-0.10048231511254024,0.023308272131863917,0.1093426015569483,1.0,-0.10048231511254024,0.03326699820912098,0.0,0.0
2019-09-05,0.0,0.0,0.0,0.0,-0.002492730829602584,0.0,-0.0337620578778135,0.02703143716756704,-0.020118029727393107,0.0,-0.060289389067524124,0.024464199134471093,-0.021812945387384593,0.0,-0.10048231511254024,0.02461684067545298,0.0681626514309624,1.0,-0.10048231511254024,0.03468308237855678,0.0,0.0
2019-09-06,0.031852427374369274,1.0,0.0,0.0,-0.030330884452687078,0.0,-0.060289389067524124,0.029790801907880284,-0.030330884452687078,0.0,-0.060289389067524124,0.024469336369347023,0.018907262782332335,1.0,-0.10048231511254024,0.027802618225351947,0.09719448411162367,1.0,-0.10048231511254024,0.035114911604453555,0.0,0.0
2019-09-09,-0.03434515820397186,0.0,-0.0337620578778135,0.0,-0.051970457101762325,0.0,-0.060289389067524124,0.019651510717015246,-0.10589656498719957,0.0,-0.10048231511254024,0.01913734307109198,-0.012131163733089978,0.0,-0.10048231511254024,0.025955679946489035,0.035534729640062664,1.0,-0.10048231511254024,0.035315890541913184,1.0,0.0
2019-09-10,-0.02783815362308445,0.0,-0.027454242928452555,0.0,-0.02783815362308445,0.0,-0.027454242928452555,0.015548276089238472,-0.06265455094549094,0.0,-0.06905158069883532,0.02092104966404116,0.04791822086976663,1.0,-0.06905158069883532,0.024501411187469443,0.07529576181706725,1.0,-0.06905158069883532,0.034331943986142685,0.0,0.0
2019-09-11,0.010212854725294035,1.0,0.0,0.0,-0.04371325316014315,0.0,-0.052497883149873026,0.022229888322619705,-0.01378144120300943,0.0,-0.052497883149873026,0.022817059861159627,0.02366974408590492,1.0,-0.052497883149873026,0.028486550655362007,0.07018975972079758,1.0,-0.06557377049180335,0.03458406036396597,0.0,0.0
2019-09-12,-0.01021285472529398,0.0,-0.010160880609652923,0.0,-0.045029252047700405,0.0,-0.052497883149873026,0.021744172404131262,-0.0016949156599915408,0.0,-0.052497883149873026,0.024631127212358887,0.10137289742685955,1.0,-0.052497883149873026,0.0384293338483864,0.009271031427932714,1.0,-0.1117734724292101,0.03648969741932347,0.0,0.0
2019-09-16,-0.04371325316014315,0.0,-0.042771599657827175,0.0,-0.01378144120300943,0.0,-0.042771599657827175,0.028101972354906895,0.04923814723501933,1.0,-0.042771599657827175,0.028646083884864806,0.0812921735251029,1.0,-0.05075337034099914,0.03993537302984515,0.03281741702269187,1.0,-0.1117734724292101,0.03650608816147485,0.0,0.0
2019-09-17,0.008896855837736717,1.0,0.0,0.0,0.05223119222544573,1.0,0.0,0.006042073852836412,0.09376540125410951,1.0,0.0,0.013559451606962706,0.1123068433481186,1.0,-0.05075337034099914,0.036875879309675716,0.0872347657987795,1.0,-0.1117734724292101,0.03502211625743344,0.0,0.0
2019-09-18,0.021034956119396948,1.0,0.0,0.0,0.0840545445574258,1.0,0.0,0.008996510541353489,0.11057277181525753,1.0,0.0,0.012759070275396255,0.15174363489489393,1.0,-0.05075337034099914,0.038488909840993124,0.0584861414083112,1.0,-0.1117734724292101,0.03539447343527953,0.0,0.0
2019-09-19,0.02229938026831193,1.0,0.0,0.0,0.06383358929697588,1.0,0.0,0.016307645823926638,0.03745118528891423,1.0,-0.05075337034099914,0.03240143940364456,0.1517937972625682,1.0,-0.05075337034099914,0.03848967658284799,0.04742633034573367,1.0,-0.1117734724292101,0.03519302326563627,0.0,0.0
2019-09-20,0.04072020816971683,1.0,0.0,0.0,0.06723843542754869,1.0,0.0,0.016457043132217748,0.10306781308685109,1.0,-0.05075337034099914,0.04612407598662956,0.08997559681834698,1.0,-0.05075337034099914,0.04168165268883257,0.007604599385219433,1.0,-0.11475409836065564,0.03513567950734318,0.0,0.0
2019-09-23,0.000814000858946938,1.0,0.0,0.0,-0.025568403149114523,0.0,-0.05075337034099914,0.032436977387516455,0.03205402629008348,1.0,-0.05075337034099914,0.04861238562212362,0.07828722132929142,1.0,-0.05075337034099914,0.04093285424212816,-0.013114942077828018,0.0,-0.11475409836065564,0.03422462725544733,0.0,0.0
2019-09-24,0.025704226398884707,1.0,0.0,0.0,0.0615336040581873,1.0,-0.05075337034099914,0.05727367240836775,0.01854144209400901,1.0,-0.05075337034099914,0.04922021273021447,0.047665893373152586,1.0,-0.05075337034099914,0.042459963352072944,0.003249393598309611,1.0,-0.11475409836065564,0.03444488860596578,0.0,0.0
2019-09-25,-0.05208663040694634,0.0,-0.05075337034099914,0.0,0.0055357990322516554,1.0,-0.05075337034099914,0.06150806837005481,0.041170863079636334,1.0,-0.05075337034099914,0.05199678825159055,0.027377540947300567,1.0,-0.05075337034099914,0.0418919563627606,0.007111843487717374,1.0,-0.11475409836065564,0.03459803977508519,0.0,0.0
2019-09-26,0.08791600806624869,1.0,0.0,0.0,0.04492384610207063,1.0,-0.04208110175975521,0.05207514468825201,0.1143426119736538,1.0,-0.04208110175975521,0.042365213342129296,0.0465200156348927,1.0,-0.06557377049180335,0.03972430263361543,0.042524804567604525,1.0,-0.11475409836065564,0.03272429699241824,0.0,0.0
2019-09-27,-0.030293578627050753,0.0,-0.029839326702371882,0.0,0.005341485420334002,1.0,-0.04208110175975521,0.03369265946494252,-0.013092216268504146,0.0,-0.04208110175975521,0.03282418175260137,-0.09210186599892692,0.0,-0.1117734724292101,0.03160727629935087,-0.026358115066815423,0.0,-0.11475409836065564,0.026557773525458465,0.0,0.0
2019-09-30,-0.012698583337127431,0.0,-0.012618296529968487,0.0,0.056720182534455946,1.0,-0.012618296529968487,0.024963871723576097,0.04623319503920786,1.0,-0.03874813710879277,0.031365779129685974,-0.0484747565024109,0.0,-0.1117734724292101,0.03140633130485058,-0.005535799032251752,0.0,-0.11475409836065564,0.025798755647899848,0.0,0.0
2019-10-08,0.04833364738451202,1.0,0.0,0.0,0.02989994569567397,1.0,-0.03874813710879277,0.03671720118387721,0.029124451279143683,1.0,-0.03949329359165421,0.034363172624816446,-0.02507207754933906,0.0,-0.1117734724292101,0.03160540997838579,0.0422267581763327,1.0,-0.11475409836065564,0.026732116828574647,0.0,0.0
2019-10-09,0.02108511848707117,1.0,0.0,0.0,0.010598130991823284,1.0,-0.03874813710879277,0.03061441137584086,-0.01379332213233576,0.0,-0.03949329359165421,0.02730906066121302,-0.0932574934865827,0.0,-0.1117734724292101,0.026907499962507415,-0.019209196105368462,0.0,-0.11475409836065564,0.024696513593848075,0.0,0.0
2019-10-10,-0.03951882017590922,0.0,-0.03874813710879277,0.0,-0.04029431459243968,0.0,-0.03949329359165421,0.030286689097217677,-0.06782259633876117,0.0,-0.06557377049180335,0.02641109379673419,-0.10436746691683448,0.0,-0.1117734724292101,0.025836981313014252,-0.030259494763112533,0.0,-0.11475409836065564,0.024317831801787412,0.0,0.0
2019-10-11,0.02903183268066124,1.0,0.0,0.0,0.004640379556502301,1.0,-0.029367469879517993,0.02417628342606673,-0.0790096497304228,0.0,-0.10240963855421681,0.028874049970779567,-0.08237099743312755,0.0,-0.10542168674698782,0.024148603174150615,-0.001551590691418833,0.0,-0.10542168674698782,0.0228341182325914,1.0,0.0
2019-10-14,-0.029807327097191694,0.0,-0.029367469879517993,0.0,-0.057335608843513186,0.0,-0.05572289156626509,0.01739094740706934,-0.09470795154161879,0.0,-0.10240963855421681,0.024323138277316695,-0.09140216340711937,0.0,-0.10542168674698782,0.022873111477894725,-0.0454448623219915,0.0,-0.10542168674698782,0.022025908340149947,1.0,0.0
2019-10-15,0.005415873973032638,1.0,0.0,0.0,-0.07823415531389236,0.0,-0.08024691358024694,0.023420363992644654,-0.054196528828482714,0.0,-0.08024691358024694,0.02604090114490766,-0.04441649977484316,0.0,-0.08333333333333337,0.022970772269475283,-0.022755002993663734,0.0,-0.08333333333333337,0.021145172771163085,1.0,0.0
2019-10-16,-0.03294415571935415,0.0,-0.03240740740740755,0.0,-0.07031649841745984,0.0,-0.08024691358024694,0.026994131497179004,-0.07946417135424692,0.0,-0.08024691358024694,0.024819127815383053,-0.020265697459583138,0.0,-0.08333333333333337,0.02505520532400082,-0.013204075333377429,0.0,-0.08333333333333337,0.021394172358936543,1.0,0.0
2019-10-17,-0.0507058735675709,0.0,-0.04944178628389151,0.0,-0.02666824708216118,0.0,-0.04944178628389151,0.029588180007719768,-0.036544870578073235,0.0,-0.04944178628389151,0.024859352538290046,-0.00399521106728822,0.0,-0.05263157894736825,0.023472964595999728,0.034486176071169404,1.0,-0.05263157894736825,0.02029235659508696,0.0,0.0
2019-10-18,0.013333530869465168,1.0,0.0,0.0,0.0041858579326780315,1.0,-0.019656019656019708,0.015062237042749938,-0.0033613477027047717,0.0,-0.027027027027027084,0.014769766308800605,0.06574375093211147,1.0,-0.027027027027027084,0.016942094329623965,0.047510982671051805,1.0,-0.04287901990811638,0.018749629410335634,0.0,0.0
2019-10-21,0.01070409561594456,1.0,0.0,0.0,0.0008274721200323929,1.0,-0.019656019656019708,0.014235468143899747,0.0033057881344994103,1.0,-0.027027027027027084,0.016205231821759654,0.04293895747015917,1.0,-0.027027027027027084,0.017407228510557236,0.022104870567317345,1.0,-0.054364471669219094,0.018824677475707336,0.0,0.0
2019-10-22,-0.019851768552731585,0.0,-0.019656019656019708,0.0,-0.027398974188114503,0.0,-0.027027027027027084,0.01354491801176144,0.009780029053639479,1.0,-0.027027027027027084,0.017185000020495944,0.06729883572567176,1.0,-0.027027027027027084,0.019688785444383856,0.021872074818668312,1.0,-0.054364471669219094,0.01881880971467088,0.0,0.0
2019-10-23,0.009975145056819524,1.0,0.0,0.0,0.012453461071286557,1.0,-0.017369727047146344,0.015862605192839625,0.05919847389466365,1.0,-0.017369727047146344,0.0159684356901624,0.07404829738121424,1.0,-0.017369727047146344,0.01886440762018288,0.01985176855273153,1.0,-0.06508422664624802,0.018936026075779645,0.0,0.0
2019-10-24,-0.017522350692202378,0.0,-0.017369727047146344,0.0,0.019656652549551592,1.0,-0.017369727047146344,0.017062239257623412,0.03254965951078509,1.0,-0.017369727047146344,0.019710191360388225,0.07410797215372183,1.0,-0.017369727047146344,0.018865229178408084,-0.026824743354515984,0.0,-0.0987748851454825,0.020497164161865197,0.0,0.0
2019-10-25,0.020000666706669435,1.0,0.0,0.0,0.06674567953004669,1.0,0.0,0.005301415416388156,0.06910509863481631,1.0,-0.016535433070866024,0.015839678242798843,0.08081940674170864,1.0,-0.016535433070866024,0.01806884986886538,-0.037740327982847086,0.0,-0.12404287901990818,0.021058394870066045,0.0,0.0
2019-10-28,0.017178336535084552,1.0,0.0,0.0,0.030071343496318084,1.0,-0.016535433070866024,0.019543679925742165,0.03963316933565976,1.0,-0.016535433070866024,0.0178050582122568,0.04595730108512794,1.0,-0.02833078101071984,0.01878201094955462,-0.08162536756005896,0.0,-0.1447166921898928,0.02094950843710565,0.0,0.0
2019-10-29,0.02956667628829266,1.0,0.0,0.0,0.03192609539306233,1.0,-0.016535433070866024,0.019788039556506907,0.05751880667203204,1.0,-0.016535433070866024,0.020842084854340998,0.02166149678117925,1.0,-0.03522205206738138,0.018567411673259416,-0.1087003210820641,0.0,-0.15313935681470137,0.020399550115258604,0.0,1.0
2019-10-30,-0.01667366932705916,0.0,-0.016535433070866024,0.0,-0.0071118434877173635,0.0,-0.016535433070866024,0.01541768551494442,0.014849823486550492,1.0,-0.016535433070866024,0.02043048593327028,0.007061622126205809,1.0,-0.03522205206738138,0.016850044392855777,-0.11326569516493952,0.0,-0.15313935681470137,0.020028781501174996,0.0,1.0
2019-10-31,0.019033088431828892,1.0,0.0,0.0,0.04462579971079864,1.0,-0.009426551453260101,0.018417608127354955,0.04155831264293689,1.0,-0.013016845329249627,0.01793541144829101,0.0384813871384577,1.0,-0.03522205206738138,0.01623447253419771,-0.08606561285089276,0.0,-0.15313935681470137,0.020158034737134678,0.0,1.0
2019-11-01,-0.009471262592487048,0.0,-0.009426551453260101,0.0,0.012490404381780834,1.0,-0.013016845329249627,0.02190018359315774,0.011714308106892345,1.0,-0.013782542113323082,0.018335681268592034,-0.018232768261059747,0.0,-0.04287901990811638,0.019514158113968533,-0.11650733752940025,0.0,-0.15313935681470137,0.01947625774614606,0.0,1.0
2019-11-04,0.035063973871456905,1.0,0.0,0.0,0.0319964868035951,1.0,-0.013016845329249627,0.019668858036973505,0.006324131749468081,1.0,-0.02833078101071984,0.01913943397747591,-0.020834086902842025,0.0,-0.054364471669219094,0.019631361485313387,-0.09737416402517636,0.0,-0.15313935681470137,0.019741772485248336,0.0,1.0
2019-11-05,-0.013102306897188993,0.0,-0.013016845329249627,0.0,-0.013878403172077404,0.0,-0.013782542113323082,0.01040898015890325,-0.03585730989085276,0.0,-0.03522205206738138,0.008984601745526597,-0.0454267609070034,0.0,-0.054364471669219094,0.016034700658198706,-0.11596615731771187,0.0,-0.15313935681470137,0.01821849939834315,0.0,1.0
2019-11-06,0.010034819829327048,1.0,0.0,0.0,-0.015637535224799853,0.0,-0.025345622119815725,0.010907566910367504,-0.007788201360344762,0.0,-0.032258064516129004,0.011840339236419414,-0.054196528828482714,0.0,-0.062211981566820174,0.01670468841304807,-0.09259857636092807,0.0,-0.15053763440860213,0.01846031212762577,0.0,1.0
2019-11-07,-0.010810916104215506,0.0,-0.01075268817204289,0.0,-0.03278982282299084,0.0,-0.032258064516129004,0.0031625830789668544,-0.0030769255044791975,0.0,-0.032258064516129004,0.012868221455128169,-0.10093271550823785,0.0,-0.09600614439324118,0.018198197540338544,-0.09500300732456357,0.0,-0.15053763440860213,0.018372035746467973,0.0,1.0
2019-11-08,-0.014861438949911362,0.0,-0.014751552795031153,0.0,-0.007012105085456345,0.0,-0.021739130434782705,0.012637721229944698,-0.029947076367952203,0.0,-0.036979969183358996,0.01976598358502088,-0.11855973472455583,0.0,-0.11864406779661019,0.019017582474240204,-0.08250432710662824,0.0,-0.1479198767334361,0.01836782099290875,0.0,0.0
2019-11-11,-0.0071174677688639896,0.0,-0.007092198581560294,0.0,0.022595429549647782,1.0,-0.007092198581560294,0.01035899540953712,-0.02715821865231013,0.0,-0.04853620955315874,0.019545879841730927,-0.1275826686451869,0.0,-0.13944530046224968,0.019349916452882664,-0.04430849609494404,0.0,-0.1479198767334361,0.019122440356865368,0.0,0.0
2019-11-12,0.014966801633318956,1.0,0.0,0.0,-0.007968169649176845,0.0,-0.036979969183358996,0.02476658627886495,-0.009569451016150672,0.0,-0.04853620955315874,0.020486072131719907,-0.13036181786324347,0.0,-0.1479198767334361,0.01928675899647784,-0.03554493741941135,0.0,-0.1479198767334361,0.01910549107504431,0.0,0.0
2019-11-13,0.01474609568519281,1.0,0.0,0.0,-0.035007552516765086,0.0,-0.04853620955315874,0.021405200191388835,-0.04640832746813786,0.0,-0.05932203389830504,0.019699474965311013,-0.12032731729114529,0.0,-0.1479198767334361,0.020910295822226477,-0.06042917571007632,0.0,-0.1479198767334361,0.01878208461280435,0.0,0.0
2019-11-14,-0.03768106696768848,0.0,-0.036979969183358996,0.0,-0.03928234833466235,0.0,-0.04853620955315874,0.019671387988342302,-0.09785579000375869,0.0,-0.09322033898305093,0.01780721766309075,-0.12454699998935041,0.0,-0.1479198767334361,0.020402042922608627,-0.05218575317057019,0.0,-0.1479198767334361,0.01925204051581119,1.0,0.0
2019-11-15,-0.012072581234269249,0.0,-0.01200000000000001,0.0,-0.023473356185642013,0.0,-0.023199999999999887,0.013541502196780894,-0.08861265835660359,0.0,-0.08479999999999999,0.016242221801354567,-0.09827456926834051,0.0,-0.11519999999999997,0.018596059129536536,-0.014504686202881688,0.0,-0.11519999999999997,0.01749086449869198,1.0,0.0
2019-11-18,0.010471299867295437,1.0,0.0,0.0,-0.0481021418018009,0.0,-0.05689102564102566,0.01969563480543416,-0.10042444999287681,0.0,-0.10496794871794879,0.016107088550781173,-0.07654007712233438,0.0,-0.11378205128205132,0.019456850238923556,0.02558093125906146,1.0,-0.11378205128205132,0.018351280463710384,1.0,0.0
2019-11-19,-0.021872074818668215,0.0,-0.021634615384615308,0.0,-0.08701137698962981,0.0,-0.08333333333333337,0.006067241062024313,-0.12079236684709291,0.0,-0.11378205128205132,0.0087674542298018,-0.07053939641070853,0.0,-0.11378205128205132,0.020088867393337824,0.02061928720273561,1.0,-0.11378205128205132,0.018258641147914454,1.0,0.0
2019-11-20,-0.03670136685042804,0.0,-0.03603603603603611,0.0,-0.08902367504150402,0.0,-0.08517608517608521,0.0053050768799083985,-0.0739189898230074,0.0,-0.09418509418509424,0.021708866805364477,-0.03840204753244544,0.0,-0.09418509418509424,0.02003178236015601,0.03855899360368287,1.0,-0.09418509418509424,0.01753789232877852,1.0,0.0
2019-11-21,-0.028437935320533514,0.0,-0.028037383177570097,0.0,-0.06221892517799654,0.0,-0.060322854715378016,0.007889322821201234,-0.026691209985591786,0.0,-0.060322854715378016,0.02034949043460295,0.005929708183674265,1.0,-0.060322854715378016,0.0169349081259764,0.09939543618935136,1.0,-0.060322854715378016,0.01575980974091302,0.0,0.0
2019-11-22,-0.023884372870542434,0.0,-0.023601398601398538,0.0,-0.008779687652045837,0.0,-0.03321678321678312,0.020557051524009502,-0.009661910911736859,0.0,-0.03321678321678312,0.01741127941341411,0.036055407617927505,1.0,-0.03321678321678312,0.013912441974097106,0.08540752740765545,1.0,-0.041538461538461524,0.0174469459988797,0.0,0.0
2019-11-25,-0.009896616986920551,0.0,-0.009847806624888045,0.0,0.025631098205484346,1.0,-0.009847806624888045,0.014315831699190368,0.02388437287054257,1.0,-0.011343804537521929,0.013734848816907843,0.08327417255024287,1.0,-0.011343804537521929,0.011602290561593178,0.08820433865810144,1.0,-0.06153846153846154,0.017230586902957725,0.0,0.0
2019-11-26,0.025001302205417186,1.0,0.0,0.0,0.024119078945726208,1.0,-0.011343804537521929,0.014967937662641814,0.05025297043638428,1.0,-0.011343804537521929,0.01204685786809928,0.09481688044383225,1.0,-0.011343804537521929,0.010224151553680729,0.15156402551384643,1.0,-0.06153846153846154,0.01992314845704378,0.0,0.0
2019-11-27,0.010526412986987603,1.0,0.0,0.0,0.008779687652045773,1.0,-0.011343804537521929,0.0101426585725642,0.035516942290561924,1.0,-0.011343804537521929,0.009578373887301761,0.059898141581068806,1.0,-0.011343804537521929,0.010290133784531722,0.2375020539932946,1.0,-0.06153846153846154,0.02995774380574567,0.0,0.0
2019-11-28,-0.011408636246678674,0.0,-0.011343804537521929,0.0,0.01472525524397952,1.0,-0.011343804537521929,0.011868135681558069,0.032620918169266024,1.0,-0.011343804537521929,0.009440439322264647,0.07236124681878017,1.0,-0.011343804537521929,0.01145314298887639,0.2290596987248371,1.0,-0.06153846153846154,0.030033156850697067,0.0,0.0
2019-11-29,0.00966191091173689,1.0,0.0,0.0,0.03639916555025303,1.0,0.0,0.003077955702828081,0.045717318529664444,1.0,0.0,0.004756285471120531,0.08376988306545874,1.0,-0.009868421052631637,0.010017302708135712,0.17745536714278165,1.0,-0.06153846153846154,0.03385940360856507,0.0,0.0
2019-12-02,0.016471980578921276,1.0,0.0,0.0,0.03436764350420782,1.0,0.0,0.003706444385204841,0.05938979967970043,1.0,0.0,0.0074409350131514965,0.10212100838139583,1.0,-0.009868421052631637,0.011634906562957922,0.15664506874843073,1.0,-0.0714781401804302,0.03413777582369661,0.0,0.0
2019-12-03,0.010265274059594843,1.0,0.0,0.0,0.01958342703900621,1.0,0.0,0.0035874950375402543,0.04456391000744781,1.0,0.0,0.00795565568132488,0.09115868361344426,1.0,-0.009868421052631637,0.011509214333395284,0.14984218544153427,1.0,-0.0714781401804302,0.034083845083050776,0.0,0.0
2019-12-04,0.007630388865691733,1.0,0.0,0.0,0.032652545041184346,1.0,0.0,0.009131794315873062,0.024381199290506896,1.0,-0.009868421052631637,0.010841972368481332,0.07696104113612819,1.0,-0.009868421052631637,0.012138361463197302,0.17948064579235087,1.0,-0.0714781401804302,0.03480881425550067,0.0,0.0
2019-12-05,0.0016877641137198365,1.0,0.0,0.0,0.026668247082161273,1.0,0.0,0.010214154912408489,0.03974032864951412,1.0,-0.009868421052631637,0.013123008570377865,0.09346572800567716,1.0,-0.009868421052631637,0.013101119000791575,0.16685915922153027,1.0,-0.0714781401804302,0.034941612283519184,0.0,0.0
2019-12-06,0.02333439206177284,1.0,0.0,0.0,0.015063046311095542,1.0,-0.009868421052631637,0.013783168841758649,0.03805256453579431,1.0,-0.009868421052631637,0.01330020625908948,0.0493521197897279,1.0,-0.041538461538461524,0.02035563300219699,0.18778719999878019,1.0,-0.0714781401804302,0.03503986928431322,0.0,0.0
2019-12-09,0.001646090906668717,1.0,0.0,0.0,0.014718172474021485,1.0,-0.009868421052631637,0.01363054062273676,0.04273120870169551,1.0,-0.009868421052631637,0.014485317204677613,0.004930166107858586,1.0,-0.06153846153846154,0.020699859589811243,0.20820551420534317,1.0,-0.0714781401804302,0.035722107341980405,0.0,0.0
2019-12-10,-0.009917436657346028,0.0,-0.009868421052631637,0.0,0.0130720815673527,1.0,-0.009868421052631637,0.013783005548964843,0.04659477360599636,1.0,-0.009868421052631637,0.014196798360375058,0.056747145070014236,1.0,-0.06153846153846154,0.026116735824620523,0.17875159556735237,1.0,-0.0714781401804302,0.036648202471801485,0.0,0.0
2019-12-11,0.02298951822469878,1.0,0.0,0.0,0.05100255445237279,1.0,0.0,0.012195098651247568,0.052579841845621256,1.0,-0.00392464678178972,0.012697558991575191,0.17760391241222584,1.0,-0.06153846153846154,0.040246400238071495,0.20368637929165156,1.0,-0.0714781401804302,0.03640891349780063,0.0,0.0
2019-12-12,0.0,0.0,0.0,0.0,0.033522692038643644,1.0,0.0,0.012117428385168693,0.053725399356163064,1.0,-0.00392464678178972,0.012928791132746857,0.15669845190605705,1.0,-0.06153846153846154,0.04046285600033479,0.1601622586252449,1.0,-0.0714781401804302,0.03687623977040767,0.0,0.0
2019-12-13,0.028013036227673888,1.0,0.0,0.0,0.02959032362092251,1.0,-0.00392464678178972,0.01340009465004761,0.011299555253933466,1.0,-0.041538461538461524,0.025248636264028856,0.09368548407732284,1.0,-0.06153846153846154,0.04681965907812511,0.21597506183559706,1.0,-0.0714781401804302,0.038250847233716224,0.0,0.0
2019-12-16,0.0055096558109697,1.0,0.0,0.0,0.025712363128489034,1.0,-0.00392464678178972,0.01166113921521789,-0.037801042593836875,0.0,-0.06153846153846154,0.022747199598656904,0.05452406036703471,1.0,-0.0714781401804302,0.04673411043710749,0.15943604495656538,1.0,-0.0714781401804302,0.03895690978539333,0.0,0.0
2019-12-17,-0.003932368417721076,0.0,-0.00392464678178972,0.0,-0.022223136784710124,0.0,-0.041538461538461524,0.027284275367902157,0.010152371464017908,1.0,-0.06153846153846154,0.03370545539083151,0.05868350182809021,1.0,-0.0714781401804302,0.04675127580675011,0.17917690011448298,1.0,-0.0714781401804302,0.03913171536133949,0.0,0.0
2019-12-18,0.024135075735240586,1.0,0.0,0.0,-0.03937832998708548,0.0,-0.06153846153846154,0.027750405959532615,0.12502407056660442,1.0,-0.06153846153846154,0.054528470860661295,0.10251960465622259,1.0,-0.0714781401804302,0.047672854748699575,0.19485108640888713,1.0,-0.0714781401804302,0.03902249382797693,0.0,0.0
2019-12-19,-0.04242584410222964,0.0,-0.041538461538461524,0.0,-0.01005033585350145,0.0,-0.06153846153846154,0.04110664014653754,0.10297305254989392,1.0,-0.06153846153846154,0.055306646656181076,0.07339343121585315,1.0,-0.0714781401804302,0.04762540008628339,0.24866133930116593,1.0,-0.0714781401804302,0.04168620699690717,0.0,0.0
2019-12-20,-0.021087561620096392,0.0,-0.020866773675762618,0.0,0.1433148389335935,1.0,-0.020866773675762618,0.0540497892939633,0.08238592882338956,1.0,-0.06106870229007644,0.060378819705633274,0.1384350802090525,1.0,-0.0714781401804302,0.04473873282534976,0.36171838416132074,1.0,-0.0714781401804302,0.04152904101929041,0.0,0.0
2019-12-23,0.0534630698688244,1.0,0.0,0.0,0.16648645827222,1.0,0.0,0.04446321063469728,0.09232510296087164,1.0,-0.0714781401804302,0.059262659339384016,0.20327534809748463,1.0,-0.0714781401804302,0.043897034783383165,0.36532594051781997,1.0,-0.0714781401804302,0.04136601722418081,0.0,0.0
2019-12-24,0.11093933068486553,1.0,0.0,0.0,0.050010420574661416,1.0,-0.06106870229007644,0.07176078730046336,0.04853113036407214,1.0,-0.0714781401804302,0.05662020198939716,0.12200445049733809,1.0,-0.0714781401804302,0.04452869882600569,0.39164300775518396,1.0,-0.0714781401804302,0.04285642187659454,0.0,0.0
2019-12-25,0.0020840577185299663,1.0,0.0,0.0,-0.07207729759281824,0.0,-0.0714781401804302,0.028092416998941137,-0.02250446591038175,0.0,-0.0714781401804302,0.03371579220303736,0.026082466879425642,1.0,-0.0714781401804302,0.03027625290183494,0.18717761905949518,1.0,-0.0892857142857143,0.04421000202322336,0.0,0.0
2019-12-26,-0.06301296782873415,0.0,-0.06106870229007644,0.0,-0.06449225803932325,0.0,-0.0714781401804302,0.030561386227467117,-0.02957962133404094,0.0,-0.0714781401804302,0.033557831803169916,0.0034638067191879642,1.0,-0.0714781401804302,0.031065529467202636,0.06579553783935713,1.0,-0.1917016806722689,0.05237054568483359,0.0,1.0
2019-12-27,-0.011148387482614187,0.0,-0.011086474501108556,0.0,0.03842444419982229,1.0,-0.011086474501108556,0.02095980307419116,0.05604915138566305,1.0,-0.011086474501108556,0.01853736884443422,0.1222895777582743,1.0,-0.032775919732441317,0.02702005146415872,0.23650547098693708,1.0,-0.1917016806722689,0.054727138642765405,0.0,1.0
2019-12-30,0.009669097272024942,1.0,0.0,0.0,0.044581733977307365,1.0,-0.004978662873399764,0.018692246016703235,0.11095024513661299,1.0,-0.004978662873399764,0.018300235385095225,0.10491198458953054,1.0,-0.032775919732441317,0.028957034502336897,0.25636724499511654,1.0,-0.1917016806722689,0.054480897715065715,0.0,1.0
2019-12-31,0.03990373441041131,1.0,0.0,0.0,0.05752844159625216,1.0,-0.004978662873399764,0.01848891418211412,0.07347332013326571,1.0,-0.027424749163879603,0.027337163502171496,0.12049339828639279,1.0,-0.032775919732441317,0.029288191958228436,0.28805210020808436,1.0,-0.1917016806722689,0.05482587429967219,0.0,1.0
2020-01-02,-0.004991097705129087,0.0,-0.004978662873399764,0.0,0.061377413454176494,1.0,-0.004978662873399764,0.01995792267243637,0.04858693278980763,1.0,-0.027424749163879603,0.02440222523235036,0.09233148175266455,1.0,-0.032775919732441317,0.027790105792833867,0.28090238546640217,1.0,-0.1917016806722689,0.0546815511634,0.0,1.0
2020-01-03,0.02261580489096978,1.0,0.0,0.0,0.03856068342798343,1.0,-0.027424749163879603,0.030018922463784854,0.03304342805322885,1.0,-0.032775919732441317,0.026936466741839395,0.17526790808531284,1.0,-0.032775919732441317,0.03399130666820992,0.2745512065675967,1.0,-0.1917016806722689,0.054809472808821216,0.0,1.0
2020-01-06,0.04375270626833572,1.0,0.0,0.0,0.03096222560396689,1.0,-0.027424749163879603,0.02940261985918092,0.06624042637261134,1.0,-0.032775919732441317,0.03338345513663586,0.2232833039522683,1.0,-0.032775919732441317,0.037573556868945604,0.23550567832696234,1.0,-0.1917016806722689,0.05515242487655116,0.0,1.0
2020-01-07,-0.02780782773132213,0.0,-0.027424749163879603,0.0,-0.033325083106076646,0.0,-0.032775919732441317,0.018710770862683728,-0.006038260547082301,0.0,-0.032775919732441317,0.03268631013049788,0.16205059242033537,1.0,-0.032775919732441317,0.0385596641168682,0.28801646469699693,1.0,-0.1917016806722689,0.057798629799412624,0.0,1.0
2020-01-08,0.015017347066953131,1.0,0.0,0.0,0.05029554783559766,1.0,-0.020325203252032464,0.031193191396725137,0.047020078153127046,1.0,-0.028122956180510084,0.030891429034514105,0.26963855725784597,1.0,-0.028122956180510084,0.03976885245512267,0.2888849250755457,1.0,-0.1917016806722689,0.05776722062037276,0.0,1.0
2020-01-09,-0.020534602441707753,0.0,-0.020325203252032464,0.0,0.006752220117286651,1.0,-0.028122956180510084,0.03801435246319192,0.04374454896285696,1.0,-0.028122956180510084,0.03080003879934066,0.16109515218006937,1.0,-0.0892857142857143,0.053863298655489944,0.2655902415614668,1.0,-0.1917016806722689,0.05797837757558729,0.0,1.0
2020-01-10,0.05581280321035211,1.0,0.0,0.0,0.05253733352788162,1.0,-0.028122956180510084,0.034863217199199756,0.1422244800320841,1.0,-0.028122956180510084,0.036699244886866184,0.06233173112016922,1.0,-0.1917016806722689,0.06710405223949184,0.31429572096987096,1.0,-0.1917016806722689,0.05752807686131024,0.0,1.0
2020-01-13,-0.028525980651357773,0.0,-0.028122956180510084,0.0,0.008466348194212646,1.0,-0.028122956180510084,0.022842191562341962,0.15704287757965693,1.0,-0.028122956180510084,0.03929615212465261,0.11421589322866293,1.0,-0.1917016806722689,0.0725238602462233,0.3375927895445147,1.0,-0.1917016806722689,0.058554906195908814,0.0,1.0
2020-01-14,0.025250510968887203,1.0,0.0,0.0,0.11493765747308972,1.0,0.0,0.028562083321292175,0.1680888529674178,1.0,-0.01732811626607056,0.036040192708231535,0.15145526040558596,1.0,-0.1917016806722689,0.0713231743677392,0.43246387127058084,1.0,-0.1917016806722689,0.05852720574084786,0.0,1.0
2020-01-15,0.011741817876683195,1.0,0.0,0.0,0.16031834726212757,1.0,0.0,0.029635490582075097,0.222618479104719,1.0,-0.01732811626607056,0.03990171544012976,0.16755870192169167,1.0,-0.1917016806722689,0.07171386953186573,0.5112192470735725,1.0,-0.1917016806722689,0.061225936695341404,0.0,1.0
2020-01-16,0.07794532862751935,1.0,0.0,0.0,0.13109652412184747,1.0,-0.01732811626607056,0.0433629071407694,0.11735060321721236,1.0,-0.0892857142857143,0.0688876655839216,0.1885709037137377,1.0,-0.1917016806722689,0.07184388605578874,0.5297122903844372,1.0,-0.1917016806722689,0.061149850133964914,1.0,1.0
2020-01-17,0.07063120075792505,1.0,0.0,0.0,0.1329313326005165,1.0,-0.01732811626607056,0.043851799604099094,-0.07989274891191483,0.0,-0.1917016806722689,0.08168446492926001,0.09928329848228372,1.0,-0.1917016806722689,0.06945415312036357,0.46353403622947376,1.0,-0.1917016806722689,0.060056489494048446,1.0,1.0
2020-01-20,-0.017480005263596984,0.0,-0.01732811626607056,0.0,-0.031225926168231995,0.0,-0.0892857142857143,0.07092842612894325,-0.04282698435099407,0.0,-0.1917016806722689,0.09042275047829539,0.01222237437469422,1.0,-0.1917016806722689,0.06670138067366072,0.3883642497685406,1.0,-0.1917016806722689,0.0593166593205052,1.0,1.0
2020-01-21,0.07978013710618836,1.0,0.0,0.0,-0.13304394440624293,0.0,-0.1917016806722689,0.08840019199462401,-0.016633592561831754,0.0,-0.1917016806722689,0.09051324364803895,0.12596587227666145,1.0,-0.1917016806722689,0.0720278070014225,0.2910892307733953,1.0,-0.1917016806722689,0.06577886399855519,1.0,1.0
2020-01-22,-0.09352605801082348,0.0,-0.0892857142857143,0.0,-0.1051271161935855,0.0,-0.1917016806722689,0.10147885618458698,-0.05505977718302743,0.0,-0.1917016806722689,0.08456658318213976,0.019246367817699783,1.0,-0.1917016806722689,0.06913075066962006,0.17317622397176294,1.0,-0.1917016806722689,0.0649475062028914,1.0,1.0
2020-01-23,-0.11929802350160787,0.0,-0.11245674740484424,0.0,-0.0028876716571967415,0.0,-0.11245674740484424,0.09292254535511975,0.07122030049652538,1.0,-0.11245674740484424,0.07439769728298082,0.10449508938139739,1.0,-0.11245674740484424,0.06169045108442758,0.20990755174191858,1.0,-0.19283018867924528,0.06250541188933174,1.0,1.0
2020-02-03,0.10769696531884591,1.0,0.0,0.0,0.15776430432940386,1.0,0.0,0.04118326354877421,0.17917604739419854,1.0,-0.011278195488721887,0.04041131198271516,0.25196398984970164,1.0,-0.03460381143430302,0.04400231198479083,0.3568698567158818,1.0,-0.19283018867924528,0.05500321747379211,0.0,1.0
2020-02-04,0.008713386525565227,1.0,0.0,0.0,0.08282135867928737,1.0,0.0,0.013813509621301817,0.055049358725688315,1.0,-0.027389903329752996,0.02302778740573751,0.22337689631585195,1.0,-0.03460381143430302,0.039218148238215254,0.24049505662540951,1.0,-0.19283018867924528,0.05121506528619197,0.0,1.0
2020-02-05,0.041353952484992726,1.0,0.0,0.0,0.06276569554978752,1.0,-0.011278195488721887,0.02308278519109355,0.14259946483849323,1.0,-0.027389903329752996,0.04094214644834794,0.2810086108649948,1.0,-0.03460381143430302,0.04098721835762765,0.20528697601996573,1.0,-0.19886792452830182,0.051899162055813776,0.0,1.0
2020-02-06,0.03275401966872931,1.0,0.0,0.0,0.004982019715130215,1.0,-0.027389903329752996,0.022084197559583917,0.07430614500072703,1.0,-0.027389903329752996,0.04551816723836232,0.34366054515188094,1.0,-0.03460381143430302,0.046896612556400014,0.18167391833860283,1.0,-0.19886792452830182,0.05144507600352091,0.0,1.0
2020-02-07,-0.011342276603934607,0.0,-0.011278195488721887,0.0,0.0684914926847713,1.0,-0.027389903329752996,0.051966489863227834,0.033274788884872133,1.0,-0.03460381143430302,0.04525051283644036,0.34114138667069954,1.0,-0.03460381143430302,0.046911359156039986,0.12834881329785286,1.0,-0.2011320754716981,0.051530990862567856,0.0,1.0
2020-02-10,-0.01642972334966447,0.0,-0.01629549158066268,0.0,0.05289440193593239,1.0,-0.026579739217652998,0.05576653542203652,0.07278794245550306,1.0,-0.03460381143430302,0.04486606965626093,0.3642507377471901,1.0,-0.03460381143430302,0.045151364937037974,0.04772910119543647,1.0,-0.27132075471698114,0.055743604140981964,0.0,1.0
2020-02-11,0.09626349263837027,1.0,0.0,0.0,0.06104678883847121,1.0,-0.03460381143430302,0.054217669376324155,0.16832753759016367,1.0,-0.03460381143430302,0.04784567267296351,0.37614187539384647,1.0,-0.03460381143430302,0.04388246741019708,0.1394497912915009,1.0,-0.27132075471698114,0.057743992353003724,0.0,1.0
2020-02-12,-0.026939367352773424,0.0,-0.026579739217652998,0.0,-0.0070458268332027575,0.0,-0.03460381143430302,0.022885907084041764,0.13840914602650164,1.0,-0.03460381143430302,0.04102796127226901,0.1651233584967338,1.0,-0.11245283018867924,0.05880515600533084,-0.00805643833912618,0.0,-0.27132075471698114,0.05523386553620054,0.0,1.0
2020-02-13,-0.008277336447125706,0.0,-0.008243173621844457,0.0,0.09900341230456677,1.0,-0.008243173621844457,0.03583880208929749,0.2693544001511539,1.0,-0.008243173621844457,0.039570248331873635,0.1539298561540632,1.0,-0.14566037735849058,0.0597210032204065,0.0005150656822600646,1.0,-0.27132075471698114,0.05505927668282486,0.0,1.0
2020-02-14,0.02817087696669644,1.0,0.0,0.0,0.1736258498264007,1.0,0.0,0.02164098978695983,0.3078665977858274,1.0,0.0,0.029081421792325073,0.1054124623605211,1.0,-0.19283018867924528,0.06330984969216054,0.09601831154641455,1.0,-0.27132075471698114,0.05818477524606744,0.0,1.0
2020-02-17,0.07910987178499612,1.0,0.0,0.0,0.24946085963158307,1.0,0.0,0.015638576636146078,0.29146279529168684,1.0,0.0,0.0332859351633114,0.10490586686618025,1.0,-0.19283018867924528,0.06329592362273016,0.030343039121263904,1.0,-0.27132075471698114,0.058624774449371884,0.0,1.0
2020-02-18,0.06634510107470828,1.0,0.0,0.0,0.20058584903413498,1.0,0.0,0.03011911246257744,0.2078143378036828,1.0,-0.004528301886792541,0.03912734786135655,0.017118160309557668,1.0,-0.19283018867924528,0.05912012637341545,0.01757677072805203,1.0,-0.27132075471698114,0.057840718071120435,0.0,1.0
2020-02-19,0.10400588677187891,1.0,0.0,0.0,0.14600782243198268,1.0,0.0,0.03984863284467049,0.026714212470232333,1.0,-0.11245283018867924,0.07059237902083343,-0.0757216348450292,0.0,-0.19886792452830182,0.05541490444342318,-0.0640146409195299,0.0,-0.27132075471698114,0.05592508574869891,1.0,1.0
2020-02-20,0.030234861187547958,1.0,0.0,0.0,0.03746334995709581,1.0,-0.004528301886792541,0.014205344489396041,-0.11542454399709055,0.0,-0.14566037735849058,0.05105188714494993,-0.16198662681327808,0.0,-0.19886792452830182,0.04260873276887235,-0.1057541389654081,0.0,-0.27132075471698114,0.052563238018098785,1.0,1.0
2020-02-21,0.011767074472556028,1.0,0.0,0.0,-0.10752653548919444,0.0,-0.11245283018867924,0.05619547169285611,-0.2024541354253063,0.0,-0.19283018867924528,0.044294469493626545,-0.21279257337284668,0.0,-0.2011320754716981,0.03969881938095265,-0.15676322790895703,0.0,-0.27132075471698114,0.05201238455453085,1.0,1.0
2020-02-24,-0.004538585703008073,0.0,-0.004528301886792541,0.0,-0.15742647965719436,0.0,-0.14566037735849058,0.04612446183341133,-0.18655692842550672,0.0,-0.19283018867924528,0.048319119296191246,-0.31652163655175347,0.0,-0.27132075471698114,0.04311377878975948,-0.28441696845848424,0.0,-0.27132075471698114,0.05682477591580402,1.0,1.0
2020-02-25,-0.11475502425874233,0.0,-0.1084154662623199,0.0,-0.20968262419485417,0.0,-0.1891584533737679,0.032623466829182636,-0.19069617749412518,0.0,-0.1891584533737679,0.047783017046803704,-0.23669208410234563,0.0,-0.26800606520090975,0.05352792775889604,-0.33556287008385705,0.0,-0.28506444275966636,0.05747860259908803,1.0,1.0
2020-02-26,-0.03813286969544392,0.0,-0.03741496598639449,0.0,-0.06726331846375645,0.0,-0.09056122448979587,0.036225918898472306,-0.1024358473152614,0.0,-0.09736394557823125,0.028718365800903586,-0.17317979683586002,0.0,-0.17899659863945583,0.04551118880880743,-0.16012084681376212,0.0,-0.1981292517006803,0.05519881298587186,1.0,1.0
2020-02-27,-0.05679473024066787,0.0,-0.05521201413427557,0.0,-0.037808283539938904,0.0,-0.05521201413427557,0.034591761546823,-0.046562082816187685,0.0,-0.062279151943462896,0.03049380697911989,-0.1534147904718032,0.0,-0.1470848056537103,0.04499051025463064,-0.1674155377083273,0.0,-0.1749781277340332,0.055420331457346844,0.0,1.0
2020-02-28,0.027664281472355445,1.0,0.0,0.0,-0.007508247379149569,0.0,-0.03456116416552968,0.022537338208129747,-0.010338437947540453,0.0,-0.0372896771259662,0.021256144250870652,-0.00939415081410652,0.0,-0.12187357889949979,0.05193165008627843,-0.15111648447808454,0.0,-0.1955380577427821,0.054818842458375504,0.0,1.0
2020-03-02,-0.00867783477162635,0.0,-0.008640291041382309,0.0,-0.017431634047875153,0.0,-0.03456116416552968,0.01817255889720467,-0.12996470812624678,0.0,-0.12187357889949979,0.03631535440467389,-0.07456282774491636,0.0,-0.12187357889949979,0.052022200544555065,-0.23988130306293645,0.0,-0.2432195975503062,0.05537812318581673,1.0,1.0
2020-03-03,-0.026494694079878586,0.0,-0.026146788990825676,0.0,-0.02932488464826944,0.0,-0.028899082568807244,0.01960636033132002,-0.04599590660822048,0.0,-0.11422018348623864,0.05503179094249949,0.00045861041849434966,1.0,-0.11422018348623864,0.05652008747820723,-0.25459634786601565,0.0,-0.26071741032370954,0.05542690660264464,1.0,1.0
2020-03-04,0.017740894803629902,1.0,0.0,0.0,-0.09479217927474172,0.0,-0.10643220731142988,0.04545961767727428,-0.07074394952059863,0.0,-0.10643220731142988,0.05742564367589433,0.011706993925499272,1.0,-0.10643220731142988,0.05609099724449063,-0.21692177858766526,0.0,-0.26071741032370954,0.055567109166253535,1.0,1.0
2020-03-05,-0.020571085372020684,0.0,-0.020360944007403847,0.0,-0.03724210733197176,0.0,-0.10643220731142988,0.06852391733542244,-0.10685270765561562,0.0,-0.10643220731142988,0.0551880473743514,0.05623248784786997,1.0,-0.10643220731142988,0.05892525743438003,-0.16680170811602024,0.0,-0.26071741032370954,0.05788180028787375,1.0,1.0
2020-03-06,-0.09196198870635088,0.0,-0.08786017949929159,0.0,-0.0679137589522077,0.0,-0.08786017949929159,0.07121359635292632,0.000944287133433864,1.0,-0.08786017949929159,0.07028102798941153,0.056029345463889525,1.0,-0.08786017949929159,0.05893431864049989,-0.17394858346903017,0.0,-0.26071741032370954,0.05797818852450222,1.0,1.0
2020-03-09,0.07529096674639985,1.0,0.0,0.0,0.005680366422755846,1.0,-0.06724303554274724,0.05360712219636079,0.055401880381330364,1.0,-0.06724303554274724,0.05836607140077184,0.032104668093269416,1.0,-0.1277340332458442,0.06317919667721444,-0.05975110391039205,0.0,-0.26071741032370954,0.05504598638497095,0.0,1.0
2020-03-10,-0.05124273699225668,0.0,-0.04995196926032652,0.0,0.017615309093384927,1.0,-0.06724303554274724,0.05907092554236244,0.04645451702671471,1.0,-0.06724303554274724,0.05647655218003172,-0.09887078598151146,0.0,-0.1749781277340332,0.060393434347184034,-0.1377946184998323,0.0,-0.26071741032370954,0.05204286745773078,0.0,1.0
2020-03-11,-0.018367863331387208,0.0,-0.018200202224469164,0.0,0.03135365062718732,1.0,-0.036809815950920255,0.05484716204490978,0.08245094344609787,1.0,-0.036809815950920255,0.050252580904373255,0.01305895002209796,1.0,-0.1749781277340332,0.06204131888629934,-0.08489944378648616,0.0,-0.26071741032370954,0.05105638333599245,0.0,1.0
2020-03-12,0.08722590941702875,1.0,0.0,0.0,0.1160651173503586,1.0,-0.036809815950920255,0.054546745013858464,0.16308519550348563,1.0,-0.036809815950920255,0.04940973510537795,-0.014000747236523989,0.0,-0.1749781277340332,0.06341528906704053,-0.08879182069661896,0.0,-0.26071741032370954,0.0511172289379606,0.0,1.0
2020-03-13,-0.037504395458454284,0.0,-0.036809815950920255,0.0,0.013592897360456293,1.0,-0.036809815950920255,0.04464270908338423,0.05508505833045579,1.0,-0.036809815950920255,0.04414136914364273,-0.14172233366397807,0.0,-0.1955380577427821,0.056795782910238846,-0.2092015528854498,0.0,-0.26071741032370954,0.04688185341402738,0.0,1.0
2020-03-16,0.06634360339178413,1.0,0.0,0.0,0.11336368154491121,1.0,-0.015130674002750921,0.03753776808138828,-0.023297212288061097,0.0,-0.1277340332458442,0.06672894837367499,-0.16531847531802016,0.0,-0.2432195975503062,0.058189180848651004,-0.13178307930112565,0.0,-0.26071741032370954,0.04767842438231406,1.0,1.0
2020-03-17,-0.015246310572873638,0.0,-0.015130674002750921,0.0,0.026245850397125802,1.0,-0.020559930008748895,0.03791001100074887,-0.14532530300822621,0.0,-0.1749781277340332,0.05804776387509448,-0.2550549582845099,0.0,-0.26071741032370954,0.05121843167821192,-0.1897770655790601,0.0,-0.26071741032370954,0.04483327876424874,1.0,1.0
2020-03-18,0.06226638872600057,1.0,0.0,0.0,-0.07439450510697168,0.0,-0.1277340332458442,0.07278631651370704,-0.06939199342399993,0.0,-0.1749781277340332,0.06864257469825599,-0.22862877251316452,0.0,-0.26071741032370954,0.052348838259878495,-0.1618618992507486,0.0,-0.26071741032370954,0.04506623493518249,1.0,1.0
2020-03-19,-0.020774227756001126,0.0,-0.020559930008748895,0.0,-0.1923453811613531,0.0,-0.1749781277340332,0.03928443920498078,-0.1770859427400097,0.0,-0.1749781277340332,0.05733539732008054,-0.22303419596389035,0.0,-0.26071741032370954,0.05327729574581049,-0.1918152989862057,0.0,-0.26071741032370954,0.04316054042315819,1.0,1.0
2020-03-20,-0.11588666607697118,0.0,-0.1094238499330058,0.0,-0.11088415439399953,0.0,-0.1576596694953104,0.07329156716818676,-0.19680739199443378,0.0,-0.17865118356409115,0.05686884307144892,-0.2299779289329198,0.0,-0.24519874944171516,0.053298085992894796,-0.16839486698693112,0.0,-0.24519874944171516,0.0431589461961836,1.0,1.0
2020-03-23,-0.05568448732838096,0.0,-0.054162487462387277,0.0,-0.04042504890703747,0.0,-0.054162487462387277,0.052607379223013985,-0.14202126302995902,0.0,-0.13672654690618757,0.04513647062106371,-0.09185577200366135,0.0,-0.15668662674650702,0.04462823532098873,-0.04146998108153088,0.0,-0.15668662674650702,0.03555127933892036,1.0,1.0
2020-03-24,0.060686999011352535,1.0,0.0,0.0,-0.025236238589081653,0.0,-0.08233532934131726,0.04890189403507748,-0.10972965527628364,0.0,-0.15668662674650702,0.043032215763349556,-0.03892383251832079,0.0,-0.15668662674650702,0.04185194150873589,0.0042328105526207626,1.0,-0.15668662674650702,0.03343787785197567,1.0,1.0
2020-03-25,-0.04542756059000906,0.0,-0.04441117764471059,0.0,-0.14702377471293074,0.0,-0.13672654690618757,0.008784619947150962,-0.15923677908916448,0.0,-0.15668662674650702,0.024648670610963958,-0.09795839380858408,0.0,-0.15668662674650702,0.03609375370332149,-0.10237097680946024,0.0,-0.15668662674650702,0.03183094257002701,1.0,1.0
2020-03-26,-0.040495677010425155,0.0,-0.03968668407310694,0.0,-0.12498909369762724,0.0,-0.11749347258485643,0.015416201351321955,-0.04594825322388069,0.0,-0.11749347258485643,0.04522887159645972,-0.07479107346009502,0.0,-0.11749347258485643,0.03443785681954673,-0.07142028375160601,0.0,-0.11749347258485643,0.03056063033414063,1.0,0.0
2020-03-27,-0.061100537112496495,0.0,-0.05927134312126159,0.0,-0.07331354148873025,0.0,-0.08102229472539435,0.029517604565255554,-0.033170536938486074,0.0,-0.08102229472539435,0.04372374894808207,-0.06747921922147174,0.0,-0.08102229472539435,0.033800816594737895,-0.014790738001396384,0.0,-0.08102229472539435,0.029617181620139467,1.0,0.0
2020-03-30,-0.023392879574705577,0.0,-0.023121387283237094,0.0,0.05564796089904091,1.0,-0.023121387283237094,0.03761690746460397,0.05016549102629762,1.0,-0.027337342810278886,0.03474683909237417,0.03353539601689459,1.0,-0.06014215418261337,0.03102852275888513,0.10680455923005999,1.0,-0.06795608991113433,0.029077884131876244,0.0,0.0
2020-03-31,0.011179875198471812,1.0,0.0,0.0,0.051322879748716056,1.0,-0.027337342810278886,0.039244417447578485,0.07080582275796282,1.0,-0.027337342810278886,0.03161545897210337,0.06527789270544984,1.0,-0.06014215418261337,0.029726290532342436,0.15533341207630783,1.0,-0.06795608991113433,0.02859982036438374,0.0,0.0
2020-04-01,0.0678609652752748,1.0,0.0,0.0,0.062378495402531396,1.0,-0.027337342810278886,0.039033265494079934,0.06127838528058046,1.0,-0.027337342810278886,0.03202221721811216,0.06676687326241575,1.0,-0.06014215418261337,0.029752936957405517,0.21833387578630242,1.0,-0.06795608991113433,0.03206217939269874,0.0,0.0
2020-04-02,-0.027717960725030598,0.0,-0.027337342810278886,0.0,-0.008235017715783697,0.0,-0.027337342810278886,0.020393411906503473,-0.02884282023621433,0.0,-0.028430836522689962,0.017900536919440466,0.031218896977684582,1.0,-0.06014215418261337,0.0237480753093762,0.17921851515100615,1.0,-0.06795608991113433,0.029629703325687106,0.0,0.0
2020-04-03,0.022235490852287158,1.0,0.0,0.0,0.02113538073033611,1.0,-0.002748763056624526,0.010890709862901457,-0.03430868228298574,0.0,-0.054975261132490405,0.019318340388625642,0.06158306194598865,1.0,-0.054975261132490405,0.021439781855529208,0.1767787740374211,1.0,-0.06795608991113433,0.029785076026371884,0.0,0.0
2020-04-07,-0.002752547843040348,0.0,-0.002748763056624526,0.0,-0.02336035036347107,0.0,-0.023089609675646106,0.010391075914121594,-0.016630095009403136,0.0,-0.054975261132490405,0.02507912709822472,0.05038579092213049,1.0,-0.054975261132490405,0.0208553164992643,0.15548490284039496,1.0,-0.06795608991113433,0.029667527423946558,0.0,0.0
2020-04-08,0.0016524377210892275,1.0,0.0,0.0,-0.05379162529223263,0.0,-0.05393505778756191,0.014547645352686647,-0.005527930052513054,0.0,-0.05393505778756191,0.025519220506259477,0.043156643070941615,1.0,-0.05393505778756191,0.021234696137968218,0.1634005694050035,1.0,-0.06795608991113433,0.02957711563928064,0.0,0.0
2020-04-09,-0.022260240241519926,0.0,-0.022014309301045754,0.0,-0.01552998488745209,0.0,-0.05393505778756191,0.032194329444434955,0.005488487981835521,1.0,-0.05393505778756191,0.02613047773781882,-0.004412583000876133,0.0,-0.05436487192890749,0.02607498149181173,0.15564339330708482,1.0,-0.06795608991113433,0.029710601374847507,0.0,0.0
2020-04-10,-0.03318382277180197,0.0,-0.03263927968486202,0.0,0.015079872467917609,1.0,-0.03263927968486202,0.029934456072782775,0.06006171721389897,1.0,-0.03263927968486202,0.025483967591624794,0.0033707897084889957,1.0,-0.06795608991113433,0.025522380105438232,0.20393950678996853,1.0,-0.06795608991113433,0.02912766919395749,0.0,0.0
2020-04-13,0.03991407812586996,1.0,0.0,0.0,0.06093255099515731,1.0,0.0,0.013973280706948607,0.09589174422897427,1.0,0.0,0.014390524499705576,0.052688481220075314,1.0,-0.06795608991113433,0.023230546929043625,0.22093051680784342,1.0,-0.06795608991113433,0.028078919853889977,0.0,0.0
2020-04-14,0.008349617113849656,1.0,0.0,0.0,0.05333146185983116,1.0,0.0,0.010428545145695658,0.06701588593153357,1.0,0.0,0.010049519093400967,0.07326916321316539,1.0,-0.06795608991113433,0.026839962840826567,0.21449812610759236,1.0,-0.06795608991113433,0.027781690842277707,0.0,0.0
2020-04-15,0.0126688557554377,1.0,0.0,0.0,0.047628048989254664,1.0,0.0,0.012321902951581545,0.04868457312345473,1.0,-0.009932043910088728,0.013849697284941056,0.09005551937085793,1.0,-0.06795608991113433,0.027371106061336928,0.15383387323503148,1.0,-0.06795608991113433,0.031000629999401223,0.0,0.0
2020-04-16,0.032312988990543676,1.0,0.0,0.0,0.045997413062246174,1.0,0.0,0.012486258427761542,-0.00990107098271157,0.0,-0.05436487192890749,0.02592818316595936,0.1515670025238867,1.0,-0.06795608991113433,0.03368640864820755,0.1866907609046186,1.0,-0.06795608991113433,0.03207292131441407,0.0,0.0
2020-04-17,0.0026462042432734865,1.0,0.0,0.0,0.003702728377473456,1.0,-0.009932043910088728,0.008639229846029706,-0.05669092750540993,0.0,-0.06795608991113433,0.0195122414730572,0.1479996181733214,1.0,-0.06795608991113433,0.03352131968198444,0.14433661041458448,1.0,-0.06795608991113433,0.03188350706448906,0.0,0.0
2020-04-20,0.011038219828429249,1.0,0.0,0.0,-0.04486026421652856,0.0,-0.05436487192890749,0.023516048159829554,-0.043203263008898984,0.0,-0.06795608991113433,0.022029094513808096,0.1151957120914325,1.0,-0.06795608991113433,0.036059196892093116,0.14077255388108223,1.0,-0.06795608991113433,0.03191849602467549,0.0,0.0
2020-04-21,-0.009981695694229183,0.0,-0.009932043910088728,0.0,-0.07037535157711246,0.0,-0.06795608991113433,0.015986126190342013,0.006253277281631694,1.0,-0.06795608991113433,0.0355799449744719,0.1050991119182644,1.0,-0.06795608991113433,0.03619961882595764,0.0701422368504073,1.0,-0.07442489851150214,0.03503571923645699,0.0,0.0
2020-04-22,-0.04591678835072845,0.0,-0.04487856388595568,0.0,-0.04425978714309898,0.0,-0.05860612460401282,0.02533282859486835,0.041370946247403166,1.0,-0.05860612460401282,0.03613130216855966,0.12024392633406174,1.0,-0.05860612460401282,0.0356228434126541,0.04035726141655709,1.0,-0.11050969778980613,0.03619139923660054,0.0,0.0
2020-04-23,-0.014476867532154773,0.0,-0.014372581536760687,0.0,0.0621517613265894,1.0,-0.014372581536760687,0.03077815027963578,0.16146807350659828,1.0,-0.014372581536760687,0.031779394256035924,0.16005597630796103,1.0,-0.029707495429616038,0.030826700655539427,0.1211555133293159,1.0,-0.11050969778980613,0.03510855674105072,0.0,0.0
2020-04-24,0.01613386873978444,1.0,0.0,0.0,0.10176460213028658,1.0,0.0,0.019146135024178907,0.2046905456787315,1.0,0.0,0.022365703401915654,0.20056871708147955,1.0,-0.029707495429616038,0.029172165265844686,0.06932932637713264,1.0,-0.1380243572395129,0.03829643300289875,0.0,0.0
2020-04-27,0.06049476011895989,1.0,0.0,0.0,0.15981107229896868,1.0,0.0,0.020663679017523685,0.1583989751003314,1.0,-0.029707495429616038,0.03608851767105669,0.168242035587768,1.0,-0.029707495429616038,0.031151726277444385,0.047422678551607214,1.0,-0.1429860171402797,0.03823168916325522,0.0,0.0
2020-04-28,0.02513597327154224,1.0,0.0,0.0,0.12806191681998724,1.0,0.0,0.022317642043391105,0.09884583463663264,1.0,-0.029707495429616038,0.03440094022482558,0.14122896289442702,1.0,-0.029707495429616038,0.02828724827464236,-0.003121750714184644,0.0,-0.1429860171402797,0.03590584385822642,0.0,0.0
2020-04-29,0.07418033890846659,1.0,0.0,0.0,0.0727682417098292,1.0,-0.029707495429616038,0.04271395990786869,0.0788729800866586,1.0,-0.029707495429616038,0.03470410492099703,0.06377835386417369,1.0,-0.05096977898060451,0.034197196179851744,0.026001464815201925,1.0,-0.1429860171402797,0.03745898980098311,0.0,0.0
2020-04-30,0.02874560463997857,1.0,0.0,0.0,-0.00047047754337612314,0.0,-0.029707495429616038,0.024059714814327896,-0.0014120971986371878,0.0,-0.029707495429616038,0.01897477396841837,0.035123758380731944,1.0,-0.05096977898060451,0.02923654032429705,-0.029596432300439984,0.0,-0.1429860171402797,0.03383497389462047,0.0,0.0
2020-05-06,-0.030157701838615675,0.0,-0.029707495429616038,0.0,-0.024052963461786304,0.0,-0.029707495429616038,0.015749953145577752,-0.004121828597251897,0.0,-0.029707495429616038,0.018159119221966107,-0.0036630077587370352,0.0,-0.05096977898060451,0.028185624203089978,-0.08088096262831754,0.0,-0.1429860171402797,0.03338750776001499,0.0,0.0
2020-05-07,0.000941619655261051,1.0,0.0,0.0,0.0,0.0,-0.006086142322097365,0.004648020121790783,0.009843060487436465,1.0,-0.01606241395135377,0.014039294751019062,0.025576841789649776,1.0,-0.05096977898060451,0.026403738123244463,-0.0646955439847181,0.0,-0.1429860171402797,0.03293786729678042,0.0,0.0
2020-05-08,0.005163118721568298,1.0,0.0,0.0,0.025094253586102566,1.0,-0.006086142322097365,0.013315218527956309,0.04238312825779436,1.0,-0.01606241395135377,0.018792322829230913,-0.03495687506785705,0.0,-0.07442489851150214,0.03234984457820123,-0.04672171664744338,0.0,-0.1429860171402797,0.03328295303816079,0.0,0.0
2020-05-11,-0.006104738376829349,0.0,-0.006086142322097365,0.0,0.003738322110607158,1.0,-0.01606241395135377,0.018006326297900808,-0.015094626222485016,0.0,-0.05096977898060451,0.030950336574091703,-0.07988666491750482,0.0,-0.11050969778980613,0.03391734831660692,-0.051391860254270755,0.0,-0.1429860171402797,0.03324588265006928,0.0,0.0
2020-05-12,0.026035873241363732,1.0,0.0,0.0,0.04332474791305534,1.0,-0.01606241395135377,0.02187402832849715,0.03653585557936903,1.0,-0.05096977898060451,0.03634154084123418,-0.038900462978645134,0.0,-0.11050969778980613,0.03629073870707093,-0.04430190012287145,0.0,-0.1429860171402797,0.033244097477743755,0.0,0.0
2020-05-13,-0.016192812753927206,0.0,-0.01606241395135377,0.0,-0.03502576108701936,0.0,-0.05096977898060451,0.035171565436406246,0.0004588208385149911,1.0,-0.05096977898060451,0.035477958869317386,-0.13123939070434684,0.0,-0.1380243572395129,0.03913738919794238,-0.08872338442283609,0.0,-0.1429860171402797,0.03276286412335244,0.0,0.0
2020-05-14,0.033481687425618904,1.0,0.0,0.0,0.026692795091932484,1.0,-0.05096977898060451,0.04356197138137302,0.015733781302213232,1.0,-0.05096977898060451,0.03459073524545846,-0.1208193570361608,0.0,-0.1429860171402797,0.03918050049397389,-0.0312673505315199,0.0,-0.1429860171402797,0.034097845336445734,0.0,0.0
2020-05-15,-0.05231463575871108,0.0,-0.05096977898060451,0.0,-0.016830053833176782,0.0,-0.05096977898060451,0.040065872631694296,-0.07734000332565143,0.0,-0.07442489851150214,0.03812087258217703,-0.14435071360861157,0.0,-0.1429860171402797,0.03702042778296212,-0.09009152480768277,0.0,-0.1429860171402797,0.033479499396661394,0.0,0.0
2020-05-18,0.045525743425024884,1.0,0.0,0.0,0.0345667296353054,1.0,-0.01089918256130784,0.024330874936955373,-0.06479203869501979,0.0,-0.10445049954586738,0.03596460820697499,-0.037776889048971626,0.0,-0.13714804722979113,0.0398162814743078,-0.07191675076714486,0.0,-0.13714804722979113,0.03239866496528358,1.0,0.0
2020-05-19,-0.010041161499490503,0.0,-0.009990917347865502,0.0,-0.07055111099196512,0.0,-0.0681198910081744,0.025779399648086152,-0.07543631855801425,0.0,-0.10445049954586738,0.032597123883460186,-0.06472019068117184,0.0,-0.13714804722979113,0.0372154746838418,-0.08034550858425267,0.0,-0.13714804722979113,0.03180636239183031,1.0,0.0
2020-05-20,-0.0009178522902288858,0.0,-0.0009174311926605228,0.0,-0.10027662062055409,0.0,-0.09541284403669736,0.024369710845213135,-0.1316982115428617,0.0,-0.12339449541284409,0.03815069169454746,-0.07721795486958052,0.0,-0.12844036697247707,0.03752293013491771,-0.09068785171893845,0.0,-0.12844036697247707,0.031983676949292966,1.0,0.0
2020-05-21,-0.05959209720224566,0.0,-0.05785123966942152,0.0,-0.06447730476829484,0.0,-0.0945821854912765,0.04067574381648153,-0.13655313833837396,0.0,-0.12764003673094582,0.037548344240762484,-0.09027238577436784,0.0,-0.12764003673094582,0.03749058014493593,-0.07729167430164664,0.0,-0.12764003673094582,0.03219199601278004,1.0,0.0
2020-05-22,-0.039766671128079426,0.0,-0.03898635477582846,0.0,-0.07118826205038707,0.0,-0.06871345029239762,0.04283667995566791,-0.0670107102829602,0.0,-0.07407407407407407,0.03585651034533637,-0.011764841579586257,0.0,-0.07407407407407407,0.03415125370408022,0.009216655104924048,1.0,-0.07407407407407407,0.03016140784355365,0.0,0.0
2020-05-25,0.034881463562030236,1.0,0.0,0.0,-0.03719437000804881,0.0,-0.06953966699314407,0.04157321303351429,0.02701514964604801,1.0,-0.06953966699314407,0.04133579926382888,0.028494804663234004,1.0,-0.06953966699314407,0.031645824286814124,0.1007352310390483,1.0,-0.06953966699314407,0.030649592149399243,0.0,0.0
2020-05-26,-0.06630305448433799,0.0,-0.06415279138099916,0.0,-0.06212550271691094,0.0,-0.06953966699314407,0.032873003448306244,0.010716127876842384,1.0,-0.06953966699314407,0.039483740272161054,-0.005401437144226351,0.0,-0.06953966699314407,0.0297944859773631,0.055252147093468845,1.0,-0.06953966699314407,0.03003195563372502,0.0,0.0
2020-05-27,-0.005772779085741173,0.0,-0.005756148613291434,0.0,0.05843674056835578,1.0,-0.005756148613291434,0.02541724752807748,0.05448025667328119,1.0,-0.022286821705426396,0.02583054111901706,0.0425160062815107,1.0,-0.03585271317829464,0.021543458589342795,0.14942997869232097,1.0,-0.057747834456208014,0.025937857862855452,0.0,0.0
2020-05-28,0.009950330853168092,1.0,0.0,0.0,0.08279196144692165,1.0,0.0,0.01917932483167355,0.04628075256400618,1.0,-0.03585271317829464,0.02706740495013989,0.0895520065046409,1.0,-0.03585271317829464,0.023852336179669698,0.1677421070307972,1.0,-0.057747834456208014,0.0257768839414561,0.0,0.0
2020-05-29,0.05425918880092884,1.0,0.0,0.0,0.05030270490585433,1.0,-0.022286821705426396,0.03137895177344933,0.0552458687033739,1.0,-0.03585271317829464,0.027349469882739143,0.05425918880092884,1.0,-0.03585271317829464,0.025961745314846473,0.1648871496258374,1.0,-0.057747834456208014,0.0257757369175722,0.0,0.0
2020-06-01,0.018582441792824707,1.0,0.0,0.0,-0.017928767090090756,0.0,-0.03585271317829464,0.017714289103933252,0.0014796550171858522,1.0,-0.03585271317829464,0.016769819888283227,-0.034139861718173146,0.0,-0.057747834456208014,0.02267034566973022,0.08557072144810765,1.0,-0.057747834456208014,0.024458995416674956,0.0,0.0
2020-06-02,-0.022538925687899128,0.0,-0.022286821705426396,0.0,-0.01759576189037949,0.0,-0.03585271317829464,0.01786820632302114,-0.01611756502106881,0.0,-0.03585271317829464,0.01421464392590654,-0.01562531790308087,0.0,-0.057747834456208014,0.02502491335832595,0.09865201740567406,1.0,-0.057747834456208014,0.02500164061891476,0.0,0.0
2020-06-03,-0.013972283195016257,0.0,-0.013875123885034757,0.0,0.005436138912260425,1.0,-0.013875123885034757,0.013458718632029989,-0.011964250391770542,0.0,-0.01821762678483496,0.013142561055512338,-0.013469896849357978,0.0,-0.057747834456208014,0.024851998349766664,0.14804400743819277,1.0,-0.057747834456208014,0.0246023212179984,0.0,0.0
2020-06-04,0.01891544699253576,1.0,0.0,0.0,0.020393643861846594,1.0,0.0,0.008570769146910875,0.04327125394063468,1.0,-0.01821762678483496,0.020125663469357253,0.012980711472721278,1.0,-0.057747834456208014,0.024774979404920676,0.23015409580042714,1.0,-0.057747834456208014,0.02738642546758149,0.0,0.0
2020-06-05,0.0004929751147409076,1.0,0.0,0.0,-0.016907414189290117,0.0,-0.01821762678483496,0.009017713965884236,-0.0009866799024450975,0.0,-0.025024061597690106,0.02316870618452689,0.020981496684510322,1.0,-0.057747834456208014,0.02545095878943215,0.21283418165534837,1.0,-0.057747834456208014,0.02741231797441464,0.0,0.0
2020-06-08,0.0009852217545698665,1.0,0.0,0.0,0.023862831833358005,1.0,-0.01821762678483496,0.024845141667947823,-0.03561951673535905,0.0,-0.057747834456208014,0.026816698446866176,0.07224042637581438,1.0,-0.057747834456208014,0.029457909056177366,0.22304497573130175,1.0,-0.057747834456208014,0.027313455996201275,0.0,0.0
2020-06-09,-0.018385611058600947,0.0,-0.01821762678483496,0.0,-0.0024648767717558705,0.0,-0.025024061597690106,0.029893703610001803,0.0004922471179879344,1.0,-0.057747834456208014,0.03232520314023153,0.06065358423769529,1.0,-0.057747834456208014,0.029904999489515784,0.24736770386826692,1.0,-0.057747834456208014,0.027375110272865714,0.0,0.0
2020-06-10,0.04126322113738907,1.0,0.0,0.0,-0.01821912743132806,0.0,-0.057747834456208014,0.033663925705680504,-0.0015056464575874601,0.0,-0.057747834456208014,0.03256269468165523,0.10691397241081019,1.0,-0.057747834456208014,0.029337498919108713,0.27264989398592826,1.0,-0.057747834456208014,0.026495382776133763,0.0,0.0
2020-06-11,-0.025342486850544032,0.0,-0.025024061597690106,0.0,-0.022385362960800223,0.0,-0.057747834456208014,0.03171184486453881,-0.03029054246791347,0.0,-0.057747834456208014,0.026726954954308078,0.07819010052615634,1.0,-0.057747834456208014,0.027555690622760576,0.2684904230519163,1.0,-0.057747834456208014,0.026293234776835175,0.0,0.0
2020-06-12,-0.034139861718173146,0.0,-0.03356367226061219,0.0,-0.017426380744432424,0.0,-0.03356367226061219,0.030854375766843987,0.021968176586955344,1.0,-0.03356367226061219,0.027352790563465977,0.11062796082490858,1.0,-0.03356367226061219,0.025276032425944117,0.22215589691293722,1.0,-0.06916850625459892,0.03119192979666056,0.0,0.0
2020-06-15,0.03709698560791702,1.0,0.0,0.0,0.02919180610080371,1.0,-0.020177165354330673,0.023546608761724763,0.1078599431111734,1.0,-0.020177165354330673,0.024590127864182052,0.11971058316628083,1.0,-0.024745912505523604,0.023752695506933003,0.23350844443096064,1.0,-0.09013980868285498,0.030458015090241524,0.0,0.0
2020-06-16,-0.020383504634176184,0.0,-0.020177165354330673,0.0,0.019011052697211726,1.0,-0.020177165354330673,0.019792305241683576,0.06016133711970736,1.0,-0.020177165354330673,0.025932435767701777,0.11427733530875495,1.0,-0.024745912505523604,0.023228092520171426,0.09253252468749629,1.0,-0.17991169977924948,0.03890157873111787,0.0,1.0
2020-06-17,0.012478325127063003,1.0,0.0,0.0,0.09114646213743273,1.0,0.0,0.016219596703962735,0.10841961886839759,1.0,-0.010545621274644645,0.020478704099306393,0.16151390428755075,1.0,-0.024745912505523604,0.020972123005283432,0.07961762796469139,1.0,-0.20676968359087566,0.03941517341033923,0.0,1.0
2020-06-18,0.02691623220432494,1.0,0.0,0.0,0.06806651662682071,1.0,-0.010545621274644645,0.02563062837907145,0.10848064299406987,1.0,-0.010545621274644645,0.02047323159578124,0.21717338432770605,1.0,-0.024745912505523604,0.026033819486011554,0.10491398740749554,1.0,-0.20676968359087566,0.04006802789766906,0.0,1.0
2020-06-19,0.051751904806044705,1.0,0.0,0.0,0.06902506153700967,1.0,-0.010545621274644645,0.02568724823027938,0.08865978423795307,1.0,-0.010545621274644645,0.020991071153336423,0.19185268497083807,1.0,-0.024745912505523604,0.02662957444698564,0.08777561088238559,1.0,-0.20676968359087566,0.03977761898490931,0.0,1.0
2020-06-22,-0.010601620383549075,0.0,-0.010545621274644645,0.0,0.029812505983700114,1.0,-0.010545621274644645,0.015815298457998773,0.01185064005510751,1.0,-0.024745912505523604,0.01842148131522264,0.1508045493554875,1.0,-0.024745912505523604,0.024360208206273687,0.026692378647456428,1.0,-0.20676968359087566,0.03834292451163534,0.0,1.0
2020-06-23,0.027874777114513992,1.0,0.0,0.0,0.047509499815457525,1.0,0.0,0.008797700690719534,0.054115998189047616,1.0,-0.024745912505523604,0.02014612659916486,0.18671411963057163,1.0,-0.024745912505523604,0.022913490295402034,0.06763266353641553,1.0,-0.20676968359087566,0.03874180733158671,0.0,1.0
2020-06-24,0.012539349252735173,1.0,0.0,0.0,-0.005422516675857549,0.0,-0.024745912505523604,0.016589591317093907,0.05309428541915302,1.0,-0.024745912505523604,0.019976604183021864,0.16573592157511793,1.0,-0.024745912505523604,0.02293516220918319,-0.04234410773235677,0.0,-0.217439293598234,0.04249784973216102,0.0,1.0
2020-06-29,0.007095373448208143,1.0,0.0,0.0,0.013701871821798297,1.0,-0.024745912505523604,0.02322514031107757,0.10869274133363604,1.0,-0.024745912505523604,0.0306000882739227,0.1903003225257599,1.0,-0.024745912505523604,0.023675066947703695,-0.0413413401564414,0.0,-0.217439293598234,0.04251569953461395,0.0,1.0
2020-06-30,-0.025057239376800936,0.0,-0.024745912505523604,0.0,0.033459562718209664,1.0,-0.024745912505523604,0.025679848254420472,0.10319290073288492,1.0,-0.024745912505523604,0.03119966622881666,0.11152793608802852,1.0,-0.06916850625459892,0.036152331929003585,-0.016035978376169744,0.0,-0.217439293598234,0.04314148534038928,0.0,1.0
2020-07-01,0.03166373775039113,1.0,0.0,0.0,0.12665460726222882,1.0,0.0,0.018432851100785002,0.13895390930038007,1.0,0.0,0.022899425599830738,0.11379786126467985,1.0,-0.09013980868285498,0.03593071139329497,0.04084011850644504,1.0,-0.217439293598234,0.0433230836052978,0.0,1.0
2020-07-02,0.0268530643446195,1.0,0.0,0.0,0.0965864023592947,1.0,0.0,0.027427169675334998,0.13259812144152416,1.0,0.0,0.022825441609770635,-0.021744810621258725,0.0,-0.17991169977924948,0.04893476527484372,-0.015037877364540559,0.0,-0.217439293598234,0.043124017870345276,0.0,1.0
2020-07-03,0.06813780516721823,1.0,0.0,0.0,0.08043710720536956,1.0,0.0,0.029457129797789097,0.1126416361559648,1.0,0.0,0.024125937843791773,-0.0818962763228594,0.0,-0.20676968359087566,0.04869331849916913,-0.02949042851070515,0.0,-0.217439293598234,0.0427750667022392,0.0,1.0
2020-07-06,0.0015955328474571567,1.0,0.0,0.0,0.03760725192968649,1.0,0.0,0.00976684178056528,0.08160758119212387,1.0,0.0,0.01303764049154658,-0.11225939692021038,0.0,-0.20676968359087566,0.04461506668585011,-0.05076816703210248,0.0,-0.217439293598234,0.04126853880994728,0.0,1.0
2020-07-07,0.010703769190694342,1.0,0.0,0.0,0.04290829814128962,1.0,0.0,0.007935541475413931,0.008335035355143627,1.0,-0.06916850625459892,0.038217832781827214,-0.10407707408845251,0.0,-0.20676968359087566,0.044916718463231885,-0.04608358713108227,0.0,-0.217439293598234,0.04130461565628916,0.0,1.0
2020-07-08,0.025307949891535172,1.0,0.0,0.0,0.06930827915397247,1.0,0.0,0.012430217078062453,-0.025156048035700294,0.0,-0.09013980868285498,0.03897443761900004,-0.12411217070803106,0.0,-0.20676968359087566,0.04437391082048677,-0.06938727101878449,0.0,-0.217439293598234,0.041249889604053035,1.0,1.0
2020-07-09,0.0068965790590602375,1.0,0.0,0.0,-0.027676683727085698,0.0,-0.06916850625459892,0.04584943595532014,-0.15434293206278282,0.0,-0.17991169977924948,0.05120076519549116,-0.11908145609415631,0.0,-0.20676968359087566,0.044824910066323595,-0.11475992819311993,0.0,-0.217439293598234,0.040850584824816454,1.0,1.0
2020-07-10,0.037103750203376994,1.0,0.0,0.0,-0.05736057698629576,0.0,-0.09013980868285498,0.04448519939127424,-0.19453791247882427,0.0,-0.20676968359087566,0.04767422945461301,-0.20808002930747485,0.0,-0.217439293598234,0.048861242027621904,-0.16393493054351535,0.0,-0.217439293598234,0.04149100316165123,1.0,1.0
2020-07-13,-0.07167701298952305,0.0,-0.06916850625459892,0.0,-0.1983432613252202,0.0,-0.17991169977924948,0.03333836161567467,-0.1938669781123341,0.0,-0.20676968359087566,0.047888449804719936,-0.23164166268220127,0.0,-0.217439293598234,0.04652403061269214,-0.1894106427517734,0.0,-0.217439293598234,0.04045893186238223,1.0,1.0
2020-07-14,-0.022787314200149695,0.0,-0.022529644268774685,0.0,-0.15996464969267818,0.0,-0.14782608695652177,0.03600608804119376,-0.11241210944359613,0.0,-0.14782608695652177,0.047778896941325553,-0.1275639144641984,0.0,-0.1592885375494072,0.04614715425508654,-0.12801304988607576,0.0,-0.1592885375494072,0.037868871232322764,1.0,1.0
2020-07-15,-0.10387893413554738,0.0,-0.09866558835422568,0.0,-0.09940265092266135,0.0,-0.1281843914274161,0.057829964208118485,-0.09895612267233077,0.0,-0.1281843914274161,0.048064041808448185,-0.0729577427582347,0.0,-0.13991103922361503,0.04783696109437943,-0.12656593257679635,0.0,-0.13991103922361503,0.037838862803799125,1.0,0.0
2020-07-16,-0.033298401356981075,0.0,-0.03275011215791834,0.0,0.014254138892101007,1.0,-0.03275011215791834,0.029232344892726907,0.035261475968626436,1.0,-0.03275011215791834,0.026039011836192144,0.00670693325671808,1.0,-0.07882200086617586,0.03634147869048777,-0.011279163113063716,0.0,-0.0905676126878131,0.030634524889295585,0.0,0.0
2020-07-17,0.03777468456986714,1.0,0.0,0.0,0.03822121282019767,1.0,-0.009287925696594423,0.01934470835889937,-0.013542116828650511,0.0,-0.07882200086617586,0.04297464636284762,0.052405847812154134,1.0,-0.07882200086617586,0.03461485365510905,0.07201859240348864,1.0,-0.0905676126878131,0.03154969198006424,0.0,0.0
2020-07-20,0.009777855679214879,1.0,0.0,0.0,0.030785192755740466,1.0,-0.009287925696594423,0.01619882025441348,-0.0377746845698671,0.0,-0.07882200086617586,0.03934934741689243,0.061491229888107894,1.0,-0.07882200086617586,0.035563099050166906,0.03510672065677688,1.0,-0.0905676126878131,0.030560749927953983,0.0,0.0
2020-07-21,-0.009331327428884305,0.0,-0.009287925696594423,0.0,-0.06109465707773262,0.0,-0.07882200086617586,0.04656200157441496,-0.01515180502060222,0.0,-0.07882200086617586,0.04227416897381455,0.05799348695737026,1.0,-0.07882200086617586,0.035542884206740455,0.01753661775739611,1.0,-0.0905676126878131,0.030570041561862986,0.0,0.0
2020-07-22,0.030338664505409875,1.0,0.0,0.0,-0.03822121282019774,0.0,-0.07882200086617586,0.04952308294499153,0.025998379914095975,1.0,-0.07882200086617586,0.04420774846329159,0.054724899689246674,1.0,-0.07882200086617586,0.03569522845489588,-0.0017873105740957515,0.0,-0.0905676126878131,0.03117676679608725,0.0,0.0
2020-07-23,-0.08210199415425819,0.0,-0.07882200086617586,0.0,-0.03615914209712773,0.0,-0.07882200086617586,0.05012685961056752,-0.02855454271190831,0.0,-0.07882200086617586,0.04338117477215562,0.004321527901036398,1.0,-0.07882200086617586,0.03538539976191395,-0.07134668823278681,0.0,-0.10267111853088484,0.031466877634504356,0.0,0.0
2020-07-24,0.013542116828650561,1.0,0.0,0.0,0.07776170956294425,1.0,0.0,0.008756111005176745,0.06594796464080468,1.0,-0.023923444976076458,0.02057139995423275,0.044145098763959535,1.0,-0.07220367278798001,0.027156916947348845,0.017707825236353003,1.0,-0.10267111853088484,0.025835757182996046,0.0,0.0
2020-07-27,0.03240073522847995,1.0,0.0,0.0,0.040005334613699206,1.0,-0.023923444976076458,0.02655247655409595,0.09926591445797507,1.0,-0.023923444976076458,0.024606795206415413,0.04223101993042791,1.0,-0.07220367278798001,0.027098591827470837,0.09926591445797507,1.0,-0.10267111853088484,0.03296466252826598,0.0,0.0
2020-07-28,0.03181885750581391,1.0,0.0,0.0,0.020005112583674257,1.0,-0.023923444976076458,0.023231739833416323,0.07314529197797232,1.0,-0.023923444976076458,0.024156993320224713,-0.00044913542187741324,0.0,-0.07220367278798001,0.02564667884391357,0.055460620562854474,1.0,-0.10267111853088484,0.032521168409270065,0.0,0.0
2020-07-29,-0.024214258120594512,0.0,-0.023923444976076458,0.0,0.03504632172368127,1.0,-0.023923444976076458,0.029020417991361454,0.028726519775150637,1.0,-0.023923444976076458,0.024368520467166806,-0.05360818981856166,0.0,-0.0905676126878131,0.02394393877016621,-0.044471534208420316,0.0,-0.10267111853088484,0.03523806011927882,0.0,0.0
2020-07-30,0.01240051319845501,1.0,0.0,0.0,0.06554069259275294,1.0,0.0,0.01786260147711001,0.03287607061294474,1.0,-0.03213689482470783,0.023384873378730464,-0.017986096369781938,0.0,-0.0905676126878131,0.02352012815470802,0.07839593908401445,1.0,-0.10267111853088484,0.04109265986238182,0.0,0.0
2020-07-31,0.046860066645820764,1.0,0.0,0.0,0.04054026469729015,1.0,-0.012520868113522599,0.024807430508580242,-0.021802865876845316,0.0,-0.07220367278798001,0.029963471343665286,0.019612744591334445,1.0,-0.0905676126878131,0.02805710420579763,0.09041666396236282,1.0,-0.10267111853088484,0.04129969463571496,0.0,0.0
2020-08-03,0.006280112748477205,1.0,0.0,0.0,-0.026384509231331052,0.0,-0.03213689482470783,0.011086669208115478,-0.05703489452754715,0.0,-0.07220367278798001,0.01935391768977782,-0.026384509231331052,0.0,-0.0905676126878131,0.023760768729924494,0.005862663358152919,1.0,-0.10267111853088484,0.0410763328854319,0.0,0.0
2020-08-04,-0.012599914697007943,0.0,-0.012520868113522599,0.0,-0.07494304527114344,0.0,-0.07220367278798001,0.012605052689035631,-0.07359442739984975,0.0,-0.07220367278798001,0.017357794799762606,-0.04045686919997404,0.0,-0.0905676126878131,0.023607115480650347,0.0008343763521195829,1.0,-0.10267111853088484,0.041054301510158375,0.0,0.0
2020-08-05,-0.02006470728280044,0.0,-0.01986475063398141,0.0,-0.05071509257901645,0.0,-0.06043956043956045,0.022120342197943007,-0.08233470959371231,0.0,-0.07903634826711758,0.01749593337097928,-0.056512210263342334,0.0,-0.07903634826711758,0.024656921302445414,0.008417558119529222,1.0,-0.0912933220625528,0.04097073056073992,0.0,0.0
2020-08-06,-0.04227842329133507,0.0,-0.04139715394566623,0.0,-0.040929805420041494,0.0,-0.04139715394566623,0.02213539019904442,-0.05086216698272662,0.0,-0.06037084950409666,0.020476784541913293,-0.07566821613382323,0.0,-0.07287623975851665,0.026385800424953372,-0.002158429501909835,0.0,-0.07643847123057546,0.04129865904773679,0.0,0.0
2020-08-07,0.011628037995118993,1.0,0.0,0.0,-0.01999157901957678,0.0,-0.031124944419742118,0.013699886517865231,0.041415610468179584,1.0,-0.031124944419742118,0.02442664657376434,-0.026437273527606497,0.0,-0.07287623975851665,0.023928334751100722,0.059380165443478364,1.0,-0.07643847123057546,0.040323074447180675,0.0,0.0
2020-08-10,-0.010279420123825421,0.0,-0.010226767452200858,0.0,-0.02021178168651052,0.0,-0.031124944419742118,0.013601925704969051,0.030650385296216196,1.0,-0.031124944419742118,0.024511221213472562,0.057034894527547036,1.0,-0.07287623975851665,0.03791976395835845,0.10340217428066611,1.0,-0.07643847123057546,0.04190609909212846,0.0,0.0
2020-08-11,-0.021340196890870355,0.0,-0.021114106019766488,0.0,0.04006699259688616,1.0,-0.021114106019766488,0.029156799252798765,0.03313755819987572,1.0,-0.021114106019766488,0.024196372193402385,0.05590975598473179,1.0,-0.07287623975851665,0.0379686585288769,0.14913233306700216,1.0,-0.07643847123057546,0.042246946078988615,0.0,0.0
2020-08-12,0.01140783532818533,1.0,0.0,0.0,0.06227000231091197,1.0,0.0,0.021121086145919274,0.025822499330369977,1.0,-0.035791289348857336,0.025997311685312306,0.00913665561014121,1.0,-0.07643847123057546,0.04347924769325003,0.08233470959371231,1.0,-0.08436532507739936,0.04678783648200119,0.0,0.0
2020-08-13,0.049999354159571116,1.0,0.0,0.0,0.043069919762560964,1.0,-0.0077619663648124115,0.025449686636126227,-0.024806049151096583,0.0,-0.07287623975851665,0.030976503957449494,0.09638203545379638,1.0,-0.07643847123057546,0.052522534333682404,0.11110622784773289,1.0,-0.08436532507739936,0.047427837357191915,0.0,0.0
2020-08-14,0.0008628128231553449,1.0,0.0,0.0,-0.0355846901573865,0.0,-0.035791289348857336,0.012389473859353604,-0.0678528839957861,0.0,-0.07287623975851665,0.017597649486037637,0.07080391937102842,1.0,-0.07643847123057546,0.051098197382246205,0.15445891273047846,1.0,-0.08436532507739936,0.05031253065182794,0.0,0.0
2020-08-17,-0.007792247220165767,0.0,-0.0077619663648124115,0.0,-0.07566821613382323,0.0,-0.07287623975851665,0.013058171073993763,0.02638450923133097,1.0,-0.07287623975851665,0.04769332320112989,0.03224717258948381,1.0,-0.07643847123057546,0.05284664365337674,0.21665423587445987,1.0,-0.08436532507739936,0.051695514199725984,0.0,0.0
2020-08-18,-0.028655255760376176,0.0,-0.02824858757062154,0.0,-0.06092344959877575,0.0,-0.06562364189482839,0.019752664889945756,0.022772197784856115,1.0,-0.06562364189482839,0.04791267911224118,0.04129124555209359,1.0,-0.07643847123057546,0.05272761773804727,0.21257068861443168,1.0,-0.08436532507739936,0.05177667291285414,0.0,0.0
2020-08-19,-0.03922071315328127,0.0,-0.038461538461538436,0.0,0.06283201221187307,1.0,-0.038461538461538436,0.05572162098727649,-0.016685843720228678,0.0,-0.07643847123057546,0.05539756818219148,0.06492976838287169,1.0,-0.07643847123057546,0.05172520648928307,0.21884092725090087,1.0,-0.08436532507739936,0.05155637195261982,0.0,0.0
2020-08-20,0.006952519314881663,1.0,0.0,0.0,0.09064816669851344,1.0,-0.011339773204535941,0.04648806525003708,0.12118808460489289,1.0,-0.07643847123057546,0.06427599619155329,0.07350978663191335,1.0,-0.07643847123057546,0.051026244538189186,0.354905938310051,1.0,-0.08436532507739936,0.05343145131595303,0.0,0.0
2020-08-21,0.09510020605027249,1.0,0.0,0.0,0.015582350118170963,1.0,-0.07643847123057546,0.0676574653887501,0.13865680336681455,1.0,-0.07643847123057546,0.06371380748711038,0.08581743897108488,1.0,-0.07643847123057546,0.05115007193928662,0.3275243724474351,1.0,-0.08436532507739936,0.054037814878860266,0.0,0.0
2020-08-24,-0.011404558666640786,0.0,-0.011339773204535941,0.0,0.01913535923973858,1.0,-0.07643847123057546,0.06923363367472335,0.005862663358152919,1.0,-0.07643847123057546,0.057467029588501306,0.046367279753119175,1.0,-0.07643847123057546,0.045538607725270665,0.24762102311459463,1.0,-0.08436532507739936,0.05093447073145243,0.0,0.0
2020-08-25,-0.06811329726546086,0.0,-0.06584536958368736,0.0,0.05496115598318276,1.0,-0.06584536958368736,0.06821868131640854,0.01851904776723753,1.0,-0.06584536958368736,0.05713507450984233,0.09322257708227039,1.0,-0.06956172094893442,0.046054626721190574,0.18380728348134515,1.0,-0.08436532507739936,0.05421747287359973,0.0,0.0
2020-08-26,0.09865321517184031,1.0,0.0,0.0,0.08538051929025445,1.0,-0.0369923602734219,0.055736708526528435,0.08161561210310037,1.0,-0.040611178126256586,0.045703827934623485,0.07319805398357108,1.0,-0.08436532507739936,0.0496713095413658,0.3169229391520777,1.0,-0.08436532507739936,0.05246132910766978,0.0,0.0
2020-08-27,0.024421238076803357,1.0,0.0,0.0,-0.01202087013914181,0.0,-0.0369923602734219,0.02562960194678577,-0.04767829797297949,0.0,-0.06956172094893442,0.022486317475897723,0.014724192393936443,1.0,-0.08436532507739936,0.041313955066801675,0.1475956027632555,1.0,-0.08436532507739936,0.052076376578638416,0.0,0.0
2020-08-28,-0.037693933958389166,0.0,-0.0369923602734219,0.0,-0.041458841145543296,0.0,-0.040611178126256586,0.01707456358178539,-0.05283936439572964,0.0,-0.06956172094893442,0.020971285342797213,0.08365499335945,1.0,-0.08436532507739936,0.04950605978013176,0.10777015537797939,1.0,-0.09654272667971298,0.05214804671541459,0.0,0.0
2020-08-31,0.001251825742443934,1.0,0.0,0.0,-0.03440560209139368,0.0,-0.035029190992493686,0.013796195644298412,0.04050461639496626,1.0,-0.035029190992493686,0.028654298092648897,0.18440706328497614,1.0,-0.08436532507739936,0.04935910726136401,0.1686587063168369,1.0,-0.09654272667971298,0.05131469842206944,0.0,0.0
2020-09-01,-0.0050167329295982025,0.0,-0.005004170141784892,0.0,-0.01639725617978459,0.0,-0.035029190992493686,0.02037441752871618,0.0747035293150328,1.0,-0.035029190992493686,0.03024081060876634,0.17127944306233805,1.0,-0.08436532507739936,0.04996960462180902,0.15819349151678405,1.0,-0.09654272667971298,0.05143846511906536,0.0,0.0
2020-09-02,-0.0306406949042395,0.0,-0.030176026823134916,0.0,0.044269523582120336,1.0,-0.030176026823134916,0.03537169553973401,-0.008417558119529281,0.0,-0.08436532507739936,0.05180268970260083,0.15391115886802925,1.0,-0.08436532507739936,0.05100032894218856,0.17910319537892025,1.0,-0.09654272667971298,0.051377570057393816,1.0,0.0
2020-09-03,0.019260171654053217,1.0,0.0,0.0,0.11036095714887058,1.0,0.0,0.014886121523391513,0.062402490366915996,1.0,-0.08436532507739936,0.05163037568782445,0.2813961516781376,1.0,-0.08436532507739936,0.05375945167062603,0.25328118592444954,1.0,-0.09654272667971298,0.05106176054552604,1.0,0.0
2020-09-04,0.055650046832306815,1.0,0.0,0.0,0.0029629651306570487,1.0,-0.08436532507739936,0.06355845491945561,0.13649435775517973,1.0,-0.08436532507739936,0.06119607776735845,0.24170693347635033,1.0,-0.08436532507739936,0.05569859371549888,0.2640910148598877,1.0,-0.09654272667971298,0.0511857808742622,1.0,0.0
2020-09-07,0.03545073866251075,1.0,0.0,0.0,-0.012507728119443966,0.0,-0.08436532507739936,0.05940612468511392,0.14390244689000983,1.0,-0.08436532507739936,0.061949591710306354,0.20125374336147547,1.0,-0.08436532507739936,0.05472592384587742,0.25890383958451646,1.0,-0.09654272667971298,0.050982791344923235,1.0,0.0
2020-09-08,-0.08813782036416036,0.0,-0.08436532507739936,0.0,0.045393572260362114,1.0,-0.08436532507739936,0.07618048793344855,0.09657591374730526,1.0,-0.08436532507739936,0.0637953612877104,0.09058470639907461,1.0,-0.08436532507739936,0.061302571686366776,0.20407749478842832,1.0,-0.09654272667971298,0.05117261876304049,1.0,0.0
2020-09-09,0.04017935358220577,1.0,0.0,0.0,0.19658952859165954,1.0,0.0,0.02177790349563142,0.16232871698755857,1.0,-0.0336805555555556,0.04399389315280045,0.24372488516850677,1.0,-0.0772994129158513,0.05377495803031765,0.26405345405833586,1.0,-0.09654272667971298,0.04690081189438293,0.0,0.0
2020-09-10,0.09335203904231672,1.0,0.0,0.0,0.1445343805292599,1.0,-0.011805555555555514,0.04422883856044734,0.2189936613112216,1.0,-0.0336805555555556,0.051225439947673305,0.132871410369319,1.0,-0.08251793868232227,0.06039255985866139,0.16505327116547383,1.0,-0.10089755493655217,0.048971070463816185,0.0,0.0
2020-09-11,0.06305813596713701,1.0,0.0,0.0,0.028797324363035986,1.0,-0.0336805555555556,0.038043936738402506,0.10521257572117071,1.0,-0.0336805555555556,0.04939773023039999,0.024115162018529406,1.0,-0.09654272667971298,0.05450011596255205,0.035244338097254004,1.0,-0.13308573197152584,0.04575906343219024,0.0,0.0
2020-09-14,-0.011875794480193894,0.0,-0.011805555555555514,0.0,0.06258348630176772,1.0,-0.0336805555555556,0.053899218517813006,0.0573512964714656,1.0,-0.0336805555555556,0.04474683827624497,-0.015748356968139168,0.0,-0.09654272667971298,0.05128122577877336,-0.005920268031876598,0.0,-0.13308573197152584,0.0438412999069708,0.0,0.0
2020-09-15,-0.022385017123907024,0.0,-0.022136331693605182,0.0,0.054030234234227564,1.0,-0.022136331693605182,0.05574993044609285,-0.005991207348230552,0.0,-0.0772994129158513,0.056883760268623684,-0.013085951545554088,0.0,-0.09654272667971298,0.05123394390349106,-0.05303316563179309,0.0,-0.16465490560198093,0.04562945840971457,0.0,1.0
2020-09-16,0.09684429790586867,1.0,0.0,0.0,0.09161210807556669,1.0,-0.02022178734507507,0.049090106443165166,0.08139616818094808,1.0,-0.0772994129158513,0.06096743424532591,0.025192036510890903,1.0,-0.09654272667971298,0.050945390326225026,-0.03064814850788609,0.0,-0.16465490560198093,0.045405682951662675,0.0,1.0
2020-09-17,-0.020429046547734128,0.0,-0.02022178734507507,0.0,-0.08045048813019227,0.0,-0.0772994129158513,0.037187165270689944,-0.08612225094190261,0.0,-0.08251793868232227,0.052995872259357986,-0.028114965753688017,0.0,-0.09654272667971298,0.042959777432168056,-0.15719946267661694,0.0,-0.18910554008047054,0.03971686767706936,1.0,1.0
2020-09-18,0.015196856717431895,1.0,0.0,0.0,0.004980916822813562,1.0,-0.07245901639344265,0.058039565836122735,-0.08109741370264113,0.0,-0.09180327868852456,0.052973212898273864,0.022384081383537435,1.0,-0.09180327868852456,0.04355596880200383,-0.11524796936367285,0.0,-0.18910554008047054,0.040103578496586134,1.0,1.0
2020-09-21,-0.07521829829989016,0.0,-0.07245901639344265,0.0,-0.08089006111160046,0.0,-0.0777049180327869,0.06505603502184823,-0.07309965343960476,0.0,-0.09180327868852456,0.054008329842466195,0.057650096223040924,1.0,-0.09180327868852456,0.04583070202929346,-0.12300154646172737,0.0,-0.18910554008047054,0.03993622029096061,1.0,1.0
2020-09-22,0.06500235840527165,1.0,0.0,0.0,-0.021075972120182977,0.0,-0.08247764160317994,0.055705661408441305,-0.007094744197323503,0.0,-0.08247764160317994,0.04487814030953534,0.11349278838935363,1.0,-0.08247764160317994,0.038427133976793836,-0.02614293916801806,0.0,-0.18910554008047054,0.0370343359296215,1.0,1.0
2020-09-23,-0.07067412121698205,0.0,-0.06823451473998021,0.0,-0.0628837135449864,0.0,-0.08247764160317994,0.03852268100171598,-0.056204131670057146,0.0,-0.08247764160317994,0.03309321232734857,0.02032856888982898,1.0,-0.08247764160317994,0.035469657891044636,-0.09623806958457903,0.0,-0.18910554008047054,0.03376577767875448,1.0,1.0
2020-09-24,-0.015404209308472657,0.0,-0.015286171347316024,0.0,-0.0014229813856131415,0.0,-0.015286171347316024,0.016926227188814928,0.0580072851882145,1.0,-0.015286171347316024,0.021611478751140233,0.03218186079615484,1.0,-0.10089755493655217,0.033141790408725176,-0.045082152220992176,0.0,-0.18910554008047054,0.030455009437131995,0.0,1.0
2020-09-25,0.02319461698046837,1.0,0.0,0.0,0.029874198855397528,1.0,-0.00917107583774257,0.013880130492214603,0.1034814950861786,1.0,-0.00917107583774257,0.01751274051663483,0.011129176078724497,1.0,-0.13308573197152584,0.03488091101586448,0.006477172699030411,1.0,-0.18910554008047054,0.031400300198339226,0.0,1.0
2020-09-28,-0.009213389057608844,0.0,-0.00917107583774257,0.0,0.050216877516218845,1.0,-0.00917107583774257,0.021543683623848675,0.13074974966264577,1.0,-0.00917107583774257,0.02128180494507605,0.009828088936262473,1.0,-0.13308573197152584,0.03480063598221851,-0.015283752279589388,0.0,-0.18910554008047054,0.030962929690941263,0.0,1.0
2020-09-29,0.01589297093253793,1.0,0.0,0.0,0.08950026716331917,1.0,0.0,0.011286988056603747,0.12058753258667715,1.0,-0.019189105540080464,0.024762602803495046,-0.03994721408623907,0.0,-0.16465490560198093,0.03918635354935793,-0.044403218488752345,0.0,-0.18910554008047054,0.0319934984953811,0.0,1.0
2020-09-30,0.043537295641289796,1.0,0.0,0.0,0.12407016778771672,1.0,0.0,0.008466934536906867,0.07653270055988615,1.0,-0.046425255338904514,0.032690231370605345,-0.05584018501877715,0.0,-0.16465490560198093,0.03866637025235538,0.0010506041939913687,1.0,-0.18910554008047054,0.03469945862938061,0.0,1.0
2020-10-09,0.030070000589491448,1.0,0.0,0.0,0.06115726601284943,1.0,-0.019189105540080464,0.02932225202931411,-0.025825424392059725,0.0,-0.10089755493655217,0.03986404476805306,-0.12908449692292884,0.0,-0.18910554008047054,0.03547312289623762,-0.06406899032437052,0.0,-0.18910554008047054,0.03350086678647549,1.0,1.0
2020-10-12,0.050462871556935684,1.0,0.0,0.0,0.002925404329105136,1.0,-0.046425255338904514,0.035176475451694805,-0.09235231900745418,0.0,-0.13308573197152584,0.036873326014086896,-0.13763205074721024,0.0,-0.18910554008047054,0.03451732587371356,-0.03309368842991304,0.0,-0.18910554008047054,0.03565036303754335,1.0,1.0
2020-10-13,-0.019375606133577503,0.0,-0.019189105540080464,0.0,-0.10635829653848668,0.0,-0.10089755493655217,0.0169085653502004,-0.12092166072638334,0.0,-0.13308573197152584,0.026504402118694093,-0.1806516426847684,0.0,-0.18910554008047054,0.028379773429785423,-0.0738461203841312,0.0,-0.18910554008047054,0.03372599595385169,1.0,1.0
2020-10-14,-0.028161861094252928,0.0,-0.027769012306721463,0.0,-0.12343958443081221,0.0,-0.11612496055538024,0.012948296777106422,-0.16053474667291626,0.0,-0.14831177027453468,0.02962025309589224,-0.1396357275573716,0.0,-0.17324076995897764,0.03075823827690212,-0.10434423760081013,0.0,-0.17324076995897764,0.03506358988190133,1.0,1.0
2020-10-15,-0.058820829310656284,0.0,-0.05712431028886722,0.0,-0.0733841934985529,0.0,-0.09087958455047052,0.03402568529687512,-0.1323728855786633,0.0,-0.12398571892242782,0.032383549396613934,-0.11656663847440808,0.0,-0.14962674456345337,0.030470598362977976,-0.11510891226875145,0.0,-0.14962674456345337,0.03549167112585487,1.0,0.0
2020-10-16,-0.03645689402590309,0.0,-0.035800344234079184,0.0,-0.07355205626800698,0.0,-0.0709122203098107,0.034082233415120816,-0.10325907253086913,0.0,-0.09810671256454395,0.02841871625306317,-0.07726401301714692,0.0,-0.09810671256454395,0.0263959264217406,-0.05665231534238065,0.0,-0.09810671256454395,0.033343249641460675,1.0,0.0
2020-10-19,0.02189352983800646,1.0,0.0,0.0,-0.03709516224210397,0.0,-0.057282570730003535,0.03415800908929831,-0.045279731739756114,0.0,-0.08487600419140762,0.031287902297239954,-0.004652003379694155,0.0,-0.08487600419140762,0.02745968906723991,-0.05277882950029503,0.0,-0.11462845718093972,0.03315811612518438,1.0,0.0
2020-10-20,-0.05898869208011044,0.0,-0.057282570730003535,0.0,-0.08869570834297251,0.0,-0.08487600419140762,0.02408224137600721,-0.05972998195838514,0.0,-0.08487600419140762,0.02886955692721237,-0.025111841215851905,0.0,-0.08487600419140762,0.026461628289473967,-0.12959722256427547,0.0,-0.1619460179940021,0.03451531217329554,1.0,1.0
2020-10-21,0.0,0.0,0.0,0.0,-0.008184569497652111,0.0,-0.029270100037050772,0.021003122551309344,0.02089901911554447,1.0,-0.029270100037050772,0.018878951850381367,-0.004456004402513339,0.0,-0.03760744985673359,0.02247886691158071,-0.03852440135525617,0.0,-0.1619460179940021,0.03327268141198493,0.0,1.0
2020-10-22,-0.02970701626286213,0.0,-0.029270100037050772,0.0,-0.0007412898782746564,0.0,-0.029270100037050772,0.021609733696242982,0.015806247104255215,1.0,-0.029270100037050772,0.0192114380101974,0.05689078921276844,1.0,-0.03760744985673359,0.029145759676083124,-0.032382347497392175,0.0,-0.1619460179940021,0.03331735812304061,0.0,1.0
2020-10-23,0.021522446765210066,1.0,0.0,0.0,0.050606035378406564,1.0,0.0,0.006664937126351691,0.02599505951372221,1.0,-0.02431059506531197,0.015866121669764033,0.06501550659855848,1.0,-0.03760744985673359,0.028247117482029373,0.02599505951372221,1.0,-0.1619460179940021,0.03328592435392947,0.0,1.0
2020-10-26,0.007443279619377426,1.0,0.0,0.0,0.023990816601907255,1.0,-0.005079825834542695,0.010920754214751974,0.040627728360061885,1.0,-0.02431059506531197,0.019532905138798993,0.10453836231729731,1.0,-0.03760744985673359,0.03251489564993202,0.016302695262893938,1.0,-0.1619460179940021,0.033057743874741696,0.0,1.0
2020-10-27,0.021640308993819257,1.0,0.0,0.0,-0.0029706668708652773,0.0,-0.02431059506531197,0.017051470720704023,0.0346181407425333,1.0,-0.02431059506531197,0.019721887869655664,0.10680552230063733,1.0,-0.03760744985673359,0.03250101471839383,0.0070201655388569045,1.0,-0.1619460179940021,0.03302657550265224,0.0,1.0
2020-10-28,-0.005092772011289368,0.0,-0.005079825834542695,0.0,0.01154413974686526,1.0,-0.02431059506531197,0.023591429275676926,-0.025355023518057865,0.0,-0.03760744985673359,0.024726410234586736,0.03529148995656149,1.0,-0.04865044985004996,0.036876059873281276,-0.04186571752925996,0.0,-0.1619460179940021,0.0331692171621034,0.0,1.0
2020-10-29,-0.019518203853395037,0.0,-0.019328956965718458,0.0,0.018070603760003412,1.0,-0.019328956965718458,0.022959088487663065,0.04108454210851333,1.0,-0.03760744985673359,0.03629175415718952,0.0014577262056565629,1.0,-0.08497167610796408,0.03900270914594396,-0.025860325465723453,0.0,-0.1619460179940021,0.03328008968297229,0.0,1.0
2020-10-30,0.03615511561154973,1.0,0.0,0.0,-0.0007440476533734003,0.0,-0.03760744985673359,0.030432828299426624,0.039020447084836145,1.0,-0.03760744985673359,0.03661519166711856,0.020611697674766224,1.0,-0.085304898367211,0.038456486942079815,-0.02218553109705442,0.0,-0.1619460179940021,0.033188980596523546,0.0,1.0
2020-11-02,0.001433692001848616,1.0,0.0,0.0,0.024447630350358705,1.0,-0.03760744985673359,0.04097016587694372,0.06391063395723522,1.0,-0.03760744985673359,0.041497718265341745,-0.048126826120601006,0.0,-0.11462845718093972,0.03788715488409182,-0.07250898634175013,0.0,-0.1619460179940021,0.032160107554462164,0.0,1.0
2020-11-03,-0.03833285526677193,0.0,-0.03760744985673359,0.0,0.0014316394714376703,1.0,-0.03760744985673359,0.043581147710933035,0.07218738155810402,1.0,-0.03760744985673359,0.04117584361246368,-0.10448538134842357,0.0,-0.1619460179940021,0.04063120700574759,-0.03758880761339843,0.0,-0.1619460179940021,0.03331458429481673,0.0,1.0
2020-11-04,0.06134679361528191,1.0,0.0,0.0,0.10080979722215841,1.0,-0.02135106755337768,0.039022281078583125,0.06064651347461933,1.0,-0.04865044985004996,0.04427603113609572,-0.034068396952742865,0.0,-0.1619460179940021,0.04128509089363365,0.04262163953898936,1.0,-0.1619460179940021,0.03351221505586,0.0,1.0
2020-11-05,-0.021582298877072206,0.0,-0.02135106755337768,0.0,0.04917344320959406,1.0,-0.02135106755337768,0.034061748071660104,-0.03962681590285673,0.0,-0.08497167610796408,0.03993801141017825,-0.08927313671016063,0.0,-0.1619460179940021,0.03554993574249987,-0.031285879059811235,0.0,-0.1619460179940021,0.030738903510585832,1.0,1.0
2020-11-06,0.06104530248394892,1.0,0.0,0.0,0.02088201873640961,1.0,-0.04865044985004996,0.045324228146704296,-0.018408749410069963,0.0,-0.085304898367211,0.039384873528194454,-0.03902044708483622,0.0,-0.1619460179940021,0.036930860751590855,-0.0082600577379228,0.0,-0.1619460179940021,0.030396891943607573,1.0,1.0
2020-11-09,0.009710439602717355,1.0,0.0,0.0,-0.0790898195097333,0.0,-0.08497167610796408,0.02589652221082502,-0.11203746007783619,0.0,-0.11462845718093972,0.023014294542765372,-0.08823566705440337,0.0,-0.1619460179940021,0.030701812471726632,-0.06894480496287295,0.0,-0.1619460179940021,0.02694324030484115,1.0,1.0
2020-11-10,-0.0498737233502565,0.0,-0.04865044985004996,0.0,-0.08916449149673619,0.0,-0.085304898367211,0.021234358566582255,-0.17667276290652764,0.0,-0.1619460179940021,0.01917582953174677,-0.0997853567617804,0.0,-0.1619460179940021,0.030195934570412176,-0.1060642324223626,0.0,-0.1619460179940021,0.027249690069011966,1.0,1.0
2020-11-11,-0.03892653576219422,0.0,-0.0381786339754816,0.0,-0.07187417633029716,0.0,-0.06935201401050795,0.016883133590416283,-0.09471491042736219,0.0,-0.11908931698774083,0.031077436932437686,-0.0771572074858214,0.0,-0.11908931698774083,0.027880577374460553,-0.07942993573682389,0.0,-0.11908931698774083,0.025642367464257774,1.0,0.0
2020-11-12,-0.00036423238428545543,0.0,-0.0003641660597233365,0.0,-0.08787250379407686,0.0,-0.08412235979606708,0.022395630378478516,-0.04964632080730399,0.0,-0.08412235979606708,0.030504807778801133,-0.027318051671380066,0.0,-0.08412235979606708,0.02626360963249555,0.00290909296068373,1.0,-0.08412235979606708,0.026301161698030442,1.0,0.0
2020-11-13,-0.03258340818381741,0.0,-0.032058287795992624,0.0,-0.05542414228088261,0.0,-0.08378870673952643,0.03689564223907694,-0.02061169767476633,0.0,-0.08378870673952643,0.03430031529379544,-0.04279722877182066,0.0,-0.08378870673952643,0.026533224801763806,-0.015418807667183282,0.0,-0.08378870673952643,0.02662031316892414,1.0,0.0
2020-11-16,-0.05492486322597402,0.0,-0.053443733534061066,0.0,-0.016698680239201118,0.0,-0.053443733534061066,0.03647331502787725,0.023801793023432712,1.0,-0.053443733534061066,0.03140857798651136,-0.02438216022114915,0.0,-0.053443733534061066,0.025105566809466837,0.08267379357400259,1.0,-0.05955777460770317,0.02921706395643159,0.0,0.0
2020-11-17,0.03208412912890888,1.0,0.0,0.0,0.06689657373502517,1.0,0.0,0.011509275689860552,0.0768874061447473,1.0,-0.0018375597206909955,0.013039221769123895,0.06689657373502517,1.0,-0.04704152884968771,0.020541888863681957,0.16021010318652368,1.0,-0.05955777460770317,0.026101395921509667,0.0,0.0
2020-11-18,0.006142053857864149,1.0,0.0,0.0,0.04664252712049801,1.0,0.0,0.00956542160571636,0.01755770294154084,1.0,-0.02866593164277842,0.01835056699187407,0.07669003649173221,1.0,-0.04704152884968771,0.021916688456732152,0.13991260655336152,1.0,-0.05955777460770317,0.025534073048753266,0.0,0.0
2020-11-19,0.028670390748252138,1.0,0.0,0.0,0.03866122315797434,1.0,-0.0018375597206909955,0.012477913022774881,0.0223282691359239,1.0,-0.02866593164277842,0.018585054540805217,0.057987257650349525,1.0,-0.04704152884968771,0.022749380827492376,0.12705235477020935,1.0,-0.05955777460770317,0.025708800942427116,0.0,0.0
2020-11-20,0.011830082514381592,1.0,0.0,0.0,-0.017254741664575465,0.0,-0.02866593164277842,0.016190665656951053,-0.02218553109705442,0.0,-0.033443586916574786,0.015213903788156043,0.03076038934691331,1.0,-0.04704152884968771,0.02144077373006262,0.11077535661516075,1.0,-0.05955777460770317,0.02524283052000171,0.0,0.0
2020-11-23,-0.0018392501046596214,0.0,-0.0018375597206909955,0.0,-0.01817220412671,0.0,-0.02866593164277842,0.015860990823568386,-0.04818395324458201,0.0,-0.04704152884968771,0.013055314825739758,0.019290862091530494,1.0,-0.04704152884968771,0.02124771363815193,0.123605409141254,1.0,-0.05955777460770317,0.025555650436214626,0.0,0.0
2020-11-24,-0.027245574074297563,0.0,-0.026877761413843904,0.0,-0.03217636350677651,0.0,-0.03166421207658321,0.015992853448789545,-0.00999083240972204,0.0,-0.04528718703976442,0.022868330178322654,-0.006278875660582181,0.0,-0.04528718703976442,0.02301259314145543,0.09343400664609706,1.0,-0.05955777460770317,0.02684263735350002,0.0,0.0
2020-11-25,0.01091262005224719,1.0,0.0,0.0,-0.01909912906562483,0.0,-0.029565868263473072,0.01223721788611996,0.05913233355019145,1.0,-0.029565868263473072,0.02427694706281535,-0.0022727282510024553,0.0,-0.05955777460770317,0.022576469995537814,0.1646354923863496,1.0,-0.05955777460770317,0.02709390879682171,0.0,0.0
2020-11-26,-0.015843409484726054,0.0,-0.01571856287425144,0.0,0.006342121612328478,1.0,-0.029565868263473072,0.024220871763468415,0.03565898851442556,1.0,-0.029565868263473072,0.026193706156267454,0.030227144632063923,1.0,-0.05955777460770317,0.026022447508175787,0.14015238944200478,1.0,-0.05955777460770317,0.027495252555377166,0.0,0.0
2020-11-27,-0.014168339633145849,0.0,-0.014068441064638781,0.0,0.06406312298267036,1.0,-0.014068441064638781,0.025219374552132516,0.052945920443967724,1.0,-0.014068441064638781,0.02398032501028704,0.027378421104637396,1.0,-0.05955777460770317,0.026242084880289947,0.18168764235117346,1.0,-0.05955777460770317,0.027258439152199845,0.0,0.0
2020-11-30,0.03635387073020039,1.0,0.0,0.0,0.06567073763229761,1.0,-0.012482168330955723,0.02446466729520058,0.0674748153361124,1.0,-0.012482168330955723,0.021562708770156456,0.10705595379515183,1.0,-0.05955777460770317,0.0314738665969565,0.1747081256060023,1.0,-0.05955777460770317,0.027596479479491256,0.0,0.0
2020-12-01,0.041877591885616024,1.0,0.0,0.0,0.03076038934691331,1.0,-0.012482168330955723,0.02308092830099677,0.003711956749139878,1.0,-0.03744650499286739,0.023074727136607614,0.09331352945149832,1.0,-0.05955777460770317,0.030612207732672786,0.03651373135862432,1.0,-0.11572606214331005,0.03587526009325646,0.0,0.0
2020-12-02,-0.012560724983518805,0.0,-0.012482168330955723,0.0,-0.01075664727970386,0.0,-0.012482168330955723,0.006361789118245639,-0.06140506180119391,0.0,-0.05955777460770317,0.011808410674861113,0.0632225700616291,1.0,-0.05955777460770317,0.028683264750520465,0.008169109539109603,1.0,-0.11572606214331005,0.03480906507161688,0.0,0.0
2020-12-03,0.0014435224448161243,1.0,0.0,0.0,-0.025604910152957287,0.0,-0.02703677000720983,0.013353267155300686,-0.005431843882361729,0.0,-0.0493871665465031,0.02518841353260319,0.06906509711985998,1.0,-0.0493871665465031,0.028350255221493936,0.010061170030997869,1.0,-0.11572606214331005,0.03477624489039754,0.0,0.0
2020-12-04,0.00036055525899876566,1.0,0.0,0.0,-0.05028785926249136,0.0,-0.0493871665465031,0.012226982512244987,-0.02556749933933041,0.0,-0.0493871665465031,0.02605668644337415,0.08001496726824726,1.0,-0.0493871665465031,0.028329563003129297,0.08499588409106082,1.0,-0.11572606214331005,0.038511778568110284,0.0,0.0
2020-12-07,-0.02740898785677227,0.0,-0.02703677000720983,0.0,-0.007235921586176743,0.0,-0.0493871665465031,0.03244747168456716,0.03958113845903928,1.0,-0.0493871665465031,0.038738830692536336,0.10431454704972354,1.0,-0.0493871665465031,0.028610698498424264,0.10171291956604554,1.0,-0.11572606214331005,0.03859960815219141,0.0,0.0
2020-12-08,-0.023239426664717816,0.0,-0.022971470915153613,0.0,0.0014809332584431066,1.0,-0.022971470915153613,0.03040493532673485,0.08960157270235845,1.0,-0.022971470915153613,0.03455764704860414,0.09971288230667921,1.0,-0.03150373497888925,0.029245574935431094,0.10539756573100452,1.0,-0.11572606214331005,0.03845258789773649,0.0,0.0
2020-12-09,0.04341249293531346,1.0,0.0,0.0,0.09022955298052943,1.0,-0.01851851851851849,0.03564502775395888,0.12462763186282318,1.0,-0.01851851851851849,0.028528188315995906,0.16690822063735225,1.0,-0.03150373497888925,0.028554366093257028,0.21055036828938276,1.0,-0.11572606214331005,0.04127991035783368,0.0,0.0
2020-12-10,-0.01869213301215252,0.0,-0.01851851851851849,0.0,0.06942850643176293,1.0,-0.01851851851851849,0.03437710099024971,0.07449694100222173,1.0,-0.01851851851851849,0.029073107038906938,0.10992524480994102,1.0,-0.03150373497888925,0.028338156538356026,0.15787854994127282,1.0,-0.11572606214331005,0.04077499331699448,0.0,0.0
2020-12-11,0.06550919305736848,1.0,0.0,0.0,0.09990727193966221,1.0,0.0,0.02319843571953735,0.10558246660757778,1.0,-0.006695681285570743,0.0241282220673369,0.1543092212465361,1.0,-0.03150373497888925,0.026773883749667472,0.16847599367307037,1.0,-0.11572606214331005,0.040493952364761776,0.0,0.0
2020-12-14,0.02261144638654699,1.0,0.0,0.0,0.02767988095700576,1.0,-0.006695681285570743,0.012109837048818625,0.06473340859068426,1.0,-0.006695681285570743,0.011126293176749052,0.06765217181085059,1.0,-0.03150373497888925,0.02290772338290337,0.18399490763593354,1.0,-0.11572606214331005,0.04171079298877876,0.0,0.0
2020-12-15,0.011786632495746706,1.0,0.0,0.0,0.017461827163662288,1.0,-0.006695681285570743,0.008869735050994759,0.010111309604320695,1.0,-0.03150373497888925,0.019748475853189937,-0.05679979809287408,0.0,-0.11572606214331005,0.03904217278427351,0.16598513747426116,1.0,-0.11572606214331005,0.04160580245598101,0.0,0.0
2020-12-16,-0.006718197925287927,0.0,-0.006695681285570743,0.0,0.03033532970839055,1.0,-0.006695681285570743,0.012911345751893585,0.042280588774528984,1.0,-0.03150373497888925,0.02610029515685331,-0.0550534605225195,0.0,-0.11572606214331005,0.03912372999239661,0.17239633443038668,1.0,-0.11572606214331005,0.041656104437499744,0.0,0.0
2020-12-17,0.012393392593203474,1.0,0.0,0.0,0.00504287503386196,1.0,-0.03150373497888925,0.02434422215626555,0.03542830380771924,1.0,-0.03150373497888925,0.027024609355997854,-0.05900392708886218,0.0,-0.11572606214331005,0.03915391514805495,0.13886765184708133,1.0,-0.11572606214331005,0.04289586898248068,0.0,0.0
2020-12-18,0.024660135040474963,1.0,0.0,0.0,0.036605394106613655,1.0,-0.03150373497888925,0.03224011313341239,0.04872675463895824,1.0,-0.03150373497888925,0.028051010004659725,0.004980916822813562,1.0,-0.11572606214331005,0.046212546925903195,0.19176418472813445,1.0,-0.11572606214331005,0.044741382305960024,0.0,0.0
2020-12-21,-0.03201065259981665,0.0,-0.03150373497888925,0.0,-0.0016252238259592004,0.0,-0.03150373497888925,0.032352648553855966,0.0029187632201663903,1.0,-0.03150373497888925,0.029142960962719712,-0.0026016274836779575,0.0,-0.11572606214331005,0.04587081957577631,0.18020825030964407,1.0,-0.11572606214331005,0.04461745626989921,0.0,0.0
2020-12-22,0.04395591166595505,1.0,0.0,0.0,0.05607727219829997,1.0,-0.013478818998716391,0.02400090861096234,-0.06691110769719477,0.0,-0.11572606214331005,0.050397729686670736,0.00568468342432527,1.0,-0.11572606214331005,0.04536179965386172,0.30092398986666347,1.0,-0.11572606214331005,0.04677298736571446,1.0,0.0
2020-12-23,-0.013570482892097802,0.0,-0.013478818998716391,0.0,-0.009026495845972078,0.0,-0.020925808497146536,0.02052885322972628,-0.09733404929704859,0.0,-0.11572606214331005,0.04461235419123157,0.043642147652030616,1.0,-0.11572606214331005,0.05016709630392922,0.26856598735197645,1.0,-0.11572606214331005,0.04630227541617583,1.0,0.0
2020-12-24,0.02569184342444257,1.0,0.0,0.0,-0.09729653647105212,0.0,-0.11572606214331005,0.05267275136299149,-0.09443223089658141,0.0,-0.11572606214331005,0.04470406539146245,0.047953305131331746,1.0,-0.11572606214331005,0.0500294556983371,0.3330739604183393,1.0,-0.11572606214331005,0.046555319457778334,1.0,0.0
2020-12-25,-0.02114785637831696,0.0,-0.020925808497146536,0.0,-0.10945540982939339,0.0,-0.11572606214331005,0.0483334589359998,-0.04374583781614479,0.0,-0.11572606214331005,0.05756141257273609,0.014166772426534245,1.0,-0.11572606214331005,0.04964352903845727,0.2652380396120173,1.0,-0.11572606214331005,0.0482148110588003,1.0,0.0
2020-12-28,-0.10184052351717772,0.0,-0.09682642487046622,0.0,-0.09897621794270707,0.0,-0.09682642487046622,0.0496756927089779,-0.00552039070384433,0.0,-0.09682642487046622,0.057944176731171,0.11634273582508292,1.0,-0.09682642487046622,0.05424908163091585,0.23831288705496473,1.0,-0.09682642487046622,0.049515175322044504,1.0,0.0
2020-12-29,0.013532970066101449,1.0,0.0,0.0,0.07924254207934996,1.0,-0.010611956137247969,0.036685464275715465,0.07259579112152002,1.0,-0.023445131878866876,0.0344414152110964,0.22278493556713536,1.0,-0.023445131878866876,0.03933136437776435,0.40677893331954595,1.0,-0.08626719515038472,0.04339856931499141,0.0,0.0
2020-12-30,-0.01066866449163062,0.0,-0.010611956137247969,0.0,0.08278716274723207,1.0,-0.010611956137247969,0.03630669396648861,0.14097619694907915,1.0,-0.023445131878866876,0.04367353303012844,0.22744979495290626,1.0,-0.023445131878866876,0.03925245697439524,0.3398018734376612,1.0,-0.08626719515038472,0.046282845201668386,0.0,0.0
2020-12-31,0.0763782365048792,1.0,0.0,0.0,0.06973148554704933,1.0,-0.023445131878866876,0.04109864885606809,0.1423855360279131,1.0,-0.023445131878866876,0.04342564124797139,0.19787157893594348,1.0,-0.03944773175542404,0.04262812395737946,0.3072428147263001,1.0,-0.11331312660293769,0.047775626186399536,0.0,0.0
2021-01-04,0.017077590733983555,1.0,0.0,0.0,0.07526662493583064,1.0,-0.023445131878866876,0.04349687613766639,0.05791261024267908,1.0,-0.023445131878866876,0.03753604843588346,0.18678326790532093,1.0,-0.03944773175542404,0.04126405958726922,0.2583559360861161,1.0,-0.11331312660293769,0.0458011281357793,0.0,0.0
2021-01-05,-0.02372434169181334,0.0,-0.023445131878866876,0.0,0.04892970878905049,1.0,-0.023445131878866876,0.046763026154498774,0.12186312652892735,1.0,-0.023445131878866876,0.04694536067909725,0.1828098777933221,1.0,-0.03944773175542404,0.04129667768712028,0.2764666955913388,1.0,-0.11331312660293769,0.0460527634645675,0.0,0.0
2021-01-06,0.08191337589366054,1.0,0.0,0.0,0.06455936120050884,1.0,-0.017204301075268824,0.0427073629316841,0.15018914444561532,1.0,-0.017204301075268824,0.04227631483807738,0.2952393064423382,1.0,-0.03944773175542404,0.04357203722382008,0.2680678235433227,1.0,-0.11331312660293769,0.046429985308165854,0.0,0.0
2021-01-07,-0.009259325412796712,0.0,-0.009216589861751112,0.0,0.06367409232708006,1.0,-0.017204301075268824,0.042290069300678246,0.08647359800382706,1.0,-0.017204301075268824,0.03338746177660168,0.2249238396999459,1.0,-0.03944773175542404,0.040084268815887315,0.15428233672956154,1.0,-0.11447889951037549,0.04462273352684873,0.0,0.0
2021-01-08,-0.008094689280354865,0.0,-0.008062015503875974,0.0,0.07753509396475144,1.0,-0.008062015503875974,0.039363081747009455,0.055486042908030254,1.0,-0.03944773175542404,0.03996870211007672,0.2851206552870076,1.0,-0.03944773175542404,0.03937775186904896,0.16853182351535684,1.0,-0.11447889951037549,0.04445949659299891,0.0,0.0
2021-01-11,0.08102810702023173,1.0,0.0,0.0,0.10382761269697857,1.0,0.0,0.03328913484074314,0.1288706576626418,1.0,-0.03944773175542404,0.043540663811997025,0.251071267185483,1.0,-0.041268360923292224,0.04363756795806235,0.1823736550512798,1.0,-0.11447889951037549,0.04430439237234288,0.0,0.0
2021-01-12,0.0046016762248746405,1.0,0.0,0.0,-0.017447374831846458,0.0,-0.03944773175542404,0.024971166808519223,0.06094675126439471,1.0,-0.03944773175542404,0.03365632468333223,0.12197015122988177,1.0,-0.08626719515038472,0.04427622361411538,0.13263015065216693,1.0,-0.11447889951037549,0.041505557196155556,0.0,0.0
2021-01-13,0.018197829451872163,1.0,0.0,0.0,0.04324087441753556,1.0,-0.03944773175542404,0.04316823297957025,0.14505016199672294,1.0,-0.03944773175542404,0.04482443392355875,0.18399399775241054,1.0,-0.08626719515038472,0.04703606838456026,0.1272708029678866,1.0,-0.11447889951037549,0.04153508708545398,0.0,0.0
2021-01-14,-0.040246880508593354,0.0,-0.03944773175542404,0.0,0.03814724558764796,1.0,-0.03944773175542404,0.04308609617604197,0.13845024169611891,1.0,-0.03944773175542404,0.045218836554408226,0.112352078484755,1.0,-0.08626719515038472,0.05174176958430716,0.15015769249035404,1.0,-0.11447889951037549,0.04215601294837375,0.0,0.0
2021-01-15,0.06528992547425655,1.0,0.0,0.0,0.16709921305344408,1.0,0.0,0.03160012953612699,0.22963461237897728,1.0,0.0,0.029952680200295633,0.10937123579035654,1.0,-0.11331312660293769,0.0520451958320365,0.1596253367089152,1.0,-0.11447889951037549,0.04166742899119371,0.0,0.0
2021-01-18,0.013104200621984693,1.0,0.0,0.0,0.11340719673045561,1.0,0.0,0.03599888855978961,0.12220060952284117,1.0,-0.041268360923292224,0.043724083507329536,0.07157266818079512,1.0,-0.11331312660293769,0.049258467819797445,0.04670736224540406,1.0,-0.11447889951037549,0.041166784534614684,0.0,0.0
2021-01-19,0.08870508695720282,1.0,0.0,0.0,0.15124048628273604,1.0,0.0,0.03148105403963814,0.06102339996548689,1.0,-0.08626719515038472,0.05280170116922323,0.09365681779801667,1.0,-0.11331312660293769,0.04996555930758982,0.022261882207912087,1.0,-0.1210072277920261,0.04119179944943618,1.0,0.0
2021-01-20,0.011597909151268064,1.0,0.0,0.0,0.020391321943653652,1.0,-0.041268360923292224,0.038151717553157424,0.03894383575568756,1.0,-0.08626719515038472,0.04680152275534625,-0.02717148289901557,0.0,-0.11331312660293769,0.04351116015668228,-0.10593981802847728,0.0,-0.15504779668920488,0.036803732259017376,1.0,1.0
2021-01-21,0.050937490174265194,1.0,0.0,0.0,-0.03927959614298398,0.0,-0.08626719515038472,0.04534118728780965,-0.026098163211363854,0.0,-0.08626719515038472,0.052613256019228116,-0.07064150297038423,0.0,-0.11447889951037549,0.044032189695413004,-0.14978501875940023,0.0,-0.1818605735602704,0.03703718073866353,1.0,1.0
2021-01-22,-0.04214407738187951,0.0,-0.041268360923292224,0.0,-0.023591563569845538,0.0,-0.08626719515038472,0.05272752950766392,-0.12026337658862073,0.0,-0.11331312660293769,0.04551559857386793,-0.11658883177165072,0.0,-0.11447889951037549,0.03994788820927485,-0.19532246739019848,0.0,-0.1818605735602704,0.034701456715571975,1.0,1.0
2021-01-25,-0.04807300893536952,0.0,-0.046935797665369594,0.0,-0.034891576003749446,0.0,-0.05204105991883501,0.05537881016847286,-0.05062794134204604,0.0,-0.09214609692050613,0.04841078046748446,-0.0686976121342032,0.0,-0.09333969921222263,0.038862068251235386,-0.1449920351865458,0.0,-0.16232991167343036,0.03408161081180389,1.0,1.0
2021-01-26,0.06662552274740338,1.0,0.0,0.0,-0.030046290271371682,0.0,-0.09214609692050613,0.054353597094170474,0.03263341783252971,1.0,-0.09214609692050613,0.04678648058752024,0.01065999942228525,1.0,-0.09333969921222263,0.0377238496089991,-0.11393106113625565,0.0,-0.1651945571735498,0.03287220652174993,1.0,1.0
2021-01-27,-0.05344408981578337,0.0,-0.05204105991883501,0.0,-0.06918045515408,0.0,-0.09214609692050613,0.035987820879762,-0.0661153186547032,0.0,-0.09214609692050613,0.037085186606422654,-0.05672319478452389,0.0,-0.09333969921222263,0.030793040697552832,-0.18686756294814236,0.0,-0.17044640725710192,0.02838621799221579,1.0,1.0
2021-01-28,-0.04322772320299177,0.0,-0.04230672374716693,0.0,0.019451984900909634,1.0,-0.04230672374716693,0.035291662050788423,-0.04454333975902038,0.0,-0.061990614966658586,0.033207051345208925,0.03780561400559921,1.0,-0.061990614966658586,0.029142104571558764,-0.18539855990267004,0.0,-0.2000484966052376,0.02827368860794913,0.0,1.0
2021-01-29,0.027491357864695115,1.0,0.0,0.0,0.03055649436407202,1.0,-0.03161274388737967,0.030081348012991012,0.003674544816970204,1.0,-0.061990614966658586,0.02850939606475707,0.050254100918558677,1.0,-0.061990614966658586,0.027316161701455413,-0.14005122954729016,0.0,-0.2000484966052376,0.027259677168819555,0.0,1.0
2021-02-01,0.0351883502392062,1.0,0.0,0.0,-0.02880697442072381,0.0,-0.061990614966658586,0.031671955959717904,-0.018069670792157152,0.0,-0.061990614966658586,0.025606956328942818,-0.02486530593539112,0.0,-0.07541222114451984,0.030273919991084565,-0.23058998448984552,0.0,-0.2473326867119302,0.02863837443496742,0.0,1.0
2021-02-02,-0.032123213739829556,0.0,-0.03161274388737967,0.0,-0.05900516328693137,0.0,-0.061990614966658586,0.017436528653956333,-0.02197341841024455,0.0,-0.061990614966658586,0.024445137790355176,-0.07139493559010462,0.0,-0.08583899127061101,0.02758189914350352,-0.31226766845859594,0.0,-0.28152279340446174,0.02748563276762132,0.0,1.0
2021-02-03,-0.03187211092010058,0.0,-0.03136954858454488,0.0,-0.021134807291533976,0.0,-0.03136954858454488,0.01755818374611871,0.00939212387017931,1.0,-0.03136954858454488,0.020176326911411087,-0.07876833512946171,0.0,-0.12124151309408338,0.02832838121753455,-0.2680678235433227,0.0,-0.28152279340446174,0.027843923277413148,0.0,1.0
2021-02-04,0.004990161372998643,1.0,0.0,0.0,0.0420219062496855,1.0,0.0,0.01222080440400947,0.08234895376461944,1.0,-0.0007573844988639777,0.016546394639382893,-0.07914351578901589,0.0,-0.1491270611057226,0.028360366070524935,-0.20630352148043998,0.0,-0.28152279340446174,0.029024432516919253,0.0,1.0
2021-02-05,0.005747142255567851,1.0,0.0,0.0,0.03627407341728111,1.0,-0.0007573844988639777,0.013829042754853346,0.04657955610158867,1.0,-0.0303103782735209,0.02535237496480888,-0.07873363561854786,0.0,-0.1491270611057226,0.028379276675168465,-0.20484204757194988,0.0,-0.28152279340446174,0.029064686022688125,0.0,1.0
2021-02-08,0.031284602621118915,1.0,0.0,0.0,0.07161165013605286,1.0,-0.0007573844988639777,0.017868455277381647,-0.006795635143233891,0.0,-0.07541222114451984,0.03427480376638983,-0.07629442305234253,0.0,-0.1491270611057226,0.028505499199456746,-0.2219070147601795,0.0,-0.28152279340446174,0.028832325653452076,0.0,1.0
2021-02-09,-0.0007576714594056635,0.0,-0.0007573844988639777,0.0,0.00954781122490174,1.0,-0.0303103782735209,0.029470339247621522,-0.04942151717986011,0.0,-0.08583899127061101,0.03014779588318221,-0.12459106055854079,0.0,-0.15203685741998063,0.025428543956842888,-0.2997890653597198,0.0,-0.2883123181377304,0.02809547812656032,1.0,1.0
2021-02-10,0.041084718974339546,1.0,0.0,0.0,-0.037322566304947194,0.0,-0.07541222114451984,0.03846826362279489,-0.08816045899964096,0.0,-0.12124151309408338,0.031742401747258106,-0.1301443681636185,0.0,-0.15737148399612033,0.02522677238372422,-0.2841511734492288,0.0,-0.2883123181377304,0.028691936528114588,1.0,1.0
2021-02-18,-0.03077923629003223,0.0,-0.0303103782735209,0.0,-0.08974856469479404,0.0,-0.08583899127061101,0.014826576374603682,-0.16149246955363544,0.0,-0.1491270611057226,0.012069165556438426,-0.22320417390826908,0.0,-0.2000484966052376,0.020221526381672267,-0.277709334177274,0.0,-0.2883123181377304,0.029339678589219854,1.0,1.0
2021-02-19,-0.04762804898925459,0.0,-0.046511627906976716,0.0,-0.09846594168394847,0.0,-0.09377344336084026,0.015547678346801676,-0.1253131917201364,0.0,-0.12253063265816455,0.019418584855266662,-0.19030533046584885,0.0,-0.1750437609402351,0.021228827298193326,-0.2834400199270341,0.0,-0.26606651662915726,0.029530627562562875,1.0,1.0
2021-02-22,-0.011341279415507251,0.0,-0.011277209546288969,0.0,-0.0830851842743486,0.0,-0.07972724888539207,0.01193657700183223,-0.06949878790910854,0.0,-0.07972724888539207,0.019280329059959397,-0.20572467855445448,0.0,-0.18594282717020727,0.023669646926124506,-0.22787542134204328,0.0,-0.2302648832939942,0.028858507338356827,0.0,1.0
2021-02-23,-0.039496613279186535,0.0,-0.03872679045092842,0.0,-0.06634386331537458,0.0,-0.0692307692307692,0.019679611476096672,-0.07516954337868076,0.0,-0.07241379310344842,0.01926325211000107,-0.24087273286849126,0.0,-0.21405835543766583,0.02462813915136521,-0.2102954088363608,0.0,-0.22148541114058362,0.029113329010487465,0.0,1.0
2021-02-24,-0.032247291579654745,0.0,-0.03173289183222949,0.0,-0.018660895214414816,0.0,-0.03173289183222949,0.018438983444755922,-0.041983909163977456,0.0,-0.04111479028697573,0.01491826216493119,-0.18929948841386102,0.0,-0.1823951434878588,0.026210403761084605,-0.20340314731039277,0.0,-0.190121412803532,0.028807417227403216,0.0,1.0
2021-02-25,0.005400041543466644,1.0,0.0,0.0,-0.0034256385198393924,0.0,-0.016868147315153292,0.01127939889721411,-0.06171170435463378,0.0,-0.07253303345515882,0.021749286864323848,-0.12716000569142416,0.0,-0.16699465842001693,0.029478756515353168,-0.16811685288533784,0.0,-0.17486646050042165,0.028479968114386977,0.0,1.0
2021-02-26,0.008186354821773186,1.0,0.0,0.0,-0.01513665912778944,0.0,-0.023053134664042796,0.010326041132891641,-0.06499213874571245,0.0,-0.07253303345515882,0.021247874964169463,-0.12610841195340214,0.0,-0.16699465842001693,0.029544995437895,-0.14264307297577855,0.0,-0.17486646050042165,0.02961588727032925,0.0,1.0
2021-03-01,-0.017012034885079432,0.0,-0.016868147315153292,0.0,-0.07529810071987375,0.0,-0.07253303345515882,0.019499681836077747,-0.1362258906453459,0.0,-0.12735451222940686,0.02568507655746871,-0.1456125917078369,0.0,-0.16699465842001693,0.028740519794089224,-0.16266777716899714,0.0,-0.17486646050042165,0.029418920539079078,1.0,1.0
2021-03-02,-0.0063109790644832785,0.0,-0.006291106662853818,0.0,-0.056166458682406224,0.0,-0.05661995996568481,0.023763934922763446,-0.16570318948981064,0.0,-0.15270231627108954,0.02604017612653665,-0.17519800480117895,0.0,-0.16070917929653983,0.03031988820109798,-0.10513812752608201,0.0,-0.16070917929653983,0.031170550590177898,1.0,1.0
2021-03-03,-0.05197508677031099,0.0,-0.0506474820143884,0.0,-0.11290287669578312,0.0,-0.10676258992805754,0.02847137042809132,-0.14731557924988348,0.0,-0.1473381294964029,0.030488043068632932,-0.1540068052856102,0.0,-0.1553956834532374,0.03173668727261048,-0.11969133011274219,0.0,-0.1553956834532374,0.03135598082415301,1.0,1.0
2021-03-04,0.0021196071523880157,1.0,0.0,0.0,-0.10741712365501627,0.0,-0.10375075620084706,0.027656096446363847,-0.06544830133679043,0.0,-0.10375075620084706,0.035562388124761285,-0.05450516026900495,0.0,-0.11222020568663038,0.034211497544224534,-0.047487587610358276,0.0,-0.11222020568663038,0.02997939852064555,1.0,0.0
2021-03-05,-0.06304739707786018,0.0,-0.061101028433151905,0.0,-0.09746009963196046,0.0,-0.10375075620084706,0.03222794047975964,-0.061116273207689725,0.0,-0.10375075620084706,0.035972779621320845,-0.09313468946118532,0.0,-0.11222020568663038,0.0353021550709697,-0.009726520449889252,0.0,-0.11222020568663038,0.03136023393663613,1.0,0.0
2021-03-08,-0.04648933372954419,0.0,-0.045425257731958824,0.0,-0.0045205114113182066,0.0,-0.045425257731958824,0.03262838533142559,-0.009386701062491091,0.0,-0.045425257731958824,0.02589494541460037,-0.022150742787588856,0.0,-0.0562700964630225,0.030608458904752257,0.04288172748326576,1.0,-0.0562700964630225,0.028032191441437967,0.0,0.0
2021-03-09,0.012076631175443888,1.0,0.0,0.0,0.04842045759971467,1.0,0.0,0.009991632136961387,-0.009494815311368313,0.0,-0.0562700964630225,0.02593220671450209,0.03057732403213051,1.0,-0.0562700964630225,0.026836559897461133,0.06658249896507464,1.0,-0.0562700964630225,0.02640493914788129,0.0,0.0
2021-03-10,0.029892191142781976,1.0,0.0,0.0,0.025026001491609183,1.0,-0.0112540192926045,0.016876936268591835,-0.0066912260357267295,0.0,-0.0562700964630225,0.026256612378335067,-0.01410365889653178,0.0,-0.0562700964630225,0.028623092354023723,0.05324204455663972,1.0,-0.0562700964630225,0.026343969091308136,0.0,0.0
2021-03-11,0.0064516352814888165,1.0,0.0,0.0,-0.051463637629594224,0.0,-0.0562700964630225,0.022046946760820477,0.010943141067785418,1.0,-0.0562700964630225,0.030975096930401475,-0.04095684719391371,0.0,-0.0562700964630225,0.02675939385013768,-0.0029168712951232454,0.0,-0.05894929749541855,0.02628478860844965,0.0,0.0
2021-03-12,-0.011317824932661572,0.0,-0.0112540192926045,0.0,-0.04303505245999765,0.0,-0.0562700964630225,0.025189268216859823,-0.032018416253495684,0.0,-0.0562700964630225,0.034373095962379245,-0.0165346610223764,0.0,-0.0562700964630225,0.02865768252540654,-0.061670184303610744,0.0,-0.1069028711056812,0.028567384343317764,0.0,0.0
2021-03-15,-0.04659744797842143,0.0,-0.04552845528455285,0.0,0.01580933071895828,1.0,-0.04552845528455285,0.039022238153758194,-0.012764041725097711,0.0,-0.04552845528455285,0.03468399034747382,-0.01705518546116013,0.0,-0.05345710627400757,0.028675656223188635,-0.05583934158720827,0.0,-0.11178985949908382,0.028511560598439123,0.0,0.0
2021-03-16,0.014880220451085297,1.0,0.0,0.0,0.025896856657587414,1.0,-0.03585147247119069,0.03459103951980343,0.0400721393434989,1.0,-0.03585147247119069,0.02681016391783567,0.07005987727509705,1.0,-0.05345710627400757,0.02689151695349103,0.008143920138012878,1.0,-0.11178985949908382,0.026964524424129915,0.0,0.0
2021-03-17,0.04752655824629435,1.0,0.0,0.0,0.01895318580223836,1.0,-0.03585147247119069,0.03432684023500001,-0.007412432860805054,0.0,-0.05345710627400757,0.030808160208654352,0.03431547517286796,1.0,-0.05345710627400757,0.027961604769118964,0.00935523027524683,1.0,-0.11178985949908382,0.026998303742529334,0.0,0.0
2021-03-18,-0.036509922039792295,0.0,-0.03585147247119069,0.0,-0.022334639353880796,0.0,-0.03585147247119069,0.020563773262585704,-0.05189998826169914,0.0,-0.05345710627400757,0.019841585383415298,0.00701757265864654,1.0,-0.05345710627400757,0.02466124234028878,0.002876779992615073,1.0,-0.11178985949908382,0.0264653582553254,0.0,0.0
2021-03-19,0.007936549595736342,1.0,0.0,0.0,-0.01842906906730696,0.0,-0.03207855973813423,0.018723818767736374,0.015483755231119245,1.0,-0.03207855973813423,0.020393299965919563,0.08340816901129594,1.0,-0.03207855973813423,0.023766562395056694,0.0827971088028534,1.0,-0.11178985949908382,0.02666218154252292,0.0,0.0
2021-03-22,0.0062387330901753,1.0,0.0,0.0,-0.02332661581764308,0.0,-0.03207855973813423,0.017605151521432248,-0.0042911437360624305,0.0,-0.03207855973813423,0.02098026532793819,0.06503247027085457,1.0,-0.03207855973813423,0.02442795927413869,0.09213109905950433,1.0,-0.11178985949908382,0.026805859723245472,0.0,0.0
2021-03-23,-0.0326043517532185,0.0,-0.03207855973813423,0.0,0.0013084725452077773,1.0,-0.03207855973813423,0.025980129859320262,0.0299877379315982,1.0,-0.03207855973813423,0.0269348951321858,0.03600517493294418,1.0,-0.032681734880879665,0.025963308106818767,0.10670167809042037,1.0,-0.11178985949908382,0.027037319167919408,0.0,0.0
2021-03-24,0.0030390028454002423,1.0,0.0,0.0,0.022074474926980798,1.0,-0.011768551814318351,0.01770261208736767,0.04172790803367303,1.0,-0.02064803049555275,0.023796312424873938,0.06734570345317163,1.0,-0.03390348197923043,0.02314212621875439,0.13960019075177546,1.0,-0.11178985949908382,0.025643934054294496,0.0,0.0
2021-03-25,0.03087382145302609,1.0,0.0,0.0,0.05955308683941642,1.0,-0.011768551814318351,0.022751017720218553,0.05891756092034566,1.0,-0.02064803049555275,0.0240219618863915,0.038039975898790455,1.0,-0.05894929749541855,0.02518953304174738,0.13508951729491925,1.0,-0.11178985949908382,0.025697382289313307,0.0,0.0
2021-03-26,-0.01183834937144535,0.0,-0.011768551814318351,0.0,0.00781508373524694,1.0,-0.02064803049555275,0.027060298016428227,0.06792441378017688,1.0,-0.02064803049555275,0.025667330193752027,-0.04513552328123439,0.0,-0.1069028711056812,0.02840489538971991,0.11388893556676694,1.0,-0.11178985949908382,0.02511116509448134,0.0,0.0
2021-03-29,0.04051761475783573,1.0,0.0,0.0,0.039882088838764984,1.0,-0.02064803049555275,0.02553426471962273,0.06932361400691699,1.0,-0.02064803049555275,0.02539480663868346,-0.03878415612604817,0.0,-0.11178985949908382,0.028304843664215096,0.12134195412724905,1.0,-0.11178985949908382,0.024902648302121137,0.0,0.0
2021-03-30,-0.020864181651143506,0.0,-0.02064803049555275,0.0,0.039245148393786365,1.0,-0.02064803049555275,0.025308673622100698,0.006017437001346077,1.0,-0.032681734880879665,0.024722593985737385,-0.06191595713708419,0.0,-0.11178985949908382,0.025375763366550067,0.11679426518243684,1.0,-0.11178985949908382,0.024606040700515464,0.0,0.0
2021-03-31,0.02022865573207295,1.0,0.0,0.0,0.04967018090022465,1.0,-0.010384850335980578,0.02070641533186132,0.025617795419498424,1.0,-0.03390348197923043,0.022353094019810338,-0.02496024489762127,0.0,-0.11178985949908382,0.025659255907643837,0.16443082106996632,1.0,-0.11178985949908382,0.0242082227749971,0.0,0.0
2021-04-01,0.03988067431285711,1.0,0.0,0.0,0.006652962920416733,1.0,-0.032681734880879665,0.027104788113043822,-0.020877585021555255,0.0,-0.05894929749541855,0.023761843163642285,-0.0041407926660315,0.0,-0.11178985949908382,0.02814304453706801,0.150511334531158,1.0,-0.11178985949908382,0.024052608752929416,0.0,0.0
2021-04-02,-0.010439149144705272,0.0,-0.010384850335980578,0.0,-0.03449153462543151,0.0,-0.03390348197923043,0.00881922772650955,-0.11305993706141117,0.0,-0.1069028711056812,0.01731350975209089,-0.0006110602084426572,0.0,-0.11178985949908382,0.028663534442587176,0.09380963766043066,1.0,-0.11178985949908382,0.023404816873768292,1.0,0.0
2021-04-06,-0.022788562247735216,0.0,-0.02253086419753081,0.0,-0.05031911018970712,0.0,-0.04907407407407405,0.011058215075869704,-0.10810777013296514,0.0,-0.10246913580246919,0.018105088343869095,0.02709862878864997,1.0,-0.10246913580246919,0.028864998788457687,0.09867152750702962,1.0,-0.10246913580246919,0.023271278363227094,1.0,0.0
2021-04-07,-0.0012638232329910267,0.0,-0.00126302494474273,0.0,-0.07983222566897073,0.0,-0.07672876539311657,0.020837536781864417,-0.06793339413843019,0.0,-0.08178086517208727,0.023817589528778865,0.07069650315747614,1.0,-0.08178086517208727,0.02796287621930857,0.07363422559926329,1.0,-0.08178086517208727,0.025312789459210113,1.0,0.0
2021-04-08,-0.026266724708980935,0.0,-0.025924754979449904,0.0,-0.08405538465223893,0.0,-0.08061966487511862,0.019152116774444117,-0.05057804031711972,0.0,-0.08061966487511862,0.026476742766764094,0.07225448729860404,1.0,-0.08061966487511862,0.027920319139348043,0.07137174485493517,1.0,-0.08061966487511862,0.02533967978832847,1.0,0.0
2021-04-09,-0.05230167772699885,0.0,-0.050957481337228216,0.0,-0.04040284619645823,0.0,-0.0561506004543979,0.029004074385893055,0.016736792355523826,1.0,-0.0561506004543979,0.031482374328947106,0.09704954139612866,1.0,-0.0561506004543979,0.02586092987663089,0.11079847817481692,1.0,-0.07109652720809412,0.024460287810133357,0.0,0.0
2021-04-12,-0.005486982216259193,0.0,-0.005471956224350261,0.0,0.027990362118860083,1.0,-0.005471956224350261,0.010490589322072398,0.11244887685296862,1.0,-0.005471956224350261,0.018065278588651992,0.1590244588480014,1.0,-0.005471956224350261,0.0156810921554787,0.1475823507373822,1.0,-0.07328411266065082,0.021208769418553996,0.0,0.0
2021-04-13,0.017385813746799816,1.0,0.0,0.0,0.0745254522987817,1.0,0.0,0.011471753187678927,0.13520639892161493,1.0,0.0,0.012431668790697665,0.16012611025329726,1.0,-0.004375729288214614,0.015533613221240743,0.17927933649853206,1.0,-0.07328411266065082,0.02137179075868509,0.0,0.0
2021-04-14,0.01609153058831935,1.0,0.0,0.0,0.10055004532242799,1.0,0.0,0.012359127107789117,0.13862989729590638,1.0,0.0,0.011966597452392891,0.1787102223195211,1.0,-0.004375729288214614,0.01665774055135602,0.22402184073323322,1.0,-0.07328411266065082,0.02428013071291505,0.0,0.0
2021-04-15,0.04104810796366256,1.0,0.0,0.0,0.10172905458649577,1.0,0.0,0.01180511115027297,0.12283252761572368,1.0,0.0,0.0160201758021836,0.18939106596758748,1.0,-0.004375729288214614,0.016850705141496433,0.226397314269828,1.0,-0.07328411266065082,0.024309555625561457,0.0,0.0
2021-04-16,0.043410406770446004,1.0,0.0,0.0,0.0814902587439244,1.0,0.0,0.011578836206212454,0.08031274904060491,1.0,-0.0014705882352940014,0.01629716077762096,0.15465212719718954,1.0,-0.004375729288214614,0.01545797732027585,0.1924836004200394,1.0,-0.07328411266065082,0.023340236374250166,0.0,0.0
2021-04-19,0.017270539852387218,1.0,0.0,0.0,0.038374012881615044,1.0,0.0,0.008954153477694229,0.04657558199503281,1.0,-0.0014705882352940014,0.008868663506008791,0.09442069786887336,1.0,-0.016680339075745176,0.015126715566558037,0.16785308830118986,1.0,-0.07328411266065082,0.022144206427627523,0.0,0.0
2021-04-20,0.020809312121091182,1.0,0.0,0.0,0.019631802417771696,1.0,-0.0014705882352940014,0.010112872884343716,0.024919711331682155,1.0,-0.004375729288214614,0.009207432937655087,0.0715728987183798,1.0,-0.02214930270713711,0.015492799451068455,0.14123668603056497,1.0,-0.07328411266065082,0.02236932503709362,0.0,0.0
2021-04-21,0.000294160908136637,1.0,0.0,0.0,0.008495730021554411,1.0,-0.0014705882352940014,0.004890970215168539,0.040080325023614645,1.0,-0.004375729288214614,0.014748587120939183,0.0029377224417870547,1.0,-0.06781514902925889,0.02183107675163643,0.12173064530468171,1.0,-0.07328411266065082,0.022173044075419094,0.0,0.0
2021-04-22,-0.0014716706114561394,0.0,-0.0014705882352940014,0.0,0.0038162383024543584,1.0,-0.004375729288214614,0.006058436245564582,0.06655853835186376,1.0,-0.004375729288214614,0.015745197916985997,-0.0008827424436689258,0.0,-0.07109652720809412,0.021861135625468545,0.14994014729091487,1.0,-0.07328411266065082,0.022651782546854012,0.0,0.0
2021-04-23,0.009673239724873873,1.0,0.0,0.0,0.04125783472693415,1.0,-0.004375729288214614,0.016725582009197888,0.07433937815658466,1.0,-0.004375729288214614,0.01454603221027429,0.013748936778688178,1.0,-0.07109652720809412,0.02220650156546369,0.13043381658038838,1.0,-0.07328411266065082,0.02342373704084216,0.0,0.0
2021-04-26,-0.004385330810963278,0.0,-0.004375729288214614,0.0,0.058356969238446056,1.0,-0.004375729288214614,0.017268932528324326,0.04784511587384038,1.0,-0.016680339075745176,0.01946662839206876,-0.011442108110619064,0.0,-0.07328411266065082,0.02254845664467699,0.16846678348877683,1.0,-0.07328411266065082,0.025087183871615265,0.0,0.0
2021-04-27,0.03596992581302363,1.0,0.0,0.0,0.06905146924267419,1.0,0.0,0.012396676072857968,0.046653187386697506,1.0,-0.02214930270713711,0.019642555045919045,0.019153226245234863,1.0,-0.07328411266065082,0.023934221746929166,0.14104775595659966,1.0,-0.07328411266065082,0.02646124653091295,0.0,0.0
2021-04-28,0.026772374236385982,1.0,0.0,0.0,0.016260520871780326,1.0,-0.016680339075745176,0.017808028074571616,-0.03714260258182741,0.0,-0.06781514902925889,0.024827472510278618,0.0453116184137123,1.0,-0.07328411266065082,0.028506021065313483,0.14644929199961304,1.0,-0.07328411266065082,0.026780652875878854,0.0,0.0
2021-04-29,0.0063091691932645345,1.0,0.0,0.0,-0.016089112662711864,0.0,-0.02214930270713711,0.009444076126607156,-0.06744128079553265,0.0,-0.07109652720809412,0.018675872498882033,0.037006248302240516,1.0,-0.07328411266065082,0.02796170707207221,0.11967691776322718,1.0,-0.07328411266065082,0.026441963685595808,0.0,0.0
2021-04-30,-0.016821022557870356,0.0,-0.016680339075745176,0.0,-0.07022414601147806,0.0,-0.06781514902925889,0.017865755658155184,-0.06059044137789644,0.0,-0.07109652720809412,0.02026201486771226,0.03783147322284978,1.0,-0.07328411266065082,0.027970500160036754,0.10822760752558187,1.0,-0.07328411266065082,0.02655243094877,0.0,0.0
2021-05-06,-0.005577259298106265,0.0,-0.00556173526140169,0.0,-0.056929427430926986,0.0,-0.05533926585094551,0.020416774318368074,-0.059287223984459556,0.0,-0.05756395995550612,0.02020815202557059,0.07343239043231656,1.0,-0.05756395995550612,0.027380863528054664,0.1007056496161798,1.0,-0.05756395995550612,0.026915464924673255,0.0,0.0
2021-05-07,-0.047825864155501475,0.0,-0.04670022371364635,0.0,-0.03819215952191993,0.0,-0.05005592841163309,0.025734025761090046,-0.027499961141462692,0.0,-0.052293064876957396,0.02549294380407267,0.06966378731218523,1.0,-0.052293064876957396,0.027581304299605803,0.14427465110336,1.0,-0.052293064876957396,0.027719518701801168,0.0,0.0
2021-05-10,-0.0035263039773192942,0.0,-0.00352009386916996,0.0,-0.005884100530851879,0.0,-0.015398024404416066,0.011759847558748933,0.08245422099553974,1.0,-0.015398024404416066,0.026883360625257268,0.11879292286289451,1.0,-0.015398024404416066,0.020966156483295646,0.173778273133116,1.0,-0.03130391915208286,0.025442719933585593,0.0,0.0
2021-05-11,0.013160008610900997,1.0,0.0,0.0,0.023852206991358225,1.0,-0.015398024404416066,0.01742899688065157,0.10444752909777333,1.0,-0.015398024404416066,0.024980205200188118,0.1508228897345837,1.0,-0.015398024404416066,0.020814039975261267,0.16564914448192322,1.0,-0.03130391915208286,0.025698265213503754,0.0,0.0
2021-05-12,-0.01551780516443342,0.0,-0.015398024404416066,0.0,0.0728205163619581,1.0,-0.015398024404416066,0.03172845860885204,0.09842191460074631,1.0,-0.015398024404416066,0.025464679947493324,0.11668487980170023,1.0,-0.02075949367088603,0.023478397737280058,0.16241723926067633,1.0,-0.03130391915208286,0.025677239028831428,0.0,0.0
2021-05-13,0.026210003544890666,1.0,0.0,0.0,0.10680532565130581,1.0,0.0,0.01902159497830565,0.13271961441677624,1.0,0.0,0.01880748380136407,0.17990889159939596,1.0,-0.02075949367088603,0.023816478889824955,0.2181146988289044,1.0,-0.03130391915208286,0.025981032814299112,0.0,0.0
2021-05-14,0.06212831798150086,1.0,0.0,0.0,0.0877297162202892,1.0,0.0,0.023709046655242174,0.09716374845364788,1.0,-0.009302325581395321,0.023680069681844693,0.12189452971136476,1.0,-0.03130391915208286,0.02783467779800462,0.18093130272885483,1.0,-0.03130391915208286,0.026149212853548136,0.0,0.0
2021-05-17,0.01846700412491418,1.0,0.0,0.0,0.04438129289038474,1.0,0.0,0.005417498735252024,0.036338701867354835,1.0,-0.009302325581395321,0.010672934683919277,0.10113767358590092,1.0,-0.03130391915208286,0.024621753750699794,0.12215547830875557,1.0,-0.03130391915208286,0.023149132539242244,0.0,0.0
2021-05-18,0.007134394113873891,1.0,0.0,0.0,0.016568426347232705,1.0,-0.009302325581395321,0.01153870177990203,0.0463753606368105,1.0,-0.009302325581395321,0.013228391185056235,0.08267066946098664,1.0,-0.03130391915208286,0.024618522049821446,0.04612216402829232,1.0,-0.06310794780545659,0.02676773422730503,0.0,0.0
2021-05-19,0.018779894651596494,1.0,0.0,0.0,0.010737303628566513,1.0,-0.009302325581395321,0.011594513176372789,0.01826296520095386,1.0,-0.02075949367088603,0.018041930395996896,0.07039613430273205,1.0,-0.03130391915208286,0.02494818657978058,0.0857379669332572,1.0,-0.06310794780545659,0.02846377171708024,0.0,0.0
2021-05-20,-0.009345862418237658,0.0,-0.009302325581395321,0.0,0.020461071871340025,1.0,-0.009302325581395321,0.01593686123800233,0.0471892771826196,1.0,-0.02075949367088603,0.02518767783525534,0.02727325918386324,1.0,-0.03130391915208286,0.026239654908032206,0.08420814065259961,1.0,-0.06310794780545659,0.02842675308930142,0.0,0.0
2021-05-21,0.0013032713952077363,1.0,0.0,0.0,0.00882893296759512,1.0,-0.02075949367088603,0.020234051347022112,0.024730781257717036,1.0,-0.03130391915208286,0.029729819733128326,0.07461086379117464,1.0,-0.03130391915208286,0.027854850913675896,0.22032267497256833,1.0,-0.06310794780545659,0.038776283568468295,0.0,0.0
2021-05-24,0.028503662894369827,1.0,0.0,0.0,0.055231868205649556,1.0,-0.02075949367088603,0.028934203523978786,0.06479897171854603,1.0,-0.03130391915208286,0.03289909180437872,0.054985350270221375,1.0,-0.03130391915208286,0.028891646646649637,0.17189138521264374,1.0,-0.06310794780545659,0.04076832507360225,0.0,0.0
2021-05-25,-0.02097800132198256,0.0,-0.02075949367088603,0.0,-0.005076153031860661,0.0,-0.03130391915208286,0.035208364491750514,0.03629530882417622,1.0,-0.03130391915208286,0.032173292862237586,0.014826254747339394,1.0,-0.03130391915208286,0.02819755284126818,0.14994655649966604,1.0,-0.06310794780545659,0.04051223273208472,0.0,0.0
2021-05-26,0.04770620663326224,1.0,0.0,0.0,0.05727331014615884,1.0,-0.03130391915208286,0.03608132726691748,0.0521331691017781,1.0,-0.03130391915208286,0.029939421513773816,0.04573235945897613,1.0,-0.03130391915208286,0.027243985524563905,0.15444610080429605,1.0,-0.06310794780545659,0.04036570426277882,0.0,0.0
2021-05-27,-0.031804358343140354,0.0,-0.03130391915208286,0.0,0.00956710351289642,1.0,-0.03130391915208286,0.029958889846563422,-0.019916017998756485,0.0,-0.03130391915208286,0.02554520408658016,0.03820580722950847,1.0,-0.03130391915208286,0.02612287589233238,0.10585336929027679,1.0,-0.06310794780545659,0.03933518685655913,0.0,0.0
2021-05-28,0.04137146185603678,1.0,0.0,0.0,0.036231320811656136,1.0,-0.005126953125,0.02082025752436461,0.04988008253345771,1.0,-0.02905273437499989,0.025598310694043003,0.05903677301748999,1.0,-0.02953280077463083,0.023938209826941347,0.14009378243129836,1.0,-0.06310794780545659,0.0384177622004963,0.0,0.0
2021-05-31,0.0,0.0,0.0,0.0,-0.02948312151165297,0.0,-0.02905273437499989,0.010476167608685782,-0.009813621448324622,0.0,-0.02905273437499989,0.021812002869408497,0.02101780472285471,1.0,-0.02953280077463083,0.02081917265276289,0.125349821300578,1.0,-0.06310794780545659,0.037889048218080056,0.0,0.0
2021-06-01,-0.005140141044380629,0.0,-0.005126953125,0.0,0.008508620677420824,1.0,-0.02905273437499989,0.026065571251086748,-0.021469054076836643,0.0,-0.02953280077463083,0.02209861458204375,-0.0365485054326943,0.0,-0.06310794780545659,0.027493372021235953,0.16669720007397484,1.0,-0.06310794780545659,0.038611809261060184,0.0,0.0
2021-06-02,-0.02434298046727236,0.0,-0.024049079754601133,0.0,-0.004673480403943987,0.0,-0.024049079754601133,0.028073577471095585,-0.0064008096428019015,0.0,-0.02953280077463083,0.022794209804080822,0.015341832630525213,1.0,-0.06310794780545659,0.03134973215900734,0.11420472566088308,1.0,-0.06310794780545659,0.041139880566321466,0.0,0.0
2021-06-03,0.03799174218907385,1.0,0.0,0.0,0.008014067434816237,1.0,-0.02953280077463083,0.025123148125561323,0.05812182522826502,1.0,-0.02953280077463083,0.024299253865846665,0.05693488146873633,1.0,-0.06310794780545659,0.030384898116083005,0.1301941732693889,1.0,-0.0638561686298823,0.040701109385319754,0.0,0.0
2021-06-04,-0.01832224212574547,0.0,-0.01815541031227308,0.0,-0.020049571364603423,0.0,-0.02953280077463083,0.012057166599437622,0.009156690484032184,1.0,-0.02953280077463083,0.021392390606203,0.1457118111813936,1.0,-0.06310794780545659,0.04696840312106091,0.1116587230338408,1.0,-0.0638561686298823,0.04018141581759075,0.0,0.0
2021-06-07,-0.011655432628512112,0.0,-0.011587771203155794,0.0,0.038452325164936636,1.0,-0.011587771203155794,0.021259982265737987,0.03083142617117919,1.0,-0.011587771203155794,0.018922791358469845,0.11690603494242241,1.0,-0.06310794780545659,0.049701253069792714,0.10875710756689594,1.0,-0.06550940276916717,0.04027260186273325,0.0,0.0
2021-06-08,0.009928103389654223,1.0,0.0,0.0,0.039134365238289726,1.0,-0.010913404507710611,0.020999108670706063,-0.015079451355857624,0.0,-0.06310794780545659,0.03197820669286826,0.13512030175232648,1.0,-0.06310794780545659,0.049142921432459546,0.17422367057529958,1.0,-0.06550940276916717,0.04139513794624179,0.0,0.0
2021-06-09,0.040179654403794667,1.0,0.0,0.0,0.03255875541003714,1.0,-0.010913404507710611,0.021546087559052143,0.021742642273327287,1.0,-0.06310794780545659,0.037817910235435195,0.10871374134531975,1.0,-0.06310794780545659,0.04996711059963369,0.1747188427089551,1.0,-0.06550940276916717,0.04139600646019228,0.0,0.0
2021-06-10,-0.010973392555158994,0.0,-0.010913404507710611,0.0,-0.06518720914930629,0.0,-0.06310794780545659,0.0260069042752662,-0.0011869437595286145,0.0,-0.06310794780545659,0.034433700455159845,0.0676475620607683,1.0,-0.06310794780545659,0.04906908518157766,0.13826512927472162,1.0,-0.06550940276916717,0.04076918960830344,0.0,0.0
2021-06-11,0.00335249356140154,1.0,0.0,0.0,-0.007463619575308424,0.0,-0.05594071240736309,0.042786803496130184,0.13655512069736145,1.0,-0.05594071240736309,0.06024798923798367,0.08105700941380833,1.0,-0.05628792634442348,0.048748195466235905,0.20586878887867366,1.0,-0.06550940276916717,0.041932012004644574,0.0,0.0
2021-06-15,-0.05756631015554896,0.0,-0.05594071240736309,0.0,0.006433955234228828,1.0,-0.05594071240736309,0.04390606355887718,0.08607460877124319,1.0,-0.05594071240736309,0.06724076811089608,0.10433201657772329,1.0,-0.05628792634442348,0.04902056415743755,0.1907329696628709,1.0,-0.06550940276916717,0.04218626837695488,0.0,0.0
2021-06-16,0.04675019701883889,1.0,0.0,0.0,0.1907689372915087,1.0,0.0,0.046269186329278685,0.1501997531081841,1.0,-0.04603473530027191,0.05710607184859285,0.20324570550666915,1.0,-0.05628792634442348,0.04402671695376283,0.21250217394394585,1.0,-0.06550940276916717,0.040695375723040356,0.0,0.0
2021-06-17,0.01725006837093882,1.0,0.0,0.0,0.09689072190795311,1.0,-0.04603473530027191,0.07178588646237685,0.08697109907199252,1.0,-0.05545093115714583,0.05897571463958627,0.0988628930303578,1.0,-0.05628792634442348,0.04865485589259645,0.21216030439324488,1.0,-0.06550940276916717,0.04068026732975801,0.0,0.0
2021-06-18,0.12676867190173113,1.0,0.0,0.0,0.08619948771840628,1.0,-0.04603473530027191,0.07270392172418116,0.06883450582029695,1.0,-0.05628792634442348,0.05942903706146493,0.07325929180065242,1.0,-0.0638561686298823,0.048873163853012,0.16232888768800502,1.0,-0.06550940276916717,0.041710147895926364,0.0,0.0
2021-06-21,-0.04712801836471669,0.0,-0.04603473530027191,0.0,-0.0570476412006772,0.0,-0.05545093115714583,0.02199088329505159,-0.05549811128355307,0.0,-0.05628792634442348,0.019628144000954126,-0.034053088147552805,0.0,-0.0638561686298823,0.029351053938760814,0.025819879037889088,1.0,-0.06550940276916717,0.03170450032366768,0.0,0.0
2021-06-22,0.006558834181392024,1.0,0.0,0.0,-0.01080614771671741,0.0,-0.0172150795380257,0.009598949624784053,0.018257407806480323,1.0,-0.0172150795380257,0.013882617532356919,-0.008148927375526315,0.0,-0.06550940276916717,0.026369615978985225,0.08852737285984195,1.0,-0.06550940276916717,0.029804911739853984,0.0,0.0
2021-06-23,-0.016478457017352517,0.0,-0.016343429941163667,0.0,-0.014928927100228332,0.0,-0.0172150795380257,0.008245582256118269,0.053045952398484954,1.0,-0.0172150795380257,0.0206596938416339,0.039103368822973175,1.0,-0.06550940276916717,0.031080410345008042,0.14158884184061668,1.0,-0.06550940276916717,0.03214630795311049,0.0,0.0
2021-06-24,-0.0008865248807570016,0.0,-0.0008861320336730483,0.0,0.02817703064244065,1.0,-0.0008861320336730483,0.012262350675645793,0.011891793958365227,1.0,-0.05600330646827856,0.03381888592904623,0.0660051013636353,1.0,-0.06550940276916717,0.030355006512651404,0.1669177473644787,1.0,-0.06550940276916717,0.03168894640158039,0.0,0.0
2021-06-25,0.002436054797881121,1.0,0.0,0.0,0.07041093429659456,1.0,0.0,0.016041584845983312,0.004424785980355636,1.0,-0.0638561686298823,0.0340938352749665,0.07061756721395321,1.0,-0.06550940276916717,0.03027266782801972,0.2380212411133314,1.0,-0.06550940276916717,0.034332050936194236,0.0,0.0
2021-06-28,0.026627500725316507,1.0,0.0,0.0,0.010342264041241032,1.0,-0.05600330646827856,0.043606168328740876,0.02144502313600023,1.0,-0.0638561686298823,0.03491847332034712,0.12481177946486542,1.0,-0.06550940276916717,0.033624816739870354,0.22309931233523816,1.0,-0.06550940276916717,0.03468991029003527,0.0,0.0
2021-06-29,0.04134737877339686,1.0,0.0,0.0,-0.024638769542842057,0.0,-0.0638561686298823,0.04040853575501798,-0.026406335182006566,0.0,-0.06550940276916717,0.034030710034522786,0.08640095308514761,1.0,-0.06550940276916717,0.03398145308313938,0.18883344069450425,1.0,-0.06550940276916717,0.03472958405738198,0.0,0.0
2021-06-30,-0.05763261545747239,0.0,-0.05600330646827856,0.0,-0.04652985636271327,0.0,-0.0638561686298823,0.03187565072744377,-0.013942583575511818,0.0,-0.06550940276916717,0.03762195616603861,0.009256468437276743,1.0,-0.06550940276916717,0.034434231286007706,0.1100611675592423,1.0,-0.06550940276916717,0.03534906473199983,0.0,0.0
2021-07-01,-0.008353532858766537,0.0,-0.008318739054290814,0.0,-0.010121098497930954,0.0,-0.021000216497077284,0.016976801759883704,0.05411330740527019,1.0,-0.021000216497077284,0.025758157374498547,0.11329741136288712,1.0,-0.04646622413119861,0.030682756093844733,0.31094270899143633,1.0,-0.055924501922404724,0.0435667697869966,0.0,0.0
2021-07-02,0.019456291953525627,1.0,0.0,0.0,0.05204356474072716,1.0,-0.021000216497077284,0.030669164591110572,0.0661927812335978,1.0,-0.021000216497077284,0.024375674889992274,0.08906959588735244,1.0,-0.04646622413119861,0.03300964861097696,0.3118899932158772,1.0,-0.055924501922404724,0.04354126756389323,0.0,0.0
2021-07-05,-0.021223857592690226,0.0,-0.021000216497077284,0.0,0.04301054831051109,1.0,-0.021000216497077284,0.030757648377748813,0.10336675632886519,1.0,-0.021000216497077284,0.030128614557750205,0.05987296718544205,1.0,-0.04646622413119861,0.03323786688219863,0.34806469766772397,1.0,-0.055924501922404724,0.04440687829107578,0.0,0.0
2021-07-06,0.05381113037989149,1.0,0.0,0.0,0.06796034687276226,1.0,0.0,0.02220081689550415,0.11280728826715428,1.0,-0.0117141741507224,0.027636577623731555,0.0966763002353684,1.0,-0.04646622413119861,0.0320369667578477,0.3331813026973437,1.0,-0.055924501922404724,0.045166171529408015,0.0,0.0
2021-07-07,0.010423275523309699,1.0,0.0,0.0,0.07077948354166387,1.0,0.0,0.02352022315147981,0.023199052012788768,1.0,-0.04646622413119861,0.03047016509429727,0.10248547301764345,1.0,-0.04646622413119861,0.03287387818858046,0.31241557313145774,1.0,-0.055924501922404724,0.04453444525380149,0.0,0.0
2021-07-08,0.0037259409695610214,1.0,0.0,0.0,0.04857288236395301,1.0,-0.0117141741507224,0.029287511057842927,0.059184103957616925,1.0,-0.04646622413119861,0.034912263062508456,0.10091264600084332,1.0,-0.04646622413119861,0.032876428399970195,0.2729010340141232,1.0,-0.055924501922404724,0.0455853150831455,0.0,0.0
2021-07-09,0.056630267048793176,1.0,0.0,0.0,0.009049835519918076,1.0,-0.04646622413119861,0.03915765935081923,0.022876814653754823,1.0,-0.04646622413119861,0.03933922746169306,0.1674036738993782,1.0,-0.04646622413119861,0.03733774595913147,0.2716975600922974,1.0,-0.055924501922404724,0.04559916103328262,0.0,0.0
2021-07-12,-0.011783325654401216,0.0,-0.0117141741507224,0.0,-0.0011721040607373238,0.0,-0.04646622413119861,0.03451354549648015,-0.04349378914342326,0.0,-0.04646622413119861,0.02950284356226827,0.09828753287037285,1.0,-0.04646622413119861,0.03567399294702651,0.15437378206478364,1.0,-0.08636502598593698,0.04720264814936094,0.0,0.0
2021-07-13,-0.03579710587447389,0.0,-0.03516396681153677,0.0,-0.021970126740637197,0.0,-0.03516396681153677,0.03801672621795449,-0.016130988031785913,0.0,-0.041438623924941353,0.03092656582027016,0.10243248760935665,1.0,-0.041438623924941353,0.03544381206162671,0.1659897857075839,1.0,-0.08651788443900954,0.04703026358681825,0.0,0.0
2021-07-14,0.046408327468137854,1.0,0.0,0.0,0.004086642385452008,1.0,-0.041438623924941353,0.033189277363065095,0.07928642100485489,1.0,-0.041438623924941353,0.03420580234744505,0.1008046991219655,1.0,-0.055924501922404724,0.03565797355274794,0.24501562613287797,1.0,-0.08651788443900954,0.046475908898206165,0.0,0.0
2021-07-15,-0.032581348334301125,0.0,-0.03205629397967147,0.0,-0.02674220962544979,0.0,-0.041438623924941353,0.019670252917866088,0.04172854204322648,1.0,-0.041438623924941353,0.030606519627295083,0.1976452976285492,1.0,-0.055924501922404724,0.053095409483725875,0.20928724396491794,1.0,-0.08651788443900954,0.04581053692091745,0.0,0.0
2021-07-16,-0.009740336748384754,0.0,-0.009693053311793265,0.0,0.06545944187101814,1.0,-0.009693053311793265,0.028658110668640577,0.1445268592456234,1.0,-0.009693053311793265,0.030735404053800524,0.2228203973285246,1.0,-0.055924501922404724,0.051113605588826626,0.19230121163588043,1.0,-0.08651788443900954,0.046748559630585544,0.0,0.0
2021-07-19,0.015579475457236126,1.0,0.0,0.0,0.08405022712591236,1.0,0.0,0.022515309483883594,0.14178132201379604,1.0,-0.012408248864033578,0.0314374367756489,0.288191730482282,1.0,-0.055924501922404724,0.050779312676237406,0.18422295625312532,1.0,-0.09874656068480592,0.04694851836615911,0.0,0.0
2021-07-20,0.05962030316216664,1.0,0.0,0.0,0.13868772053677203,1.0,0.0,0.026782492803921067,0.11856347564114252,1.0,-0.019923103809856735,0.03454306272758066,0.23650500246197537,1.0,-0.055924501922404724,0.05436762393532102,0.14182853624032873,1.0,-0.12259247936410889,0.04756612603916525,0.0,0.0
2021-07-21,0.008850448506509548,1.0,0.0,0.0,0.06658154339439322,1.0,-0.012408248864033578,0.03505685650758135,0.021518278117110726,1.0,-0.055924501922404724,0.03614141772109237,0.2099301001138142,1.0,-0.055924501922404724,0.053181011851138014,0.07556601323716709,1.0,-0.12840110058086207,0.04607630683416275,0.0,0.0
2021-07-22,0.07021696886809589,1.0,0.0,0.0,0.050092723972466315,1.0,-0.019923103809856735,0.03789563509599819,0.15591675558532286,1.0,-0.055924501922404724,0.06663863001708804,0.1719883880132798,1.0,-0.055924501922404724,0.05522611295943111,0.09251116104627648,1.0,-0.12840110058086207,0.04631695086680023,0.0,0.0
2021-07-23,-0.012485873980212265,0.0,-0.012408248864033578,0.0,-0.05754913925749466,0.0,-0.055924501922404724,0.013049861653525778,0.07829353808290133,1.0,-0.055924501922404724,0.0647518280327667,0.10429388619291925,1.0,-0.055924501922404724,0.052388409730092685,0.030294915765165888,1.0,-0.12840110058086207,0.043829678451187334,0.0,0.0
2021-07-26,-0.0076383709154173515,0.0,-0.007609272695098257,0.0,0.09818566069743916,1.0,-0.044062997699522155,0.07909013331977346,0.14641040846848594,1.0,-0.044062997699522155,0.06456265322840403,0.056086249194411006,1.0,-0.08636502598593698,0.056343956819882156,0.07662017152200909,1.0,-0.12840110058086207,0.0442506370205685,0.0,0.0
2021-07-27,-0.03742489436186501,0.0,-0.03673323823109831,0.0,0.09841778297853074,1.0,-0.03673323823109831,0.07905070811603229,0.1179415268208329,1.0,-0.03673323823109831,0.06869094660678879,0.0635572980982272,1.0,-0.08651788443900954,0.05621273139453071,0.0808105462457867,1.0,-0.12840110058086207,0.044205733121957275,0.0,0.0
2021-07-28,0.14324892597472158,1.0,0.0,0.0,0.1914736737457683,1.0,-0.007378889958293278,0.06177699812920025,0.18841182199670345,1.0,-0.03546316111280956,0.061588707311953574,0.14421092701091237,1.0,-0.08651788443900954,0.05512811111259402,0.13971364991601665,1.0,-0.12840110058086207,0.043297892324382116,0.0,0.0
2021-07-29,-0.0074062486343257,0.0,-0.007378889958293278,0.0,0.012117495207976477,1.0,-0.03546316111280956,0.03831644296369204,0.016071632427956957,1.0,-0.03546316111280956,0.03560908486950156,0.011641946336368692,1.0,-0.08651788443900954,0.03471457682676463,0.06339494160940946,1.0,-0.12840110058086207,0.0333381149035345,0.0,0.0
2021-07-30,0.055630996405372495,1.0,0.0,0.0,0.052569144656307736,1.0,-0.03546316111280956,0.03902720549836259,0.026000348110018015,1.0,-0.03546316111280956,0.03523634714553066,-0.03051918569264432,0.0,-0.08651788443900954,0.03791240241862812,0.12015041005376267,1.0,-0.12840110058086207,0.03470463294916761,0.0,0.0
2021-08-02,-0.0361072525630704,0.0,-0.03546316111280956,0.0,-0.03215311534308981,0.0,-0.03546316111280956,0.031077463492340848,-0.090324159274075,0.0,-0.08636502598593698,0.03255889489932352,-0.10396877422915674,0.0,-0.09874656068480592,0.032570521187208885,0.13425720680976203,1.0,-0.12840110058086207,0.03583108927278037,1.0,0.0
2021-08-03,0.03304540081400562,1.0,0.0,0.0,0.006476604267715867,1.0,-0.028672186445875436,0.025368489891872004,-0.054384228722605614,0.0,-0.08371665133394668,0.0317391379129659,-0.09467646622164684,0.0,-0.11990187059184299,0.03195040429130456,0.18192528177390846,1.0,-0.1257283042011652,0.03446278251099812,1.0,0.0
2021-08-04,-0.029091263594024953,0.0,-0.028672186445875436,0.0,-0.08726230752501021,0.0,-0.08356332413370127,0.025807815101232506,-0.044200894985791134,0.0,-0.08371665133394668,0.03468248663645642,-0.13436408687664705,0.0,-0.1257283042011652,0.028725244045331094,0.13812066180816354,1.0,-0.1257283042011652,0.0342625191691399,1.0,0.0
2021-08-05,0.0025224670477353387,1.0,0.0,0.0,-0.05833836594258629,0.0,-0.05904581955597543,0.029186972729300847,-0.004429686091588173,0.0,-0.05904581955597543,0.033671808416812506,-0.07947722696700338,0.0,-0.10218863171154147,0.030404301422664985,0.17506031952962894,1.0,-0.10218863171154147,0.033253015018507456,0.0,0.0
2021-08-06,-0.06069351097872063,0.0,-0.05888836403715947,0.0,-0.017632098439501465,0.0,-0.05904581955597543,0.04261777197361384,-0.056519533802662336,0.0,-0.05904581955597543,0.038689917755482486,-0.07399897042775332,0.0,-0.10218863171154147,0.03063648541545002,0.1395360024126073,1.0,-0.10218863171154147,0.03446506230926953,0.0,0.0
2021-08-09,-0.00016732201160103033,0.0,-0.00016730801405395734,0.0,0.053741357839397055,1.0,-0.00016730801405395734,0.018440006673247706,-0.013644614955081694,0.0,-0.0651656889170763,0.030724599483285063,0.020533922327598264,1.0,-0.09592516251783723,0.027115981332108335,0.1844941990791954,1.0,-0.09592516251783723,0.03129881592407691,0.0,0.0
2021-08-10,0.043228734550820214,1.0,0.0,0.0,0.004341299187659243,1.0,-0.04835896622800062,0.03844228425152646,-0.04029223749904118,0.0,-0.08990011098779138,0.03209847518129882,0.01725324814755945,1.0,-0.09592516251783723,0.027160673512573154,0.18813350569101933,1.0,-0.09592516251783723,0.031254230851124526,1.0,0.0
2021-08-11,0.010679945300177943,1.0,0.0,0.0,-0.056706027494300724,0.0,-0.0651656889170763,0.02460779572669501,-0.09016319189085595,0.0,-0.09592516251783723,0.020128431555983043,-0.004497277094895645,0.0,-0.09592516251783723,0.024489501317568496,0.09370633022235032,1.0,-0.09592516251783723,0.032878384058111415,1.0,0.0
2021-08-12,-0.04956738066333878,0.0,-0.04835896622800062,0.0,-0.09420091735003916,0.0,-0.08990011098779138,0.0133607770858717,-0.07504754087541514,0.0,-0.09592516251783723,0.024805539293807286,0.05175299527304064,1.0,-0.09592516251783723,0.031775989129328365,0.07452691992159292,1.0,-0.10225921521997616,0.032969131900667185,1.0,0.0
2021-08-13,-0.017818592131139985,0.0,-0.01766077974008673,0.0,-0.05127575652769512,0.0,-0.049983338887037654,0.008251494658693041,-0.01747943662509096,0.0,-0.049983338887037654,0.018702838221603717,0.150669595746407,1.0,-0.049983338887037654,0.028413482125991863,0.2000191852232741,1.0,-0.10225921521997616,0.03414986487087025,0.0,0.0
2021-08-16,-0.026814944555560476,0.0,-0.026458616010854863,0.0,-0.007661568080936465,0.0,-0.032903663500678415,0.021671844894491133,0.034178537282679826,1.0,-0.032903663500678415,0.021927398295262766,0.23822598103891884,1.0,-0.032903663500678415,0.030354716501337982,0.15681237956211863,1.0,-0.10225921521997616,0.03708216550298698,0.0,0.0
2021-08-17,-0.006642219840994679,0.0,-0.0066202090592333285,0.0,0.02715410006160938,1.0,-0.0066202090592333285,0.01326350550559919,0.05754548564660055,1.0,-0.0066202090592333285,0.01592632603403138,0.27660174799555526,1.0,-0.0066202090592333285,0.025793426694825383,0.17853973410478294,1.0,-0.10225921521997616,0.03636225142570675,0.0,0.0
2021-08-18,0.025795596315618792,1.0,0.0,0.0,0.06763570167923504,1.0,0.0,0.010796070463174106,0.08566591479596025,1.0,-0.0034420586789051244,0.013266502835970306,0.27248474868481054,1.0,-0.010701545778834753,0.02636419767751258,0.19850004309518937,1.0,-0.10225921521997616,0.036194769971898265,0.0,0.0
2021-08-19,0.008000723586985356,1.0,0.0,0.0,0.03839210917197659,1.0,-0.0034420586789051244,0.015595790020812548,0.12680053614845577,1.0,-0.0034420586789051244,0.024274663059929008,0.25453754649663235,1.0,-0.010701545778834753,0.02700509444867909,0.14322617048755687,1.0,-0.10794028273219713,0.036979190100687426,0.0,0.0
2021-08-20,0.03383938177663082,1.0,0.0,0.0,0.05186959489335616,1.0,-0.0034420586789051244,0.01550792937380872,0.1681490323714979,1.0,-0.0034420586789051244,0.023993690951253976,0.2135349728403607,1.0,-0.035275465715418175,0.03199543652923062,0.10850916484894317,1.0,-0.13145725987580925,0.03770671890500297,0.0,0.0
2021-08-23,-0.0034479961916397805,0.0,-0.0034420586789051244,0.0,0.08496043078483949,1.0,-0.0034420586789051244,0.0291362579970815,0.20404744375623904,1.0,-0.0034420586789051244,0.028016029769109912,0.1639602767515971,1.0,-0.05033690051525963,0.03348282719810948,0.08254861170798883,1.0,-0.13145725987580925,0.03714895925280336,0.0,0.0
2021-08-24,0.021478209308365036,1.0,0.0,0.0,0.13775764678650684,1.0,0.0,0.018713541668489233,0.21905626234895478,1.0,0.0,0.02356351502981762,0.17088025754345984,1.0,-0.05033690051525963,0.0331352594143238,0.08236793745292571,1.0,-0.13145725987580925,0.037150822232849344,0.0,0.0
2021-08-25,0.06693021766811427,1.0,0.0,0.0,0.18601723063951375,1.0,0.0,0.009022612883069289,0.1868188338888503,1.0,-0.010701545778834753,0.031772684495346884,0.09820360731724612,1.0,-0.09459637997093406,0.03885232610110983,0.06406553421640189,1.0,-0.13145725987580925,0.0369367353341753,0.0,0.0
2021-08-26,0.049349219810027455,1.0,0.0,0.0,0.13064783537247548,1.0,0.0,0.024102136440306468,0.1277370103481764,1.0,-0.010701545778834753,0.02948344359148944,0.022773924648552275,1.0,-0.10225921521997616,0.034058991452312434,-0.00998646520067594,0.0,-0.13145725987580925,0.03395419505781165,0.0,0.0
2021-08-27,0.06973779316137199,1.0,0.0,0.0,0.07053939641070851,1.0,-0.010701545778834753,0.03393214335356336,0.045385940468862664,1.0,-0.035275465715418175,0.03420969420000518,0.049349589476867115,1.0,-0.10225921521997616,0.03838973634346868,-0.07961287744985447,0.0,-0.14863258026159332,0.03218822940098004,0.0,0.0
2021-08-30,0.011560822401076006,1.0,0.0,0.0,0.0086499973767771,1.0,-0.010701545778834753,0.009765071829705759,-0.04008716700464178,0.0,-0.05033690051525963,0.016287030021030022,-0.08141360147680018,0.0,-0.10225921521997616,0.03630313856061373,-0.1884348319459839,0.0,-0.18126568899458317,0.028220010923006463,0.0,1.0
2021-08-31,-0.010759219151739495,0.0,-0.010701545778834753,0.0,-0.03591267509358528,0.0,-0.035275465715418175,0.0166990364093725,-0.04817600480549484,0.0,-0.05033690051525963,0.014573602855110512,-0.09806201389077236,0.0,-0.10225921521997616,0.03573879019325111,-0.19356166078304485,0.0,-0.18126568899458317,0.028051027126253042,0.0,1.0
2021-09-01,0.00784839412744057,1.0,0.0,0.0,-0.04088877025397828,0.0,-0.04756857029283168,0.01674338015703875,-0.08861522657160426,0.0,-0.09195706903405321,0.02218613471649443,-0.07398470558962111,0.0,-0.0996422419504438,0.03639843971562772,-0.20944902225985257,0.0,-0.1953093944613754,0.02829429544905502,1.0,1.0
2021-09-02,-0.03300185006928623,0.0,-0.03246323042268451,0.0,-0.045265179781195874,0.0,-0.04756857029283168,0.01489740545665708,-0.10496308569962423,0.0,-0.0996422419504438,0.019177321436314516,-0.11131137600907541,0.0,-0.10533987014707835,0.03655706093671293,-0.22076133737662185,0.0,-0.19809195706903404,0.028034274379474904,1.0,1.0
2021-09-03,-0.015735314312132535,0.0,-0.01561216105176666,0.0,-0.0634617706297584,0.0,-0.061490002738975535,0.02264560076602733,0.0039636490080045715,1.0,-0.0694330320460147,0.041748346209003834,-0.10502580799141746,0.0,-0.10326012822261643,0.03622817256010894,-0.20778685895775945,0.0,-0.19083344700586558,0.027666219269301462,0.0,1.0
2021-09-06,0.0034719846002229204,1.0,0.0,0.0,-0.05622592131820546,0.0,-0.057950921946485434,0.0234648047941667,-0.04132643447215836,0.0,-0.05920065475378533,0.04868816772193409,-0.08141166504360835,0.0,-0.10326012822261643,0.03657804916685251,-0.15531069202146242,0.0,-0.19083344700586558,0.02946470964828742,0.0,1.0
2021-09-07,-0.05119844091784891,0.0,-0.04990988492998749,0.0,0.016226978719913937,1.0,-0.057950921946485434,0.0528215162986574,-0.04988600908527743,0.0,-0.06397490110489701,0.04839497769896397,-0.08851232009053428,0.0,-0.10326012822261643,0.03641427223000584,-0.04074690144813328,0.0,-0.19083344700586558,0.04025346375831704,0.0,1.0
2021-09-08,-0.00849946500057962,0.0,-0.008463446665693874,0.0,0.006400021845467505,1.0,-0.05920065475378533,0.056412985389916424,0.014630520981983003,1.0,-0.06397490110489701,0.044093928902377795,-0.03413807310084423,0.0,-0.10326012822261643,0.03363881669957235,0.024788702616122902,1.0,-0.19083344700586558,0.038757832947368696,0.0,1.0
2021-09-09,0.07592488463834256,1.0,0.0,0.0,0.009811896833150974,1.0,-0.06397490110489701,0.05622122893446538,-0.006348290309451128,0.0,-0.07897967535124817,0.045940942456510855,-0.03276038984922823,0.0,-0.10326012822261643,0.033620522376451245,0.08677833536611483,1.0,-0.19083344700586558,0.04030294620155627,0.0,1.0
2021-09-10,-0.06102539779229538,0.0,-0.05920065475378533,0.0,-0.05279489865577985,0.0,-0.06397490110489701,0.03161357200676567,-0.10898945699942203,0.0,-0.10326012822261643,0.02503734170731226,-0.1289624669267217,0.0,-0.12099304324103133,0.020962261808421555,0.014086647670668868,1.0,-0.19083344700586558,0.036809657155393694,1.0,1.0
2021-09-13,-0.005087590012896095,0.0,-0.005074670146440363,0.0,-0.0212477771554982,0.0,-0.029048029910842876,0.017528400756068905,-0.04008523057144993,0.0,-0.05464480874316957,0.017473948433130757,-0.10702123046918371,0.0,-0.10885821110152438,0.01647851359574131,0.06633117175209101,1.0,-0.14696577509347142,0.03408955282062273,0.0,0.0
2021-09-14,0.013318089149411802,1.0,0.0,0.0,-0.04287646919423051,0.0,-0.05464480874316957,0.019555926594265336,-0.038626311005256805,0.0,-0.05464480874316957,0.017532511559433327,-0.09549964689227254,0.0,-0.10885821110152438,0.01721703495306819,0.06214933879718707,1.0,-0.14696577509347142,0.03415322463682684,0.0,0.0
2021-09-15,-0.02947827629201387,0.0,-0.029048029910842876,0.0,-0.048315729707965584,0.0,-0.05464480874316957,0.01699674342739182,-0.048768594082827244,0.0,-0.05464480874316957,0.015442682928393146,-0.13546431667023145,0.0,-0.1266896750071902,0.016043353243369366,0.028075004285543208,1.0,-0.14696577509347142,0.03444997968590208,0.0,0.0
2021-09-16,-0.026716282051628328,0.0,-0.026362559241706163,0.0,-0.022466123862654692,0.0,-0.026362559241706163,0.014384721942308307,-0.026412099539777075,0.0,-0.026362559241706163,0.011918797217918319,-0.10944996136754645,0.0,-0.10367298578199047,0.015342915345998775,0.07776158072060008,1.0,-0.12144549763033174,0.033920860654011765,0.0,0.0
2021-09-17,0.007878828635676642,1.0,0.0,0.0,0.007425964260814867,1.0,-0.0036220947781467894,0.004723956169924748,-0.019973009927299633,0.0,-0.027467552067612533,0.009668805691191712,-0.10276105096634186,0.0,-0.104738907334742,0.014776103838535783,0.09428634087265655,1.0,-0.104738907334742,0.0333619923042641,0.0,0.0
2021-09-22,-0.003628670446702944,0.0,-0.0036220947781467894,0.0,-0.007574646123825292,0.0,-0.00754603078780558,0.004275811062614451,-0.06693599989773379,0.0,-0.06474494415937226,0.014944051342861597,-0.07389902697785417,0.0,-0.104738907334742,0.0199525023445569,0.09646200090577887,1.0,-0.104738907334742,0.03337567769704205,0.0,0.0
2021-09-23,0.003175806071841175,1.0,0.0,0.0,-0.024223168116273324,0.0,-0.027027027027027084,0.009598311683203471,-0.05687333588701565,0.0,-0.06432130454476825,0.016697441277871577,0.04776541864240108,1.0,-0.10433338366299261,0.042682846164150086,0.10091258920697152,1.0,-0.10433338366299261,0.03333339457841036,0.0,0.0
2021-09-24,-0.007121781748963557,0.0,-0.007096481956817113,0.0,-0.06648313552287198,0.0,-0.06432130454476825,0.013116404564319792,-0.08669572258740423,0.0,-0.08304393779254127,0.015733167800037022,0.058926775716967104,1.0,-0.10433338366299261,0.042772232934199704,0.11672555387493132,1.0,-0.10433338366299261,0.033466936175167716,1.0,0.0
2021-09-27,-0.02027719243915096,0.0,-0.02007299270073004,0.0,-0.052927360209893304,0.0,-0.057633819951338316,0.018675866667751503,-0.08303786182776929,0.0,-0.07968369829683697,0.016267231983751494,0.119538725215343,1.0,-0.09793187347931875,0.04474751745000344,0.11358390994679766,1.0,-0.09793187347931875,0.033534692474238355,0.0,0.0
2021-09-28,-0.03908416133475746,0.0,-0.03833022967101174,0.0,-0.05929674839928963,0.0,-0.05757293606455616,0.019209142002129427,-0.08278804103904219,0.0,-0.07945375543140898,0.016256264119685632,0.1430491145973904,1.0,-0.07945375543140898,0.04359511207984448,0.1486821767030506,1.0,-0.07945375543140898,0.033045239781257243,0.0,0.0
2021-09-29,0.006433993564015017,1.0,0.0,0.0,-0.023676508053860887,0.0,-0.029661696328362908,0.013863336176014656,-0.006963027080120328,0.0,-0.04890171556838219,0.022381797955244122,0.1733524022212749,1.0,-0.04890171556838219,0.040738273688937815,0.18589217416927994,1.0,-0.04890171556838219,0.031379310643773896,0.0,0.0
2021-09-30,-0.02664658062854731,0.0,-0.026294692961359667,0.0,-0.05013787326829985,0.0,-0.04890171556838219,0.009750199617594511,0.10463875452941661,1.0,-0.04890171556838219,0.05332094392547189,0.15764898568945948,1.0,-0.04890171556838219,0.041425089773251364,0.17610269795889272,1.0,-0.04890171556838219,0.031496247974660885,0.0,0.0
2021-10-08,-0.003463920989328681,0.0,-0.003457928536143462,0.0,0.013249559984411836,1.0,-0.023217520171249784,0.023836020842425153,0.1456224983043712,1.0,-0.023217520171249784,0.04829037312098922,0.16353932095577467,1.0,-0.03806321452589101,0.040855809144584095,0.23775714645539053,1.0,-0.03806321452589101,0.03088686473242498,0.0,0.0
2021-10-11,-0.020027371650423894,0.0,-0.01982815598149379,0.0,0.13474925614729258,1.0,-0.01982815598149379,0.056659733135171475,0.20257658704311227,1.0,-0.01982815598149379,0.045918901678798786,0.18721154208814636,1.0,-0.03806321452589101,0.040321263441766335,0.24756207866235547,1.0,-0.03806321452589101,0.030716650069281173,0.0,0.0
2021-10-12,0.03674085262416448,1.0,0.0,0.0,0.16911379094412382,1.0,0.0,0.04455233111606943,0.22583715563643258,1.0,0.0,0.040395683320373625,0.1970473918389985,1.0,-0.03806321452589101,0.03947513526874287,0.2431709229646336,1.0,-0.03806321452589101,0.030962206755179036,0.0,0.0
2021-10-13,0.11803577517355206,1.0,0.0,0.0,0.18586310606937168,1.0,0.0,0.0427557602922959,0.18031542930139524,1.0,-0.008742434431741608,0.04600874484385954,0.17036102788363292,1.0,-0.03806321452589101,0.039133802545362605,0.2331678874797061,1.0,-0.03806321452589101,0.030640191952740706,0.0,0.0
2021-10-14,0.01433716314640725,1.0,0.0,0.0,0.07106052783871614,1.0,0.0,0.02155617712329709,0.05301023116004294,1.0,-0.01788836583725617,0.023143961973579923,0.05314717056457049,1.0,-0.03806321452589101,0.020006504324812293,0.133368924553654,1.0,-0.03806321452589101,0.018715720723368762,0.0,0.0
2021-10-15,0.05349016774941228,1.0,0.0,0.0,0.047942490981435895,1.0,-0.008742434431741608,0.026972792079075426,0.017916822651403406,1.0,-0.03806321452589101,0.026081782026414216,0.057798778157964366,1.0,-0.03806321452589101,0.020263300862287843,0.13929765388891074,1.0,-0.03806321452589101,0.018881059130483834,0.0,0.0
2021-10-18,0.0032331969428965857,1.0,0.0,0.0,-0.01481709973577671,0.0,-0.01788836583725617,0.005782080351122815,-0.01536504495496586,0.0,-0.03806321452589101,0.013895752607676299,-0.005954815268545254,0.0,-0.03806321452589101,0.012964094153823826,-0.003920778361415128,0.0,-0.08582043343653256,0.025777193869835728,0.0,0.0
2021-10-19,-0.008780873710873004,0.0,-0.008742434431741608,0.0,-0.03880654204090533,0.0,-0.03806321452589101,0.005533687692326394,-0.028789763797434087,0.0,-0.03806321452589101,0.013713643427024217,0.0056330621056601485,1.0,-0.03806321452589101,0.013748675926623686,-0.0297592258219821,0.0,-0.10625386996904018,0.026216699175934416,0.0,0.0
2021-10-20,-0.00926942296780025,0.0,-0.009226594301221303,0.0,-0.009817368186989335,0.0,-0.029579375848032607,0.017252945761278407,-0.00995440141776226,0.0,-0.029579375848032607,0.014901417099509345,0.012539771948005096,1.0,-0.029579375848032607,0.0134317467041738,-0.023058940974561817,0.0,-0.10811145510835918,0.026164122628758255,0.0,0.0
2021-10-21,-0.020756245362232126,0.0,-0.020542317173377178,0.0,-0.010739467118760846,0.0,-0.020542317173377178,0.01736489610462217,0.00013693940452773757,1.0,-0.020542317173377178,0.014455647863090606,0.018453712269433084,1.0,-0.020542317173377178,0.013081001090449665,-0.04825620650369475,0.0,-0.138328173374613,0.02711402712350168,0.0,0.0
2021-10-22,0.020208300143043076,1.0,0.0,0.0,0.020071266912270173,1.0,-0.010139764318991662,0.012636587143035278,0.039881955506560735,1.0,-0.010139764318991662,0.01145836064936483,0.07421782549961572,1.0,-0.01021093645035609,0.014103476074604137,-0.02062511309591781,0.0,-0.138328173374613,0.02684680098260055,0.0,0.0
2021-10-25,-0.010191521899571763,0.0,-0.010139764318991662,0.0,0.0006848846237167966,1.0,-0.010139764318991662,0.008276050876489287,0.009410229686420697,1.0,-0.01021093645035609,0.011435350858349434,0.06035053657420903,1.0,-0.01021093645035609,0.013444416083154507,0.02061369437721211,1.0,-0.138328173374613,0.029818123385305942,0.0,0.0
2021-10-26,0.0100544886687989,1.0,0.0,0.0,0.029865177263089557,1.0,0.0,0.0074169198737452,0.03442282590309422,1.0,-0.01021093645035609,0.010491498152987127,0.04612353112563509,1.0,-0.024122807017543768,0.01565695152806663,-0.0421263701344539,0.0,-0.1422910216718266,0.03386006016608327,0.0,0.0
2021-10-27,0.0008219178544896443,1.0,0.0,0.0,0.009547262917193518,1.0,-0.01021093645035609,0.012058240060374691,0.0224941733657672,1.0,-0.01021093645035609,0.010849571759612086,0.06280685959607309,1.0,-0.024122807017543768,0.016980834153893027,-0.10099990008613062,0.0,-0.1831578947368422,0.035207216661196576,0.0,1.0
2021-10-28,0.01898877073980097,1.0,0.0,0.0,0.02354641937980565,1.0,-0.01021093645035609,0.012919807483273005,0.018316772864905434,1.0,-0.01021093645035609,0.011253856984255364,0.08022175398908343,1.0,-0.024122807017543768,0.01722297952601356,-0.11894761876454295,0.0,-0.1970278637770897,0.03527477979793252,0.0,1.0
2021-10-29,-0.010263425677097157,0.0,-0.01021093645035609,0.0,0.0026834847714764724,1.0,-0.01021093645035609,0.010426157445614037,0.03433586999305504,1.0,-0.01021093645035609,0.01630665093489426,0.08149887573094643,1.0,-0.024122807017543768,0.01730834922276571,-0.11672555387493132,0.0,-0.1970278637770897,0.03535654959399961,0.0,1.0
2021-11-01,0.014821074317101795,1.0,0.0,0.0,0.009591427802201624,1.0,-0.005215995720208699,0.008241578236417517,0.05094030688778846,1.0,-0.005215995720208699,0.014008656328619907,0.002034036907130247,1.0,-0.08582043343653256,0.034066708111902454,-0.0717405393984493,0.0,-0.1970278637770897,0.036418312908957494,0.0,1.0
2021-11-02,-0.0018741638685280968,0.0,-0.0018724087200748807,0.0,0.029778221353050305,1.0,-0.005215995720208699,0.017745814007243083,0.01170070522254081,1.0,-0.024122807017543768,0.0192323382209728,-0.03539228792764222,0.0,-0.10625386996904018,0.034310190102953136,-0.06806664930885332,0.0,-0.1970278637770897,0.03651982446524015,0.0,1.0
2021-11-03,-0.0033554826463720673,0.0,-0.003349859305909142,0.0,0.0379933964392148,1.0,-0.003349859305909142,0.016287545774299767,0.040312686230305775,1.0,-0.024122807017543768,0.02127520297771547,-0.03559871292256693,0.0,-0.10811145510835918,0.03430924420199525,-0.10874587536011546,0.0,-0.1970278637770897,0.03749773343144456,0.0,1.0
2021-11-04,0.035007867867950515,1.0,0.0,0.0,0.016930351737440976,1.0,-0.024122807017543768,0.024265737920343505,0.06190498112417795,1.0,-0.024122807017543768,0.020702997669415336,-0.06670991877312794,0.0,-0.138328173374613,0.03553820653772298,-0.10509166231570416,0.0,-0.1970278637770897,0.03751633019229899,0.0,1.0
2021-11-05,0.006341011217636279,1.0,0.0,0.0,0.008660301008727377,1.0,-0.024122807017543768,0.021026835990374634,0.047163005737891374,1.0,-0.024122807017543768,0.01816481028509826,-0.09484293859553364,0.0,-0.138328173374613,0.03316150929661696,-0.15121242424577427,0.0,-0.1970278637770897,0.03637059199121442,0.0,1.0
2021-11-08,-0.02441852734814577,0.0,-0.024122807017543768,0.0,0.020556102038591248,1.0,-0.024122807017543768,0.022382326017296596,-0.048906269980658355,0.0,-0.08582043343653256,0.04387997234254832,-0.03973684219699689,0.0,-0.138328173374613,0.03933702103209164,-0.16042678337603072,0.0,-0.1970278637770897,0.036249737352074554,1.0,1.0
2021-11-09,0.026737817139236782,1.0,0.0,0.0,0.06524052186840094,1.0,0.0,0.003625067961651081,-0.04709299315018315,0.0,-0.10625386996904018,0.04376484293344167,-0.08824990126008901,0.0,-0.1422910216718266,0.044244616860062494,-0.13570540926603078,0.0,-0.1970278637770897,0.03609067479018144,1.0,1.0
2021-11-10,0.018236812247500202,1.0,0.0,0.0,-0.05122555977174934,0.0,-0.08582043343653256,0.051380162118808526,-0.07591139915287264,0.0,-0.10811145510835918,0.04039125466258964,-0.1638067596822037,0.0,-0.1831578947368422,0.043977026039545425,-0.12019907935398878,0.0,-0.1970278637770897,0.03695862565238139,1.0,1.0
2021-11-11,0.020265892481663994,1.0,0.0,0.0,-0.0920676225369201,0.0,-0.10625386996904018,0.04526729071559521,-0.12861489989730596,0.0,-0.138328173374613,0.037031846214401566,-0.19916937275362656,0.0,-0.1970278637770897,0.04244634433398202,-0.13959766925176773,0.0,-0.1970278637770897,0.03656199124737766,1.0,1.0
2021-11-12,-0.08972826450091347,0.0,-0.08582043343653256,0.0,-0.1144141038820368,0.0,-0.10811145510835918,0.03742975018004358,-0.14200594433342506,0.0,-0.138328173374613,0.03396635440467417,-0.1982244296058778,0.0,-0.1970278637770897,0.0425366501716567,-0.09666093686727072,0.0,-0.1970278637770897,0.03925981284888155,1.0,1.0
2021-11-15,-0.022605250517670542,0.0,-0.02235166621511775,0.0,-0.059152527878056436,0.0,-0.05743700894066639,0.013378319510917357,0.00916942778366148,1.0,-0.05743700894066639,0.03319479991142262,-0.07377457630557942,0.0,-0.1296644295302013,0.03825325737112786,-0.009527770455957776,0.0,-0.1296644295302013,0.034091684541573124,0.0,0.0
2021-11-16,-0.0020805888634528153,0.0,-0.0020784259387558457,0.0,-0.029672429314841077,0.0,-0.03588748787584872,0.017758196678322322,-0.04115690810990588,0.0,-0.07033557046979855,0.0447113634670933,-0.03267436138121115,0.0,-0.1296644295302013,0.03860270816172829,-0.006952197078354032,0.0,-0.1296644295302013,0.034012624113183065,0.0,0.0
2021-11-17,-0.0344666884969332,0.0,-0.03387947792279922,0.0,0.03385526716478475,1.0,-0.03387947792279922,0.03928062915761628,-0.08789536052933108,0.0,-0.11463087248322157,0.04726131482240094,-0.07314716243754857,0.0,-0.1296644295302013,0.04034831293839075,-0.023887604843807676,0.0,-0.1296644295302013,0.034255172622552656,1.0,0.0
2021-11-18,0.006874848045544828,1.0,0.0,0.0,-0.004609630749519989,0.0,-0.07033557046979855,0.05518134940948119,-0.07055447285632051,0.0,-0.1296644295302013,0.04652533070089042,-0.03838174354257612,0.0,-0.1296644295302013,0.039344294512900974,0.016675366799551086,1.0,-0.1296644295302013,0.033415697337208235,1.0,0.0
2021-11-19,0.061447107616172995,1.0,0.0,0.0,-0.06030352007794273,0.0,-0.11463087248322157,0.05849755154810362,-0.0562184852724527,0.0,-0.1296644295302013,0.048143849258914836,-0.05636948565024056,0.0,-0.1296644295302013,0.03922439536621947,-0.018875281222660138,0.0,-0.1296644295302013,0.0339877214006204,1.0,0.0
2021-11-22,-0.07293158641123781,0.0,-0.07033557046979855,0.0,-0.13887642851803841,0.0,-0.1296644295302013,0.022852575902397983,-0.08294400408924087,0.0,-0.1296644295302013,0.04068207186484039,-0.12068994117903381,0.0,-0.1296644295302013,0.032371571962689444,-0.1095452475157364,0.0,-0.1296644295302013,0.03130442325325452,1.0,0.0
2021-11-23,-0.04881904128287796,0.0,-0.04764654923476774,0.0,-0.0447340064773879,0.0,-0.06381749927808256,0.028632426927242535,0.008482546728694803,1.0,-0.06381749927808256,0.030527866322740807,-0.04745550800594174,0.0,-0.06381749927808256,0.025281744004769117,-0.04488500685517581,0.0,-0.09671259036966307,0.027247029231725596,0.0,0.0
2021-11-24,-0.017125800823922625,0.0,-0.016979987871437063,0.0,0.038806623604874996,1.0,-0.016979987871437063,0.02196054531939334,0.014748198091782565,1.0,-0.0416607015032211,0.028489065142233174,0.04360768032821501,1.0,-0.05468861846814599,0.024141198216300126,0.024263583594745865,1.0,-0.09671259036966307,0.025445334478271832,0.0,0.0
2021-11-25,0.021210835629412745,1.0,0.0,0.0,0.07442738883549536,1.0,0.0,0.007096319444297432,0.032172729313744444,1.0,-0.0416607015032211,0.026838089784758774,0.05957170350185881,1.0,-0.05468861846814599,0.023176098418811526,0.05491104840070427,1.0,-0.09671259036966307,0.025216580051451006,0.0,0.0
2021-11-26,0.0347215887993848,1.0,0.0,0.0,0.010663163286292318,1.0,-0.0416607015032211,0.0332693172644818,-0.00015100037778798287,0.0,-0.051968503937007804,0.026389484742556348,0.10156349273860706,1.0,-0.05468861846814599,0.028704271635322725,0.018104781196711786,1.0,-0.09671259036966307,0.02514478885816935,0.0,0.0
2021-11-29,0.018494964406697838,1.0,0.0,0.0,-0.023759695115053218,0.0,-0.0416607015032211,0.02559146714087861,-0.03774593708979298,0.0,-0.05468861846814599,0.019998726615597137,0.0642468058496216,1.0,-0.05468861846814599,0.02767534463384987,-0.03729170133362935,0.0,-0.09889510298731419,0.02430424473436928,0.0,0.0
2021-11-30,-0.04255338991979018,0.0,-0.0416607015032211,0.0,-0.05336755358387053,0.0,-0.051968503937007804,0.01812007532584797,-0.05593805473463646,0.0,-0.05468861846814599,0.016229056034418002,0.025722164302857134,1.0,-0.05468861846814599,0.02839889697945944,-0.046145132781392664,0.0,-0.09889510298731419,0.024008213778832808,0.0,0.0
2021-12-01,0.0002987303980393622,1.0,0.0,0.0,-0.013687511576700511,0.0,-0.013888888888888729,0.004809451047196135,0.028859482236432466,1.0,-0.013888888888888729,0.018707899485371375,0.049259557593741045,1.0,-0.04078570454235453,0.02537578216101643,-0.013838969358133677,0.0,-0.09944073114172702,0.022269928204345552,0.0,0.0
2021-12-02,-0.011112894062119556,0.0,-0.011051373954599653,0.0,-0.013683395212885493,0.0,-0.013888888888888729,0.00481083813349298,0.027398974188114347,1.0,-0.013888888888888729,0.01880224023307099,0.05505711034212714,1.0,-0.04078570454235453,0.025329627894414213,-0.034025153430983536,0.0,-0.11717364616014192,0.022656241875800814,0.0,0.0
2021-12-03,-0.0028733479126201765,0.0,-0.002869223799456311,0.0,0.039673645900512866,1.0,-0.002869223799456311,0.02056088312628638,0.10171449311639497,1.0,-0.002869223799456311,0.02727515242771162,0.03749420442758043,1.0,-0.06220160960305554,0.026976383348991665,0.0194413181686014,1.0,-0.11717364616014192,0.024469800106637015,0.0,0.0
2021-12-06,0.0003028467618542532,1.0,0.0,0.0,0.04138521616285428,1.0,-0.0011611030478956286,0.02012541812908232,0.10199274293941453,1.0,-0.002591733733460666,0.027227970196715513,0.011144693663297317,1.0,-0.08921020324648765,0.02872478554109969,-0.05254550286440278,0.0,-0.14540990315100266,0.029539852623666648,0.0,0.0
2021-12-07,0.04224414705127868,1.0,0.0,0.0,0.10428499426716092,1.0,-0.0011611030478956286,0.026804038673330286,0.08166021903749353,1.0,-0.022370754330923504,0.03116001830279022,0.002570501150765962,1.0,-0.09671259036966307,0.02886384617519994,-0.1014150750728289,0.0,-0.1859227936161506,0.031172498765709104,0.0,1.0
2021-12-08,-0.001161777650278691,0.0,-0.0011611030478956286,0.0,0.059445749126281734,1.0,-0.002591733733460666,0.03068508697676237,0.020400075357308582,1.0,-0.04078570454235453,0.03060137098427175,-0.019344096733469054,0.0,-0.09671259036966307,0.026311936662424647,-0.1643134183365131,0.0,-0.20256445232574005,0.029360540992446886,0.0,1.0
2021-12-09,0.06320262486616111,1.0,0.0,0.0,0.0405778496364936,1.0,-0.022370754330923504,0.03584057444679465,0.027658136154012858,1.0,-0.04078570454235453,0.030490236428377667,-0.004660655101154641,0.0,-0.09671259036966307,0.026720615666662787,-0.19266254807749236,0.0,-0.22575364888828264,0.029668479381167897,0.0,1.0
2021-12-10,-0.0025950980896006642,0.0,-0.002591733733460666,0.0,-0.0416407718585738,0.0,-0.04078570454235453,0.007990536094404522,-0.06422028868881456,0.0,-0.06220160960305554,0.012681858734970802,-0.08345871154189527,0.0,-0.09671259036966307,0.01641400386698388,-0.2930161478768139,0.0,-0.2539899058791434,0.025052960154525235,0.0,1.0
2021-12-13,-0.0200296771400668,0.0,-0.019830415754923503,0.0,-0.03294939062254757,0.0,-0.038293216630197136,0.012084057194799354,-0.09084804927611721,0.0,-0.08684354485776813,0.012849623530860057,-0.10153850718325096,0.0,-0.09655361050328226,0.016674653625393016,-0.2944518357503116,0.0,-0.2550601750547047,0.02502034963630821,1.0,1.0
2021-12-14,-0.019015996628906427,0.0,-0.018836333193805066,0.0,-0.04159551345914719,0.0,-0.04074229105622995,0.014655435703562009,-0.07908971788672767,0.0,-0.0760429747453607,0.01335985205749544,-0.07186729708424984,0.0,-0.07827542904981166,0.01728215244641697,-0.2270930173290563,0.0,-0.2399888377284778,0.02838639623076274,0.0,1.0
2021-12-15,0.00609628314642564,1.0,0.0,0.0,-0.05180237550714408,0.0,-0.05625441696113076,0.016522169675510213,-0.0397441720907776,0.0,-0.06402826855123678,0.01938673530318944,-0.06309852695187453,0.0,-0.06685512367491175,0.016877422444089407,-0.2016191921660973,0.0,-0.2301060070671378,0.028584866830612607,0.0,1.0
2021-12-16,-0.02867579997666631,0.0,-0.028268551236749095,0.0,-0.06617000440424682,0.0,-0.06402826855123678,0.009750253098594182,-0.0323187912551674,0.0,-0.06402826855123678,0.0206490544413956,-0.08908226377311083,0.0,-0.08522968197879865,0.016767222392168334,-0.1770492607236002,0.0,-0.2301060070671378,0.029757635305780277,0.0,1.0
2021-12-17,-0.029222858676903284,0.0,-0.028800000000000048,0.0,-0.01716465526053679,0.0,-0.036800000000000055,0.02030987227687067,-0.01923842285308064,0.0,-0.036800000000000055,0.018372319936134605,-0.01805288625897909,0.0,-0.05861818181818179,0.021316415728425988,-0.12173629404084764,0.0,-0.20770909090909095,0.03035120269236554,0.0,1.0
2021-12-20,-0.008271345750677193,0.0,-0.008237232289950547,0.0,0.025579867398402286,1.0,-0.008237232289950547,0.012198787571798939,-0.01069045790713379,0.0,-0.0356204379562044,0.01620094235182922,-0.0636901965277001,0.0,-0.0854014598540146,0.029867895435136158,-0.09877581575095445,0.0,-0.20481751824817518,0.029885034057031915,0.0,1.0
2021-12-21,0.020329549167043746,1.0,0.0,0.0,0.018255781574499853,1.0,-0.015474452554744555,0.015580460682218215,0.007222420802477807,1.0,-0.0356204379562044,0.016427544967588244,-0.10398557622359476,0.0,-0.12875912408759127,0.032458539006609846,-0.11527561105002283,0.0,-0.20481751824817518,0.030191811177779495,0.0,1.0
2021-12-22,0.013521663982035694,1.0,0.0,0.0,-0.022748661323500216,0.0,-0.0356204379562044,0.015066558808128405,-0.023354354861096962,0.0,-0.03620437956204381,0.013728683433604527,-0.14496932160304402,0.0,-0.14656934306569347,0.03086836954219002,-0.14736699358574112,0.0,-0.20481751824817518,0.02960956871010944,0.0,1.0
2021-12-23,-0.01559543157457962,0.0,-0.015474452554744555,0.0,-0.026628792346601562,0.0,-0.0356204379562044,0.01325724557409787,-0.05676347251794337,0.0,-0.05518248175182483,0.011133067651477228,-0.18800189297633768,0.0,-0.1713868613138686,0.02963740859872944,-0.17731222665440002,0.0,-0.20481751824817518,0.029270548049653743,0.0,1.0
2021-12-24,-0.020674893730956326,0.0,-0.020462633451957202,0.0,-0.021280587268553135,0.0,-0.021055753262159027,0.01257592375168081,0.0011855365941015434,1.0,-0.04033214709371291,0.023725392658257134,-0.20955743633491866,0.0,-0.19001777251184837,0.030106106691018073,-0.12660744365913834,0.0,-0.19327606635071082,0.03073699544546221,0.0,1.0
2021-12-27,0.009641532958934506,1.0,0.0,0.0,-0.020493147212407387,0.0,-0.02968515742128941,0.012294794672462538,-0.05299973862056629,0.0,-0.07212677725118477,0.03854750728220179,-0.19291332856706053,0.0,-0.19327606635071082,0.030532686229756602,-0.11659164754848009,0.0,-0.19327606635071082,0.030580397755074772,0.0,1.0
2021-12-28,-0.010247226496531236,0.0,-0.010194902548725793,0.0,0.012218897366123464,1.0,-0.02968515742128941,0.02735309149994499,-0.11120799702607266,0.0,-0.1161137440758293,0.03945546854219563,-0.1552257202448065,0.0,-0.19327606635071082,0.035751350396865486,-0.11389256239674159,0.0,-0.19327606635071082,0.03065424200674807,1.0,1.0
2021-12-29,-0.0198874536748107,0.0,-0.019691002726446527,0.0,-0.05239404508296958,0.0,-0.07212677725118477,0.04788296815641638,-0.12161496674194702,0.0,-0.13418246445497628,0.03904014306610954,-0.13852066521422274,0.0,-0.19327606635071082,0.036344178906547564,-0.1606851609466611,0.0,-0.19327606635071082,0.032634166751784946,1.0,1.0
2021-12-30,0.04235357753746533,1.0,0.0,0.0,-0.08107331685473088,0.0,-0.1161137440758293,0.050218311213638886,-0.13123842045839434,0.0,-0.15936018957345965,0.03901123458888551,-0.08796699695048943,0.0,-0.19327606635071082,0.0385990641354785,-0.1571165487436495,0.0,-0.19327606635071082,0.03257857894226437,1.0,1.0
2021-12-31,-0.07486016894562429,0.0,-0.07212677725118477,0.0,-0.14408109060460178,0.0,-0.13418246445497628,0.022132785985301738,-0.21074297292902036,0.0,-0.19001777251184837,0.01875065866628707,-0.10368340778186853,0.0,-0.19327606635071082,0.0367605562955407,-0.16150884599293683,0.0,-0.19327606635071082,0.03225254603639829,1.0,1.0
2022-01-04,-0.048566725446571916,0.0,-0.047406225059856366,0.0,-0.09873182905023543,0.0,-0.09401436552274545,0.011646052373186552,-0.13991358994649422,0.0,-0.13056664006384677,0.015083076214487123,-0.03508561922325443,0.0,-0.13056664006384677,0.029833676177130057,-0.15173274876921136,0.0,-0.1407821229050279,0.03129659728163683,1.0,0.0
2022-01-05,-0.02065419621240546,0.0,-0.02044235924932969,0.0,-0.08731607853682403,0.0,-0.08361260053619302,0.006740884158229322,-0.04401772321873391,0.0,-0.08729892761394098,0.03015449310846752,-0.011290034826428067,0.0,-0.08729892761394098,0.02695499680896288,-0.07712861549764319,0.0,-0.11565631674059473,0.030628793642457987,1.0,0.0
2022-01-06,-0.029510907391257977,0.0,-0.02907971262401643,0.0,-0.07069266828751682,0.0,-0.0682517960998974,0.014160014663564419,-0.016905698472275785,0.0,-0.0682517960998974,0.029973076133900114,-0.002397671982697151,0.0,-0.0682517960998974,0.02643791791777191,-0.05883013297769679,0.0,-0.11565631674059473,0.030385691949325656,0.0,0.0
2022-01-07,-0.03715097493316057,0.0,-0.03646934460887952,0.0,0.006147380384929691,1.0,-0.040345313601127586,0.03475578142081144,0.04327142350790492,1.0,-0.040345313601127586,0.0291346077251379,0.010689666321937703,1.0,-0.057499589288647956,0.025253956108384983,-0.08643495272542256,0.0,-0.144734680466568,0.032137686064044886,0.0,0.0
2022-01-10,-0.004030785963098266,0.0,-0.004022673249222897,0.0,0.0497561838521428,1.0,-0.004022673249222897,0.02215680824959145,0.10705956514715165,1.0,-0.004022673249222897,0.018196723159472843,0.08294999267578025,1.0,-0.057499589288647956,0.023565761982281004,-0.044302170209738014,0.0,-0.144734680466568,0.03128630428613672,0.0,0.0
2022-01-11,0.047329141281188515,1.0,0.0,0.0,0.0844531844041638,1.0,0.0,0.01678015788234446,0.1048279707232398,1.0,-0.00624281255133885,0.018831586497439524,0.07632168101858057,1.0,-0.057499589288647956,0.0239924795171215,0.010955011878807151,1.0,-0.144734680466568,0.03337415665018145,0.0,0.0
2022-01-12,0.006457828534052505,1.0,0.0,0.0,0.06376120982906154,1.0,0.0,0.0105907972173178,0.03272768839230576,1.0,-0.030556924593395762,0.020641053443243282,0.041333157848064885,1.0,-0.057499589288647956,0.020199729899963027,-0.038373584762677576,0.0,-0.144734680466568,0.03160143261264152,0.0,0.0
2022-01-13,0.030666214588922734,1.0,0.0,0.0,0.05104100090799879,1.0,-0.00624281255133885,0.01654063868399263,0.014508026489578635,1.0,-0.041892557910300554,0.021904457820396663,-0.02216449573243829,0.0,-0.07639231148348935,0.02722837762139173,-0.004883162825071886,0.0,-0.144734680466568,0.03286305248011488,0.0,0.0
2022-01-14,0.026637166706086114,1.0,0.0,0.0,-0.00439635473066954,0.0,-0.030556924593395762,0.021259686750382693,-0.03258175718596719,0.0,-0.057499589288647956,0.01765290714084399,-0.0691495517931602,0.0,-0.09134220469853782,0.02512109429242036,-0.07259064909434372,0.0,-0.144734680466568,0.03299163954993839,0.0,0.0
2022-01-17,-0.006262380387010123,0.0,-0.00624281255133885,0.0,-0.042795354805430265,0.0,-0.041892557910300554,0.007760729423827297,-0.024109572471371365,0.0,-0.057499589288647956,0.020867742776754888,-0.05782543821106831,0.0,-0.09134220469853782,0.026806719039013,-0.0954251855958147,0.0,-0.144734680466568,0.03231258173274269,0.0,0.0
2022-01-18,-0.024771141049745513,0.0,-0.024466854025458784,0.0,-0.052956543505043245,0.0,-0.051578773350967166,0.005381612975104031,-0.028506289704659397,0.0,-0.051578773350967166,0.021002118861470777,-0.11664712954595706,0.0,-0.11010084311456447,0.03218142894194501,-0.03996822341674074,0.0,-0.13936187799636301,0.03437904419296241,0.0,0.0
2022-01-19,-0.011761833368674663,0.0,-0.011692933401118433,0.0,0.006923948965384183,1.0,-0.02779189967802065,0.023272018580915387,0.008605469455759083,1.0,-0.02779189967802065,0.01945166984830972,-0.06583858067121513,0.0,-0.09559811827956999,0.03368673964254253,0.02642294188782036,1.0,-0.12533602150537637,0.03521502160566741,0.0,0.0
2022-01-20,-0.016423569086623114,0.0,-0.01628943758573398,0.0,0.008026684713760885,1.0,-0.01628943758573398,0.023054577648400347,-0.03667252222201686,0.0,-0.055443548387096864,0.03083139393625069,-0.05643246099499963,0.0,-0.09559811827956999,0.03366033651842719,0.038019717898688535,1.0,-0.12533602150537637,0.03509008057766248,0.0,0.0
2022-01-21,0.03510935142068198,1.0,0.0,0.0,0.03679087191105677,1.0,-0.010602490743857329,0.018684970394721518,-0.03656779460719299,0.0,-0.07073252688172049,0.030825247062880465,-0.0971246190473603,0.0,-0.12533602150537637,0.03701053676089435,0.07146497455474216,1.0,-0.12533602150537637,0.034973698791487894,0.0,0.0
2022-01-24,-0.010659097620298055,0.0,-0.010602490743857329,0.0,-0.055358304556075766,0.0,-0.055443548387096864,0.028855588122317376,-0.03371586573969691,0.0,-0.07073252688172049,0.031621069957691456,-0.1272521628855183,0.0,-0.12533602150537637,0.03437143876754173,0.05882126629466707,1.0,-0.12533602150537637,0.034509126162200414,0.0,0.0
2022-01-25,0.012340618110672967,1.0,0.0,0.0,-0.06101804840757682,0.0,-0.07073252688172049,0.028466762333026724,-0.08814083984129764,0.0,-0.09559811827956999,0.03948511301009003,-0.06536666913977347,0.0,-0.12533602150537637,0.03939100973558848,0.057989653379243764,1.0,-0.12533602150537637,0.03452598507615905,1.0,0.0
2022-01-26,-0.0570398250464507,0.0,-0.055443548387096864,0.0,-0.03539738623007175,0.0,-0.07073252688172049,0.03891549268231555,-0.07444405012697426,0.0,-0.09559811827956999,0.041872197715701456,-0.07970674261074258,0.0,-0.12533602150537637,0.03893608494437769,0.031097444628260272,1.0,-0.12533602150537637,0.034655532232404626,1.0,0.0
2022-01-27,-0.016318841471799118,0.0,-0.016186410530060424,0.0,-0.04344163290551987,0.0,-0.06301131418624895,0.04208816654820346,-0.019759938772982735,0.0,-0.06301131418624895,0.03619034328984514,0.017281332907366408,1.0,-0.09382071366405575,0.03756056471544403,0.06773511416319859,1.0,-0.09382071366405575,0.032405072799637606,0.0,0.0
2022-01-28,0.037961280288177975,1.0,0.0,0.0,-0.0010853836087245262,0.0,-0.06301131418624895,0.04602372255480388,-0.06055682444016728,0.0,-0.09382071366405575,0.04216460998426117,-0.0034410973011836403,0.0,-0.09382071366405575,0.0390415058236593,0.08471862830818876,1.0,-0.09382071366405575,0.03209863864028431,1.0,0.0
2022-02-07,-0.06508407172189881,0.0,-0.06301131418624895,0.0,-0.04140237758936164,0.0,-0.06301131418624895,0.038070315478058,-0.09353629714582146,0.0,-0.09382071366405575,0.03593507841038094,-0.03759974738474643,0.0,-0.09382071366405575,0.036980539449645154,0.02254634701091177,1.0,-0.09382071366405575,0.03168991261496335,1.0,0.0
2022-02-08,0.02603740782499622,1.0,0.0,0.0,-0.033434033006446526,0.0,-0.05773755656108592,0.03451130616109969,0.022774170701524328,1.0,-0.05773755656108592,0.03603035324951152,0.07667890612921627,1.0,-0.05773755656108592,0.03378340139992531,0.08251182711023393,1.0,-0.0723579815931451,0.02789290378098082,0.0,0.0
2022-02-09,-0.002355713692459148,0.0,-0.0023529411764706687,0.0,-0.05448963324891895,0.0,-0.05773755656108592,0.027706000372188195,-0.005262692483768323,0.0,-0.05773755656108592,0.034395279838106446,0.09226152255903562,1.0,-0.05773755656108592,0.0349345223586028,0.06057138643618857,1.0,-0.0723579815931451,0.027437279017975914,0.0,0.0
2022-02-10,-0.05711572713898377,0.0,-0.055515239477503586,0.0,-0.0009075234310129559,0.0,-0.055515239477503586,0.044388038255365594,0.037041271680349076,1.0,-0.055515239477503586,0.03804370573261765,0.09445217889368815,1.0,-0.055515239477503586,0.03486801374595681,0.10054122922187746,1.0,-0.0723579815931451,0.028410716836006038,0.0,0.0
2022-02-11,0.004981807582523875,1.0,0.0,0.0,0.054208748347674536,1.0,-0.001997457781006018,0.023618004591985507,0.057115727138983774,1.0,-0.03636363636363649,0.03152280810666822,0.16858959360210252,1.0,-0.03636363636363649,0.02689831163783912,0.15601491986711674,1.0,-0.0723579815931451,0.024670083904966195,0.0,0.0
2022-02-14,0.05122639612544694,1.0,0.0,0.0,0.08917519123680902,1.0,-0.001997457781006018,0.02290026166840957,0.05593654976107505,1.0,-0.03636363636363649,0.031574484894677915,0.18607342918018532,1.0,-0.03636363636363649,0.02663642507525813,0.09753178582775039,1.0,-0.08473500476039353,0.028063539176423766,0.0,0.0
2022-02-15,-0.0019994553602962505,0.0,-0.001997457781006018,0.0,0.0009075234310130572,1.0,-0.03636363636363649,0.031472960946690214,0.05390473542769188,1.0,-0.03636363636363649,0.03106554077766816,0.12335632251901726,1.0,-0.03636363636363649,0.02558034020621832,0.006876610521986044,1.0,-0.12012059663598862,0.027527248013110954,0.0,0.0
2022-02-16,0.039948250471658335,1.0,0.0,0.0,0.006709608995924475,1.0,-0.03636363636363649,0.031450343059200025,0.09752421504280392,1.0,-0.03636363636363649,0.032349705756440264,0.11080418723900291,1.0,-0.03636363636363649,0.02654281533420303,0.04465742460555617,1.0,-0.12012059663598862,0.028577915935076272,0.0,0.0
2022-02-17,-0.037041271680349215,0.0,-0.03636363636363649,0.0,0.015955940316329763,1.0,-0.03636363636363649,0.03522195655840788,0.05741090721333902,1.0,-0.03636363636363649,0.031239954837859876,0.05045378125583213,1.0,-0.045382418279911296,0.026151088082705255,0.036392618883979024,1.0,-0.12012059663598862,0.028085064253521964,0.0,0.0
2022-02-18,0.0038026302046153555,1.0,0.0,0.0,0.09461723625149465,1.0,0.0,0.019854913983278405,0.11147386646311876,1.0,-0.00016504373659032012,0.019855849535770406,0.08815972560937235,1.0,-0.045382418279911296,0.022236287332889647,0.053857131217267096,1.0,-0.12012059663598862,0.027118076985323352,0.0,0.0
2022-02-21,0.04919458179206374,1.0,0.0,0.0,0.09064954868907284,1.0,-0.00016504373659032012,0.02170443104853114,0.1301368794191102,1.0,-0.00016504373659032012,0.017661721512588043,0.06014609439565813,1.0,-0.06759758806728033,0.02435507292484394,0.0982141300661832,1.0,-0.12012059663598862,0.02887509361340151,0.0,0.0
2022-02-22,0.04162002425481555,1.0,0.0,0.0,0.0584766544664397,1.0,-0.00016504373659032012,0.017147903708147078,0.06945158709132537,1.0,-0.011424944462075648,0.018406675267134895,0.0058329209810178756,1.0,-0.0723579815931451,0.019738646976516363,0.03216800131013905,1.0,-0.12012059663598862,0.027358591093891885,0.0,0.0
2022-02-23,-0.00016505735780656555,0.0,-0.00016504373659032012,0.0,0.039322273372230945,1.0,-0.00016504373659032012,0.009644626941847678,0.013279972196199124,1.0,-0.02570612503967007,0.014852500804476945,-0.03169013612284688,0.0,-0.0723579815931451,0.014434945062134963,-0.012956991900432025,0.0,-0.12012059663598862,0.025781052494733458,0.0,0.0
2022-02-24,0.017021687569430524,1.0,0.0,0.0,0.027996620194316094,1.0,-0.011424944462075648,0.014890815418816958,-0.006957125957506853,0.0,-0.045382418279911296,0.01757723424380612,0.006089050328189471,1.0,-0.0723579815931451,0.018960988034218747,-0.01262475239728926,0.0,-0.12012059663598862,0.02578146526476254,0.0,0.0
2022-02-25,0.022465643160606848,1.0,0.0,0.0,-0.00357665801542504,0.0,-0.02570612503967007,0.016775241484059494,-0.02331414085374645,0.0,-0.045382418279911296,0.015208354598229182,-0.012574673734985642,0.0,-0.0723579815931451,0.01815501175959172,-0.06330591531801252,0.0,-0.12012059663598862,0.02640500779219559,0.0,0.0
2022-02-28,-0.011490710535721206,0.0,-0.011424944462075648,0.0,-0.04644445668754433,0.0,-0.045382418279911296,0.0036970250485035905,-0.0699907850234521,0.0,-0.06759758806728033,0.008566277257713636,-0.08854164335243492,0.0,-0.08473500476039353,0.02210335112857373,-0.09969936022308817,0.0,-0.12012059663598862,0.025823585240240768,0.0,0.0
2022-03-01,-0.014551590640310684,0.0,-0.014446227929374,0.0,-0.034289073478631964,0.0,-0.03434991974317814,0.008879283181164432,-0.06361866611030756,0.0,-0.06163723916532904,0.009288101463398707,-0.1164797119970313,0.0,-0.10995184590690199,0.02394866058932851,-0.08680710776207856,0.0,-0.10995184590690199,0.025814049864265803,0.0,0.0
2022-03-02,-0.02040215551151245,0.0,-0.020195439739413734,0.0,-0.04394848384742029,0.0,-0.042996742671009835,0.010939823759173989,-0.044970108319045916,0.0,-0.047882736156351746,0.011325946324527192,-0.06614676263344663,0.0,-0.09690553745928332,0.027790561693048933,-0.042927902027247805,0.0,-0.09690553745928332,0.026702337991403466,0.0,0.0
2022-03-03,0.0006646726731911818,1.0,0.0,0.0,-0.028664919958484435,0.0,-0.028903654485049834,0.010628919581578937,0.013046176285696291,1.0,-0.028903654485049834,0.020051841032515786,-0.01406116237185295,0.0,-0.09023789991796549,0.029544058126518245,-0.03621990094832636,0.0,-0.09023789991796549,0.026512379351576888,0.0,0.0
2022-03-04,-0.024211001009098936,0.0,-0.02392026578073103,0.0,-0.025232625480724587,0.0,-0.028903654485049834,0.011788825599040383,0.010739467118760813,1.0,-0.028903654485049834,0.020117700914305415,-0.034302594392105264,0.0,-0.09023789991796549,0.030022368749189298,-0.05462108448022522,0.0,-0.09023789991796549,0.02672890581660847,0.0,0.0
2022-03-07,-0.005118591622576615,0.0,-0.005105513955071417,0.0,0.03659250462160401,1.0,-0.005105513955071417,0.018361832660737643,-0.01855085832898288,0.0,-0.05365053322395408,0.02916871329015687,0.038068035670524955,1.0,-0.09023789991796549,0.03274042274934126,-0.06594636441830981,0.0,-0.09878768020969853,0.027292004150709835,0.0,0.0
2022-03-08,0.004096967150951008,1.0,0.0,0.0,0.04006905975043625,1.0,-0.001640689089417613,0.0173121115089687,-0.05286104588672379,0.0,-0.09023789991796549,0.032534494484989726,0.026335080329121203,1.0,-0.09023789991796549,0.03324558822057969,-0.08121228176814843,0.0,-0.1169724770642202,0.027544575192399674,1.0,0.0
2022-03-09,0.03761412909322974,1.0,0.0,0.0,-0.01752923385735721,0.0,-0.05365053322395408,0.0373161548754034,-0.021176654314400724,0.0,-0.09023789991796549,0.03748374326577887,0.018733144222414823,1.0,-0.09023789991796549,0.033290316317536935,-0.09988622166587248,0.0,-0.12975098296199217,0.027568718066664482,1.0,0.0
2022-03-10,-0.0016420364937444099,0.0,-0.001640689089417613,0.0,-0.09457214213090442,0.0,-0.09023789991796549,0.021896880714405206,-0.027107338657549215,0.0,-0.09023789991796549,0.036212985476579335,-0.018713802725478644,0.0,-0.09023789991796549,0.0310929723179454,-0.1857071008103026,0.0,-0.17070773263433814,0.02728026654855777,1.0,1.0
2022-03-11,-0.05350132645684259,0.0,-0.05209531635168452,0.0,-0.057148746913886085,0.0,-0.08874281018898933,0.03919466985204762,-0.04504206151086607,0.0,-0.08874281018898933,0.03654766451939158,-0.05073124158302687,0.0,-0.08874281018898933,0.032520221442530105,-0.1937921881581241,0.0,-0.17873525557011793,0.027223854676186363,1.0,1.0
2022-03-14,-0.03942877918031752,0.0,-0.03866158113730922,0.0,0.028036024293037698,1.0,-0.03866158113730922,0.034529063659371105,0.056618893999507904,1.0,-0.03866158113730922,0.034351810655411735,-0.011157716870653134,0.0,-0.06553079947575358,0.028551980978878705,-0.14830212025004658,0.0,-0.1852883355176933,0.025300838193149374,0.0,1.0
2022-03-15,0.035781358723274,1.0,0.0,0.0,0.04788804412629409,1.0,-0.019386378961564366,0.025185804333441385,0.07919612621584507,1.0,-0.019386378961564366,0.028341894904828045,0.029672604234952733,1.0,-0.06553079947575358,0.02554191651123456,-0.09787433007432934,0.0,-0.1852883355176933,0.024484387474371528,0.0,1.0
2022-03-16,0.031683444750081224,1.0,0.0,0.0,0.060266314456551395,1.0,-0.019386378961564366,0.028843045545075864,0.03990979853681552,1.0,-0.02015072083879421,0.027144579889724404,0.023218860606198884,1.0,-0.06553079947575358,0.024774650675924534,-0.1533389914710058,0.0,-0.1923328964613369,0.02280368202841381,0.0,1.0
2022-03-17,-0.019576759347061184,0.0,-0.019386378961564366,0.0,0.011731322742489825,1.0,-0.019386378961564366,0.031308674877506645,0.008393535932070699,1.0,-0.02015072083879421,0.02443275048105583,-0.02215873857647338,0.0,-0.06553079947575358,0.023078849483429715,-0.12614136906969214,0.0,-0.1923328964613369,0.025732623014807613,0.0,1.0
2022-03-18,0.0481596290535314,1.0,0.0,0.0,0.027803113133795437,1.0,-0.02015072083879421,0.028035324620459247,-0.005689180072160867,0.0,-0.05242463958060284,0.02735735436714998,-0.020318490088120058,0.0,-0.06618610747051112,0.02294664269839991,-0.09837486772841846,0.0,-0.1923328964613369,0.025728273971792955,0.0,1.0
2022-03-21,-0.01685154696398048,0.0,-0.01671035386631714,0.0,-0.020189333774399635,0.0,-0.02015072083879421,0.007312492953350351,-0.06777661087016104,0.0,-0.06553079947575358,0.01187010984345323,-0.10401440008883482,0.0,-0.09878768020969853,0.01779984849830411,-0.18127361328699568,0.0,-0.1923328964613369,0.023417101189785648,0.0,1.0
2022-03-22,-0.0035049689557554685,0.0,-0.003498833722092698,0.0,-0.036997262161711786,0.0,-0.03632122625791401,0.015154836804216764,-0.049523521980892195,0.0,-0.04965011662779084,0.013043812122979965,-0.10754736209726963,0.0,-0.10196601132955685,0.017958718411314675,-0.20041155617333417,0.0,-0.18160613128957026,0.024096937418036615,0.0,1.0
2022-03-23,0.00016718214533619424,1.0,0.0,0.0,-0.04742009495042524,0.0,-0.046472751588097605,0.01387343693527845,-0.016690937930616698,0.0,-0.046472751588097605,0.020655884088206712,-0.11861936588828731,0.0,-0.11200267469073888,0.017818381267338708,-0.23149634600052882,0.0,-0.20678702774991642,0.024623287905627442,0.0,1.0
2022-03-24,-0.03365947535129272,0.0,-0.033099297893681046,0.0,-0.04618573517047302,0.0,-0.046472751588097605,0.014351161986018508,-0.030552274508544006,0.0,-0.046472751588097605,0.020927775033924387,-0.16699329808482405,0.0,-0.15379471748579077,0.020290857907838473,-0.3366728585498626,0.0,-0.2858575727181545,0.03175307457087235,0.0,1.0
2022-03-25,-0.013927801744468813,0.0,-0.013831258644536715,0.0,0.01680135527533966,1.0,-0.013831258644536715,0.017906812564289904,-0.014629310015959155,0.0,-0.030941856511390697,0.01740900530811568,-0.1430609465750972,0.0,-0.1477388643318599,0.019547067607941084,-0.31882119143155235,0.0,-0.2851071064263856,0.03151758595862724,0.0,1.0
2022-03-28,0.0014015419252884772,1.0,0.0,0.0,0.01703500258721752,1.0,-0.013600816048962905,0.017822015924214018,-0.03623778921867385,0.0,-0.06477388643318605,0.021745706702846566,-0.13714440337939332,0.0,-0.15453927235634146,0.019638889552272127,-0.23000433994623487,0.0,-0.2851071064263856,0.03722821402406362,0.0,1.0
2022-03-29,0.029327615094520136,1.0,0.0,0.0,-0.0021030501967787877,0.0,-0.030941856511390697,0.02129748355103887,-0.0580238401163775,0.0,-0.08364501870112206,0.021758791121891337,-0.12754693430928216,0.0,-0.15453927235634146,0.020566746082526902,-0.2033392076466794,0.0,-0.2851071064263856,0.03813287979034047,1.0,1.0
2022-03-30,-0.013694154432590977,0.0,-0.013600816048962905,0.0,-0.06696694623848232,0.0,-0.06477388643318605,0.009488302455350114,-0.10192842795767067,0.0,-0.09690581434886103,0.007938216448851731,-0.1765578520772046,0.0,-0.161849710982659,0.015055857243577421,-0.19147587676819547,0.0,-0.2851071064263856,0.03882853753634125,1.0,1.0
2022-03-31,-0.01773651085870783,0.0,-0.0175801447776629,0.0,-0.07365730077830655,0.0,-0.07100999655291285,0.00784162612946068,-0.13644102357628007,0.0,-0.1275422268183386,0.012697146050157627,-0.10398263049321874,0.0,-0.15029300241296117,0.02753591717236949,-0.1614448264224865,0.0,-0.2752499138228198,0.039218872891091446,1.0,1.0
2022-04-01,-0.0355362809471835,0.0,-0.03491228070175445,0.0,-0.07049776266637175,0.0,-0.0680701754385965,0.008835510871397865,-0.128431636559138,0.0,-0.12052631578947359,0.014215584679781275,-0.07805637764029841,0.0,-0.1350877192982457,0.027940498093489804,-0.15245620982002459,0.0,-0.262280701754386,0.0391570034966442,1.0,1.0
2022-04-06,-0.020384508972415238,0.0,-0.020178149427376835,0.0,-0.08316823177038878,0.0,-0.07980367205962557,0.014677142081797948,-0.10090661416071958,0.0,-0.09598254862752231,0.01465793530135677,-0.07725921319816088,0.0,-0.10379930921650615,0.027862294406149818,-0.14468222564999234,0.0,-0.23559352844937287,0.03891582826446855,1.0,1.0
2022-04-07,-0.014576972746773111,0.0,-0.014471243042671667,0.0,-0.07251084663953934,0.0,-0.06994434137291272,0.01711128474033017,-0.06952309419290471,0.0,-0.07736549165120599,0.01923258799209934,-0.09286419407606446,0.0,-0.08868274582560298,0.02894358723042047,-0.1074240739633485,0.0,-0.21985157699443414,0.039132899292156194,0.0,1.0
2022-04-08,-0.04820675005120039,0.0,-0.04706325301204817,0.0,-0.06594513244153129,0.0,-0.0638177710843374,0.018557129100455018,-0.07462942411953405,0.0,-0.0719126506024097,0.019376214338153185,-0.11287698011224144,0.0,-0.10673945783132521,0.029915765552741336,-0.052165583408404555,0.0,-0.20839608433734946,0.04031817708902792,0.0,1.0
2022-04-11,-0.009727123841565865,0.0,-0.009679968391939853,0.0,-0.006739371394931302,0.0,-0.017581983405768442,0.009392119670381532,0.03245839308306128,1.0,-0.026076649545634156,0.02801242032154373,-0.16967956046503851,0.0,-0.18968133535660092,0.04005946198768517,-0.011923829667504928,0.0,-0.2023899848254932,0.03897410166398226,0.0,1.0
2022-04-12,-0.008011258548764964,0.0,-0.007979253939756736,0.0,-0.016695550226767667,0.0,-0.019490851233094797,0.012644855494363593,0.05037525891883976,1.0,-0.019490851233094797,0.026829496868691616,-0.17576024485645506,0.0,-0.2023899848254932,0.03999102870281068,0.0037829811167728925,1.0,-0.2023899848254932,0.03894043211520814,0.0,1.0
2022-04-13,0.01099901099539968,1.0,0.0,0.0,0.05019677547339214,1.0,-0.019490851233094797,0.03232896169718785,0.023647400962558685,1.0,-0.034142640364188126,0.0320544190118083,-0.09285993656684148,0.0,-0.2023899848254932,0.04874821315691757,-0.00402982612650076,0.0,-0.2023899848254932,0.039059742340045125,0.0,1.0
2022-04-14,-0.01968330267340238,0.0,-0.019490851233094797,0.0,0.04738750647220511,1.0,-0.019490851233094797,0.032521577915800876,-0.023341099883159685,0.0,-0.06828528072837636,0.035537508504220834,-0.07579227333739715,0.0,-0.2023899848254932,0.0497176957744866,0.0185226970493324,1.0,-0.2023899848254932,0.0396873116344583,0.0,1.0
2022-04-15,0.05888106715139489,1.0,0.0,0.0,0.03233169264056136,1.0,-0.034142640364188126,0.03826404771250868,-0.038247555992707384,0.0,-0.0999620637329286,0.037255812547402074,-0.014918024690990921,0.0,-0.2023899848254932,0.05155574311457372,0.0721791354560264,1.0,-0.2023899848254932,0.040015658671557666,1.0,1.0
2022-04-18,0.008189741994212449,1.0,0.0,0.0,-0.06253886436115226,0.0,-0.06828528072837636,0.020537918459724858,-0.20213795354809982,0.0,-0.18968133535660092,0.03638840997022253,-0.0574621959292678,0.0,-0.2023899848254932,0.04803324362367681,0.03624469587048015,1.0,-0.2023899848254932,0.03826188306066016,1.0,1.0
2022-04-19,-0.03473911650504597,0.0,-0.034142640364188126,0.0,-0.10531836513831482,0.0,-0.0999620637329286,0.0006276046431274107,-0.22613550377529476,0.0,-0.2023899848254932,0.030815236709736387,-0.07439983217972615,0.0,-0.2023899848254932,0.04781007802060753,0.0252846131996617,1.0,-0.2023899848254932,0.03824510108248487,1.0,1.0
2022-04-20,-0.035989489850318794,0.0,-0.0353495679497251,0.0,-0.1755885790372664,0.0,-0.16103692065985864,0.03287115200024352,-0.11650733752940025,0.0,-0.1741948153967008,0.057727149413122576,-0.06742301245183147,0.0,-0.1741948153967008,0.04745621324145703,0.06812839738698376,1.0,-0.1741948153967008,0.03735808226849014,1.0,1.0
2022-04-21,-0.03458975878295002,0.0,-0.03399837133550476,0.0,-0.15540689741993,0.0,-0.14393322475570036,0.03839645425090907,-0.05245117345423744,0.0,-0.14393322475570036,0.06052962999965362,-0.014559879887284011,0.0,-0.14393322475570036,0.04684419434841677,0.07602562971323494,1.0,-0.14393322475570036,0.03697941108005855,1.0,0.0
2022-04-22,-0.1050093304039975,0.0,-0.09968387776606957,0.0,-0.045928088896131335,0.0,-0.11380400421496328,0.07344405186012219,0.023329531301716604,1.0,-0.11380400421496328,0.06206576330015903,0.060711396703836885,1.0,-0.11380400421496328,0.046962678332156935,0.10151752437865846,1.0,-0.11380400421496328,0.03606214152422424,1.0,0.0
2022-04-25,-0.015807808232982334,0.0,-0.015683520599250933,0.0,0.08714791573271011,1.0,-0.015683520599250933,0.0370333559949362,0.14467575761883214,1.0,-0.015683520599250933,0.029743463160741442,0.15775573079753363,1.0,-0.03585173182094381,0.029952151115821862,0.2084290809602072,1.0,-0.036507062924234,0.02581605732591728,0.0,0.0
2022-04-26,0.07488904974084849,1.0,0.0,0.0,0.14414666993869657,1.0,0.0,0.01972067036112587,0.15173567159556858,1.0,-0.008709742758760353,0.02768204840095688,0.17954322597322808,1.0,-0.03585173182094381,0.028323653507468655,0.21449748250216616,1.0,-0.044028618602091285,0.02554018514828233,0.0,0.0
2022-04-27,0.028066674224844088,1.0,0.0,0.0,0.08559451611096587,1.0,0.0,0.010151945694961908,0.04908432507756871,1.0,-0.03585173182094381,0.024966950085533055,0.08883011044034085,1.0,-0.03585173182094381,0.02258057331959921,0.14095084354877685,1.0,-0.044028618602091285,0.020912382610475788,0.0,0.0
2022-04-28,0.04119094597300393,1.0,0.0,0.0,0.04877994762987596,1.0,-0.008709742758760353,0.020387518691762998,0.03789129356695329,1.0,-0.03585173182094381,0.023699910410379575,0.09431497038672951,1.0,-0.03585173182094381,0.02310051437911542,0.13487140836921874,1.0,-0.044028618602091285,0.02064715184088399,0.0,0.0
2022-04-29,0.016336895913118016,1.0,0.0,0.0,-0.020173295120279062,0.0,-0.03585173182094381,0.018060186405465722,0.037381865402120254,1.0,-0.03585173182094381,0.023555848028770487,0.08709716014701735,1.0,-0.03585173182094381,0.02219179443068171,0.07245950691332938,1.0,-0.044028618602091285,0.019908199738970313,0.0,0.0
2022-05-05,-0.008747894256245886,0.0,-0.008709742758760353,0.0,-0.019636548319168536,0.0,-0.03585173182094381,0.018288969821648488,0.013079973178701534,1.0,-0.03585173182094381,0.023732680052775512,0.0937068917997479,1.0,-0.03585173182094381,0.022505342304876472,0.10871724135431665,1.0,-0.044028618602091285,0.022469508661367297,0.0,0.0
2022-05-06,-0.027762296777151203,0.0,-0.027380465876583493,0.0,0.029792863745248248,1.0,-0.027380465876583493,0.02837005025992657,0.027807554377659607,1.0,-0.027380465876583493,0.02304342265389079,0.09968444537938788,1.0,-0.027380465876583493,0.02209174675791838,0.17088190058195823,1.0,-0.044028618602091285,0.02450034922895547,0.0,0.0
2022-05-09,0.01687364271422861,1.0,0.0,0.0,0.04959016421209871,1.0,-0.007933359777865912,0.019861342242205923,0.03974578536277209,1.0,-0.01765172550575167,0.0198663489305407,0.1355514098388151,1.0,-0.01765172550575167,0.018252872810021047,0.20276933211907228,1.0,-0.044028618602091285,0.023082325441975284,0.0,0.0
2022-05-10,0.04068151780817095,1.0,0.0,0.0,0.03869620844058227,1.0,-0.007933359777865912,0.020453618512571964,0.056423676819776315,1.0,-0.01765172550575167,0.022331878360738674,0.09058550960051895,1.0,-0.02770133920381579,0.022029466149931152,0.1706862707413151,1.0,-0.044028618602091285,0.02366596871590312,0.0,0.0
2022-05-11,-0.007964996310300758,0.0,-0.007933359777865912,0.0,-0.017809375159627418,0.0,-0.01765172550575167,0.009016175571738921,0.04971529474489685,1.0,-0.01765172550575167,0.020664734069561024,0.04080612767482176,1.0,-0.036507062924234,0.019836376882412913,0.10674789076887675,1.0,-0.044028618602091285,0.02342476445302276,0.0,0.0
2022-05-12,0.005979686942712038,1.0,0.0,0.0,0.0237071553219062,1.0,-0.015699523052464248,0.020203300788193757,0.0806269186210464,1.0,-0.015699523052464248,0.018933804827875836,0.050673350162673596,1.0,-0.036507062924234,0.019454384956428726,0.14109964225237262,1.0,-0.044028618602091285,0.02364477916256761,0.0,0.0
2022-05-13,-0.015824065792038773,0.0,-0.015699523052464248,0.0,0.05170060411248557,1.0,-0.015699523052464248,0.023375887147430177,0.07187689100172832,1.0,-0.015699523052464248,0.02015562188116351,0.03495425652893818,1.0,-0.044028618602091285,0.019946000009554106,0.14445128273854485,1.0,-0.044028618602091285,0.023648441224032993,0.0,0.0
2022-05-16,0.03355153417123286,1.0,0.0,0.0,0.09047129747037301,1.0,0.0,0.005101477720041657,0.09580562447604309,1.0,-0.002766506824050108,0.014450218011486837,0.05212073310843607,1.0,-0.044028618602091285,0.018921820988783925,0.15924282391639433,1.0,-0.044028618602091285,0.023141991380622538,0.0,0.0
2022-05-17,0.03397313573329157,1.0,0.0,0.0,0.054149422622534235,1.0,-0.002766506824050108,0.015394910402232145,0.03416183278074259,1.0,-0.02770133920381579,0.021493491400485207,0.040556437982489195,1.0,-0.044028618602091285,0.017450676051947993,0.1315282161882158,1.0,-0.044028618602091285,0.022385631364823133,0.0,0.0
2022-05-18,0.022946627565848757,1.0,0.0,0.0,0.028280954571518815,1.0,-0.002766506824050108,0.010540461910470728,-0.00890916707007527,0.0,-0.036507062924234,0.017064463396622594,-0.014637653233687991,0.0,-0.044028618602091285,0.015762208994040298,0.12690446313691367,1.0,-0.044028618602091285,0.02212384300791293,0.0,0.0
2022-05-19,-0.0027703406766059263,0.0,-0.002766506824050108,0.0,-0.022757930518397567,0.0,-0.02770133920381579,0.01516458840716734,-0.029953568458372767,0.0,-0.036507062924234,0.012405496376659575,0.015010349554568805,1.0,-0.044028618602091285,0.021732498197402913,0.12501124476889722,1.0,-0.044028618602091285,0.022056556262539165,0.0,0.0
2022-05-20,0.008104667682275928,1.0,0.0,0.0,-0.029085453959317973,0.0,-0.036507062924234,0.014783367063468847,-0.036922634472790226,0.0,-0.044028618602091285,0.012356779696839239,0.07119745520257029,1.0,-0.044028618602091285,0.026616374787316356,0.15981507393267902,1.0,-0.044028618602091285,0.02264138992373564,0.0,0.0
2022-05-23,-0.02809225752406765,0.0,-0.02770133920381579,0.0,-0.035287895464042866,0.0,-0.036507062924234,0.012389323449867784,-0.04368489136760713,0.0,-0.044028618602091285,0.01086783043100675,0.06721792228025716,1.0,-0.044028618602091285,0.026628420948117362,0.13036181786324363,1.0,-0.044028618602091285,0.023526644529588032,0.0,0.0
2022-05-24,-0.00909786411752635,0.0,-0.00905660377358486,0.0,-0.016935044630998607,0.0,-0.01679245283018871,0.005343128289059613,0.006394605201746353,1.0,-0.01679245283018871,0.01147439053757782,0.08010076114079619,1.0,-0.0209973753280841,0.025185494275910675,0.1906203596086497,1.0,-0.037735849056603654,0.022746932834126467,0.0,0.0
2022-05-25,0.0019022261775511516,1.0,0.0,0.0,-0.006494769726013113,0.0,-0.009692132269099152,0.00536084246845234,-0.005728486163612732,0.0,-0.0209973753280841,0.014335139312485342,0.06594176309405508,1.0,-0.037735849056603654,0.026472595843596985,0.22222919587104872,1.0,-0.037735849056603654,0.02249438496892433,0.0,0.0
2022-05-26,-0.009739406691023364,0.0,-0.009692132269099152,0.0,0.013590243141721662,1.0,-0.009692132269099152,0.013147013442429658,0.04496391801294151,1.0,-0.0209973753280841,0.026047149937475617,0.09042629208969892,1.0,-0.037735849056603654,0.02705136941637142,0.2082093277460823,1.0,-0.037735849056603654,0.02298358158706932,0.0,0.0
2022-05-27,0.0013424107874591776,1.0,0.0,0.0,0.0021086943498596277,1.0,-0.0209973753280841,0.017645466857679523,0.10812008967536055,1.0,-0.0209973753280841,0.029041779776646424,0.10949702620960665,1.0,-0.037735849056603654,0.026322452501878077,0.20411897474106702,1.0,-0.037735849056603654,0.02317933894387739,0.0,0.0
2022-05-30,0.021987239045285926,1.0,0.0,0.0,0.05336091391650578,1.0,-0.0209973753280841,0.030281092724987656,0.11090281364786433,1.0,-0.0209973753280841,0.028672089133234564,0.10712209080795833,1.0,-0.037735849056603654,0.02641860090629475,0.2514847642690537,1.0,-0.037735849056603654,0.02453295767762671,0.0,0.0
2022-05-31,-0.021220955482885537,0.0,-0.0209973753280841,0.0,0.0847904398426155,1.0,-0.0209973753280841,0.03499238954147117,0.07370615593904961,1.0,-0.0209973753280841,0.03234717465841172,0.09097177820572659,1.0,-0.037735849056603654,0.02617247324737101,0.19754689315238919,1.0,-0.037735849056603654,0.026254252075078737,0.0,0.0
2022-06-01,0.0525946303541055,1.0,0.0,0.0,0.11013653008546387,1.0,0.0,0.023044962615095175,0.07167024925766784,1.0,-0.037735849056603654,0.032806846196978864,0.14154211637060163,1.0,-0.037735849056603654,0.02466821891295572,0.2325211216547458,1.0,-0.037735849056603654,0.025271004883567694,0.0,0.0
2022-06-02,0.053416764971395574,1.0,0.0,0.0,0.042332481067829615,1.0,-0.015094339622641395,0.028892603523471824,0.04546237407675741,1.0,-0.037735849056603654,0.028019532215361895,0.11000089521432849,1.0,-0.037735849056603654,0.021343988652576078,0.14769299672565597,1.0,-0.0491803278688524,0.025157423679329154,0.0,0.0
2022-06-06,0.004125134759962741,1.0,0.0,0.0,-0.034341146067833186,0.0,-0.037735849056603654,0.011490866220814798,0.001376936534245917,1.0,-0.037735849056603654,0.01773234400697993,0.0886176187301087,1.0,-0.037735849056603654,0.01775714949116988,0.14396165113120363,1.0,-0.0491803278688524,0.024827024244306807,0.0,0.0
2022-06-07,-0.015209418663528682,0.0,-0.015094339622641395,0.0,-0.012079525654601013,0.0,-0.037735849056603654,0.02175492732718754,-0.0037807228399060443,0.0,-0.037735849056603654,0.017628102041943542,0.06314389558298641,1.0,-0.037735849056603654,0.019946182967811244,0.14340954384378,1.0,-0.0491803278688524,0.0248307324012268,0.0,0.0
2022-06-08,-0.023256862164267235,0.0,-0.02298850574712641,0.0,0.012461220437812033,1.0,-0.02298850574712641,0.02059494668021739,0.017265622266677074,1.0,-0.02298850574712641,0.016122851068048262,0.11051959846785354,1.0,-0.02298850574712641,0.019897493723505525,0.15787563384749684,1.0,-0.0491803278688524,0.02437479295109735,0.0,0.0
2022-06-09,0.02638675517319503,1.0,0.0,0.0,0.034685557987889894,1.0,-0.0010319917440660964,0.01130444331899328,0.06987186711293367,1.0,-0.0010319917440660964,0.01186120599753736,0.1562874327769935,1.0,-0.021122320302648157,0.016443377980500728,0.1999898609272684,1.0,-0.0491803278688524,0.023392058231863768,0.0,0.0
2022-06-10,0.009331327428884222,1.0,0.0,0.0,0.014135729257749355,1.0,-0.0010319917440660964,0.004305160020878722,0.06453852113757116,1.0,-0.0010319917440660964,0.01089768461193358,0.11778303565638346,1.0,-0.021122320302648157,0.017915677512867947,0.16833531481921474,1.0,-0.0491803278688524,0.023300445116072946,0.0,0.0
2022-06-13,-0.0010325246141892643,0.0,-0.0010319917440660964,0.0,0.034153784510854504,1.0,-0.0010319917440660964,0.013008908260492953,0.08724068219586267,1.0,-0.0010319917440660964,0.012990189980934746,0.09462194853146053,1.0,-0.025613660618996947,0.019508604828562703,0.1366011514939879,1.0,-0.0491803278688524,0.0242454876400187,0.0,0.0
2022-06-14,0.005836926443054301,1.0,0.0,0.0,0.05623971832287611,1.0,0.0,0.009736529851053659,0.06692461842289256,1.0,-0.021122320302648157,0.01962053879759314,0.14436267346109544,1.0,-0.025613660618996947,0.022335067629103856,0.12221153796909069,1.0,-0.0491803278688524,0.024677783920546634,0.0,0.0
2022-06-15,0.029349382681989392,1.0,0.0,0.0,0.08243628036699753,1.0,0.0,0.0046736821223093096,0.09325397620117652,1.0,-0.021122320302648157,0.020405626374064675,0.1065751149466626,1.0,-0.03144560357675108,0.026312655274068137,0.1189615413716765,1.0,-0.0491803278688524,0.024689748342855488,0.0,0.0
2022-06-16,0.021053409197832263,1.0,0.0,0.0,0.03173830929784868,1.0,-0.021122320302648157,0.02301723429619965,0.08641556566405989,1.0,-0.021122320302648157,0.01986472430889,0.09097900528414422,1.0,-0.03144560357675108,0.025611388293089288,0.12396953351388221,1.0,-0.0491803278688524,0.02494983623188823,0.0,0.0
2022-06-17,0.03203348848717574,1.0,0.0,0.0,0.042851184321354756,1.0,-0.021122320302648157,0.025195910947850692,0.053244514518812285,1.0,-0.021122320302648157,0.02281737013502869,0.037692101511327396,1.0,-0.0491803278688524,0.028001486969933046,0.08319278903036065,1.0,-0.0491803278688524,0.02531602331582823,0.0,0.0
2022-06-20,-0.02134858838715945,0.0,-0.021122320302648157,0.0,0.03332866797905162,1.0,-0.021122320302648157,0.023287401676683226,0.007381266335597819,1.0,-0.025613660618996947,0.021560977782614805,0.05534403240109506,1.0,-0.0491803278688524,0.030197851742583767,0.040922872155768994,1.0,-0.0491803278688524,0.024656620557248387,0.0,0.0
2022-06-21,0.032166284221338444,1.0,0.0,0.0,0.0425596144187959,1.0,-0.012044518981552121,0.019012954888023546,0.07743805503820295,1.0,-0.025613660618996947,0.024708992336721164,0.08026564826079362,1.0,-0.0491803278688524,0.028875847279404034,0.0502460473429523,1.0,-0.0491803278688524,0.024295398630381267,0.0,0.0
2022-06-22,0.022510972144872722,1.0,0.0,0.0,-0.0034364294985810982,0.0,-0.025613660618996947,0.016742232201733237,0.01332113874548591,1.0,-0.03144560357675108,0.02899201437209239,0.04735603537964335,1.0,-0.0491803278688524,0.027792132480808248,0.05682916720525395,1.0,-0.0491803278688524,0.024735531043247605,0.0,0.0
2022-06-23,-0.01211764194741517,0.0,-0.012044518981552121,0.0,0.022760798671991916,1.0,-0.025613660618996947,0.029085526902127807,0.004563439620084292,1.0,-0.03144560357675108,0.02798720668398688,0.043702428150274884,1.0,-0.0491803278688524,0.02757925272559435,0.008652805409791678,1.0,-0.0491803278688524,0.02504658902827671,0.0,0.0
2022-06-24,-0.013829759696038656,0.0,-0.013734567901234618,0.0,0.0029278085480283953,1.0,-0.03144560357675108,0.03455303443829691,-0.01555241300748477,0.0,-0.0491803278688524,0.03086865433469023,0.05055227916283125,1.0,-0.0491803278688524,0.0272442674956714,0.04067383539708607,1.0,-0.0491803278688524,0.025216032158039452,0.0,0.0
2022-06-27,0.04870820031544572,1.0,0.0,0.0,0.030510841263538094,1.0,-0.03144560357675108,0.03302615314636783,0.047962766065497243,1.0,-0.0491803278688524,0.03641438691486064,0.04197920296252732,1.0,-0.0491803278688524,0.0279507671834317,0.04676891425976844,1.0,-0.0491803278688524,0.02505881089307002,0.0,0.0
2022-06-28,-0.031950632071378555,0.0,-0.03144560357675108,0.0,-0.050430853626891856,0.0,-0.0491803278688524,0.021612007324982283,0.002827593222590799,1.0,-0.0491803278688524,0.03075321754977854,-0.022151135492004717,0.0,-0.0491803278688524,0.024093496002062245,0.018018505502678212,1.0,-0.0491803278688524,0.02310610089720294,0.0,0.0
2022-06-29,0.013753273019471027,1.0,0.0,0.0,0.03120519782142996,1.0,-0.03171953255425719,0.03352712069471953,0.03403489663415739,1.0,-0.03171953255425719,0.026375882222071212,0.01238642642501402,1.0,-0.04217746643315823,0.021964834933775036,0.11554086306253723,1.0,-0.04699357851722119,0.025792823655404782,0.0,0.0
2022-06-30,-0.03223349457498443,0.0,-0.03171953255425719,0.0,0.02102495227449817,1.0,-0.03171953255425719,0.0335313587413144,0.0391389885301906,1.0,-0.03171953255425719,0.026721475486647515,0.03299052822973812,1.0,-0.04217746643315823,0.02392137388072114,0.07834847525196159,1.0,-0.04699357851722119,0.02648225349074836,0.0,0.0
2022-07-01,0.049685419376943346,1.0,0.0,0.0,0.05251511818967059,1.0,-0.0007430524595037902,0.022823093192741766,0.06610469217031603,1.0,-0.005253940455341444,0.019956671711396038,0.04550068751903317,1.0,-0.04217746643315823,0.022302778536554324,0.11142360264419546,1.0,-0.04699357851722119,0.025173466576589507,0.0,0.0
2022-07-04,0.0035730274725393413,1.0,0.0,0.0,0.021687063728231606,1.0,-0.0007430524595037902,0.008409182084451546,-0.0059835631029697585,0.0,-0.027291301809690416,0.0133521185317005,-0.01442116024532601,0.0,-0.04217746643315823,0.016722790264074267,0.04091147597528319,1.0,-0.04699357851722119,0.023639218203657615,0.0,0.0
2022-07-05,-0.0007433286598119318,0.0,-0.0007430524595037902,0.0,0.01284624532083354,1.0,-0.005253940455341444,0.010470493421017154,-0.02497872871459542,0.0,-0.04217746643315823,0.014133961891319904,-0.030019600917841456,0.0,-0.04699357851722119,0.016908697530644702,0.02943326899563078,1.0,-0.05003427004797811,0.02373431024957147,0.0,0.0
2022-07-06,0.018857364915504264,1.0,0.0,0.0,-0.008813261915696993,0.0,-0.027291301809690416,0.01692479142057689,-0.021648470209143355,0.0,-0.04217746643315823,0.014394722556662356,0.009473131825610688,1.0,-0.04699357851722119,0.021074031229067543,0.031906701893225455,1.0,-0.05003427004797811,0.023728889953534137,0.0,0.0
2022-07-07,-0.005267790934858805,0.0,-0.005253940455341444,0.0,-0.04309276497028781,0.0,-0.04217746643315823,0.007035234136151439,-0.0061484603004524595,0.0,-0.04217746643315823,0.019733422006008708,-0.03504962274048332,0.0,-0.04699357851722119,0.021518332542348074,0.003351063090761614,1.0,-0.05757368060315293,0.023505319688808635,0.0,0.0
2022-07-08,-0.022402835896342524,0.0,-0.02215375586854451,0.0,-0.03523804418978874,0.0,-0.037118544600938996,0.01052797892757852,-0.02060400465128282,0.0,-0.037118544600938996,0.021123237275918225,-0.009878443765745148,0.0,-0.041960093896713624,0.0226094467611773,0.02649449218038798,1.0,-0.05757368060315293,0.0237773563153747,0.0,0.0
2022-07-11,-0.015422138139086444,0.0,-0.01530382595648927,0.0,0.02152216653074884,1.0,-0.01530382595648927,0.0205796221071973,-0.008437597142356298,0.0,-0.029515418502202517,0.01951675981013562,0.004789711297241154,1.0,-0.04111600587371511,0.021627004627439165,0.0251865165452407,1.0,-0.06305688827964373,0.0238442329183178,0.0,0.0
2022-07-12,0.0025869298456401586,1.0,0.0,0.0,0.01722096938414612,1.0,-0.01953010279001466,0.022190669486558054,-0.005040872203245966,0.0,-0.04111600587371511,0.019081112734194355,0.04016964099468305,1.0,-0.04111600587371511,0.02163025316154523,0.06788504084122976,1.0,-0.06305688827964373,0.024164443774420532,0.0,0.0
2022-07-13,0.03435737482419502,1.0,0.0,0.0,0.00439761115109005,1.0,-0.029515418502202517,0.023578078079628962,0.03112160203475403,1.0,-0.04111600587371511,0.02500655787011922,0.10315443663752323,1.0,-0.04111600587371511,0.02840583341815449,0.055138475779654944,1.0,-0.06305688827964373,0.024344752209842693,0.0,0.0
2022-07-14,-0.019723335285689217,0.0,-0.01953010279001466,0.0,-0.041985176873081294,0.0,-0.04111600587371511,0.004115821419214538,-0.02890116244003083,0.0,-0.04111600587371511,0.02294156964215562,0.045357947022223524,1.0,-0.04111600587371511,0.028803170074096295,0.00293255342127772,1.0,-0.063742289239205,0.023604092049398225,0.0,0.0
2022-07-15,-0.010236428387415846,0.0,-0.010184214467575115,0.0,0.016487562496248026,1.0,-0.02201587539314065,0.023525150418049194,0.010725560885537704,1.0,-0.02533883323512076,0.023591358145383684,0.06592291512516223,1.0,-0.02533883323512076,0.02771114525985469,-0.012660304744568987,0.0,-0.09623029472241251,0.024488469350197307,0.0,0.0
2022-07-18,-0.012025413199976215,0.0,-0.011953396883038425,0.0,0.0010586012330742426,1.0,-0.02533883323512076,0.027715612687078433,0.0132273084395973,1.0,-0.02533883323512076,0.023348734058756287,0.055332636220609285,1.0,-0.042494859492803405,0.028524473697809097,0.11331787747564827,1.0,-0.09623029472241251,0.03510771911881,0.0,0.0
2022-07-19,0.038749404083640145,1.0,0.0,0.0,0.03298740247292979,1.0,-0.02533883323512076,0.027041021251154356,0.04521051319792908,1.0,-0.02533883323512076,0.022828552424437525,0.05945286991347225,1.0,-0.05003427004797811,0.028296718867736152,0.1318070891031285,1.0,-0.09623029472241251,0.03487233903316043,0.0,0.0
2022-07-20,-0.025665389650589652,0.0,-0.02533883323512076,0.0,-0.013496682444066639,0.0,-0.02533883323512076,0.018743551987382753,0.07203283460276917,1.0,-0.02533883323512076,0.030902754389270523,0.022433570067614806,1.0,-0.05003427004797811,0.02609915285623325,0.09171450147302085,1.0,-0.09623029472241251,0.03411009115052738,0.0,0.0
2022-07-21,0.019903388039879125,1.0,0.0,0.0,0.032126498764878504,1.0,-0.007704845162246232,0.013041552557329332,0.0742591094622543,1.0,-0.023166552433173337,0.030332964922830892,0.03840068583124487,1.0,-0.05757368060315293,0.024798926041195886,0.2184165562691168,1.0,-0.09623029472241251,0.03927782436067045,0.0,0.0
2022-07-22,-0.007734680833356275,0.0,-0.007704845162246232,0.0,0.07779483621347973,1.0,-0.007704845162246232,0.030223855926458165,0.05519735423962446,1.0,-0.023166552433173337,0.03065465961316812,0.03637293594613311,1.0,-0.05757368060315293,0.024674730256353476,0.17453710119141863,1.0,-0.09623029472241251,0.039934813310755164,0.0,0.0
2022-07-25,0.01995779155835557,1.0,0.0,0.0,0.062090402255731196,1.0,-0.023166552433173337,0.03634228045275971,0.04210532778101193,1.0,-0.042494859492803405,0.03264121654144982,0.020396805247999673,1.0,-0.06305688827964373,0.02584859088737269,0.17765686893877158,1.0,-0.09623029472241251,0.03987625875696816,0.0,0.0
2022-07-26,0.06557172548848028,1.0,0.0,0.0,0.04297424351462523,1.0,-0.023166552433173337,0.03756841062045566,0.014242356715543168,1.0,-0.05003427004797811,0.03257430363408782,0.027715399846546827,1.0,-0.06305688827964373,0.026442339030593443,0.1752955661055721,1.0,-0.09623029472241251,0.03984677816327445,0.0,0.0
2022-07-27,-0.023439114791104592,0.0,-0.023166552433173337,0.0,-0.04342418926582395,0.0,-0.042494859492803405,0.01088268931453827,-0.04959926453515441,0.0,-0.05003427004797811,0.010557650305277463,-0.048015960857868197,0.0,-0.06305688827964373,0.016253618143132514,0.07713872189503879,1.0,-0.09623029472241251,0.03857224457591976,0.0,0.0
2022-07-28,0.0008416328172494693,1.0,0.0,0.0,-0.027890253981832553,0.0,-0.02832305103757704,0.008900621509018177,-0.03585842363100936,0.0,-0.036034772854739106,0.008207757470393345,-0.04242539360094571,0.0,-0.04234436343241721,0.01568930024509686,0.08652009719591178,1.0,-0.07557487380818828,0.03829348621483592,0.0,0.0
2022-07-29,-0.02082670729196878,0.0,-0.020611329220414976,0.0,-0.027001782561299304,0.0,-0.02832305103757704,0.009241298126274618,-0.01882441829349134,0.0,-0.036034772854739106,0.012976594864197787,-0.0785832198697312,0.0,-0.07557487380818828,0.018084594973693142,0.053107407843372145,1.0,-0.08625926375896009,0.03912879606523177,0.0,0.0
2022-08-01,-0.007905179507113261,0.0,-0.007874015748031482,0.0,-0.01587334915629012,0.0,-0.015748031496062964,0.005018429445130558,-0.02170852253301229,0.0,-0.023431918845549404,0.013762490130121876,0.05798524125503917,1.0,-0.06136104783599072,0.04063770542422601,0.11623885507843565,1.0,-0.08625926375896009,0.03965011928242607,0.0,0.0
2022-08-02,0.0017301042377827337,1.0,0.0,0.0,0.00990746850559073,1.0,-0.00965139729184672,0.011311777133744287,0.013473043131003663,1.0,-0.023431918845549404,0.018365660693373274,0.07235421918965626,1.0,-0.06136104783599072,0.04038097988585644,0.12719824922750012,1.0,-0.08625926375896009,0.03953231550733018,0.0,0.0
2022-08-03,-0.009698273886959522,0.0,-0.00965139729184672,0.0,-0.015533447263681738,0.0,-0.023431918845549404,0.017275881177178452,0.001583303677286178,1.0,-0.023431918845549404,0.019091964795185035,0.06928093140540607,1.0,-0.06136104783599072,0.04043337087678909,0.06793594129007312,1.0,-0.09731502855060148,0.04191732679552953,0.0,0.0
2022-08-04,0.01787563815476761,1.0,0.0,0.0,0.02144121278018056,1.0,-0.023431918845549404,0.022154761686881155,-0.006566969969936382,0.0,-0.027619589977220915,0.020193593452311035,0.18001587043787196,1.0,-0.06136104783599072,0.04868504839951178,0.05682704581231437,1.0,-0.11590329243105346,0.04216006786249912,0.0,0.0
2022-08-05,-0.023710811531489767,0.0,-0.023431918845549404,0.0,-0.006594060590521707,0.0,-0.023431918845549404,0.02156330319954098,-0.059758801576239785,0.0,-0.06136104783599072,0.02126501026947202,0.13816416524528535,1.0,-0.06136104783599072,0.050288458350746516,0.03426820350578646,1.0,-0.12003401773782041,0.04204436381568257,0.0,0.0
2022-08-08,0.02727638615690267,1.0,0.0,0.0,-0.0007317965932141176,0.0,-0.027619589977220915,0.019711346730838502,0.0796937637880514,1.0,-0.06136104783599072,0.053923942699767934,0.15726006369077206,1.0,-0.06136104783599072,0.049177480786277865,0.0589449986906707,1.0,-0.12003401773782041,0.04164029956621943,0.0,0.0
2022-08-09,-0.010159635215934703,0.0,-0.010108200455580807,0.0,-0.06332437620165277,0.0,-0.06136104783599072,0.01052557968207265,0.0588811760586527,1.0,-0.06136104783599072,0.05369088944746836,0.1475801662590252,1.0,-0.06136104783599072,0.04903566411747654,0.08157473835116485,1.0,-0.12003401773782041,0.04258281041587696,0.0,0.0
2022-08-10,-0.017848547534182184,0.0,-0.01769020566661883,0.0,0.0625770128470834,1.0,-0.05177621170717672,0.06747015036375818,0.06769762772811987,1.0,-0.05177621170717672,0.05308285753692425,0.12515468275290695,1.0,-0.05177621170717672,0.05061141809378124,0.1037339958349812,1.0,-0.12003401773782041,0.042486099142778344,0.0,0.0
2022-08-11,-0.035316193451536006,0.0,-0.03469985358711558,0.0,0.0868893588087694,1.0,-0.03469985358711558,0.06368825349285595,0.18658284040780831,1.0,-0.03469985358711558,0.05988780905851554,0.12894549079685752,1.0,-0.056007775482930344,0.050396310685351116,0.17300548059088802,1.0,-0.12003401773782041,0.04328314481972149,0.0,0.0
2022-08-12,0.11574175383280147,1.0,0.0,0.0,0.12086236871383782,1.0,-0.0013422818791946067,0.05344935616098191,0.1979229668215252,1.0,-0.02369092455351718,0.05725084758793351,0.13169062771310328,1.0,-0.08625926375896009,0.05013977794904983,0.19218227964702067,1.0,-0.12003401773782041,0.042503942420939994,0.0,0.0
2022-08-15,0.006463798427504039,1.0,0.0,0.0,0.1061572800265428,1.0,-0.0013422818791946067,0.04653148218022148,0.07756629990272063,1.0,-0.02818612562264622,0.04392000813558593,0.05825361382339653,1.0,-0.08625926375896009,0.03863729358994865,0.06371915014898848,1.0,-0.12003401773782041,0.03502932854816487,0.0,0.0
2022-08-16,-0.0013431835464676259,0.0,-0.0013422818791946067,0.0,0.07571741456121991,1.0,-0.02369092455351718,0.054387563980160404,0.08869899020037249,1.0,-0.02818612562264622,0.0436863715639086,0.0548440300378438,1.0,-0.08625926375896009,0.038645198519086335,0.057001802024385775,1.0,-0.12003401773782041,0.035028493402605235,0.0,0.0
2022-08-17,0.10103666514550633,1.0,0.0,0.0,0.07244568502168418,1.0,-0.02818612562264622,0.05493965727464036,0.05745705502478721,1.0,-0.04264366419633103,0.04799108388081908,-0.0013449901153328107,0.0,-0.09731502855060148,0.04306189715924267,-0.04255961441879601,0.0,-0.1337626047867817,0.041708353714146024,0.0,0.0
2022-08-18,-0.023976067037818932,0.0,-0.02369092455351718,0.0,-0.010994491398666295,0.0,-0.02818612562264622,0.016985215942199462,-0.05763734961095081,0.0,-0.056007775482930344,0.017325027079450103,-0.12318882462555768,0.0,-0.11590329243105346,0.026926627548501548,-0.13313228453902162,0.0,-0.1337626047867817,0.034566731591730786,0.0,0.0
2022-08-19,-0.004614913086003189,0.0,-0.004604280736684951,0.0,-0.019603543082900302,0.0,-0.032059943495885035,0.02053147312928084,-0.06623233910842208,0.0,-0.0761577201817959,0.018835461316473602,-0.1038959617394989,0.0,-0.11030585923105263,0.026712590452008574,-0.12397751789543918,0.0,-0.12799410391843757,0.03439453941080083,0.0,0.0
2022-08-22,0.017596488725155877,1.0,0.0,0.0,-0.029046369487128694,0.0,-0.045571797076526144,0.020718879396706223,-0.01931268607932403,0.0,-0.0761577201817959,0.029478857487759868,-0.0983150650001014,0.0,-0.11030585923105263,0.026885149198348862,-0.10412501356064797,0.0,-0.12799410391843757,0.03471094489827514,0.0,0.0
2022-08-23,-0.03258511872205293,0.0,-0.032059943495885035,0.0,-0.07921391474757469,0.0,-0.0761577201817959,0.0087305777265608,-0.0338549601625287,0.0,-0.0761577201817959,0.027892907015014668,-0.06600542790786029,0.0,-0.11030585923105263,0.031527782989118555,-0.15615900068589797,0.0,-0.14457683331286075,0.0348540657907461,0.0,0.0
2022-08-24,-0.014057739490231586,0.0,-0.013959390862944066,0.0,-0.004324056082426955,0.0,-0.04555837563451781,0.03184311698547446,-0.058802045140119934,0.0,-0.05710659898477155,0.03369252549791265,-0.021420686917925678,0.0,-0.0808375634517765,0.030678981474386482,-0.11684755964495715,0.0,-0.14236453201970445,0.0345081045246854,0.0,0.0
2022-08-25,-0.03257105653529011,0.0,-0.032046332046332116,0.0,0.012787898049755688,1.0,-0.032046332046332116,0.030579856443853526,-0.06555147501460674,0.0,-0.07534942820838642,0.033892142324581216,0.044059989794030495,1.0,-0.07966963151207107,0.03422054030656188,-0.11441035117774434,0.0,-0.14655172413793105,0.0344831723064543,0.0,0.0
2022-08-26,0.04230473994309479,1.0,0.0,0.0,-0.01217324911459821,0.0,-0.055908513341804356,0.04106733378760345,-0.037663622631076886,0.0,-0.07966963151207107,0.03249656817397565,0.060491651933917506,1.0,-0.07966963151207107,0.032769291098605054,-0.06922083068324243,0.0,-0.14655172413793105,0.034128467302242005,0.0,0.0
2022-08-29,0.003054214641951099,1.0,0.0,0.0,-0.07528515842241135,0.0,-0.07534942820838642,0.02491944328136387,-0.07900237892077729,0.0,-0.07966963151207107,0.022480263953547335,0.005465536325591804,1.0,-0.07966963151207107,0.030778797174111586,-0.12183789346547862,0.0,-0.14655172413793105,0.03248772933317168,0.0,0.0
2022-08-30,-0.0575322036996441,0.0,-0.055908513341804356,0.0,-0.08302257721612276,0.0,-0.07966963151207107,0.022115171148387864,-0.032150467745331625,0.0,-0.07966963151207107,0.03478404566437962,0.00215777198654199,1.0,-0.07966963151207107,0.030767842345473025,-0.1579699078942537,0.0,-0.1724137931034483,0.03293050468818075,0.0,1.0
2022-08-31,-0.020807169364718377,0.0,-0.020592193808882886,0.0,-0.02452438986308435,0.0,-0.025168236877523453,0.009225362199434173,0.037381358222194266,1.0,-0.025168236877523453,0.023710516496627622,-0.04121462430346324,0.0,-0.1219211822660099,0.04021067785407213,-0.08171525859074188,0.0,-0.1724137931034483,0.031339107918778315,0.0,1.0
2022-09-01,-0.004683204151760255,0.0,-0.004672255050157892,0.0,0.04618890531903089,1.0,-0.004672255050157892,0.024510872382072516,0.10961146480863736,1.0,-0.004672255050157892,0.024078462090547963,-0.009943459913463983,0.0,-0.1219211822660099,0.04000689979978354,-0.09886189675777877,0.0,-0.1881773399014779,0.03201213235234607,0.0,1.0
2022-09-02,0.0009659836533943084,1.0,0.0,0.0,0.06287173173867304,1.0,0.0,0.020959701300504396,0.09815527456499426,1.0,-0.016009852216748777,0.026882903087524727,-0.020081556155940292,0.0,-0.12573891625615774,0.04021544381191009,-0.12061736751131921,0.0,-0.20935960591133007,0.03235263493810265,0.0,1.0
2022-09-05,0.04990612581739688,1.0,0.0,0.0,0.11332868530700327,1.0,0.0,0.018237328904492,0.08446791524636914,1.0,-0.028448275862068995,0.029237915487379935,-0.005809948560546638,0.0,-0.12573891625615774,0.04054752965603736,-0.13475381435445863,0.0,-0.219704433497537,0.03234647250326598,0.0,1.0
2022-09-06,0.011999622267881815,1.0,0.0,0.0,0.04728316509420297,1.0,-0.016009852216748777,0.027710147909042793,0.034308239731873635,1.0,-0.028694581280788167,0.02439375363529166,-0.09015357277803773,0.0,-0.14236453201970445,0.03785095823858368,-0.162187084319797,0.0,-0.219704433497537,0.030440918623033,0.0,1.0
2022-09-07,0.05142293722172451,1.0,0.0,0.0,0.022562167161090472,1.0,-0.028448275862068995,0.031074899447986387,-0.07859598252565753,0.0,-0.1219211822660099,0.04901626019080011,-0.09542687272703144,0.0,-0.14236453201970445,0.0375903454862737,-0.16497005148275462,0.0,-0.219704433497537,0.030354919659529928,1.0,1.0
2022-09-08,-0.01613939439540329,0.0,-0.016009852216748777,0.0,-0.029114319757732723,0.0,-0.028694581280788167,0.006827148405773447,-0.11955492472210125,0.0,-0.1219211822660099,0.03963567893606467,-0.15847034097177473,0.0,-0.14655172413793105,0.03165502000251579,-0.19746020054291452,0.0,-0.219704433497537,0.02788707971461008,1.0,1.0
2022-09-09,-0.012721375665230827,0.0,-0.012640801001251645,0.0,-0.11387952535197883,0.0,-0.10763454317897381,0.044798761964064175,-0.11823683072093465,0.0,-0.11151439299123922,0.039690836460863604,-0.12971248261715984,0.0,-0.1326658322903631,0.03278399087502413,-0.14928145240289487,0.0,-0.20700876095118903,0.029287457533429855,1.0,1.0
2022-09-13,-0.00025354969709865435,0.0,-0.0002535175560907099,0.0,-0.09069415466146713,0.0,-0.09620991253644318,0.05016468838344067,-0.09027786380691584,0.0,-0.10013943465584996,0.04269223435741562,-0.12730342979107032,0.0,-0.12156166814551916,0.03279379159455812,-0.13656007673766404,0.0,-0.19685638230447455,0.029304508910984396,1.0,1.0
2022-09-14,-0.10090459998964942,0.0,-0.09598072777989108,0.0,-0.10526190535860513,0.0,-0.09991124635476112,0.047670914250475205,-0.1244618125099113,0.0,-0.11702802079371122,0.04202590002559762,-0.16012767988079565,0.0,-0.14796500570559146,0.033022618248736375,-0.1444769839313385,0.0,-0.19665271966527198,0.02926647374750619,1.0,1.0
2022-09-15,0.010463995025280937,1.0,0.0,0.0,0.010880285879832216,1.0,-0.014712005551700269,0.013189517521983782,-0.01683089020137397,0.0,-0.03385127635960039,0.01863265552373232,-0.040500634287278715,0.0,-0.06770255271920078,0.01863808487739512,-0.0451851692777085,0.0,-0.12097669256381793,0.019865783973833446,0.0,0.0
2022-09-16,-0.01482130039423663,0.0,-0.014712005551700269,0.0,-0.03402120754554272,0.0,-0.03385127635960039,0.020428593040791802,-0.0389154162496735,0.0,-0.03856825749167592,0.01740801342666802,-0.08891843684431479,0.0,-0.08546059933407324,0.020440547179373197,-0.05623627719230405,0.0,-0.12097669256381793,0.019656800350090455,0.0,0.0
2022-09-19,0.01523759124878803,1.0,0.0,0.0,-0.012473584832418142,0.0,-0.03385127635960039,0.021691053881999035,-0.011475651896225264,0.0,-0.03856825749167592,0.018608025965789053,-0.10053581135537898,0.0,-0.10932297447280792,0.02106512800789258,-0.057398741681428125,0.0,-0.12097669256381793,0.01969390890710704,0.0,0.0
2022-09-20,-0.03443749840009413,0.0,-0.03385127635960039,0.0,-0.03933170710422493,0.0,-0.03856825749167592,0.016838055984454012,-0.0370255659841546,0.0,-0.03856825749167592,0.016477940265641235,-0.128943865793912,0.0,-0.12097669256381793,0.01930483353297015,-0.051234881466595716,0.0,-0.12097669256381793,0.020020388385217348,0.0,0.0
2022-09-21,0.006726322318888076,1.0,0.0,0.0,0.0077242552550809244,1.0,-0.011553273427471145,0.010321785151414598,-0.03566586737088436,0.0,-0.042462239954403014,0.016034835876284004,-0.07203351154175934,0.0,-0.09717868338558,0.020468569333326563,0.07561459079793204,1.0,-0.09717868338558,0.027582352126161287,0.0,0.0
2022-09-22,-0.011620531023018759,0.0,-0.011553273427471145,0.0,-0.009314389902948356,0.0,-0.011553273427471145,0.011130844380431607,-0.023669744085904734,0.0,-0.042462239954403014,0.01861840931655595,-0.06954317875572319,0.0,-0.09717868338558,0.020650869067126803,0.0642175453684859,1.0,-0.09717868338558,0.02763329412057878,0.0,0.0
2022-09-23,0.012618463959211684,1.0,0.0,0.0,-0.03077165866675366,0.0,-0.042462239954403014,0.018655462245067478,-0.0500030205946412,0.0,-0.06070105443146201,0.023024645645896447,-0.0389898595711397,0.0,-0.09717868338558,0.02195359222268014,0.04652001563489291,1.0,-0.09717868338558,0.028367657541894308,0.0,0.0
2022-09-26,-0.010312322839141231,0.0,-0.010259333143345817,0.0,-0.02466767702209767,0.0,-0.042462239954403014,0.02119892592072237,-0.08906015945915366,0.0,-0.08520946138501007,0.020514226511342777,-0.01956896978573493,0.0,-0.09717868338558,0.02408448282104098,-0.008873680668986842,0.0,-0.09717868338558,0.02989083742556993,1.0,0.0
2022-09-27,-0.03307779978682397,0.0,-0.03253671177656192,0.0,-0.05230916171471153,0.0,-0.050964583933198804,0.02564552926937578,-0.09191829980975742,0.0,-0.08782032824647268,0.020336332893035717,-0.009256646946593622,0.0,-0.08782032824647268,0.0239248929607002,0.026145280104322422,1.0,-0.08782032824647268,0.030284546820575433,1.0,0.0
2022-09-28,0.018722445603867564,1.0,0.0,0.0,-0.04567003683318832,0.0,-0.062363078720607534,0.024459314868531427,-0.03636764417087495,0.0,-0.07463122535416966,0.024099768665144666,0.01565069594945718,1.0,-0.07463122535416966,0.021634913177028342,0.08688736136350196,1.0,-0.07463122535416966,0.029724531332342406,0.0,0.0
2022-09-29,-0.037953807531755285,0.0,-0.03724258799474223,0.0,-0.07756294562680108,0.0,-0.07463122535416966,0.010126191991883077,-0.0458734346698184,0.0,-0.07463122535416966,0.022280294959122246,-0.004684534990429805,0.0,-0.07463122535416966,0.020868794240416533,0.08601287466004039,1.0,-0.07463122535416966,0.02970398531673848,0.0,0.0
2022-09-30,-0.026438674905300785,0.0,-0.026092233009708754,0.0,-0.017136282242987355,0.0,-0.03883495145631066,0.02065276273010123,0.011013161023501515,1.0,-0.03883495145631066,0.01895591273073344,0.032682159652010816,1.0,-0.03883495145631066,0.016763952567134647,0.14229145468511487,1.0,-0.07389162561576346,0.028195219879669834,0.0,0.0
2022-10-10,-0.013170463189745121,0.0,-0.013084112149532756,0.0,0.01851904776723753,1.0,-0.013084112149532756,0.014709619362488414,0.06949118967341861,1.0,-0.013084112149532756,0.01537922397002463,0.043137069673950736,1.0,-0.02600988084859046,0.015124516335328539,0.15481801385269126,1.0,-0.07389162561576346,0.02757522796638854,0.0,0.0
2022-10-11,0.022472855852058576,1.0,0.0,0.0,0.0506222991185474,1.0,0.0,0.005604186719428357,0.08266165286316392,1.0,0.0,0.011030474754967169,0.07770898432731632,1.0,-0.02600988084859046,0.014677476013881561,0.15225494466235917,1.0,-0.07389162561576346,0.027677878667309513,0.0,0.0
2022-10-12,0.009216655104924048,1.0,0.0,0.0,0.060188797011105175,1.0,0.0,0.009351535085840771,0.05201834012033205,1.0,-0.008137169427491875,0.014110224741623009,0.14764810233969144,1.0,-0.02600988084859046,0.029348081873984844,0.10090616530844612,1.0,-0.07389162561576346,0.02854826155585294,0.0,0.0
2022-10-13,0.018932788161564747,1.0,0.0,0.0,0.05097214190618107,1.0,0.0,0.013151901921294668,0.041188899679388664,1.0,-0.009735541993606378,0.014933338588056374,0.13376072412420897,1.0,-0.02600988084859046,0.029901122220581416,0.07367100470084362,1.0,-0.07389162561576346,0.02896335307732508,0.0,0.0
2022-10-14,0.032039353744616444,1.0,0.0,0.0,0.023868896853843254,1.0,-0.008137169427491875,0.017352890971153116,0.021668998628509288,1.0,-0.010316768381284369,0.014158483195237144,0.0855098752060325,1.0,-0.03341765410730935,0.032403500699009866,0.04832565448677256,1.0,-0.07960526315789473,0.02882255134156702,0.0,0.0
2022-10-17,0.0,0.0,0.0,0.0,-0.00978324222679257,0.0,-0.009735541993606378,0.003533341172382666,-0.026354119999467938,0.0,-0.02600988084859046,0.006103686681771021,0.010695289116748169,1.0,-0.07389162561576346,0.03467394388315386,-0.005683075404927792,0.0,-0.09960526315789464,0.028448265494965205,0.0,0.0
2022-10-18,-0.008170456890773206,0.0,-0.008137169427491875,0.0,-0.01037035511610718,0.0,-0.010316768381284369,0.0033592685452575955,-0.004952668535847524,0.0,-0.02600988084859046,0.012476371454552953,0.035401927050916,1.0,-0.07389162561576346,0.03538269503467527,0.012849379128973012,1.0,-0.09960526315789464,0.028742727431991,0.0,0.0
2022-10-19,-0.0016127853360193142,0.0,-0.0016114854966304826,0.0,-0.018183663108694757,0.0,-0.018019337825959658,0.007028781700533504,0.09562976221935929,1.0,-0.018019337825959658,0.0385419544698389,0.07123666541404469,1.0,-0.07389162561576346,0.03582704366356043,0.034838703972934724,1.0,-0.09960526315789464,0.028805087148603237,0.0,0.0
2022-10-20,-0.0005871128893147217,0.0,-0.0005869405722671583,0.0,0.004830573690945037,1.0,-0.016434336023477658,0.015341332175384918,0.09257182444482046,1.0,-0.016434336023477658,0.038888886838861325,0.09069740965047014,1.0,-0.07389162561576346,0.03582817798225008,-0.023457132529929575,0.0,-0.12407894736842118,0.03179172668971142,0.0,0.0
2022-10-21,-0.015983764883360674,0.0,-0.015856702393187483,0.0,0.09782966044469335,1.0,-0.015856702393187483,0.04495650351126705,0.0638408765775233,1.0,-0.03341765410730935,0.0431733913761326,0.10960929503310407,1.0,-0.07389162561576346,0.03576760855387193,-0.036025119762662136,0.0,-0.1355263157894736,0.031897970990780206,0.0,0.0
2022-10-24,0.021401451463620363,1.0,0.0,0.0,0.10914270221749584,1.0,-0.004659832246039053,0.04102479281632427,0.037049409116215945,1.0,-0.07389162561576346,0.047821643924362424,0.11168094417874032,1.0,-0.07389162561576346,0.035616626549384654,-0.0055352074902727515,0.0,-0.1355263157894736,0.03191231515841217,0.0,0.0
2022-10-25,0.09241197386443376,1.0,0.0,0.0,0.05842318999726361,1.0,-0.03341765410730935,0.05254706105939454,0.040354595586763464,1.0,-0.07389162561576346,0.04803285758224429,0.07454596033504284,1.0,-0.07389162561576346,0.036285694278912005,-0.05678053032663182,0.0,-0.14868421052631575,0.032125443346394986,0.0,0.0
2022-10-26,-0.004670723110558233,0.0,-0.004659832246039053,0.0,-0.07676401621183802,0.0,-0.07389162561576346,0.01577811544922379,-0.024393096805314627,0.0,-0.07389162561576346,0.028170234773907402,-0.046741937031245295,0.0,-0.07389162561576346,0.024078187826485044,-0.10949633637531522,0.0,-0.14868421052631575,0.025727829365311747,0.0,0.0
2022-10-27,-0.0293180607566118,0.0,-0.02889245585874811,0.0,-0.04738665516711192,0.0,-0.06955591225254154,0.029161554508384927,-0.0018744147943503039,0.0,-0.06955591225254154,0.029606913269730844,-0.0600897194233653,0.0,-0.07368421052631569,0.024408698461726476,-0.10988891522130353,0.0,-0.14868421052631575,0.025727358151289726,0.0,0.0
2022-10-28,-0.042775232344667964,0.0,-0.041873278236914446,0.0,0.009595687061855335,1.0,-0.041873278236914446,0.03253079836163344,0.04576841845558081,1.0,-0.041873278236914446,0.026232987736015033,-0.037184220719260114,0.0,-0.07960526315789473,0.02315648652643955,-0.10980871687223609,0.0,-0.14868421052631575,0.025723650625346896,0.0,0.0
2022-10-31,0.02470663793416789,1.0,0.0,0.0,0.07021887830692959,1.0,0.0,0.0041116274450732375,0.07463153506252453,1.0,-0.013815789473684226,0.014897322647887791,-0.01637836452167588,0.0,-0.09960526315789464,0.02031404246636514,-0.09004802853776492,0.0,-0.1635526315789474,0.024628782051326244,0.0,1.0
2022-11-01,0.027664281472355664,1.0,0.0,0.0,0.0638370128660808,1.0,0.0,0.00451926700064975,0.03419136474827934,1.0,-0.029210526315789465,0.018038517200751357,-0.022552547921942896,0.0,-0.09960526315789464,0.01958468908856414,-0.12455556692989393,0.0,-0.17171052631578942,0.023713820556720645,0.0,1.0
2022-11-02,0.01784795890040606,1.0,0.0,0.0,0.022260615656000952,1.0,-0.013815789473684226,0.015085484763848704,-0.022348840225930634,0.0,-0.056842105263157805,0.01912779524928778,-0.03639796144111005,0.0,-0.09960526315789464,0.017831516175450333,-0.15460553541845276,0.0,-0.17368421052631577,0.022436405265376772,0.0,1.0
2022-11-03,0.018324772493319243,1.0,0.0,0.0,-0.01132087562448231,0.0,-0.029210526315789465,0.01564360945936802,-0.05821530462901501,0.0,-0.07368421052631569,0.01585918946486155,-0.11415454218039972,0.0,-0.12407894736842118,0.02297711521175456,-0.16848050538208328,0.0,-0.17368421052631577,0.02184140583071166,0.0,1.0
2022-11-04,-0.013912115737724384,0.0,-0.013815789473684226,0.0,-0.05852157161965595,0.0,-0.056842105263157805,0.006666296204578893,-0.0829526391748409,0.0,-0.07960526315789473,0.0072728177064016976,-0.14563441479576616,0.0,-0.1355263157894736,0.020733849810352985,-0.2032764266140282,0.0,-0.18394736842105264,0.021011497306137668,0.0,1.0
2022-11-07,-0.015733532380077176,0.0,-0.015610406937958676,0.0,-0.06262796138460991,0.0,-0.0607071380920613,0.005733208062367978,-0.09100989958420024,0.0,-0.08699132755170103,0.007392477469617215,-0.11721615166901322,0.0,-0.12341561040693794,0.022500627287781,-0.1627936601653324,0.0,-0.17251501000667113,0.022453384363129256,1.0,1.0
2022-11-08,-0.028875923501854407,0.0,-0.028462998102466663,0.0,-0.05330699105703938,0.0,-0.05191108701545133,0.009172325868741506,-0.05674391267022228,0.0,-0.07251287611818913,0.016623702866871943,-0.13132649066167468,0.0,-0.12306858227161832,0.023141289521226342,-0.11583657125875317,0.0,-0.15939278937381396,0.02394226290018256,0.0,1.0
2022-11-09,-0.018018505502678365,0.0,-0.017857142857142905,0.0,-0.046400443702268694,0.0,-0.0453404017857143,0.00660237135000787,-0.014049121215179431,0.0,-0.0453404017857143,0.01639132942805033,-0.06275439934406994,0.0,-0.0973772321428572,0.02725438100465876,-0.048302002089930816,0.0,-0.134765625,0.025178922111661995,0.0,0.0
2022-11-10,-0.006412562052506606,0.0,-0.006392045454545525,0.0,-0.009849483665689556,0.0,-0.02798295454545452,0.016682214766965676,-0.05593923755138463,0.0,-0.05814940577249594,0.02835979807402149,-0.04979919579793819,0.0,-0.08460667798528587,0.02697183493779302,-0.02066663680855922,0.0,-0.12252405206564798,0.02504264213496827,0.0,0.0
2022-11-11,-0.02196937614708374,0.0,-0.021729807005003487,0.0,0.010381946340005607,1.0,-0.021729807005003487,0.018084415029846593,-0.06268177562092536,0.0,-0.07045840407470294,0.028260803603959495,-0.07262449615297603,0.0,-0.08460667798528587,0.0279447574533499,-0.012515447833012349,0.0,-0.12252405206564798,0.025018097495241157,0.0,0.0
2022-11-14,0.018532454533900754,1.0,0.0,0.0,-0.027557299351794285,0.0,-0.05814940577249594,0.03591805969768,-0.026206252084812823,0.0,-0.07045840407470294,0.02956209530740294,-0.0736696640160891,0.0,-0.10059422750424452,0.028001464682215822,0.005247060573516485,1.0,-0.12252405206564798,0.024555654677703303,0.0,0.0
2022-11-15,0.013818867953188397,1.0,0.0,0.0,-0.059244854007742445,0.0,-0.07045840407470294,0.030458039438054228,-0.07458257799145229,0.0,-0.08460667798528587,0.02807715628042727,-0.10200301900795108,0.0,-0.10936615732880595,0.026637729582643238,-0.028224160350285743,0.0,-0.12252405206564798,0.02439350817745611,1.0,0.0
2022-11-16,-0.059908621838883604,0.0,-0.05814940577249594,0.0,-0.05855757457190218,0.0,-0.07045840407470294,0.030711189213269433,-0.048705278128890625,0.0,-0.08460667798528587,0.034538469902918166,-0.11820757397734284,0.0,-0.11148839841539349,0.025599951754494844,-0.04514655551189641,0.0,-0.12252405206564798,0.02414275790101725,1.0,0.0
2022-11-17,-0.0131551001220473,0.0,-0.013068949977467215,0.0,-0.028492824105757167,0.0,-0.029402940294029345,0.01828959590069364,0.006140041753446406,1.0,-0.029402940294029345,0.023950049574973476,-0.054325963201683584,0.0,-0.06714200831847883,0.020205170119461626,0.027557299351794406,1.0,-0.07872846108140208,0.020366725970585687,0.0,0.0
2022-11-18,0.014506147389028667,1.0,0.0,0.0,0.024358443832040222,1.0,-0.029402940294029345,0.02874655214804864,-0.009942720532050687,0.0,-0.03371954842543068,0.02659920598961918,-0.057642011818261986,0.0,-0.07872846108140208,0.020355839339722872,0.0314632694557849,1.0,-0.07872846108140208,0.020244793964405112,0.0,0.0
2022-11-21,-0.029843871372738688,0.0,-0.029402940294029345,0.0,0.004788994486464918,1.0,-0.029402940294029345,0.028777506272211244,-0.04746341193127623,0.0,-0.05570409982174673,0.026176501539358223,-0.04557750849631925,0.0,-0.07872846108140208,0.02182590741286779,0.019167067717559147,1.0,-0.07872846108140208,0.02002825159983947,0.0,0.0
2022-11-22,0.039696167815750125,1.0,0.0,0.0,0.0053950034516592315,1.0,-0.03371954842543068,0.028557388672484613,-0.027420441016498747,0.0,-0.06491384432560887,0.02421415343470903,0.015489919402921479,1.0,-0.07872846108140208,0.022431436278946067,0.027440746154953434,1.0,-0.07872846108140208,0.019465293350540976,0.0,0.0
2022-11-23,-0.005063301956546539,0.0,-0.005050505050504861,0.0,-0.057315708374287705,0.0,-0.05570409982174673,0.010249044162167072,-0.06950229584845219,0.0,-0.06714200831847883,0.010447910676761561,0.01445239725413913,1.0,-0.07872846108140208,0.022256471109733274,-0.05339074847250774,0.0,-0.07872846108140208,0.019479994100944524,0.0,0.0
2022-11-24,-0.0292378624075444,0.0,-0.02881457151388489,0.0,-0.06205330687570238,0.0,-0.06016721409375936,0.008104357933508841,-0.060466004955130014,0.0,-0.06240668856375042,0.012416344683769917,0.02913255898937899,1.0,-0.07405195580770385,0.022262903241033003,-0.12855297670851762,0.0,-0.1473653734800232,0.02580323359728581,0.0,0.0
2022-11-25,-0.02301454401019687,0.0,-0.022751729438893142,0.0,-0.03520113148436127,0.0,-0.03458877786318215,0.008531871666424292,-0.04769929128621129,0.0,-0.046579554189085215,0.009627640337525438,0.06010904831996363,1.0,-0.046579554189085215,0.019565530054012834,-0.10698451704043682,0.0,-0.15387955993051528,0.025272626959273386,0.0,1.0
2022-11-28,-0.009800900457961193,0.0,-0.009753028157936106,0.0,-0.008213598537388856,0.0,-0.012112631744533586,0.005628678346154941,0.001885903434957049,1.0,-0.024382570394840264,0.014792705547255786,0.07891672458960548,1.0,-0.024382570394840264,0.017477565591729402,-0.07426529143352399,0.0,-0.15387955993051528,0.025134779436153453,0.0,1.0
2022-11-29,-0.0023856870162033196,0.0,-0.002382843526608558,0.0,-0.014883846818053303,0.0,-0.01633624107850906,0.008542675596345521,0.04291036041942009,1.0,-0.01633624107850906,0.01791884504930023,0.07377885865766524,1.0,-0.018963520555877245,0.018056065532417648,-0.04251126803768589,0.0,-0.15387955993051528,0.02569672253721964,0.0,1.0
2022-11-30,0.003972988936775599,1.0,0.0,0.0,0.014072490909121452,1.0,-0.01633624107850906,0.01757907083504268,0.08395469310259132,1.0,-0.01633624107850906,0.0202623104765666,0.07306101846544642,1.0,-0.02200347423277349,0.018096121574154196,-0.024175230531987328,0.0,-0.15387955993051528,0.02599643385951269,0.0,1.0
2022-12-01,-0.01647114873862562,0.0,-0.01633624107850906,0.0,0.04132305849884779,1.0,-0.01633624107850906,0.02147099061709627,0.08959856394450899,1.0,-0.01633624107850906,0.01966521317841033,0.08188326255347791,1.0,-0.02200347423277349,0.018127145060967853,-0.007162784304875697,0.0,-0.15387955993051528,0.026426834970139885,0.0,1.0
2022-12-02,0.026570650710971346,1.0,0.0,0.0,0.0964528529044413,1.0,0.0,0.0049782828935183085,0.10780833960617493,1.0,0.0,0.013757761765816397,0.08910528127404702,1.0,-0.02200347423277349,0.01725309624236235,-0.002583146415379431,0.0,-0.15387955993051528,0.026305791246382364,0.0,1.0
2022-12-05,0.031223556526502078,1.0,0.0,0.0,0.07949906197216328,1.0,0.0,0.01231780654382033,0.07703082115464857,1.0,-0.004198031268094815,0.01670841965706543,0.06474457621387844,1.0,-0.02200347423277349,0.01627994711366861,-0.022226665117220223,0.0,-0.15387955993051528,0.025649084916221605,0.0,1.0
2022-12-06,0.038658645666967965,1.0,0.0,0.0,0.050014132368701385,1.0,0.0,0.01587653637206058,0.030868498238245078,1.0,-0.018963520555877245,0.018112367824922333,0.011950826752031967,1.0,-0.037348002316155204,0.015955040928335277,-0.08890855602500272,0.0,-0.15387955993051528,0.025563018993373078,0.0,1.0
2022-12-07,0.009616859778693174,1.0,0.0,0.0,0.0071486189611784205,1.0,-0.004198031268094815,0.005661869560186968,-0.010893674637144994,0.0,-0.02200347423277349,0.008028309220907682,-0.06784314572664686,0.0,-0.07614360162130862,0.015156749391434923,-0.12325184229805158,0.0,-0.15387955993051528,0.02369512183787511,0.0,1.0
2022-12-08,0.001738626923040219,1.0,0.0,0.0,-0.01740700720741599,0.0,-0.018963520555877245,0.006901352549635397,-0.007715301391031094,0.0,-0.02200347423277349,0.00900368807986739,-0.1576855356978966,0.0,-0.1473653734800232,0.025719095336338746,-0.09229847823448639,0.0,-0.15387955993051528,0.02560882213819675,0.0,1.0
2022-12-09,-0.004206867740554941,0.0,-0.004198031268094815,0.0,-0.02224916133887842,0.0,-0.02200347423277349,0.005338163390286021,-0.018703058332127983,0.0,-0.02200347423277349,0.00927146023695318,-0.16709356536040035,0.0,-0.15387955993051528,0.025228877149702105,-0.1025015811524323,0.0,-0.15387955993051528,0.025578781933166202,0.0,1.0
2022-12-12,-0.014938766389901367,0.0,-0.014827736589620777,0.0,-0.005247060573516439,0.0,-0.01788050588748369,0.011362795953713657,-0.012286244940770113,0.0,-0.01788050588748369,0.009557787541749158,-0.15318201602312945,0.0,-0.15031254542811456,0.026243091445652383,-0.07514846765766732,0.0,-0.15031254542811456,0.02631206639299717,0.0,1.0
2022-12-13,-0.0031035272084222283,0.0,-0.003098716246126565,0.0,0.0004425757983283666,1.0,-0.009206488382288658,0.009288541045665285,-0.018917671486213032,0.0,-0.028204004091772705,0.0114671504702683,-0.11629012669535116,0.0,-0.14584246675434753,0.02853051874454996,-0.06350614880194504,0.0,-0.14584246675434753,0.026186742490490685,0.0,0.0
2022-12-14,0.012795233024807104,1.0,0.0,0.0,0.00575604865755339,1.0,-0.009206488382288658,0.009001929829767242,-0.056949471089501914,0.0,-0.06736811340055537,0.01877705055502051,-0.09723624899743369,0.0,-0.14584246675434753,0.02965052671152485,-0.039090467047159815,0.0,-0.14584246675434753,0.026725207213064355,0.0,0.0
2022-12-15,-0.009249130018056658,0.0,-0.009206488382288658,0.0,-0.028609377302597994,0.0,-0.028204004091772705,0.00971032667818006,-0.14997023430686546,0.0,-0.13926640362414155,0.028933510191852727,-0.08904604685835353,0.0,-0.14584246675434753,0.030365732017137624,-0.05914610116267966,0.0,-0.14584246675434753,0.02652849375108244,1.0,0.0
2022-12-16,0.0022099456508028917,1.0,0.0,0.0,-0.060495574096252384,0.0,-0.060779985283296534,0.01772350009208141,-0.14839050702827244,0.0,-0.13980868285504044,0.029166004569666653,-0.09168842768942626,0.0,-0.13980868285504044,0.03037907421638176,-0.042328783040092396,0.0,-0.13980868285504044,0.026582209698944873,1.0,0.0
2022-12-19,-0.021570192935344335,0.0,-0.021339220014716775,0.0,-0.14293104993961175,0.0,-0.13318616629874913,0.024384163924594162,-0.1408957710823594,0.0,-0.13980868285504044,0.03090696022369798,-0.08697124133109865,0.0,-0.13980868285504044,0.030588004014458714,-0.039780104314767396,0.0,-0.13980868285504044,0.02660874062640435,1.0,0.0
2022-12-20,-0.04113532681171104,0.0,-0.04030075187969928,0.0,-0.12903025974373095,0.0,-0.1210526315789473,0.02965056436666326,-0.09737245520913812,0.0,-0.1210526315789473,0.03705917427545088,-0.10085938277703478,0.0,-0.1210526315789473,0.03144426549016993,0.006744124475373173,1.0,-0.1210526315789473,0.026827952690111696,1.0,0.0
2022-12-21,-0.08022553019255649,0.0,-0.07709182074584775,0.0,-0.07819025133530409,0.0,-0.08414290191162643,0.03894967326916669,-0.040286777907931795,0.0,-0.08414290191162643,0.03741893817460135,-0.05540869657140471,0.0,-0.08414290191162643,0.029873357161185575,0.01693507419527969,1.0,-0.08414290191162643,0.026122934938859692,1.0,0.0
2022-12-22,-0.007669402739463507,0.0,-0.007640067911714676,0.0,0.023988401795129365,1.0,-0.007640067911714676,0.012153541547463183,0.06092418744851186,1.0,-0.007640067911714676,0.010838736425455128,0.06538705746341011,1.0,-0.0396166134185304,0.02003359100594201,0.10238495554526174,1.0,-0.0396166134185304,0.018343280278533814,0.0,0.0
2022-12-23,0.009704681596715937,1.0,0.0,0.0,0.047608155024088106,1.0,0.0,0.005000732971532384,0.056702079338845975,1.0,-0.011821086261980862,0.012404075873516997,0.06459198420796808,1.0,-0.0396166134185304,0.02009131550546639,0.13353139262452257,1.0,-0.0396166134185304,0.018512796041977184,0.0,0.0
2022-12-26,0.021953122937876844,1.0,0.0,0.0,0.0588889085912594,1.0,0.0,0.0026314713749213386,0.05392452975126066,1.0,-0.011821086261980862,0.012526483807110085,0.07803354836546206,1.0,-0.0396166134185304,0.020703783254188937,0.12771137152328912,1.0,-0.0396166134185304,0.018508652041819104,0.0,0.0
2022-12-27,0.01595035048949532,1.0,0.0,0.0,0.025044274804253145,1.0,-0.011821086261980862,0.014458426607269943,-0.0034869275678966493,0.0,-0.0396166134185304,0.020683602695005937,0.052783977893406234,1.0,-0.0396166134185304,0.0203609970404441,0.10441526546928852,1.0,-0.0396166134185304,0.01822313137566404,0.0,0.0
2022-12-28,0.020985435163887237,1.0,0.0,0.0,0.01602105632388838,1.0,-0.011821086261980862,0.013468773703812425,-0.01512191866347293,0.0,-0.0396166134185304,0.01928710966498111,0.05814578195027392,1.0,-0.0396166134185304,0.020702700045753288,0.10372786223394112,1.0,-0.0396166134185304,0.018203499847294902,0.0,0.0
2022-12-29,-0.011891510849129316,0.0,-0.011821086261980862,0.0,-0.040422713221279154,0.0,-0.0396166134185304,0.017339948261985313,0.004462870014898299,1.0,-0.0396166134185304,0.024928973556074218,0.02989994569567397,1.0,-0.0396166134185304,0.020364271033909108,0.07832090181217648,1.0,-0.0396166134185304,0.01794125806283549,0.0,0.0
2022-12-30,0.006927132009130521,1.0,0.0,0.0,-0.02421584297823076,0.0,-0.03483705249638791,0.019394431714769088,0.007889904869121866,1.0,-0.03483705249638791,0.024613172320429682,0.04935964464933394,1.0,-0.03483705249638791,0.019770351568966258,0.08932575677345604,1.0,-0.03483705249638791,0.0176137823703624,0.0,0.0
2023-01-03,-0.03545833438128047,0.0,-0.03483705249638791,0.0,0.009427248854897076,1.0,-0.03483705249638791,0.03104960829640357,0.02410901861420135,1.0,-0.03483705249638791,0.026126637583428054,0.04719113701633113,1.0,-0.03483705249638791,0.019759211700844395,0.07020153766255623,1.0,-0.03483705249638791,0.01796974138705698,0.0,0.0
2023-01-04,0.0043153593939190054,1.0,0.0,0.0,0.03642110724127186,1.0,-0.008428753180661608,0.020768943633473775,0.056270905461302693,1.0,-0.008428753180661608,0.018163397489186217,0.10760350725240793,1.0,-0.008428753180661608,0.01527914841449986,0.10401230183665017,1.0,-0.030470500373413034,0.01566706412939024,0.0,0.0
2023-01-05,0.04057022384225839,1.0,0.0,0.0,0.0552519936015627,1.0,-0.008428753180661608,0.020295687911019662,0.0732677006137467,1.0,-0.008428753180661608,0.018137157528687376,0.07234377076668445,1.0,-0.030470500373413034,0.019768523642527975,0.11221014012751496,1.0,-0.030470500373413034,0.01574558339278735,0.0,0.0
2023-01-06,-0.008464475994905678,0.0,-0.008428753180661608,0.0,0.011385322225125429,1.0,-0.008428753180661608,0.0138450242807649,0.025437075680775648,1.0,-0.008428753180661608,0.01411222877008733,0.03699789808185167,1.0,-0.030470500373413034,0.016357792403266912,0.06197081901323177,1.0,-0.030470500373413034,0.013862815305598346,0.0,0.0
2023-01-09,0.023146245754210138,1.0,0.0,0.0,0.041161952766394165,1.0,-0.0032910202162670377,0.012056179675267429,0.04146973978021195,1.0,-0.007234108049869126,0.012384395196890559,0.06893940841655447,1.0,-0.030470500373413034,0.016783675859514537,0.0629333843563427,1.0,-0.030470500373413034,0.013824204951159371,0.0,0.0
2023-01-10,-0.0032964475341790483,0.0,-0.0032910202162670377,0.0,0.010755305921471276,1.0,-0.007234108049869126,0.012638948443383712,0.023082118402129828,1.0,-0.007234108049869126,0.00991113576644301,0.04967782315782689,1.0,-0.030470500373413034,0.015889415471110953,0.031469510309034485,1.0,-0.03161764705882364,0.01323654248267591,0.0,0.0
2023-01-11,0.021312154546363,1.0,0.0,0.0,0.02161994156018086,1.0,-0.007234108049869126,0.011667498097560933,0.05133260179110517,1.0,-0.007234108049869126,0.011683664122682971,0.05163128757588222,1.0,-0.030470500373413034,0.015798360367886555,0.02806168162704488,1.0,-0.038088235294117645,0.013319807611820849,0.0,0.0
2023-01-12,-0.007260401090712749,0.0,-0.007234108049869126,0.0,0.005066411389945848,1.0,-0.007234108049869126,0.006431154026713393,-0.0009239298470623747,0.0,-0.030470500373413034,0.018507960724544675,0.045582080283667156,1.0,-0.030470500373413034,0.015275594626680185,0.011173300598125255,1.0,-0.038088235294117645,0.012543600168049967,0.0,0.0
2023-01-13,0.007568188104530616,1.0,0.0,0.0,0.03728084833545469,1.0,0.0,0.008931940159600155,0.011560822401076006,1.0,-0.030470500373413034,0.018224948166066905,0.0484209561165025,1.0,-0.030470500373413034,0.015078421929265914,0.007106472051695516,1.0,-0.04470588235294126,0.012700684717436158,0.0,0.0
2023-01-16,0.00475862437612782,1.0,0.0,0.0,-0.0012317168608803205,0.0,-0.030470500373413034,0.02311130442147925,0.02746966863634266,1.0,-0.030470500373413034,0.020151681480240508,0.03996611212412204,1.0,-0.030470500373413034,0.01513878018051457,0.02522163471846036,1.0,-0.04470588235294126,0.01378264023300265,0.0,0.0
2023-01-17,0.024954035854796205,1.0,0.0,0.0,-0.0007659900795825345,0.0,-0.030470500373413034,0.023147041882934663,0.026595704755697194,1.0,-0.030470500373413034,0.02016108950590257,0.023010400646225126,1.0,-0.030470500373413034,0.015889406028534492,-0.002453236434297913,0.0,-0.04470588235294126,0.014719441091062954,0.0,0.0
2023-01-18,-0.030944377091804347,0.0,-0.030470500373413034,0.0,-0.0022429915945815218,0.0,-0.030470500373413034,0.02261520473961007,0.00029868578477727206,1.0,-0.030470500373413034,0.01762325627223102,-0.003591205415757567,0.0,-0.030470500373413034,0.01398714052155622,-0.03264046877895256,0.0,-0.04705882352941182,0.013573784050641706,0.0,0.0
2023-01-19,0.005224351157425564,1.0,0.0,0.0,0.0325860459927053,1.0,0.0,0.008936916739514453,0.04650601013072951,1.0,-0.0013420817178646516,0.008896684106457511,0.039866369360830774,1.0,-0.018970588235294183,0.009988911739667596,0.03348036711357373,1.0,-0.04705882352941182,0.014074807832135227,0.0,0.0
2023-01-20,0.023477034339797274,1.0,0.0,0.0,0.026018711719156092,1.0,-0.0013420817178646516,0.010683438049916224,0.03686013371542657,1.0,-0.004411764705882337,0.010477011837279754,0.024972920931380097,1.0,-0.018970588235294183,0.01077287908168192,0.011580199497876791,1.0,-0.04705882352941182,0.014598176286521223,0.0,0.0
2023-01-30,0.0038846604954824865,1.0,0.0,0.0,0.017804624633506686,1.0,-0.0013420817178646516,0.006932616876080946,0.012496443487779505,1.0,-0.0052941176470587825,0.006913111802930878,-0.006006024060211699,0.0,-0.0235294117647058,0.008511252578817054,-0.007362365161823731,0.0,-0.04705882352941182,0.013666601848514568,0.0,0.0
2023-01-31,-0.0013429831161237112,0.0,-0.0013420817178646516,0.0,0.009498438880146783,1.0,-0.004411764705882337,0.008645569213684907,-0.003585304109472184,0.0,-0.017352941176470682,0.008958741646674121,-0.01820831284879258,0.0,-0.03161764705882364,0.008654244765907775,-0.002388773903899649,0.0,-0.04705882352941182,0.013786448178698186,0.0,0.0
2023-02-01,0.015262947254147976,1.0,0.0,0.0,0.009954766108420644,1.0,-0.0052941176470587825,0.0085685694461656,-0.003889891200534833,0.0,-0.018970588235294183,0.008963824784072497,-0.02356960594883747,0.0,-0.038088235294117645,0.008773282588840484,-0.01580287232074249,0.0,-0.04705882352941182,0.01415113015408655,0.0,0.0
2023-02-02,-0.004421525257877374,0.0,-0.004411764705882337,0.0,-0.01750526824749632,0.0,-0.017352941176470682,0.004724410812132466,-0.006639640769898924,0.0,-0.018970588235294183,0.007994780997789438,-0.03440877968554186,0.0,-0.038088235294117645,0.00702476553061223,-0.08594242980072477,0.0,-0.08235294117647063,0.017925897411886882,0.0,0.0
2023-02-03,-0.0008866558878497555,0.0,-0.0008862629246676468,0.0,-0.014731313196805351,0.0,-0.014623338257016338,0.005161795031826086,-0.01188721278404648,0.0,-0.014623338257016338,0.008649623955050638,-0.04131448406480692,0.0,-0.04047267355982287,0.007415775791095533,-0.0748126858077289,0.0,-0.07828655834564258,0.0180854422637882,0.0,0.0
2023-02-06,-0.012197087101769151,0.0,-0.012123004139562465,0.0,-0.0013314596241717036,0.0,-0.013749260792430662,0.0101237774473535,-0.018502467547991355,0.0,-0.01833234772324066,0.008824572307650094,-0.014744477405661847,0.0,-0.03962152572442357,0.011652185854909078,-0.022728251077556064,0.0,-0.07746895328208159,0.021698051831093457,0.0,0.0
2023-02-07,-0.0016475702071864205,0.0,-0.001646213708470512,0.0,0.0011965302055725077,1.0,-0.009622501850480969,0.00917076546722157,-0.014623008739320376,0.0,-0.025166543301258337,0.008191229124784347,-0.025463637080522954,0.0,-0.0383419689119171,0.01300392273351567,-0.01705573002422884,0.0,-0.07623982235381199,0.021588415721363108,0.0,0.0
2023-02-08,0.012513197684783785,1.0,0.0,0.0,-0.004657810239035746,0.0,-0.017024426350851107,0.009985297353402122,-0.019679714748302626,0.0,-0.031680236861584055,0.008282780297361379,-0.02904926336319497,0.0,-0.040710584752035484,0.013023615602622596,-0.02350908298757966,0.0,-0.07623982235381199,0.021646033566201473,0.0,0.0
2023-02-09,-0.00966909727202494,0.0,-0.009622501850480969,0.0,-0.025488636216917826,0.0,-0.025166543301258337,0.0008937164301848261,-0.027769138915642956,0.0,-0.031680236861584055,0.005084193591880651,-0.006386002247257008,0.0,-0.040710584752035484,0.016903421661999023,-0.009968095629761713,0.0,-0.07623982235381199,0.0222664787601674,0.0,0.0
2023-02-10,-0.007501910651794545,0.0,-0.007473841554558991,0.0,-0.022523815161061517,0.0,-0.022272047832586073,0.0006586620181485458,-0.029427271280760402,0.0,-0.02899850523168923,0.005386872335822362,-0.01339272143350332,0.0,-0.03139013452914807,0.017401119662418574,0.008187615519582109,1.0,-0.07032181168057217,0.02224417788401711,0.0,0.0
2023-02-13,-0.008317628293098336,0.0,-0.008283132530120696,0.0,-0.01059813099182336,0.0,-0.014909638554217008,0.005664506606890508,0.0037579901423294444,1.0,-0.021686746987952032,0.013555929862982128,-0.0013563411016119962,0.0,-0.02775693923480882,0.017349423447283383,0.005257240797970698,1.0,-0.07032181168057217,0.02230537248372578,0.0,0.0
2023-02-14,-0.006704276216168682,0.0,-0.00668185269552013,0.0,-0.013607732335867538,0.0,-0.013515565679574792,0.006610591582049854,-0.010840628341202552,0.0,-0.022655663915979063,0.016456659755681124,0.01581953894489281,1.0,-0.02775693923480882,0.017304533533474803,-0.005481968959327847,0.0,-0.07032181168057217,0.022632335604913564,0.0,0.0
2023-02-15,0.004423773517443453,1.0,0.0,0.0,0.018779894651596494,1.0,-0.01126331811263337,0.015165189626091095,-0.009369548614892382,0.0,-0.02775693923480882,0.016385929536081294,0.007766733628094877,1.0,-0.02775693923480882,0.017850172296135954,-0.013854901428970974,0.0,-0.07032181168057217,0.022824035450972315,0.0,0.0
2023-02-16,-0.011327229637142507,0.0,-0.01126331811263337,0.0,-0.008560125642477484,0.0,-0.022655663915979063,0.020725746903172058,0.021383136668386028,1.0,-0.02775693923480882,0.02229985155522765,-0.051533650115182905,0.0,-0.07032181168057217,0.02432821323785921,-0.056675049615601644,0.0,-0.07961452928094892,0.024209955135420586,0.0,0.0
2023-02-17,0.02568335077129527,1.0,0.0,0.0,-0.0024660924951934427,0.0,-0.02775693923480882,0.020084388751841816,0.01603454984725704,1.0,-0.02775693923480882,0.02313534079808757,-0.033498201742921944,0.0,-0.07032181168057217,0.024471764174720984,-0.04389912757217626,0.0,-0.07961452928094892,0.024145887355804148,0.0,0.0
2023-02-20,-0.022916246776630313,0.0,-0.022655663915979063,0.0,0.007027015534233051,1.0,-0.02775693923480882,0.024313674591894766,-0.00511433124394147,0.0,-0.02775693923480882,0.020412432283306574,-0.007983773671894252,0.0,-0.07032181168057217,0.02838325097231489,-0.07976767673082201,0.0,-0.08762045959970355,0.0233268020106274,0.0,0.0
2023-02-21,-0.005233196489858524,0.0,-0.005219527172244498,0.0,0.013267445852592027,1.0,-0.01653754469606672,0.02224243252579135,0.026660167286095438,1.0,-0.01653754469606672,0.017318946788256073,0.008407907056294012,1.0,-0.07032181168057217,0.02751873857476916,-0.06878455071606905,0.0,-0.09844329132690888,0.023001757799504596,0.0,0.0
2023-02-22,0.035176458800721795,1.0,0.0,0.0,0.023035112022547356,1.0,-0.01653754469606672,0.021285013467681208,0.017136282242987237,1.0,-0.017878426698450522,0.018833678181723476,0.005540180375615351,1.0,-0.07032181168057217,0.027595376910681348,-0.06816649345463306,0.0,-0.102594514455152,0.02299974193475137,0.0,0.0
2023-02-23,-0.016675816458271278,0.0,-0.01653754469606672,0.0,-0.003283095024767941,0.0,-0.01653754469606672,0.011158255383982383,-0.07291678678356882,0.0,-0.07032181168057217,0.022551962842453813,-0.003582093382504663,0.0,-0.07032181168057217,0.026567408216572892,-0.10136242676889175,0.0,-0.102594514455152,0.021289572884651713,0.0,0.0
2023-02-24,0.004534469680096853,1.0,0.0,0.0,-0.0013643600994632482,0.0,-0.014648729446935738,0.010266141793131902,-0.04953275159017896,0.0,-0.06726457399103147,0.024010603271198912,0.02158033695308534,1.0,-0.06726457399103147,0.026090081638454533,-0.08732818358185665,0.0,-0.10318754633061533,0.02112607372733269,0.0,0.0
2023-02-27,0.008858251753406631,1.0,0.0,0.0,-0.06077544000539438,0.0,-0.06726457399103147,0.0263088349762695,-0.00286944242795282,0.0,-0.06726457399103147,0.03456081146730106,0.00661358189958262,1.0,-0.06726457399103147,0.02633892919158125,-0.07693088022767956,0.0,-0.10318754633061533,0.021463933492112213,0.0,0.0
2023-02-28,-0.01475708153296652,0.0,-0.014648729446935738,0.0,-0.0629254730236824,0.0,-0.06726457399103147,0.02552346819059474,-0.018252260229801295,0.0,-0.06726457399103147,0.03426767434085828,-0.0213015079042207,0.0,-0.06726457399103147,0.02679754631416563,-0.10303801959064228,0.0,-0.10526315789473684,0.021445443177151757,0.0,0.0
2023-03-01,-0.05487661022583437,0.0,-0.05339805825242727,0.0,0.0030293873516072517,1.0,-0.05339805825242727,0.04349174651313511,-0.011596101867371901,0.0,-0.05339805825242727,0.033938049765699536,-0.02162163505706591,0.0,-0.05339805825242727,0.02681279837060779,-0.058891067644496226,0.0,-0.10526315789473684,0.022584914733583136,0.0,0.0
2023-03-02,0.006708218735118483,1.0,0.0,0.0,0.05138143152899952,1.0,-0.006503327283726712,0.024689846431611463,0.06933469340106417,1.0,-0.014519056261343088,0.022323836102924894,-0.005141399500418652,0.0,-0.07961452928094892,0.023866727705864753,0.007185659660874533,1.0,-0.10526315789473684,0.019347343422753058,0.0,0.0
2023-03-03,0.05119777884232298,1.0,0.0,0.0,0.03657228962334382,1.0,-0.014519056261343088,0.027589631832497418,0.07111308854326452,1.0,-0.014519056261343088,0.02222087476958209,-0.01040092582925428,0.0,-0.07961452928094892,0.023759484207407523,0.012182731168816062,1.0,-0.10526315789473684,0.019459661237720093,0.0,0.0
2023-03-06,-0.006524566048442009,0.0,-0.006503327283726712,0.0,0.01142869582362263,1.0,-0.014519056261343088,0.015742480891170484,0.009483024327535393,1.0,-0.014519056261343088,0.013783215297637342,-0.0717839030589277,0.0,-0.08762045959970355,0.016196239248035194,0.006482271888297142,1.0,-0.10526315789473684,0.018745241787121503,0.0,0.0
2023-03-07,-0.008100923170537216,0.0,-0.008068199117065022,0.0,0.02643987574938334,1.0,-0.008068199117065022,0.013945677781275779,-0.003049247674419386,0.0,-0.029058561897702173,0.016041223157022805,-0.07719245777236312,0.0,-0.09844329132690888,0.016255572542782277,0.014808369725587104,1.0,-0.10526315789473684,0.018680864473524607,0.0,0.0
2023-03-08,0.026054185042601846,1.0,0.0,0.0,0.024108513546514606,1.0,-0.010378057820607856,0.014898944142024787,-0.010025533189693911,0.0,-0.04358784284655293,0.016911882133790156,-0.07370667383024847,0.0,-0.102594514455152,0.016281004630554256,0.03676219931507404,1.0,-0.10526315789473684,0.018773869387227464,0.0,0.0
2023-03-09,0.008486613877318725,1.0,0.0,0.0,-0.021002509546484,0.0,-0.029058561897702173,0.011503378256609064,-0.0744760929014828,0.0,-0.07961452928094892,0.015075041601348736,-0.09778033338638703,0.0,-0.102594514455152,0.012501924082981175,0.01277687861317939,1.0,-0.10526315789473684,0.017936044171400933,0.0,0.0
2023-03-10,-0.010432285373405974,0.0,-0.010378057820607856,0.0,-0.044566332109614505,0.0,-0.04358784284655293,0.0035244490717744694,-0.0815140143725187,0.0,-0.07961452928094892,0.013013771674243581,-0.10890852053494209,0.0,-0.10318754633061533,0.011260235908786146,0.02705832354209267,1.0,-0.10526315789473684,0.018509389893753406,0.0,0.0
2023-03-13,-0.019056838050396777,0.0,-0.018876404494382104,0.0,-0.0725304214053956,0.0,-0.0699625468164794,0.010185166930771896,-0.0812669273864632,0.0,-0.07805243445692889,0.013036419481449114,-0.08354446212726213,0.0,-0.09378277153558046,0.013675500957360559,0.03821184948048169,1.0,-0.09588014981273407,0.01831288926716575,0.0,0.0
2023-03-14,-0.015077208685811744,0.0,-0.014964116659031745,0.0,-0.052024890948715985,0.0,-0.05206901817071308,0.016345295889081433,-0.07414321009794371,0.0,-0.07146129180027472,0.013041449580179325,-0.08173651168642157,0.0,-0.07848526492594277,0.013544136342279816,0.05466978338253119,1.0,-0.07848526492594277,0.017712139204235103,0.0,0.0
2023-03-15,-0.03839637466918704,0.0,-0.03766857851495897,0.0,-0.04713288065025468,0.0,-0.046039373740505485,0.01672937287943223,-0.06368114064055455,0.0,-0.06169586110680525,0.013658403348657948,-0.037269432587430255,0.0,-0.06448612618198735,0.017320690596677058,0.053422478553324555,1.0,-0.06448612618198735,0.01777681948995118,0.0,0.0
2023-03-16,0.001448692406282901,1.0,0.0,0.0,-0.020669626742944935,0.0,-0.021875502654013168,0.005939281393991355,-0.023304240484904145,0.0,-0.026379282612192356,0.005741790894483393,0.01232705916129313,1.0,-0.029274569728164668,0.013322648700987365,0.12164156134391291,1.0,-0.029274569728164668,0.016028541954828026,0.0,0.0
2023-03-17,-0.010185198387350481,0.0,-0.010133504905903257,0.0,-0.026733458377650274,0.0,-0.026379282612192356,0.0031204281291962884,-0.0273945061624233,0.0,-0.02702267974907513,0.005064498877049726,0.022583656998070335,1.0,-0.029274569728164668,0.013689551769511709,0.09037016081622885,1.0,-0.02938239908714879,0.017828451318007976,0.0,0.0
2023-03-20,-0.011933120761877376,0.0,-0.011862203444913844,0.0,-0.01456773450383667,0.0,-0.016412089697757537,0.005682773175514625,-0.0022775347407989967,0.0,-0.017062073448163795,0.008905275793742435,0.07826617494722486,1.0,-0.01933701657458564,0.018107315758759887,0.11904609495350946,1.0,-0.02938239908714879,0.017741169962081443,0.0,0.0
2023-03-21,-0.00461513922842253,0.0,-0.004604505837855655,0.0,-0.0052761870131955305,0.0,-0.005262292386120748,0.0027640861970897783,-0.007593301588477915,0.0,-0.017100977198697076,0.010403366998804023,0.09200082749795023,1.0,-0.017100977198697076,0.01704622883103246,0.10289076878624301,1.0,-0.0386535444301811,0.018869044535105357,0.0,0.0
2023-03-22,0.0019805254864632142,1.0,0.0,0.0,0.014270725249500849,1.0,-0.0026380873866446164,0.0074380486564688845,0.02641170805312418,1.0,-0.017100977198697076,0.01584696298166187,0.11046887314532247,1.0,-0.017100977198697076,0.016439041068093664,0.09706584301798227,1.0,-0.04863785479960059,0.01906141246264907,0.0,0.0
2023-03-23,-0.002641573271236197,0.0,-0.0026380873866446164,0.0,-0.004958687846518602,0.0,-0.017100977198697076,0.013156287267670595,0.03563129964619725,1.0,-0.017100977198697076,0.015891816017465542,0.1105572119995664,1.0,-0.017100977198697076,0.016434189702356623,0.08119620537085177,1.0,-0.061760091285123386,0.019489973784669427,0.0,0.0
2023-03-24,0.01493177303427395,1.0,0.0,0.0,0.027072755837897117,1.0,-0.017100977198697076,0.01949303365363177,0.04997816316049366,1.0,-0.017100977198697076,0.015146877805725349,0.13596684407703452,1.0,-0.017100977198697076,0.01608049734265709,0.05749817353210723,1.0,-0.08615033518756254,0.0205527585020835,0.0,0.0
2023-03-27,-0.017248887609556278,0.0,-0.017100977198697076,0.0,0.023341099883159768,1.0,-0.017100977198697076,0.019193131711463016,0.0805437096880238,1.0,-0.017100977198697076,0.020958498525359043,0.12175631160774376,1.0,-0.017100977198697076,0.016521575642390134,0.024772056483164082,1.0,-0.10226786478391103,0.02082860740990718,0.0,0.0
2023-03-28,0.02938987041317956,1.0,0.0,0.0,0.0522952777357759,1.0,0.0,0.008458176202529411,0.09959412908642819,1.0,0.0,0.015592783071481639,0.13640629506895274,1.0,-0.002595529920692008,0.014354953863617107,0.07821834362163405,1.0,-0.10226786478391103,0.021695762969741544,0.0,0.0
2023-03-29,0.011200117079536328,1.0,0.0,0.0,0.06840272688440041,1.0,0.0,0.016050110915205845,0.08405716509219821,1.0,0.0,0.014929766655574491,0.0906919111407549,1.0,-0.018745493871665464,0.015816250256213867,0.04944121832566533,1.0,-0.10226786478391103,0.020897867535861935,0.0,0.0
2023-03-30,0.011705290243060053,1.0,0.0,0.0,0.059004141593712284,1.0,0.0,0.018706230530962025,0.07492591235336922,1.0,0.0,0.016022922150999236,0.10931450218261977,1.0,-0.018745493871665464,0.017008895480493974,0.05975382301423486,1.0,-0.10226786478391103,0.021231424424000323,0.0,0.0
2023-03-31,0.04549731956180418,1.0,0.0,0.0,0.06115175776960183,1.0,0.0,0.018426811331830658,0.08598868091654112,1.0,0.0,0.016180288456379747,0.06778650381815865,1.0,-0.02938239908714879,0.02093052885963032,0.03279489563045988,1.0,-0.10226786478391103,0.02148939040207662,0.0,0.0
2023-04-03,0.0018015317888480386,1.0,0.0,0.0,0.017723302548504977,1.0,0.0,0.005619121569052574,0.041212601919719975,1.0,0.0,0.008702157330876195,0.040779920006284706,1.0,-0.02938239908714879,0.017163835314754156,-0.018655276738856325,0.0,-0.10226786478391103,0.019023252426644485,0.0,0.0
2023-04-04,0.013852906418949644,1.0,0.0,0.0,0.03868982956588882,1.0,0.0,0.008477422572875315,0.03681216598252478,1.0,-0.002595529920692008,0.009495420955137767,0.010889941288292737,1.0,-0.0386535444301811,0.019713266768018857,-0.007679025914532807,0.0,-0.10226786478391103,0.019251183684439125,0.0,0.0
2023-04-06,0.0020688643407072867,1.0,0.0,0.0,0.025558163711922183,1.0,0.0,0.0100903415641184,0.006634746048556733,1.0,-0.018745493871665464,0.012550896084865109,-0.013403030127340274,0.0,-0.04863785479960059,0.01948618938638433,-0.019418085857101513,0.0,-0.10226786478391103,0.018985286493421624,0.0,0.0
2023-04-07,0.02276805880623203,1.0,0.0,0.0,0.02089039522286777,1.0,-0.002595529920692008,0.011257433914327777,0.03438858982925076,1.0,-0.018745493871665464,0.017000162538260238,-0.029361006628714603,0.0,-0.061760091285123386,0.01979267605859807,-0.025567663183145597,0.0,-0.10226786478391103,0.018983363659319897,0.0,0.0
2023-04-10,0.0007212405649830048,1.0,0.0,0.0,-0.018202177098382507,0.0,-0.018745493871665464,0.0073784479364625045,-0.018202177098382507,0.0,-0.02938239908714879,0.019931323194365698,-0.07846867054492747,0.0,-0.08615033518756254,0.018876875261727002,-0.03599360264790537,0.0,-0.10226786478391103,0.018451576657468084,0.0,0.0
2023-04-11,-0.002598904148347111,0.0,-0.002595529920692008,0.0,0.010899290458035858,1.0,-0.018745493871665464,0.019348038543759397,-0.00043268191343529824,0.0,-0.02938239908714879,0.021881050018264667,-0.0969842551245798,0.0,-0.10226786478391103,0.018853703452981613,-0.03164171982878195,0.0,-0.10226786478391103,0.018505603294325237,0.0,0.0
2023-04-12,-0.016324513515018353,0.0,-0.016191990747433938,0.0,-0.016324513515018353,0.0,-0.02938239908714879,0.025537212501606343,-0.0259222246942319,0.0,-0.0386535444301811,0.024664765937409686,-0.05818795144731871,0.0,-0.10226786478391103,0.02336692015148046,0.00043362001113045773,1.0,-0.10226786478391103,0.01969936997014874,0.0,0.0
2023-04-13,0.029822708121401306,1.0,0.0,0.0,0.018490735749930157,1.0,-0.02938239908714879,0.025863268967813633,-0.02003777617589701,0.0,-0.04863785479960059,0.02424189951787427,-0.04125069281508968,0.0,-0.10226786478391103,0.023156936525206322,0.02280915328581798,1.0,-0.10226786478391103,0.019371919330155123,0.0,0.0
2023-04-14,-0.029822708121401226,0.0,-0.02938239908714879,0.0,-0.03942041930061488,0.0,-0.0386535444301811,0.022377609791043366,-0.06374959645796538,0.0,-0.061760091285123386,0.017374477046491164,-0.049560679168384976,0.0,-0.10226786478391103,0.0220462610079608,0.0,0.0,-0.10226786478391103,0.0182910279592195,0.0,0.0
2023-04-17,0.018490735749930157,1.0,0.0,0.0,-0.02003777617589701,0.0,-0.03779572994806679,0.0192009168638861,-0.06026649344654491,0.0,-0.07573571840738602,0.016734009107759427,-0.03499160818769863,0.0,-0.09203693017888048,0.020801059103431847,0.04074557719935037,1.0,-0.09203693017888048,0.017085284782866965,0.0,0.0
2023-04-18,-0.028088446929143775,0.0,-0.027697634160415263,0.0,-0.05241762408649435,0.0,-0.05106751298326595,0.007637498274527155,-0.09655157321114445,0.0,-0.09203693017888048,0.0068823755054577065,-0.059435196745140945,0.0,-0.09203693017888048,0.019466783887847502,0.027461354301354646,1.0,-0.09203693017888048,0.01668628687545421,1.0,0.0
2023-04-19,-0.010440064996683398,0.0,-0.010385756676557945,0.0,-0.05066878226733139,0.0,-0.0494065281899112,0.006828909761973981,-0.03226572675308674,0.0,-0.06617210682492591,0.02197431308634488,-0.018568967202825578,0.0,-0.06617210682492591,0.018661836013359273,0.04822479312963721,1.0,-0.06617210682492591,0.015418759762005626,0.0,0.0
2023-04-20,-0.01388911216066715,0.0,-0.01379310344827589,0.0,-0.05802306128531726,0.0,-0.056371814092953554,0.0051992210709497395,-0.021212916639192763,0.0,-0.056371814092953554,0.022017949657676738,-0.006015055729761257,0.0,-0.056371814092953554,0.01846341568735485,0.042990556032877235,1.0,-0.056371814092953554,0.01567693206461239,0.0,0.0
2023-04-21,-0.026339605109980894,0.0,-0.02599574338704791,0.0,-0.007936549595736303,0.0,-0.04317421708726066,0.02768675336543986,0.014188917289580476,1.0,-0.04317421708726066,0.023424657045935365,0.0037933434455690055,1.0,-0.04317421708726066,0.017985830852066096,0.08812558323303334,1.0,-0.04317421708726066,0.016435977646014083,0.0,0.0
2023-04-24,-0.017794344014669346,0.0,-0.017636959575464295,0.0,0.01901580063145534,1.0,-0.017636959575464295,0.022410803274773503,0.02527488525884637,1.0,-0.017636959575464295,0.020952195813660444,0.04247506789702211,1.0,-0.020983213429256686,0.015857112073277016,0.1132116189888004,1.0,-0.022736842105263166,0.01492998032431127,0.0,0.0
2023-04-25,0.036197399528913904,1.0,0.0,0.0,0.05832286641423057,1.0,0.0,0.014601051767850617,0.03711637646600346,1.0,-0.020983213429256686,0.018793664939450772,0.06534253529579788,1.0,-0.020983213429256686,0.014060677019262087,0.1169706448870863,1.0,-0.022736842105263166,0.014654648871331478,0.0,0.0
2023-04-26,0.0006127451172107108,1.0,0.0,0.0,0.006871829744601777,1.0,-0.015137889688249473,0.015056620018283675,0.013696759550261214,1.0,-0.020983213429256686,0.013092242291472033,0.05862157145844938,1.0,-0.020983213429256686,0.012723799505987463,0.06121935037642892,1.0,-0.03424276169265039,0.013899629297900392,0.0,0.0
2023-04-27,0.02151272176810607,1.0,0.0,0.0,0.00030623181987900926,1.0,-0.020983213429256686,0.015608500260341877,0.015197860909431522,1.0,-0.020983213429256686,0.013057198632410677,0.06405984610090748,1.0,-0.020983213429256686,0.01260346221487381,0.04638078834611952,1.0,-0.04788418708240527,0.01439761068596554,0.0,0.0
2023-04-28,-0.015253637140714892,0.0,-0.015137889688249473,0.0,-0.008428707335055503,0.0,-0.020983213429256686,0.011657624047491585,-0.01039557384401132,0.0,-0.020983213429256686,0.009283195628264166,0.04956067916838493,1.0,-0.020983213429256686,0.01157413343564583,0.01458142186773801,1.0,-0.05762806236080176,0.013938740463205788,0.0,0.0
2023-05-04,-0.005952852807512106,0.0,-0.005935169684979424,0.0,0.008938776282040425,1.0,-0.005935169684979424,0.0076712151328403805,0.017200182638175597,1.0,-0.005935169684979424,0.007911856972084342,0.07573718538704911,1.0,-0.005935169684979424,0.00947763281448857,0.01345345663656703,1.0,-0.07293986636971062,0.014005417313798325,0.0,0.0
2023-05-05,0.012777782613171466,1.0,0.0,0.0,0.010810916104215676,1.0,-0.004072398190045234,0.006962606270477447,0.028226158829794346,1.0,-0.004072398190045234,0.006373595157466887,0.08689655104649575,1.0,-0.004072398190045234,0.008416873670489305,0.019706564663269394,1.0,-0.07293986636971062,0.013923577700350229,0.0,0.0
2023-05-08,0.0021138464763809706,1.0,0.0,0.0,0.010375252832516368,1.0,-0.004072398190045234,0.006771669368791005,0.04492481190818806,1.0,-0.004072398190045234,0.011527337699448924,0.06679376033246272,1.0,-0.007298245614035026,0.009527759733854281,-0.012777782613171532,0.0,-0.09075723830734983,0.014341637162450913,0.0,0.0
2023-05-09,-0.0040807129853368184,0.0,-0.004072398190045234,0.0,0.013334529740241729,1.0,-0.004072398190045234,0.006719295962964708,0.04886198519147606,1.0,-0.004072398190045234,0.011159687191124028,0.04900561176263858,1.0,-0.022736842105263166,0.011640374126991659,-0.028145020804525044,0.0,-0.10272828507795118,0.014583195211670475,0.0,0.0
2023-05-10,0.01234211934147218,1.0,0.0,0.0,0.04689167841714384,1.0,0.0,0.010230372810566673,0.0599562530123963,1.0,0.0,0.009097022461166476,0.08433223978746422,1.0,-0.022736842105263166,0.01357792479731582,-0.03514000016794449,0.0,-0.11261135857461024,0.014726297096323252,0.0,0.0
2023-05-11,0.00507312338410648,1.0,0.0,0.0,0.04060057883534082,1.0,0.0,0.01128040604312063,0.05853700274887336,1.0,0.0,0.009103785632830878,0.07073655109177848,1.0,-0.022736842105263166,0.013797357156438986,-0.04748211950941656,0.0,-0.11261135857461024,0.014376999009666902,0.0,0.0
2023-05-12,0.029476435691565276,1.0,0.0,0.0,0.04254101028681764,1.0,0.0,0.01082311108335998,0.058670392216701374,1.0,0.0,0.009084480315809896,0.05162810959128835,1.0,-0.022736842105263166,0.015194551703884073,-0.056012191653616636,0.0,-0.11567371937639204,0.014275915430020693,0.0,0.0
2023-05-15,0.006051019759668917,1.0,0.0,0.0,0.02398744367320145,1.0,0.0,0.002106712219917801,0.021868948424274677,1.0,-0.007298245614035026,0.0061680985591344665,0.0025977789179795602,1.0,-0.03424276169265039,0.014450293724227445,-0.07593266835861506,0.0,-0.11567371937639204,0.012583860879843534,0.0,0.0
2023-05-16,0.0070135548355833984,1.0,0.0,0.0,0.023142936765466977,1.0,0.0,0.0023857183190098344,0.00014362657116241104,1.0,-0.022736842105263166,0.00994929304502518,-0.017679057754788025,0.0,-0.04788418708240527,0.01491069700281825,-0.08855339734144518,0.0,-0.11567371937639204,0.012389149747213267,0.0,0.0
2023-05-17,0.01092286907794926,1.0,0.0,0.0,0.008804373829022298,1.0,-0.007298245614035026,0.00762088335085472,0.02437598677506785,1.0,-0.022736842105263166,0.016144508634014763,-0.03497925730064688,0.0,-0.05762806236080176,0.014794641000177942,-0.10012850157307049,0.0,-0.11706570155902007,0.012108339643217936,0.0,0.0
2023-05-18,0.005206512851934502,1.0,0.0,0.0,-0.017792797342370173,0.0,-0.022736842105263166,0.008581363271312252,0.012199548342905008,1.0,-0.022736842105263166,0.01596596450389498,-0.062283728750482104,0.0,-0.07293986636971062,0.014395452087524532,-0.062283728750482104,0.0,-0.11706570155902007,0.01658091418463672,0.0,0.0
2023-05-19,-0.007325008100861282,0.0,-0.007298245614035026,0.0,0.00824660484518429,1.0,-0.022736842105263166,0.020436714233280362,-0.007042282625412923,0.0,-0.022736842105263166,0.017113091703650933,-0.06718998638322624,0.0,-0.07293986636971062,0.014077462998885787,-0.0582239968518003,0.0,-0.11706570155902007,0.016705914031488914,0.0,0.0
2023-05-22,-0.01567430209344336,0.0,-0.01555209953343717,0.0,0.014318043591831784,1.0,-0.01555209953343717,0.01962334435873741,-0.01927116950629505,0.0,-0.03424276169265039,0.01859371806634901,-0.07957154294563439,0.0,-0.09075723830734983,0.014610711736061452,-0.07575153677237073,0.0,-0.11706570155902007,0.017361353052586334,0.0,0.0
2023-05-23,0.031245915039488897,1.0,0.0,0.0,0.0159570275688918,1.0,-0.015172605790645943,0.01906124533471639,-0.017822684325950463,0.0,-0.04788418708240527,0.01841775153429118,-0.07715063256716365,0.0,-0.10272828507795118,0.014500478110394722,-0.06038229874474652,0.0,-0.11706570155902007,0.017157148044448574,0.0,0.0
2023-05-24,-0.0012535693542137616,0.0,-0.001252783964365345,0.0,-0.03484278245234057,0.0,-0.03424276169265039,0.0076647077940369245,-0.059355244075714825,0.0,-0.05762806236080176,0.006074476538663467,-0.11947223995540864,0.0,-0.11261135857461024,0.006456491362998743,-0.09744218364965518,0.0,-0.11706570155902007,0.015251888017042171,0.0,0.0
2023-05-25,-0.01403531811638348,0.0,-0.013937282229965153,0.0,-0.04781503001122559,0.0,-0.04668989547038316,0.0025577637002317495,-0.07448327709338708,0.0,-0.07177700348432059,0.003044308551448127,-0.11821867060119493,0.0,-0.11149825783972123,0.006671488403676065,-0.0861121931599452,0.0,-0.11595818815331016,0.01558259935896739,0.0,0.0
2023-05-26,-0.019553894981743453,0.0,-0.019363957597173242,0.0,-0.044066356605117624,0.0,-0.04310954063604233,0.0037974760791155003,-0.0601477037578133,0.0,-0.05865724381625448,0.00686209197252836,-0.10764030124490505,0.0,-0.10204946996466424,0.007063779993513846,-0.06345548004095873,0.0,-0.10346289752650173,0.015657461393827555,0.0,0.0
2023-05-29,-0.014225816913098752,0.0,-0.014125108100316974,0.0,-0.04089406399526024,0.0,-0.04006918420294037,0.002523511607190743,-0.06030037343933937,0.0,-0.058518304987028036,0.006895761874521729,-0.07853044727659478,0.0,-0.08431824733352544,0.008659513562705215,-0.01935591244412856,0.0,-0.0857595848947823,0.016287809108637304,0.0,0.0
2023-05-30,-0.010286644710275537,0.0,-0.01023391812865504,0.0,-0.02636799186297119,0.0,-0.026315789473684403,0.006892147961446924,-0.059327948241213214,0.0,-0.057602339181286766,0.006845467159199248,-0.0708743395866571,0.0,-0.07119883040935682,0.008396695049960793,0.006847844928102027,1.0,-0.07266081871345043,0.016222422168568017,0.0,0.0
2023-05-31,-0.016381602371885996,0.0,-0.01624815361890708,0.0,-0.0357879118159651,0.0,-0.03515509601181699,0.008753491930127408,-0.06011699587969387,0.0,-0.05834564254062047,0.006816281310653525,-0.0651492442724236,0.0,-0.06307237813884792,0.008354114850629838,0.02839652030758552,1.0,-0.06307237813884792,0.016196271834025094,0.0,0.0
2023-06-01,0.00030025521919021245,1.0,0.0,0.0,-0.0326597011590517,0.0,-0.0324226958871211,0.008337449837435326,-0.043735393507807814,0.0,-0.04308015610927651,0.007800067537175661,0.0,0.0,-0.04788351846292416,0.017978544859277173,0.04204646976958444,1.0,-0.04788351846292416,0.01571211681323833,0.0,0.0
2023-06-02,-0.019706564663269425,0.0,-0.019513659561693375,0.0,-0.04403564872699808,0.0,-0.04308015610927651,0.003664814267533903,-0.047492597487091816,0.0,-0.04638246772740928,0.007035810902776568,0.008965989531425876,1.0,-0.04788351846292416,0.018193446606743657,0.026367991862971178,1.0,-0.04788351846292416,0.016167009009313064,0.0,0.0
2023-06-05,-0.013253391714972588,0.0,-0.013165952235150047,0.0,-0.024329084063728787,0.0,-0.02403551745254129,0.005802927685271554,-0.018230073837255407,0.0,-0.027403551745253996,0.008186856312594068,0.003820006173263744,1.0,-0.028934476423759903,0.018830547253772673,0.03356979630394362,1.0,-0.030496875929782785,0.01577003635392701,0.0,0.0
2023-06-06,-0.011075692348756185,0.0,-0.011014582686937557,0.0,-0.014532641108849772,0.0,-0.014427551970213948,0.004626814474151926,-0.011546391345443954,0.0,-0.014427551970213948,0.006963261542461533,0.016768333822417155,1.0,-0.024843796489140146,0.018285724797496496,0.046971215552307655,1.0,-0.030496875929782785,0.015401756813680502,0.0,0.0
2023-06-07,0.0,0.0,0.0,0.0,0.006099010226473362,1.0,-0.003450980392156855,0.005503560614183871,-0.005032248392729767,0.0,-0.011069535391331486,0.00569510235685112,0.02203005630575356,1.0,-0.030496875929782785,0.017984420930694515,0.03241024415075454,1.0,-0.05455850681981356,0.016334998292660916,0.0,0.0
2023-06-08,-0.00345694876009364,0.0,-0.003450980392156855,0.0,-0.0004706989966877457,0.0,-0.006548175865294659,0.00698460386957366,0.0437353935078079,1.0,-0.011069535391331486,0.020798853942151654,0.03210647744124975,1.0,-0.030496875929782785,0.018114574170371284,0.05061855699954698,1.0,-0.05455850681981356,0.016722134017349517,0.0,0.0
2023-06-09,0.009555958986566988,1.0,0.0,0.0,-0.0015752996326361404,0.0,-0.011069535391331486,0.007175373966518509,0.0564585870185177,1.0,-0.011069535391331486,0.019909379412800646,0.04418482120394636,1.0,-0.030496875929782785,0.01803221749448996,0.04644130956267867,1.0,-0.05455850681981356,0.016821411850181822,0.0,0.0
2023-06-12,-0.006569709223161073,0.0,-0.006548175865294659,0.0,0.03763638328133453,1.0,-0.011069535391331486,0.025626066979685478,0.02205008001051917,1.0,-0.024546265992264282,0.024692196896794392,0.05917453483246621,1.0,-0.030496875929782785,0.018994340354112245,0.035231090480085235,1.0,-0.05455850681981356,0.01675767948114406,0.0,0.0
2023-06-13,-0.004561549396041998,0.0,-0.00455116133082234,0.0,0.05347233725511184,1.0,-0.00455116133082234,0.022596880099560814,0.028314725167861095,1.0,-0.024843796489140146,0.02425840636227136,0.07772218451475921,1.0,-0.030496875929782785,0.018585608394490177,0.06029223025612026,1.0,-0.05455850681981356,0.017022738016881932,0.0,0.0
2023-06-14,0.04876764190053754,1.0,0.0,0.0,0.03318133862972209,1.0,-0.024546265992264282,0.03008208171203244,0.027062304698483357,1.0,-0.030496875929782785,0.024368902207676513,0.09354576458000906,1.0,-0.030496875929782785,0.01813633586291306,0.04666332728064226,1.0,-0.05455850681981356,0.017576178996348696,0.0,0.0
2023-06-15,0.00926624475061613,1.0,0.0,0.0,-0.015891367336634554,0.0,-0.024843796489140146,0.014369260946094316,-0.011628916066558075,0.0,-0.030496875929782785,0.012742807145518736,0.04204646976958444,1.0,-0.030496875929782785,0.012715094421522332,-0.021858793812499073,0.0,-0.06446518305814797,0.014620842787206014,0.0,0.0
2023-06-16,-0.024852548021431633,0.0,-0.024546265992264282,0.0,-0.03097158195267058,0.0,-0.030496875929782785,0.0105166242464147,-0.012273765814571295,0.0,-0.030496875929782785,0.01262757381347999,0.017402002331545183,1.0,-0.030496875929782785,0.013834270115266953,-0.048306793954216436,0.0,-0.08040201005025138,0.014818811235968466,0.0,0.0
2023-06-19,-0.00030506406581915966,0.0,-0.00030501753850842306,0.0,0.0039573872042574145,1.0,-0.006100350770169127,0.006588102106204633,0.03712445482194703,1.0,-0.006100350770169127,0.010359566007634808,0.02974979013067995,1.0,-0.03015075376884435,0.011808336667431278,-0.042208242906106364,0.0,-0.09748743718592978,0.014411119173937895,0.0,0.0
2023-06-20,-0.005813969865419734,0.0,-0.005797101449275255,0.0,0.012883846272679387,1.0,-0.005797101449275255,0.0071724889998935355,0.049407459346898164,1.0,-0.005797101449275255,0.009668574395775684,0.03020288172989053,1.0,-0.03015075376884435,0.011796527418623595,-0.04860711456247754,0.0,-0.10351758793969856,0.01443849198522541,0.0,0.0
2023-06-21,0.010076421135496364,1.0,0.0,0.0,0.04324348875318606,1.0,0.0,0.007188408546685031,0.06648345988152582,1.0,0.0,0.005738415525052248,0.010380187845000973,1.0,-0.05455850681981356,0.01447571570093524,-0.045840704999472,0.0,-0.10624551328068921,0.014418651916721046,0.0,0.0
2023-06-26,0.008621395002603036,1.0,0.0,0.0,0.04514500807682174,1.0,0.0,0.0068540086115517025,0.05367538583614255,1.0,-0.0027279253409908666,0.008699142567436835,0.018512079558297215,1.0,-0.05455850681981356,0.015172267350185776,-0.07505491424474196,0.0,-0.12318736539842079,0.014570651387076245,0.0,0.0
2023-06-27,0.02454567261508689,1.0,0.0,0.0,0.047785643743426594,1.0,0.0,0.0061002327980846606,0.02967576814611654,1.0,-0.017946877243359638,0.013715800043711375,0.0022564883587323885,1.0,-0.05455850681981356,0.01523052855361197,-0.0758472038519258,0.0,-0.12318736539842079,0.01453799533529693,0.0,0.0
2023-06-28,0.011977940459131897,1.0,0.0,0.0,0.02050831821845276,1.0,-0.0027279253409908666,0.006771737377767002,-0.007374664691267182,0.0,-0.03015075376884435,0.01148693123019522,-0.023943444352380924,0.0,-0.05455850681981356,0.012896188792771015,-0.0971487535893884,0.0,-0.12318736539842079,0.013135536450616691,0.0,0.0
2023-06-29,0.011262030669207885,1.0,0.0,0.0,-0.006847844928102053,0.0,-0.017946877243359638,0.010880471834925179,-0.01920457761700759,0.0,-0.03015075376884435,0.009522738844644383,-0.017429954258639014,0.0,-0.05455850681981356,0.01374236996386325,-0.14071346215466649,0.0,-0.1409906676238335,0.013760412990312979,0.0,0.0
2023-06-30,-0.0027316529098869455,0.0,-0.0027279253409908666,0.0,-0.030614635819606977,0.0,-0.03015075376884435,0.005413010460573059,-0.056103272036524876,0.0,-0.05455850681981356,0.009252736920689099,-0.046882437299366676,0.0,-0.05455850681981356,0.013795544870559402,-0.14183156282127604,0.0,-0.1409906676238335,0.013688041505899006,0.0,0.0
2023-07-03,-0.015378222687423013,0.0,-0.015260581629714776,0.0,-0.02773495537632849,0.0,-0.027497840483731606,0.006744662667195385,-0.035163306277845335,0.0,-0.051972358191765045,0.015062338707915018,-0.06390526358208351,0.0,-0.06190613302620207,0.014482251636642858,-0.137611937412332,0.0,-0.138640944428448,0.013785788125057694,0.0,0.0
2023-07-04,-0.012504760222297047,0.0,-0.012426900584795453,0.0,-0.037993396439214906,0.0,-0.037280701754386136,0.010527161867470314,-0.027419279787384246,0.0,-0.037280701754386136,0.014512682013850173,-0.06570879628576168,0.0,-0.06359649122807032,0.014603776191051725,-0.128531382207817,0.0,-0.1252923976608188,0.013647282554756316,0.0,0.0
2023-07-05,0.00014802753339149925,1.0,0.0,0.0,-0.007280323368125273,0.0,-0.025310834813499272,0.01799199261166926,-0.016568779661113694,0.0,-0.025310834813499272,0.014106138616530607,-0.07195803303678633,0.0,-0.07121749408983458,0.014973359354939554,-0.1193571829326845,0.0,-0.1159869976359339,0.013589332186174637,0.0,0.0
2023-07-06,-0.02563666375030944,0.0,-0.025310834813499272,0.0,-0.015062547098478757,0.0,-0.025310834813499272,0.017994771107077586,0.0017746233583684796,1.0,-0.025310834813499272,0.016679939204708696,-0.0788099962923681,0.0,-0.07742316784869985,0.014777110834091323,-0.11467950844796125,0.0,-0.1159869976359339,0.013732082591743055,0.0,0.0
2023-07-07,0.01820831284879251,1.0,0.0,0.0,0.008919856555804191,1.0,-0.009245451834178464,0.011045948043108274,0.009220834737158259,1.0,-0.01802600472813254,0.014480200188953237,-0.05622089284447299,0.0,-0.08023049645390079,0.013567246640044356,-0.08705279428964179,0.0,-0.1159869976359339,0.013032236284921728,0.0,0.0
2023-07-10,-0.007634196196961957,0.0,-0.007605129734566174,0.0,0.009202974259885473,1.0,-0.009245451834178464,0.01117614950868441,-0.028741957304238244,0.0,-0.037234042553191626,0.013848194941194231,-0.09356699380303918,0.0,-0.09766548463356983,0.011471768552155398,-0.11341219610082189,0.0,-0.1159869976359339,0.011973876533218124,0.0,0.0
2023-07-11,-0.001654260096026465,0.0,-0.0016528925619834212,0.0,-0.0013532819146724374,0.0,-0.01802600472813254,0.014999463107325613,-0.03828951649837734,0.0,-0.05363475177304977,0.0146136709254885,-0.07810369221065815,0.0,-0.09766548463356983,0.01258764567383893,-0.11568156385328907,0.0,-0.12411347517730509,0.01200266452173265,0.0,0.0
2023-07-12,0.01849143055287389,1.0,0.0,0.0,-0.01945350101124977,0.0,-0.037234042553191626,0.017672188844607462,-0.055389253375672576,0.0,-0.07121749408983458,0.014808080580786996,-0.07320530923700756,0.0,-0.09766548463356983,0.012908884291549396,-0.1177454084293174,0.0,-0.12736406619385343,0.011975556331085489,0.0,0.0
2023-07-13,-0.018190452371519773,0.0,-0.01802600472813254,0.0,-0.05512668695522472,0.0,-0.05363475177304977,0.0010584347591395956,-0.08058461965073661,0.0,-0.07742316784869985,0.004779617050831965,-0.12328350789602752,0.0,-0.1159869976359339,0.01156807352223957,-0.1355597908859154,0.0,-0.12736406619385343,0.010726557215786036,0.0,0.0
2023-07-14,-0.01975447919260376,0.0,-0.019560637977730888,0.0,-0.0556902315570266,0.0,-0.05416792055371644,0.0010589206256467663,-0.06544172758163111,0.0,-0.06334637375865171,0.0068537727589471995,-0.09494912552190929,0.0,-0.0997592536864279,0.013147466283485749,-0.12757350868863737,0.0,-0.11977129100210648,0.010439075545349187,0.0,0.0
2023-07-17,-0.017181755391101113,0.0,-0.017034990791896854,0.0,-0.04263968808661307,0.0,-0.04174340085942296,0.00534852653398941,-0.06482503649880092,0.0,-0.06276856967464695,0.0067372599931948465,-0.07370667383024847,0.0,-0.08179864947820747,0.01303380058834163,-0.1103864250012793,0.0,-0.10451197053406991,0.010000824718661526,0.0,0.0
2023-07-18,-0.018753996973321665,0.0,-0.01857923497267755,0.0,-0.028505492997926173,0.0,-0.02810304449648704,0.006710399973702399,-0.03981417571228078,0.0,-0.04652615144418415,0.010163256249224121,-0.06282258592205532,0.0,-0.06588602654176423,0.012616842400896713,-0.12808178785695784,0.0,-0.12021857923497259,0.01164160960122024,0.0,0.0
2023-07-19,-0.006703935722190218,0.0,-0.006681514476614692,0.0,-0.028889284134378156,0.0,-0.02847597836461979,0.006886905427446072,-0.017816055861334966,0.0,-0.02847597836461979,0.009260908885693262,-0.04739914989589819,0.0,-0.04820235443843468,0.011921523160008083,-0.1275947744594032,0.0,-0.11979000954502073,0.011616233606877246,0.0,0.0
2023-07-20,-0.003047560302414256,0.0,-0.0030429212043561193,0.0,-0.014356243016768766,0.0,-0.021941063420883977,0.011077558058803913,-0.042698888245290854,0.0,-0.04180012812299805,0.014699977482865929,-0.035869512155593135,0.0,-0.04180012812299805,0.012229380774200431,-0.12433069005158053,0.0,-0.11691223574631637,0.011633449157753632,0.0,0.0
2023-07-21,-0.019137788109773613,0.0,-0.01895582329317269,0.0,-0.008064559836730408,0.0,-0.01895582329317269,0.011781272094381531,-0.0295073979402782,0.0,-0.03887550200803214,0.016520048952228757,-0.030831901445168806,0.0,-0.03887550200803214,0.012344439207954992,-0.128929262030522,0.0,-0.12096385542168675,0.011613971747934193,0.0,0.0
2023-07-24,0.007829105395419013,1.0,0.0,0.0,-0.020513539833103018,0.0,-0.031093117408906856,0.017599949858840034,-0.008881637331447492,0.0,-0.031093117408906856,0.015224190130494596,-0.019845202297782742,0.0,-0.031093117408906856,0.011312446775015545,-0.12118656138260757,0.0,-0.12388663967611335,0.011309528012178107,0.0,0.0
2023-07-25,0.0032441228776240246,1.0,0.0,0.0,-0.018198715225923652,0.0,-0.031093117408906856,0.018264262219270057,-0.023008410209774604,0.0,-0.031093117408906856,0.014471660985119596,-0.03757787164263097,0.0,-0.040000000000000036,0.011021223932433448,-0.13550618562269026,0.0,-0.12955465587044535,0.010851620239926519,0.0,0.0
2023-07-26,-0.03158676810614612,0.0,-0.031093117408906856,0.0,-0.019954865604490665,0.0,-0.031093117408906856,0.017982445857149323,-0.029583094034563245,0.0,-0.031093117408906856,0.013989700917914632,-0.04454009919230991,0.0,-0.043562753036437196,0.010774049094507576,-0.14715764433628784,0.0,-0.136842105263158,0.010608109874090806,0.0,0.0
2023-07-27,0.010143930002598384,1.0,0.0,0.0,0.005334235018747515,1.0,-0.006277878737816045,0.006715387951954489,0.006829376089697718,1.0,-0.009582025441929543,0.005827966273347047,-0.012276282989887876,0.0,-0.024285478275235417,0.0058893730128352,-0.09477547404684011,0.0,-0.11944490335370894,0.01076804026942594,0.0,0.0
2023-07-28,0.0014879724990570593,1.0,0.0,0.0,-0.008140255931015491,0.0,-0.009582025441929543,0.0032082909208552913,-0.0013245035048906318,0.0,-0.009582025441929543,0.003996602376848913,-0.03262438316672794,0.0,-0.033537089046753676,0.005066641812820565,-0.10345043573534037,0.0,-0.11944490335370894,0.010325435265010277,0.0,0.0
2023-07-31,-0.006297667482908071,0.0,-0.006277878737816045,0.0,-0.004802526411957746,0.0,-0.009582025441929543,0.004702926935070826,-0.010963564966335224,0.0,-0.01090368412357512,0.004907163181730561,-0.03667975117103092,0.0,-0.036015199074838966,0.0048268071560887684,-0.12983287605855143,0.0,-0.12175780604658859,0.011050075976521773,0.0,0.0
2023-08-01,-0.003330560947164611,0.0,-0.0033250207813798616,0.0,0.0034851914789603357,1.0,-0.0033250207813798616,0.003380901438070015,-0.014569461432856446,0.0,-0.017892644135188873,0.0056640502416791675,-0.06525920193490248,0.0,-0.06643472498343272,0.01057543145963374,-0.09406407372407764,0.0,-0.11928429423459253,0.013548795227722808,0.0,0.0
2023-08-02,0.004825702018114962,1.0,0.0,0.0,-0.0013353365362626438,0.0,-0.008117958913187562,0.005570564822104038,-0.014957005157746636,0.0,-0.02153744201457919,0.005671867989680882,-0.080195624563505,0.0,-0.08333333333333337,0.01106223341877059,-0.06815919073837402,0.0,-0.11928429423459253,0.01479868770517357,0.0,0.0
2023-08-03,0.001990050408010009,1.0,0.0,0.0,-0.016064602503806674,0.0,-0.017892644135188873,0.005242687381206085,-0.019105659079585606,0.0,-0.02153744201457919,0.004685265958375587,-0.0884611778959875,0.0,-0.08648111332007946,0.010357949023090791,-0.08954990963118407,0.0,-0.11928429423459253,0.014937302280455873,0.0,0.0
2023-08-04,-0.008151088962387492,0.0,-0.008117958913187562,0.0,-0.021772757583871535,0.0,-0.02153744201457919,0.0026030414853611544,-0.031299879661837345,0.0,-0.030815109343936387,0.004171141863470951,-0.0980973605853531,0.0,-0.09343936381709739,0.009734489724584013,-0.10120892162056837,0.0,-0.11928429423459253,0.014900982401770796,0.0,0.0
2023-08-07,-0.009903563949429218,0.0,-0.009854685151160836,0.0,-0.012944620525208065,0.0,-0.013529313512610552,0.004340079691930145,-0.02571618620469566,0.0,-0.025388341406380466,0.00426181739214117,-0.10134135908482482,0.0,-0.0963754802071154,0.009727860906881438,-0.10319149837298632,0.0,-0.11207616502421913,0.01492778363364961,0.0,0.0
2023-08-08,-0.003718104672054789,0.0,-0.003711201079622084,0.0,-0.01324522675002068,0.0,-0.013157894736842146,0.004469493192823606,-0.05068974050204609,0.0,-0.04942645074224017,0.012864856966707134,-0.09792831398005925,0.0,-0.09328609986504721,0.009789640812752302,-0.0859078271259345,0.0,-0.10323886639676116,0.015127088976126996,0.0,0.0
2023-08-09,0.000677048096275821,1.0,0.0,0.0,-0.01209451758321159,0.0,-0.012690355329949221,0.004561282137965616,-0.06523861940575826,0.0,-0.06379018612521159,0.012728358704194566,-0.10261754514397779,0.0,-0.09813874788494081,0.009597859535821596,-0.09402418010088262,0.0,-0.1005076142131981,0.01521477393715138,0.0,0.0
2023-08-10,-0.010204170174241736,0.0,-0.010152284263959421,0.0,-0.04764868392626722,0.0,-0.04653130287648055,0.013788049888580924,-0.06935551881640188,0.0,-0.06700507614213203,0.01192147351453619,-0.08249919105695228,0.0,-0.09813874788494081,0.013136224111846936,-0.1233824394438769,0.0,-0.11607445008460238,0.016019997515063313,0.0,0.0
2023-08-11,-0.0025673955052458097,0.0,-0.002564102564102555,0.0,-0.05571149732779244,0.0,-0.054188034188034195,0.013192134959083363,-0.0667974809235158,0.0,-0.06461538461538463,0.012121079244201043,-0.0708260525686124,0.0,-0.0888888888888889,0.013426150968872636,-0.12997240975863436,0.0,-0.12188034188034191,0.016166701003458985,0.0,0.0
2023-08-14,-0.03487711824677973,0.0,-0.03427592116538136,0.0,-0.05658395313691434,0.0,-0.05501285347043705,0.012841089331888829,-0.07562517288012913,0.0,-0.07283633247643528,0.011012780264035751,-0.09315312488752048,0.0,-0.08894601542416458,0.01431656666792447,-0.11791157862204668,0.0,-0.11962296486718083,0.016523108928674816,0.0,0.0
2023-08-15,-0.018266983575766997,0.0,-0.018101153504880285,0.0,-0.029352967171490385,0.0,-0.02892635314995573,0.0062391161490165745,-0.047238573478013135,0.0,-0.0461401952085182,0.0050922861894263675,-0.028804871789175127,0.0,-0.056610470275066604,0.015768809807853258,-0.0836131082841702,0.0,-0.08837622005323875,0.015148900049821818,0.0,0.0
2023-08-16,-0.0034398513143676125,0.0,-0.0034339418037230285,0.0,-0.022481071057582434,0.0,-0.022230254834628482,0.0032494999047892213,-0.03737892573821951,0.0,-0.03668895716609433,0.002589102047254101,0.012036433825130973,1.0,-0.039219230074100886,0.01652560269418705,-0.08050971229934384,0.0,-0.08839285714285716,0.015019157864510047,0.0,0.0
2023-08-17,-0.007646132281355707,0.0,-0.007616974972796564,0.0,-0.025531738587878515,0.0,-0.025208560029017058,0.0020935058496127828,-0.01314367224055048,0.0,-0.033369604642727646,0.011823865830015524,-0.0010887317351966717,0.0,-0.0359085963003265,0.01734327446389163,-0.0924669278911668,0.0,-0.10232142857142856,0.015220583435720976,0.0,0.0
2023-08-18,-0.011395087461859172,0.0,-0.011330409356725135,0.0,-0.02629294214249624,0.0,-0.02595029239766089,0.0020181300606952482,-0.004028571645096634,0.0,-0.02595029239766089,0.01161050292595757,-0.003111561035215174,0.0,-0.028508771929824595,0.01744152379515159,-0.09521880970969328,0.0,-0.1116071428571429,0.015259675803219424,0.0,0.0
2023-08-21,-0.006490518844663629,0.0,-0.006469500924214389,0.0,0.00589754750266434,1.0,-0.014787430683918745,0.013337480944670039,-0.017527952007391323,0.0,-0.024587155963302854,0.014870813417819576,-0.0018501392881614773,0.0,-0.0357142857142857,0.017365300357878703,-0.0774121595105824,0.0,-0.1116071428571429,0.01536573004282492,0.0,0.0
2023-08-22,-0.008407335835973433,0.0,-0.008372093023255922,0.0,0.01385703466142628,1.0,-0.008372093023255922,0.012128260558564192,0.018433701688837966,1.0,-0.024587155963302854,0.019624535468786602,0.012020486854124662,1.0,-0.0357142857142857,0.017360209691021734,-0.08621676677173744,0.0,-0.11946428571428569,0.015559390767435902,0.0,0.0
2023-08-23,0.020795402183301483,1.0,0.0,0.0,-0.002630097326754261,0.0,-0.024587155963302854,0.01872641044210187,0.04941535956335047,1.0,-0.024587155963302854,0.019718587175072723,0.008593365043095358,1.0,-0.040000000000000036,0.017578977544916937,-0.0933421364344649,0.0,-0.13303571428571437,0.015729754110040975,0.0,0.0
2023-08-24,0.0014689683140982136,1.0,0.0,0.0,0.006045635341509875,1.0,-0.024587155963302854,0.02219802506255898,0.012054940505353898,1.0,-0.024587155963302854,0.021191392908612244,-0.040883248386924656,0.0,-0.06714285714285706,0.018222536141465753,-0.1368444823474827,0.0,-0.15249999999999997,0.015051539677199554,0.0,1.0
2023-08-25,-0.024894467824153915,0.0,-0.024587155963302854,0.0,0.027150989065950898,1.0,-0.024587155963302854,0.024167174229843793,0.0009170106098814064,1.0,-0.025892857142857162,0.021751334458446313,-0.059146357190021974,0.0,-0.08267857142857149,0.0184873155544779,-0.13452795718209906,0.0,-0.15249999999999997,0.015123790993546752,0.0,1.0
2023-08-28,0.029471134851565675,1.0,0.0,0.0,0.03548044001540964,1.0,-0.01642857142857146,0.020272535179142803,0.01567781271922979,1.0,-0.0357142857142857,0.01897139333600691,-0.02475845373452622,0.0,-0.08267857142857149,0.017823384105437157,-0.11785357990529277,0.0,-0.15625,0.014547906531599743,0.0,1.0
2023-08-29,0.022574322038538975,1.0,0.0,0.0,-0.0036596564175303986,0.0,-0.025892857142857162,0.01705895909214637,-0.006413214834713269,0.0,-0.0357142857142857,0.01432773476346697,-0.05480823649499503,0.0,-0.08267857142857149,0.01438548253631467,-0.16354013299411674,0.0,-0.16982142857142857,0.01221562165436389,0.0,1.0
2023-08-30,-0.01656501687469517,0.0,-0.01642857142857146,0.0,-0.03636764417087483,0.0,-0.0357142857142857,0.0031470233957747442,-0.040821994520255166,0.0,-0.040000000000000036,0.008146325639712968,-0.09254614612447469,0.0,-0.08839285714285716,0.01110707348348103,-0.16672946203411843,0.0,-0.16982142857142857,0.011827804668623624,0.0,1.0
2023-08-31,-0.009668961581374261,0.0,-0.009622367465504711,0.0,-0.012422519998557096,0.0,-0.019607843137254832,0.008148748674921063,-0.05293818889227839,0.0,-0.0515613652868554,0.011426476975381458,-0.09137819615597013,0.0,-0.08732752360203333,0.011035497913128406,-0.17019494651819095,0.0,-0.1564996368917937,0.011971591687615702,0.0,1.0
2023-09-01,-0.010133665714805428,0.0,-0.010082493125572856,0.0,-0.014588016064185744,0.0,-0.014482126489459235,0.00868475320661763,-0.06006336779990329,0.0,-0.058295142071494,0.011664861382737307,-0.092107248674478,0.0,-0.08799266727772681,0.011041172802286689,-0.14982153675923876,0.0,-0.14830430797433536,0.01267570094826248,0.0,0.0
2023-09-04,0.00738010729762246,1.0,0.0,0.0,-0.03313556159609867,0.0,-0.039705882352941146,0.014732546389304841,-0.04043626645375611,0.0,-0.055698529411764675,0.014575886909611016,-0.07556202022242092,0.0,-0.08547794117647056,0.011978750186236882,-0.15600424847658115,0.0,-0.15073529411764697,0.012811048452395255,0.0,1.0
2023-09-05,-0.011834457647002796,0.0,-0.0117647058823529,0.0,-0.05730980938272042,0.0,-0.055698529411764675,0.00706882052036143,-0.048395021660281756,0.0,-0.055698529411764675,0.013166274722417963,-0.09823725362586214,0.0,-0.09356617647058818,0.011046653561714227,-0.16968119560076633,0.0,-0.1560661764705883,0.01233880935743237,0.0,1.0
2023-09-06,-0.02868121124671838,0.0,-0.028273809523809423,0.0,-0.03598191610437573,0.0,-0.04445684523809523,0.015950070615470074,-0.05172415160421951,0.0,-0.050409226190476164,0.013341454220772984,-0.10193550147756025,0.0,-0.09691220238095244,0.011169007365397497,-0.14852417721066388,0.0,-0.14601934523809523,0.012900375817028222,0.0,0.0
2023-09-07,-0.016794140488999233,0.0,-0.016653905053598872,0.0,-0.007879352766560465,0.0,-0.016653905053598872,0.010829105455717983,-0.038440007263691754,0.0,-0.03771056661562022,0.010430537229773476,-0.09596123396055815,0.0,-0.09150076569678411,0.01028926369607429,-0.14541533530166278,0.0,-0.1353369065849923,0.012659815743401552,0.0,0.0
2023-09-08,0.00949343563134181,1.0,0.0,0.0,-0.006248799868501881,0.0,-0.01561897416120328,0.010122231454435774,-0.03204388087457467,0.0,-0.040686463555726915,0.00959396527355927,-0.07538159999207703,0.0,-0.08484381025838794,0.010693893401279199,-0.15168794365058602,0.0,-0.14886232163517155,0.012965858658266126,0.0,0.0
2023-09-11,-0.0005786479089031908,0.0,-0.0005784805244890556,0.0,-0.031139302406034373,0.0,-0.030659467797917395,0.006931093546063006,-0.03512575376866494,0.0,-0.040686463555726915,0.008600023368991516,-0.09309512617076653,0.0,-0.088893173929811,0.00906976537381673,-0.16481279498390328,0.0,-0.15194755109911307,0.01240489906803695,0.0,1.0
2023-09-12,-0.01516358759094064,0.0,-0.01504919930542159,0.0,-0.04095866859701342,0.0,-0.04013119814779087,0.0023035174130395506,-0.04984223196558039,0.0,-0.04862049006366964,0.008406213856756786,-0.10873189649912171,0.0,-0.10302913370634759,0.008772793823025276,-0.18282332263422896,0.0,-0.16708469998070608,0.012469558005202854,0.0,1.0
2023-09-13,-0.015397066906190518,0.0,-0.01527913809990189,0.0,-0.019383518268821148,0.0,-0.025465230166503372,0.009328383981332263,-0.050211349873340624,0.0,-0.04897159647404503,0.008453004137588406,-0.07418331590964375,0.0,-0.08932419196865804,0.012439488635924253,-0.17790429495474097,0.0,-0.16297747306562194,0.012396643926558067,0.0,1.0
2023-09-14,-0.010398014099882186,0.0,-0.010344141635170168,0.0,-0.019281577468449197,0.0,-0.019096876864929446,0.009295900649522067,-0.05752122669686637,0.0,-0.055898149990053714,0.009780589410249,-0.07881675036222087,0.0,-0.07579073005768855,0.012808858312791615,-0.16861053337930415,0.0,-0.1551621245275513,0.012318152437213507,0.0,1.0
2023-09-15,0.006411562737251616,1.0,0.0,0.0,-0.024416268867267943,0.0,-0.030357499500699103,0.01028908641290065,-0.043337719117502456,0.0,-0.05212702216896348,0.011581171220581969,-0.057714288084760784,0.0,-0.07209906131416022,0.013911323212368407,-0.18978653648152297,0.0,-0.1781505891751548,0.013311774076406664,0.0,1.0
2023-09-18,-0.015295126105818643,0.0,-0.015178749750349496,0.0,-0.05353477533423592,0.0,-0.05212702216896348,0.0034393342161465087,-0.05796937240210161,0.0,-0.05632115038945473,0.008951215988879484,-0.08044222825416013,0.0,-0.07729179149191123,0.013588097244382763,-0.18628386011082668,0.0,-0.1781505891751548,0.013540888497758969,0.0,1.0
2023-09-19,-0.015532705498700975,0.0,-0.015412695193672832,0.0,-0.03445415574893545,0.0,-0.0375177448793349,0.011187849238443851,-0.05888966453354133,0.0,-0.05718921111336439,0.009034504457669776,-0.07144394197490415,0.0,-0.0689515311295884,0.013374396063354069,-0.18919975081832036,0.0,-0.17237882782397074,0.013619966994013695,0.0,1.0
2023-09-20,-0.022706943729716333,0.0,-0.022451081359423197,0.0,-0.02714154079758208,0.0,-0.026776519052523096,0.01083129310140084,-0.023971966036303125,0.0,-0.042430484037075056,0.01497525862259289,-0.04658867573310366,0.0,-0.05437693099897012,0.013884390923367629,-0.18872719911235847,0.0,-0.17198764160659108,0.013609817801421812,0.0,1.0
2023-09-21,0.003785493479481886,1.0,0.0,0.0,-0.020650015305124066,0.0,-0.02413937867338367,0.008219866058621858,-0.021295523665354435,0.0,-0.024769101595298104,0.014360631676215383,-0.049454101341104735,0.0,-0.05184718723761539,0.014277897428682768,-0.12197956582632687,0.0,-0.1561712846347607,0.01755771470762927,0.0,1.0
2023-09-22,-0.008220090547347573,0.0,-0.008186397984886629,0.0,-0.0050505157860685915,0.0,-0.02413937867338367,0.015251066201715945,-0.014376568967258313,0.0,-0.024769101595298104,0.015367216268310419,-0.07630634365850907,0.0,-0.07346767422334177,0.014895078034710109,-0.10970804371722877,0.0,-0.1561712846347607,0.018098511934637913,0.0,1.0
2023-09-25,-0.01621541823725834,0.0,-0.016084656084656035,0.0,-0.016860926597488647,0.0,-0.01983122362869194,0.017749883676653366,-0.022472855852058514,0.0,-0.025316455696202445,0.016246490452472603,-0.07171766881313671,0.0,-0.07215189873417727,0.014940462490327955,-0.11208501454174573,0.0,-0.1518987341772151,0.018123866481312687,0.0,1.0
2023-09-26,0.019384992998537298,1.0,0.0,0.0,0.010058939817347621,1.0,-0.01983122362869194,0.01691012246759364,-0.012554277441362754,0.0,-0.03143459915611824,0.015270471747252152,-0.07409142613510723,0.0,-0.08924050632911384,0.015100265934536583,-0.11354380846584079,0.0,-0.1518987341772151,0.01816930297749353,0.0,1.0
2023-09-27,-0.020030501358767685,0.0,-0.01983122362869194,0.0,-0.025642430613337555,0.0,-0.025316455696202445,0.013697351147718766,-0.022616709696800522,0.0,-0.03143459915611824,0.012698721093768805,-0.10372097904509724,0.0,-0.09852320675105486,0.012175808640206686,-0.16276716085066925,0.0,-0.1518987341772151,0.017940141499648527,0.0,1.0
2023-09-28,0.010704448177577944,1.0,0.0,0.0,-0.011908769081132493,0.0,-0.02235945485519597,0.011153275275106315,-0.028158577675750234,0.0,-0.038117546848381534,0.014161459586534824,-0.08979378301708339,0.0,-0.09561328790459966,0.011781529248198544,-0.1104915600750454,0.0,-0.1439522998296422,0.019735421432599393,0.0,0.0
2023-10-09,-0.0163163774321478,0.0,-0.016183986371379855,0.0,-0.013290656515610788,0.0,-0.02235945485519597,0.010549944490319778,-0.06192977469125069,0.0,-0.060051107325383324,0.012741633175955737,-0.1320722483967623,0.0,-0.12372231686541746,0.011542799196676647,-0.060571386436188555,0.0,-0.1439522998296422,0.024266717270467517,0.0,0.0
2023-10-10,-0.006296839826562647,0.0,-0.006277056277056436,0.0,-0.022546648421180447,0.0,-0.02524816573154942,0.014271836514369692,-0.04924481296107812,0.0,-0.050927924039706696,0.012967329450529357,-0.10584163185666652,0.0,-0.11199827362969361,0.013373454579048186,-0.01373019281190202,0.0,-0.13249892101855854,0.025116757658741683,0.0,0.0
2023-10-11,0.009322560743099586,1.0,0.0,0.0,-0.03931655743254026,0.0,-0.04747518342684509,0.015892002372155573,-0.06153714869374447,0.0,-0.06840742339231765,0.013223551780111044,-0.11775580884341623,0.0,-0.11933534743202423,0.013468800492707217,-0.009190436679217878,0.0,-0.13249892101855854,0.02508552387382009,0.0,0.0
2023-10-12,-0.02557236933771736,0.0,-0.02524816573154942,0.0,-0.05227053387761521,0.0,-0.050927924039706696,0.009805983177178785,-0.08110426934829666,0.0,-0.07790246007768675,0.008174791862108075,-0.14213852337925484,0.0,-0.13249892101855854,0.011490391766031708,-0.01390722110407116,0.0,-0.13249892101855854,0.025014521645976708,0.0,0.0
2023-10-13,-0.0230667488379225,0.0,-0.022802745184857254,0.0,-0.0452873400991266,0.0,-0.04427717511622753,0.008310070306686032,-0.06163520534133311,0.0,-0.05977418640690735,0.007392444334187103,-0.07252546448522222,0.0,-0.11002878016382556,0.020249120907791966,-0.0006643782771231784,0.0,-0.11002878016382556,0.024517591117392636,0.0,0.0
2023-10-16,-0.0036314157019753275,0.0,-0.0036248300860898253,0.0,-0.032465151172656886,0.0,-0.03194381513366573,0.006120102273943206,-0.07014247370551162,0.0,-0.06773901223380163,0.010137763170295768,-0.033401700058719716,0.0,-0.08926144086995913,0.020592349953908455,0.02062853417550798,1.0,-0.08926144086995913,0.02395001286677759,0.0,0.0
2023-10-17,-0.018589175559228923,0.0,-0.018417462482946734,0.0,-0.03493704080143529,0.0,-0.034333788085493366,0.005192725201595807,-0.05659681889558836,0.0,-0.06434743065029558,0.013728288380273134,-0.04036734572860893,0.0,-0.08594815825375157,0.02070790765027894,0.015343261285396738,1.0,-0.08594815825375157,0.02402903298053403,0.0,0.0
2023-10-18,-0.01024455991145262,0.0,-0.010192263145703095,0.0,-0.04792188244430741,0.0,-0.04679175353254583,0.011159713761009273,-0.056218660149671806,0.0,-0.05466759323604353,0.01368901476862209,-0.039452382330733546,0.0,-0.06879777623349548,0.020645333451019335,0.043514682865606814,1.0,-0.06879777623349548,0.023676195759164416,0.0,0.0
2023-10-19,-0.006103305330753785,0.0,-0.00608471799672361,0.0,-0.02776308342490681,0.0,-0.03697636321085884,0.01708343676302767,-0.061034254030958114,0.0,-0.059208986660425844,0.013754085705281392,-0.059046181805571904,0.0,-0.059208986660425844,0.02203333498292819,0.028151374475252473,1.0,-0.059208986660425844,0.024307517572462294,0.0,0.0
2023-10-20,-0.03157401720210097,0.0,-0.031080762891452784,0.0,-0.0398707949074654,0.0,-0.03908641393925116,0.017291215533634628,-0.010890259143889134,0.0,-0.05344949376030128,0.026718992693420728,-0.020697777057962174,0.0,-0.056453501991098554,0.024825349879124253,0.029465070923442006,1.0,-0.056453501991098554,0.024288900450632707,0.0,0.0
2023-10-23,0.009914239107947968,1.0,0.0,0.0,-0.023356931498103327,0.0,-0.0327237728585178,0.012581636791454283,0.03674077364679182,1.0,-0.0327237728585178,0.022734004043722417,0.07150086196057376,1.0,-0.056453501991098554,0.028936151516260986,0.06081043830175047,1.0,-0.056453501991098554,0.023087509036686795,0.0,0.0
2023-10-24,-0.01821101681331229,0.0,-0.018046198267564928,0.0,0.010769518950263873,1.0,-0.0327237728585178,0.02863198011601362,0.01622947316697944,1.0,-0.0327237728585178,0.02372963548690479,0.09211143904476439,1.0,-0.056453501991098554,0.029781313802475506,0.0312673505315199,1.0,-0.061706783369803064,0.023541106752825596,0.0,0.0
2023-10-25,-0.015060153792738978,0.0,-0.014947316834109325,0.0,0.0450375513521563,1.0,-0.014947316834109325,0.02413911975659163,0.01676627781893826,1.0,-0.027875380651206316,0.02363333319416381,0.1085653721641984,1.0,-0.056453501991098554,0.028654005731698975,0.020374219195137298,1.0,-0.08862144420131302,0.024111419876456614,0.0,0.0
2023-10-26,0.04404068955631527,1.0,0.0,0.0,0.04950064377303063,1.0,-0.01054111033028804,0.02230796981109772,0.001988072225386115,1.0,-0.056453501991098554,0.026501406664862264,0.12823130227518362,1.0,-0.056453501991098554,0.027457681444272176,0.04261143728823991,1.0,-0.08862144420131302,0.023855693345497673,0.0,0.0
2023-10-27,0.016057015588580047,1.0,0.0,0.0,-0.01221425794463806,0.0,-0.027875380651206316,0.014523244232870106,-0.00980751791407302,0.0,-0.056453501991098554,0.022774283218564388,0.07186108620809895,1.0,-0.056453501991098554,0.026228996754648248,-0.01583526371159032,0.0,-0.09518599562363239,0.02205457081825793,0.0,0.0
2023-10-30,-0.010597061371864573,0.0,-0.01054111033028804,0.0,-0.05810963291950908,0.0,-0.056453501991098554,0.00794620867169502,0.03476008831378185,1.0,-0.056453501991098554,0.034024819279406475,0.05403023423422777,1.0,-0.056453501991098554,0.026171351519215805,-0.05463998879439568,0.0,-0.11553610503282274,0.022193437968508898,0.0,0.0
2023-10-31,-0.017674212161353474,0.0,-0.017518939393939448,0.0,-0.01526747213078842,0.0,-0.04640151515151514,0.026862323890357757,0.07588196587778516,1.0,-0.04640151515151514,0.03375780362419053,0.055710607014005646,1.0,-0.04640151515151514,0.026073291846075812,-0.04429036030762385,0.0,-0.11575492341356686,0.02212456994894843,0.0,0.0
2023-11-01,-0.029838359386291022,0.0,-0.029397590361445736,0.0,0.06303136184699984,1.0,-0.029397590361445736,0.037776100787954084,0.09179909434526015,1.0,-0.029397590361445736,0.03116041045879623,0.08296706519634019,1.0,-0.029397590361445736,0.02489903797909877,0.01625274781397594,1.0,-0.11575492341356686,0.023874851396477687,0.0,0.0
2023-11-02,0.03224509941685599,1.0,0.0,0.0,0.1233945374254296,1.0,0.0,0.01380158994311829,0.12624323004979746,1.0,-0.0017555409260477939,0.022287599701503638,0.0871975562808244,1.0,-0.03829321663019691,0.02427564244162834,0.039907972162425205,1.0,-0.11575492341356686,0.022892847497174712,0.0,0.0
2023-11-03,0.06062462181643484,1.0,0.0,0.0,0.08939235431469507,1.0,-0.0017555409260477939,0.025472417634345604,0.08166860412217207,1.0,-0.012253829321663079,0.026265851353716174,0.050162847981404114,1.0,-0.04288840262582061,0.023205543145457922,-0.0021658052022702576,0.0,-0.11575492341356686,0.021929322357148343,0.0,0.0
2023-11-06,0.03052481619213863,1.0,0.0,0.0,0.03337350881650667,1.0,-0.0017555409260477939,0.01396186741636402,0.019270145920445868,1.0,-0.014004376367614868,0.014401117574045112,-0.0106904236588234,0.0,-0.04310722100656472,0.013963819151912903,-0.08544945468598393,0.0,-0.11575492341356686,0.01745156786024881,0.0,0.0
2023-11-07,-0.001757083693878416,0.0,-0.0017555409260477939,0.0,-0.009480833886401542,0.0,-0.012253829321663079,0.0069846420138980824,-0.020171358863779423,0.0,-0.02275711159737437,0.0059597790205432035,-0.060844088513244556,0.0,-0.061706783369803064,0.01022075317389084,-0.13915865719493423,0.0,-0.13238512035010952,0.015958884128648286,0.0,0.0
2023-11-08,0.004605776318246246,1.0,0.0,0.0,-0.009497586577814365,0.0,-0.014004376367614868,0.006983524533442359,-0.008832029148919888,0.0,-0.02275711159737437,0.008149880017186166,-0.08819115296906109,0.0,-0.08862144420131302,0.01216977573880315,-0.13538595175540524,0.0,-0.13238512035010952,0.016041327621998284,0.0,0.0
2023-11-09,-0.012329526510769441,0.0,-0.012253829321663079,0.0,-0.02302005148814739,0.0,-0.02275711159737437,0.004398110633902807,-0.039045673768972985,0.0,-0.03829321663019691,0.011639076292425249,-0.08561986498694381,0.0,-0.08862144420131302,0.012474066337680109,-0.17404083830647787,0.0,-0.15973741794310725,0.01686204272381302,0.0,1.0
2023-11-10,-0.0017738363852912084,0.0,-0.0017722640673459855,0.0,-0.0011082789563968043,0.0,-0.010633584404076246,0.007617170129857451,-0.031505756140767824,0.0,-0.03101462117855558,0.011442499796696148,-0.0876963499196893,0.0,-0.08396101019051838,0.012552093055797292,-0.14595074787082452,0.0,-0.14931324767390342,0.017652729926788846,0.0,0.0
2023-11-13,-0.008916688592086695,0.0,-0.008877052818464404,0.0,-0.024942310872912415,0.0,-0.02528276779773786,0.01437262137990771,-0.02996056957926927,0.0,-0.030161898425371647,0.01158063194566301,-0.10867022302862338,0.0,-0.10357063650476828,0.012953784906892724,-0.10029372664957446,0.0,-0.14836992681304073,0.020877145821600888,0.0,0.0
2023-11-14,0.00958224602098118,1.0,0.0,0.0,-0.02081523116338989,0.0,-0.029940119760479056,0.014446430872811661,-0.04067272964946515,0.0,-0.04901308494122869,0.012845329922880505,-0.10000096732162958,0.0,-0.10379241516966087,0.013339646593923346,-0.11245132735136927,0.0,-0.14836992681304073,0.021157031001573033,0.0,0.0
2023-11-15,-0.02560786830180681,0.0,-0.02528276779773786,0.0,-0.030626127008163757,0.0,-0.030161898425371647,0.011046905063498057,-0.07935912382014121,0.0,-0.07629186072299854,0.011415117919484017,-0.06671431738236432,0.0,-0.10379241516966087,0.020199811500848725,-0.14279381262812932,0.0,-0.14836992681304073,0.02110015250666615,0.0,0.0
2023-11-16,-0.004789608882564205,0.0,-0.004778156996587013,0.0,-0.024647107368639454,0.0,-0.02434584755403868,0.008282331258962652,-0.04657419121797087,0.0,-0.05233219567690561,0.013213742602048648,-0.04728958411839929,0.0,-0.08054607508532441,0.01919437840723704,-0.12077385181442868,0.0,-0.12627986348122877,0.020678039509841244,0.0,0.0
2023-11-17,-0.00022864982379261936,0.0,-0.00022862368541387568,0.0,-0.04896164663577017,0.0,-0.04778235025148614,0.012018242702557979,-0.05619059377892144,0.0,-0.0546410608139003,0.013114589371419821,-0.05232865318367453,0.0,-0.07613168724279851,0.01925540408187756,-0.09188669135280414,0.0,-0.12208504801097397,0.021698543683834004,0.0,0.0
2023-11-20,-0.019628848662282504,0.0,-0.019437457123256174,0.0,-0.04155593251161393,0.0,-0.04756460096043902,0.01536469490959138,-0.07870965344935414,0.0,-0.07569174479762164,0.012408085549500429,-0.0747590310271605,0.0,-0.0759204207637777,0.01983941188654085,-0.10961275321328914,0.0,-0.1218842899611251,0.021863515007824186,0.0,0.0
2023-11-21,-0.029104148149694975,0.0,-0.028684701492537434,0.0,-0.03633309529284625,0.0,-0.035680970149253755,0.014900375677761526,-0.05932823767216444,0.0,-0.0576026119402987,0.013562053018705984,-0.07831456868168962,0.0,-0.0753264925373135,0.020084374061321016,-0.08311801616807735,0.0,-0.10447761194029859,0.021768592106738503,0.0,0.0
2023-11-22,0.00717706430036365,1.0,0.0,0.0,-0.029976656637376687,0.0,-0.036471990464839066,0.012609102407002757,0.012644806437776952,1.0,-0.036710369487485295,0.022725874869096642,-0.04719479878634413,0.0,-0.05998103366524421,0.018924625146576474,-0.07423726299364589,0.0,-0.08961593172119486,0.021341553341713122,0.0,0.0
2023-11-23,-0.014406011443514851,0.0,-0.014302741358760418,0.0,-0.03740115382283308,0.0,-0.036710369487485295,0.009287457017407423,-0.00071539290042846,0.0,-0.036710369487485295,0.022807558915075493,-0.08842097331953407,0.0,-0.08961593172119486,0.02032278050865808,-0.04510209860069176,0.0,-0.08961593172119486,0.02296753608615654,0.0,0.0
2023-11-24,-0.022747709494225353,0.0,-0.022490931076178944,0.0,0.01987375358092808,1.0,-0.022732769044740087,0.027225027644011517,0.0038619405952469944,1.0,-0.022732769044740087,0.02230297246190747,-0.05825439795113526,0.0,-0.08961593172119486,0.02147902616452397,-0.021017391425630555,0.0,-0.08961593172119486,0.02293024388283261,0.0,0.0
2023-11-27,-0.0002474328850927977,0.0,-0.0002474022761010941,0.0,0.03643832803731178,1.0,-0.00616405879563775,0.0218590233546774,0.003950622422193754,1.0,-0.03793266951161689,0.02228428856528087,0.00837649637904902,1.0,-0.08961593172119486,0.02520734455031393,-0.000990099090783464,0.0,-0.08961593172119486,0.022391852977274397,0.0,0.0
2023-11-28,0.04286889596024641,1.0,0.0,0.0,0.02685708297456521,1.0,-0.01588430535798957,0.02402874672818236,-0.018986331009525216,0.0,-0.05998103366524421,0.024295791654613662,-0.012450360029739775,0.0,-0.08961593172119486,0.02605701836677368,-0.030910866573987592,0.0,-0.08961593172119486,0.02333477621141808,0.0,0.0
2023-11-29,-0.006183135037841821,0.0,-0.00616405879563775,0.0,-0.038670840652959865,0.0,-0.03793266951161689,0.007066060469034579,-0.05983960522412105,0.0,-0.05998103366524421,0.009733328651165576,-0.07607949524576497,0.0,-0.08961593172119486,0.021953631912675717,-0.07301435874638826,0.0,-0.08961593172119486,0.021017015098852294,0.0,0.0
2023-11-30,-0.009828677947839417,0.0,-0.00978053435114512,0.0,-0.05567209193192977,0.0,-0.054150763358778664,0.006175838419651472,-0.08770558041910557,0.0,-0.08396946564885499,0.012429811625718778,-0.0734842676960294,0.0,-0.08396946564885499,0.02198425951134681,0.03469640109357239,1.0,-0.08396946564885499,0.031072728178489842,1.0,0.0
2023-12-01,-0.022659027667278644,0.0,-0.022404239942182547,0.0,-0.04382779223843984,0.0,-0.044808479884365204,0.011757525872156017,-0.06211633854638231,0.0,-0.0749217056131053,0.018390537864515888,-0.0395580381691296,0.0,-0.0749217056131053,0.023876087757479642,0.03153788351460073,1.0,-0.0749217056131053,0.031139053593637753,0.0,0.0
2023-12-04,-0.023184386316811665,0.0,-0.022917693445046794,0.0,-0.05521787480398752,0.0,-0.053721044849679656,0.015106097094288898,0.004425873956855375,1.0,-0.053721044849679656,0.027824924158303663,-0.03485372218612859,0.0,-0.053721044849679656,0.0235470198671169,0.021453772609964963,1.0,-0.053721044849679656,0.03160554812824088,0.0,0.0
2023-12-05,0.002015621745650507,1.0,0.0,0.0,-0.016272924562291905,0.0,-0.03347596274855269,0.021004211133027365,0.006535970979785449,1.0,-0.03347596274855269,0.027470405206907588,-0.004803447486387661,0.0,-0.044406280667320774,0.022745146701815308,0.043672907886581167,1.0,-0.05127576054955829,0.031120151400829466,0.0,0.0
2023-12-06,-0.034049110232826356,0.0,-0.03347596274855269,0.0,0.025594638528016567,1.0,-0.03347596274855269,0.03222374566353464,-0.016239890021644,0.0,-0.040971540726202016,0.02882997603828634,-0.027042464207301716,0.0,-0.05127576054955829,0.0234681012907097,0.0020115671857184776,1.0,-0.0827188940092165,0.0324285064323825,0.0,0.0
2023-12-07,0.015760563924883956,1.0,0.0,0.0,0.03856945946696133,1.0,-0.020853778213935303,0.026598165483700663,0.01422131272307617,1.0,-0.044406280667320774,0.024583191098009976,0.04331887471884247,1.0,-0.05127576054955829,0.023563172161846984,-0.0010422095784436427,0.0,-0.11612903225806448,0.03259569827036418,0.0,0.0
2023-12-08,0.04388318483595887,1.0,0.0,0.0,0.0020486562862984943,1.0,-0.040971540726202016,0.030547493716178337,0.022558300377252694,1.0,-0.044406280667320774,0.025661787948671615,0.03723700652550468,1.0,-0.05127576054955829,0.02333774972938593,-0.04214731909807883,0.0,-0.13824884792626724,0.032828932373372297,0.0,0.0
2023-12-11,-0.021074289293881616,0.0,-0.020853778213935303,0.0,-0.04542243603776666,0.0,-0.044406280667320774,0.008170143167675347,-0.03927959614298398,0.0,-0.044406280667320774,0.0172190163045537,-0.009366595469832506,0.0,-0.05127576054955829,0.019126051701585302,-0.07539210572898213,0.0,-0.13824884792626724,0.03126246868497168,0.0,0.0
2023-12-12,-0.020760239255778933,0.0,-0.020546229015284245,0.0,-0.0002505951648246553,0.0,-0.024054121773991355,0.018480004270925915,-0.011339418466173118,0.0,-0.024054121773991355,0.016542963573241955,-0.01846050654424775,0.0,-0.03235366757224012,0.02024536357297433,-0.03363374351111496,0.0,-0.13824884792626724,0.031431020675634413,0.0,0.0
2023-12-13,-0.0035879074881061805,0.0,-0.003581478639038127,0.0,0.002554932406676515,1.0,-0.01779448621553892,0.017452419609835627,-0.01080257418565776,0.0,-0.03082706766917287,0.016423907876746344,0.003065136499376712,1.0,-0.03235366757224012,0.019239244514874965,-0.014429521166797262,0.0,-0.13824884792626724,0.0311253640540863,0.0,0.0
2023-12-14,0.024097551579060305,1.0,0.0,0.0,0.013008728277711983,1.0,-0.01779448621553892,0.017260697970212967,0.02909756199576612,1.0,-0.03082706766917287,0.02239836655312034,0.10818066878960178,1.0,-0.03235366757224012,0.03581494745081652,-0.01266003215612362,0.0,-0.13824884792626724,0.03111960479259775,0.0,0.0
2023-12-15,-0.017954711684277754,0.0,-0.01779448621553892,0.0,-0.031312218276612,0.0,-0.03082706766917287,0.012270282005414131,0.014678706148251964,1.0,-0.03082706766917287,0.020725153896558757,0.07109592168373045,1.0,-0.03235366757224012,0.03616617558792232,-0.05142521180743711,0.0,-0.13824884792626724,0.03072363062070273,0.0,0.0
2023-12-18,0.006865888382929348,1.0,0.0,0.0,0.02295472210098351,1.0,-0.020020273694880908,0.023087257125308926,0.02991300067315156,1.0,-0.020020273694880908,0.018421858641400314,0.05630749479609359,1.0,-0.04470046082949308,0.03744071798112723,-0.016465512202201656,0.0,-0.13824884792626724,0.030793099453239502,0.0,0.0
2023-12-19,-0.020223394975263594,0.0,-0.020020273694880908,0.0,0.025767529449600576,1.0,-0.020020273694880908,0.02309342583281015,-0.0071210880780745965,0.0,-0.03235366757224012,0.023360735484846334,0.048476355372968835,1.0,-0.045622119815668105,0.037488561735152456,-0.06220975989681491,0.0,-0.1456221198156682,0.03181881426256062,0.0,0.0
2023-12-20,0.03631222869331788,1.0,0.0,0.0,0.043270507265485834,1.0,-0.002716720177821652,0.016284384206177626,0.013867710685034585,1.0,-0.03235366757224012,0.02140980733099717,0.02905403139302005,1.0,-0.0827188940092165,0.039201150449775714,-0.007527615039651794,0.0,-0.1456221198156682,0.032571327899332043,0.0,0.0
2023-12-21,0.009678695731546214,1.0,0.0,0.0,-0.0232099217961288,0.0,-0.03235366757224012,0.01664963774166264,0.07908310679383555,1.0,-0.03235366757224012,0.04487497079426752,-0.04436108429728606,0.0,-0.11612903225806448,0.03913179184590268,-0.051424553822010804,0.0,-0.1456221198156682,0.0314860182538176,0.0,0.0
2023-12-22,-0.0027204171593782846,0.0,-0.002716720177821652,0.0,-0.032123213739829556,0.0,-0.03235366757224012,0.013834014508726135,0.05641721553547835,1.0,-0.03235366757224012,0.04638545511213036,-0.07938432562358361,0.0,-0.13824884792626724,0.03927880298021198,-0.09067780408509106,0.0,-0.14792626728110603,0.031882177672937016,0.0,0.0
2023-12-25,-0.030168200368296864,0.0,-0.029717682020802494,0.0,0.0721248282216677,1.0,-0.029717682020802494,0.05622741859541367,0.026394494122941998,1.0,-0.04470046082949308,0.049638717271037504,-0.06602551025914954,0.0,-0.13824884792626724,0.0396588814736427,-0.07053300827934553,0.0,-0.14792626728110603,0.03223976683375938,0.0,0.0
2023-12-26,0.0007654037878455252,1.0,0.0,0.0,0.08930583306315344,1.0,-0.012903225806451535,0.051050958470277324,0.05559744345104354,1.0,-0.045622119815668105,0.04675883099056623,-0.015173236966867176,0.0,-0.13824884792626724,0.03957131972168768,-0.0810428673568458,0.0,-0.1675115207373271,0.03275132322677456,0.0,1.0
2023-12-27,0.10152762480211877,1.0,0.0,0.0,0.055797290703393156,1.0,-0.04470046082949308,0.0591913838114356,0.015186320707985519,1.0,-0.0827188940092165,0.05113751820897871,-0.01749465766617401,0.0,-0.13824884792626724,0.03956405590703537,-0.054506548115251484,0.0,-0.1675115207373271,0.03344968671573025,1.0,1.0
2023-12-28,-0.012987195526811079,0.0,-0.012903225806451535,0.0,-0.04669558513892097,0.0,-0.045622119815668105,0.013100714869465187,-0.12344419109112166,0.0,-0.11612903225806448,0.015115724745578797,-0.12084070094572541,0.0,-0.13824884792626724,0.0197963432232564,-0.19446876907104074,0.0,-0.17672811059907834,0.024294684082446588,1.0,1.0
2023-12-29,-0.032743138571914604,0.0,-0.03221288515406173,0.0,-0.07335410856732215,0.0,-0.07072829131652658,0.016844578257479398,-0.1358015411590619,0.0,-0.1269841269841271,0.01396700657454071,-0.12252113349116751,0.0,-0.1269841269841271,0.019810423521604476,-0.2352378688745588,0.0,-0.20961718020541553,0.026124478839658887,1.0,1.0
2024-01-02,-0.0009652510401954202,0.0,-0.0009647853352628966,0.0,-0.0777138569923961,0.0,-0.0747708634828751,0.01766532487054832,-0.09242000438209157,0.0,-0.09792571152918483,0.019982837788132923,-0.07277300699829507,0.0,-0.09792571152918483,0.020280870425463438,-0.2468793738243956,0.0,-0.2187650747708635,0.02670863421866135,1.0,1.0
2024-01-03,-0.039645718955212295,0.0,-0.03887011105746019,0.0,-0.10209315154695196,0.0,-0.09705456301303728,0.006229393999288058,-0.07077068041791067,0.0,-0.09705456301303728,0.025020238984161086,-0.11068611526978372,0.0,-0.10478029937228395,0.022199508122361617,-0.27409382085450495,0.0,-0.23973925639787552,0.02678739128746313,1.0,1.0
2024-01-04,-0.03710288699698849,0.0,-0.036423009294147324,0.0,-0.05180903438668397,0.0,-0.06053755337854816,0.020309442658183983,-0.03268097837415963,0.0,-0.06053755337854816,0.021673894542237202,-0.036581646432671984,0.0,-0.06857573474001522,0.02373841600965554,-0.20998013094835527,0.0,-0.20899271539814124,0.02732212800333276,0.0,1.0
2024-01-05,-0.02534454559475119,0.0,-0.02502606882168923,0.0,0.005977925534289992,1.0,-0.02502606882168923,0.01976057114503525,0.0026034901453962536,1.0,-0.02502606882168923,0.015412492223510712,-0.0070634695247246485,0.0,-0.039129308110909644,0.021082836563181058,-0.22928856640187156,0.0,-0.20963980305778707,0.02855827995979157,0.0,1.0
2024-01-08,0.010638398205055797,1.0,0.0,0.0,0.02976645421758002,1.0,-0.0015548069448043655,0.009093593205482742,0.013280407667894466,1.0,-0.017880279865250204,0.012054871970973022,-0.011293478461507462,0.0,-0.04172065301891703,0.021608802036274282,-0.22381222402384554,0.0,-0.2251878725058306,0.028449932641308306,0.0,1.0
2024-01-09,0.020684072923985455,1.0,0.0,0.0,0.017309637535091824,1.0,-0.0033687483804094587,0.01054647160450385,0.01964699738379642,1.0,-0.017880279865250204,0.013119959857641746,-0.004507498020195952,0.0,-0.04172065301891703,0.022069343490478847,-0.16688574866411535,0.0,-0.2251878725058306,0.032978677122590644,0.0,1.0
2024-01-10,-0.0015560169114611805,0.0,-0.0015548069448043655,0.0,-0.018042063461146864,0.0,-0.017880279865250204,0.0061199617738934235,-0.03991543485187307,0.0,-0.039129308110909644,0.01845489201665116,-0.06586963038997859,0.0,-0.06374708473697854,0.023802486848284222,-0.1838256674481049,0.0,-0.2251878725058306,0.03243531992083863,0.0,1.0
2024-01-11,-0.0018184184774325902,0.0,-0.0018167661562419335,0.0,0.0005189413712722584,1.0,-0.01635089540617707,0.013006739362106704,-0.003900668058512334,0.0,-0.038132295719844334,0.025312071417203732,-0.037011890449077496,0.0,-0.06277561608300897,0.025894863410886565,-0.15371820998528898,0.0,-0.22438391699092086,0.03343792198451842,0.0,1.0
2024-01-12,-0.014667628072253018,0.0,-0.014560582423296942,0.0,-0.03654099946297936,0.0,-0.038132295719844334,0.022881974004116033,-0.009666959670120896,0.0,-0.038132295719844334,0.02546400989212672,-0.07362806812531535,0.0,-0.07315175097276261,0.027882305873611374,-0.15827600864713245,0.0,-0.22438391699092086,0.0334126784997055,0.0,1.0
2024-01-15,0.0170049879209578,1.0,0.0,0.0,0.012585378491173277,1.0,-0.038132295719844334,0.031279943679589875,-0.024573886129401975,0.0,-0.040726329442282716,0.027566315703615372,-0.11271673538339143,0.0,-0.12166018158236047,0.0311776086009006,-0.1423907244122527,0.0,-0.22438391699092086,0.03343149255529069,0.0,1.0
2024-01-16,-0.03887835931168407,0.0,-0.038132295719844334,0.0,-0.012004319518825668,0.0,-0.038132295719844334,0.030046772044910804,-0.02415449540399252,0.0,-0.040726329442282716,0.027633441373208962,-0.17410636682610042,0.0,-0.1597924773022048,0.031049095467792637,-0.1451982226866904,0.0,-0.22438391699092086,0.03333565862100513,0.0,1.0
2024-01-17,0.03445874988189946,1.0,0.0,0.0,-0.002700514738675677,0.0,-0.036477331943720825,0.026565369811585242,-0.025954195538105396,0.0,-0.0586242834809797,0.02808265295365995,-0.16340770558472112,0.0,-0.17952058363731116,0.030469864992707655,-0.10272704513897646,0.0,-0.22094841063053683,0.03259845712411251,0.0,1.0
2024-01-18,-0.007584710089041209,0.0,-0.007556018759770744,0.0,-0.019734885974207934,0.0,-0.036477331943720825,0.019200426782992233,-0.033111222390565125,0.0,-0.0586242834809797,0.026140424882155323,-0.17339848451568335,0.0,-0.17952058363731116,0.028911774879767666,-0.12205870840706137,0.0,-0.22094841063053683,0.031683858128943074,0.0,1.0
2024-01-19,-0.029574554531534014,0.0,-0.029141506957206742,0.0,-0.05282823533096386,0.0,-0.05145707534786037,0.025183947386062555,-0.06396110845519438,0.0,-0.06195851929640339,0.029111390726432252,-0.22222509687714687,0.0,-0.1992648989236021,0.030906181930952733,-0.11065439620104159,0.0,-0.21501706484641647,0.03175460241985893,0.0,1.0
2024-01-22,0.017424378646367353,1.0,0.0,0.0,0.0040480422300100865,1.0,-0.03986181238373643,0.029990194823004992,-0.08814284925398945,0.0,-0.10018602179112412,0.03321693142383576,-0.21251874556233805,0.0,-0.20542120648418827,0.03081231845460619,-0.047911696700700994,0.0,-0.20542120648418827,0.03231873318811642,1.0,1.0
2024-01-23,-0.04067805944579708,0.0,-0.03986181238373643,0.0,-0.05181093257002757,0.0,-0.05049162901939952,0.03153049249477476,-0.14995187142210795,0.0,-0.13925059792718575,0.0291201988377271,-0.1623782506439193,0.0,-0.20542120648418827,0.03954130112605706,-0.08829260714567831,0.0,-0.20542120648418827,0.03227878636884425,1.0,1.0
2024-01-24,0.027301723029439933,1.0,0.0,0.0,-0.06488916845455966,0.0,-0.08806894694317269,0.035160616329158276,-0.13745351004661574,0.0,-0.15189873417721533,0.02862774887612722,-0.11795603705812632,0.0,-0.19472124966334514,0.039038142985720524,-0.010573276019532264,0.0,-0.19472124966334514,0.032357334401856355,1.0,1.0
2024-01-25,-0.03843459615367045,0.0,-0.037705359547535844,0.0,-0.13657553500575087,0.0,-0.12765957446808518,0.006306833920999664,-0.1402872621251182,0.0,-0.15189873417721533,0.02754497359798106,-0.11670631953621151,0.0,-0.19472124966334514,0.03916489872423249,-0.04011526881818853,0.0,-0.19472124966334514,0.03172121095482109,1.0,1.0
2024-01-26,-0.053756295330329114,0.0,-0.052336971732437676,0.0,-0.1263206369223851,0.0,-0.11866778617408336,0.01056509158664129,-0.1582639884219524,0.0,-0.14637559473831507,0.029749797136632658,-0.08464794052181714,0.0,-0.16316820598936466,0.03814163080259634,0.0013984060452548897,1.0,-0.16316820598936466,0.030608275838124956,1.0,1.0
2024-01-29,-0.044384643521751345,0.0,-0.04341405788541053,0.0,-0.048096370641118734,0.0,-0.0699940933254578,0.029392099902636942,-0.12437589630834849,0.0,-0.11695215593620789,0.027734035586323435,-0.029673989028861328,0.0,-0.11695215593620789,0.035054323874059365,0.03625161347535161,1.0,-0.11695215593620789,0.028407135761259236,1.0,0.0
2024-01-30,-0.02817969807030472,0.0,-0.027786353812905284,0.0,-0.06012304956987202,0.0,-0.058351343007100986,0.033516599153970594,-0.012426379221811399,0.0,-0.07687557888237118,0.04359791037464528,0.02890814413941012,1.0,-0.07687557888237118,0.03244089215344515,0.10233030400735744,1.0,-0.07687557888237118,0.02662900369556554,0.0,0.0
2024-01-31,0.02446797095093736,1.0,0.0,0.0,-0.051811554716292556,0.0,-0.07344282615432307,0.03306988560319571,0.019497472988489344,1.0,-0.07344282615432307,0.041662128946068036,0.06068066044574464,1.0,-0.07344282615432307,0.030754319405903816,0.0987972652842581,1.0,-0.07344282615432307,0.026860015471414547,0.0,0.0
2024-02-01,-0.05641132245050459,0.0,-0.05484970560892477,0.0,-0.008714652102444,0.0,-0.07344282615432307,0.05201499747106876,0.023580942588906664,1.0,-0.07344282615432307,0.04209509761624683,0.05133977610862199,1.0,-0.07344282615432307,0.030320068869140595,0.09736457989649332,1.0,-0.07344282615432307,0.02680970282516662,0.0,0.0
2024-02-02,-0.019868203216725288,0.0,-0.019672131147541072,0.0,0.051440824488056675,1.0,-0.019672131147541072,0.03693112292320654,0.07361604790013522,1.0,-0.019672131147541072,0.030808286969542447,0.11157070067610525,1.0,-0.019672131147541072,0.02245928083925251,0.214582419012176,1.0,-0.031215161649944423,0.02555592966737651,0.0,0.0
2024-02-05,0.067564873564786,1.0,0.0,0.0,0.09986046825613655,1.0,0.0,0.02626897968345181,0.09470190727948725,1.0,-0.006355932203389814,0.02699134739382296,0.1646070488616369,1.0,-0.006355932203389814,0.020699824567413108,0.2331269952983931,1.0,-0.031215161649944423,0.02475276574756948,0.0,0.0
2024-02-06,0.003744154139995998,1.0,0.0,0.0,0.025919377552074713,1.0,-0.006355932203389814,0.014673349408136659,0.041334523361221426,1.0,-0.006355932203389814,0.01209299323808913,0.07408564349824104,1.0,-0.02269503546099283,0.015516112205867669,0.15704916795491097,1.0,-0.031215161649944423,0.021500737457550188,0.0,0.0
2024-02-07,0.028551440551354793,1.0,0.0,0.0,0.023392879574705375,1.0,-0.006355932203389814,0.014999051645904926,0.041183187457255445,1.0,-0.006355932203389814,0.012104459165179033,0.10738276103859407,1.0,-0.02269503546099283,0.01778003660781328,0.14337071275579122,1.0,-0.031215161649944423,0.021835487017285198,0.0,0.0
2024-02-08,-0.006376217139275997,0.0,-0.006355932203389814,0.0,0.009038928669870666,1.0,-0.006355932203389814,0.00849457604659756,0.02775883351971533,1.0,-0.006355932203389814,0.008140443088979488,0.07659105071802286,1.0,-0.02269503546099283,0.017081035977513856,0.09959331193566853,1.0,-0.034391534391534306,0.02177639966670176,0.0,0.0
2024-02-19,0.0012176561626266093,1.0,0.0,0.0,0.01900796404517676,1.0,0.0,0.005642857115849142,0.037954652775969905,1.0,0.0,0.005852635610655547,0.08604634656707186,1.0,-0.02269503546099283,0.016530771338930376,0.13166397844972738,1.0,-0.034391534391534306,0.022060090050360068,0.0,0.0
2024-02-20,0.014197489646520055,1.0,0.0,0.0,0.032917394496364556,1.0,0.0,0.005231980220579743,0.0699051415821498,1.0,0.0,0.01077659725183937,0.06592560250421296,1.0,-0.02269503546099283,0.018423590652837617,0.1091258547354309,1.0,-0.034391534391534306,0.02286632749608572,0.0,0.0
2024-02-21,0.003592818236029805,1.0,0.0,0.0,0.022539506966823147,1.0,0.0,0.005384648792690524,0.03275112013701954,1.0,-0.02269503546099283,0.018269797324970444,0.07342215986794733,1.0,-0.02269503546099283,0.018865012693979968,0.08973212749794085,1.0,-0.0351851851851851,0.02288628487689217,0.0,0.0
2024-02-22,0.015127086613814601,1.0,0.0,0.0,0.052114833699599655,1.0,0.0,0.01208615350877925,0.06619957358133878,1.0,-0.02269503546099283,0.021753737158812268,0.03811660483851322,1.0,-0.031215161649944423,0.022238413097648728,0.06843483575818439,1.0,-0.052116402116402116,0.023392955292667827,0.0,0.0
2024-02-23,0.0038196021169785714,1.0,0.0,0.0,0.014031215287175066,1.0,-0.02269503546099283,0.02292082424646999,0.04883221719830774,1.0,-0.02269503546099283,0.02254717313660469,0.046024803787871264,1.0,-0.031215161649944423,0.022761206256791698,0.011124236495865891,1.0,-0.09126984126984117,0.02522221842128627,0.0,0.0
2024-02-26,0.033168144968806525,1.0,0.0,0.0,0.04725288485054551,1.0,-0.02269503546099283,0.02741596630325403,0.048091693791102036,1.0,-0.02269503546099283,0.022588144379697084,0.10301171833607081,1.0,-0.031215161649944423,0.028309459648991713,-0.015664573297527625,0.0,-0.11190476190476184,0.025719758622334322,0.0,0.0
2024-02-27,-0.022956531798610003,0.0,-0.02269503546099283,0.0,0.011844470112522468,1.0,-0.02269503546099283,0.024881808244007916,-0.003979539077936813,0.0,-0.02269503546099283,0.021296558783837384,0.06851994643675614,1.0,-0.031215161649944423,0.027399861877833817,-0.03082485157083283,0.0,-0.11190476190476184,0.024918905938248446,0.0,0.0
2024-02-28,0.037041271680349076,1.0,0.0,0.0,0.037880080620905365,1.0,-0.0022377622377621753,0.017399762189516367,0.04067103973092778,1.0,-0.018725544997205135,0.01940972465196438,0.08296352445666985,1.0,-0.031215161649944423,0.026142295243539112,-0.04209275805696933,0.0,-0.12619047619047608,0.02551692168595908,0.0,0.0
2024-02-29,-0.0022402697692164445,0.0,-0.0022377622377621753,0.0,-0.018064278959675842,0.0,-0.018725544997205135,0.009364000956252394,-0.028082968742825478,0.0,-0.031215161649944423,0.018387087808745116,0.03598795171719702,1.0,-0.031215161649944423,0.02473784935677892,-0.07189417910963125,0.0,-0.12619047619047608,0.024013305520597227,0.0,0.0
2024-03-01,0.0030790787097729672,1.0,0.0,0.0,0.005870037819795334,1.0,-0.018725544997205135,0.016592702735567642,-0.002807413410436312,0.0,-0.031215161649944423,0.02178157421051675,0.02300226121764556,1.0,-0.034391534391534306,0.02534368921491415,-0.07719656087881817,0.0,-0.12645502645502626,0.0240261553551732,0.0,0.0
2024-03-04,-0.018903087900232218,0.0,-0.018725544997205135,0.0,-0.02892177768338185,0.0,-0.031215161649944423,0.02276571258117337,0.05492002454496877,1.0,-0.031215161649944423,0.03304079633876966,0.04561763188265542,1.0,-0.034391534391534306,0.026303162170066525,-0.05367912194302602,0.0,-0.12645502645502626,0.02489669645970663,0.0,0.0
2024-03-05,0.021694047010254555,1.0,0.0,0.0,0.013016595780023007,1.0,-0.031215161649944423,0.025498212201082355,0.07249948551469289,1.0,-0.031215161649944423,0.03051197505509108,0.04320025223121792,1.0,-0.034391534391534306,0.026527852646756285,-0.040988152822024775,0.0,-0.12645502645502626,0.024635588639952747,0.0,0.0
2024-03-06,-0.03171273679340425,0.0,-0.031215161649944423,0.0,0.052129065434946394,1.0,-0.031215161649944423,0.037982194821975845,0.04229248472574219,1.0,-0.031215161649944423,0.03146504740912108,0.01630996762999346,1.0,-0.0351851851851851,0.02598781165233764,-0.07612527008873227,0.0,-0.12645502645502626,0.024127347151375895,0.0,0.0
2024-03-07,0.023035285563172605,1.0,0.0,0.0,0.08251817529784251,1.0,-0.001322751322751281,0.025560771289129147,0.06407092046002252,1.0,-0.01957671957671947,0.026758000627973975,0.030318230919671195,1.0,-0.052116402116402116,0.024486927622079227,-0.09594329156969526,0.0,-0.16455026455026456,0.025614250000835864,0.0,1.0
2024-03-08,0.06080651666517813,1.0,0.0,0.0,0.05096993595597367,1.0,-0.00978835978835968,0.0311216790220612,0.025809674628082046,1.0,-0.034391534391534306,0.028174269048193194,-0.03490056729200545,0.0,-0.09126984126984117,0.026860817476313942,-0.09736457989649333,0.0,-0.16455026455026456,0.025538793282576848,0.0,1.0
2024-03-11,-0.001323626930508253,0.0,-0.001322751322751281,0.0,-0.019770881768328172,0.0,-0.01957671957671947,0.0037690310804836184,-0.009302392662313337,0.0,-0.034391534391534306,0.014475084806337347,-0.11867629163359837,0.0,-0.11190476190476184,0.01660899132225767,-0.18200414685635868,0.0,-0.16640211640211633,0.02089605065709288,0.0,1.0
2024-03-12,-0.008512953778696083,0.0,-0.008476821192052952,0.0,-0.033673215106587835,0.0,-0.0331125827814569,0.002888412509365607,-0.029299233283474828,0.0,-0.0331125827814569,0.01640773376656753,-0.09934479800758884,0.0,-0.11072847682119202,0.018715193113012497,-0.1905673808795971,0.0,-0.17350993377483448,0.0208199133444684,0.0,1.0
2024-03-13,-0.009934301059123843,0.0,-0.009885118888592004,0.0,0.0005341880468910164,1.0,-0.02484637990916372,0.018171679553233386,-0.025982517095748774,0.0,-0.026168224299065512,0.01635402039322512,-0.1250562825136393,0.0,-0.11802403204272371,0.02006105140800317,-0.2103352002158479,0.0,-0.19012016021361822,0.02121374447102372,0.0,1.0
2024-03-14,-0.015225960268767942,0.0,-0.015110631408526753,0.0,-0.010851978445654971,0.0,-0.021094793057410022,0.020875358567828125,-0.03375268954035141,0.0,-0.04325767690253679,0.017083309915269136,-0.10788213082682832,0.0,-0.11802403204272371,0.020924232124412113,-0.17629549745225773,0.0,-0.19012016021361822,0.022517636248986322,0.0,1.0
2024-03-15,0.025694449374782723,1.0,0.0,0.0,-0.00082225576785695,0.0,-0.026168224299065512,0.01950677303070475,-0.06071024192008739,0.0,-0.08277703604806408,0.022349578864078946,-0.10019882209646373,0.0,-0.11829105473965285,0.02088820635264859,-0.17337539195680093,0.0,-0.19012016021361822,0.02248503595140245,1.0,1.0
2024-03-18,-0.021320467551669674,0.0,-0.021094793057410022,0.0,-0.04422117864636612,0.0,-0.04325767690253679,0.006908305552251774,-0.10937389897128495,0.0,-0.10360480640854475,0.011912303632634298,-0.09929675382568139,0.0,-0.11829105473965285,0.02104361549597872,-0.17556207713575345,0.0,-0.19012016021361822,0.022322406079910394,1.0,1.0
2024-03-19,-0.005196237590970018,0.0,-0.005182760501909356,0.0,-0.06508422374320043,0.0,-0.06301145662847774,0.015361343399305196,-0.07004556472411406,0.0,-0.08428805237315862,0.019952391050767123,-0.0841884050532427,0.0,-0.09929078014184378,0.020711304623374994,-0.17547109777411563,0.0,-0.17266775777414067,0.022319858797521172,1.0,1.0
2024-03-20,-0.017704473503726406,0.0,-0.01754867013984096,0.0,-0.08285719382864525,0.0,-0.07951741157115433,0.010520510649420214,-0.09907376541789047,0.0,-0.0943241020016451,0.020750686073990148,-0.09243523771872572,0.0,-0.09459829997258007,0.02073074548145729,-0.20064022948502866,0.0,-0.18179325472991492,0.02278733960544321,1.0,1.0
2024-03-21,-0.042183512648503986,0.0,-0.04130616801562925,0.0,-0.04714485362941755,0.0,-0.06307563494278534,0.02510270522601082,-0.0741294412864769,0.0,-0.07814680435389332,0.023477688572345914,-0.12626152248936642,0.0,-0.11861568518001675,0.02428958389831984,-0.18662889430685603,0.0,-0.17024839519955337,0.02275604940384403,0.0,1.0
2024-03-22,-0.022969207676414798,0.0,-0.022707423580786035,0.0,-0.03918577926566008,0.0,-0.0384279475982533,0.022445030441497822,-0.03948858017637629,0.0,-0.038719068413391455,0.01908201968651861,-0.062464012604487834,0.0,-0.0806404657933043,0.024065695327105365,-0.16552026091082653,0.0,-0.15254730713246,0.02167155607755736,0.0,1.0
2024-03-25,0.01800786669550119,1.0,0.0,0.0,-0.008976720961558129,0.0,-0.03364540667056759,0.022517773495125744,0.010077145145603598,1.0,-0.03393797542422461,0.02141012586690752,-0.06332785522276031,0.0,-0.0781158572264482,0.024127039319384595,-0.15603906681192017,0.0,-0.15974253949678174,0.02144750240175031,0.0,1.0
2024-03-26,-0.03422443828474655,0.0,-0.03364540667056759,0.0,-0.03452723919546279,0.0,-0.03393797542422461,0.017158500871066733,-0.014142840329128655,0.0,-0.03393797542422461,0.019932789013735703,-0.09122258287200823,0.0,-0.08718548858981867,0.022723320140143544,-0.17474355492186947,0.0,-0.160327677004096,0.020696319990730187,0.0,1.0
2024-03-27,0.007239850627687178,1.0,0.0,0.0,0.026293716734848767,1.0,-0.007514277126540403,0.013978896001962315,0.00663852769916481,1.0,-0.01946328516661744,0.014332999182701067,-0.08527891770220865,0.0,-0.10557357711589499,0.022128916187028332,-0.017715796252599284,0.0,-0.15364199351223817,0.034631755349841094,0.0,1.0
2024-03-28,-0.0075426515384033836,0.0,-0.007514277126540403,0.0,0.012841747327930616,1.0,-0.007514277126540403,0.015789095442563145,-0.052132081202889514,0.0,-0.06871129460336178,0.02488148376190686,-0.06841336662542938,0.0,-0.10557357711589499,0.023842723790479924,0.013435043103269132,1.0,-0.15364199351223817,0.03564776757751531,0.0,1.0
2024-03-29,0.026596517645565133,1.0,0.0,0.0,0.006941328609881115,1.0,-0.01946328516661744,0.017422405378910582,-0.022975432428111498,0.0,-0.06871129460336178,0.02808448373864682,-0.07317656986033719,0.0,-0.10557357711589499,0.023899487615037445,-0.010656212879003231,0.0,-0.15364199351223817,0.03630594059759445,0.0,1.0
2024-04-01,-0.006212118779230977,0.0,-0.006192863462105347,0.0,-0.07118594731005115,0.0,-0.06871129460336178,0.01987946378526238,-0.07340500036836387,0.0,-0.07077558242406357,0.023800193079240625,-0.07626532331007203,0.0,-0.10557357711589499,0.02347538368786054,-0.02871869518903085,0.0,-0.15364199351223817,0.03584154086582815,0.0,1.0
2024-04-02,-0.013443070256452968,0.0,-0.01335311572700304,0.0,-0.043359831294445525,0.0,-0.06290801186943629,0.02986976401066026,-0.0770797425428795,0.0,-0.07418397626112772,0.023583074551710572,-0.09128269272087287,0.0,-0.10000000000000009,0.023814751934311148,-0.031652981635876105,0.0,-0.14836795252225532,0.03586678822526131,0.0,0.0
2024-04-03,-0.05153075827436719,0.0,-0.05022556390977451,0.0,-0.05374981133267985,0.0,-0.05233082706766912,0.0301528557986809,-0.09191744540137342,0.0,-0.08781954887218046,0.0240764906283673,-0.10820499176630306,0.0,-0.10255639097744362,0.024647889537585854,-0.044902992179151814,0.0,-0.13684210526315788,0.03620056353398783,1.0,0.0
2024-04-08,0.021613997236374537,1.0,0.0,0.0,-0.01210591401205931,0.0,-0.033157731639293586,0.019009454937355313,-0.01628128542253988,0.0,-0.06011775643012096,0.022184614717017596,-0.06036737181748962,0.0,-0.07871087697551915,0.02059081075438804,0.03178827954516592,1.0,-0.11062906724511945,0.034812022055469315,0.0,0.0
2024-04-09,-0.023833050294687276,0.0,-0.023551286024171114,0.0,-0.062000684363380826,0.0,-0.06011775643012096,0.007835917587998805,-0.05020113743222565,0.0,-0.06011775643012096,0.018406738152016985,-0.10305624830633872,0.0,-0.09792376820576398,0.01875943352215073,-0.022881424528978303,0.0,-0.11062906724511945,0.03527562843254428,0.0,0.0
2024-04-10,-0.009886860953746584,0.0,-0.009838146620120614,0.0,-0.014062232364227234,0.0,-0.03744842907013657,0.021700284784175874,-0.002860322941708141,0.0,-0.03744842907013657,0.02088557056225148,-0.09271121158915985,0.0,-0.08854331958108541,0.018263619139433078,-0.007965630775852741,0.0,-0.08917803871786745,0.03494417535143616,0.0,0.0
2024-04-11,-0.028280773114946946,0.0,-0.027884615384615397,0.0,-0.016481226183791806,0.0,-0.027884615384615397,0.021922309606939354,-0.014202950177993395,0.0,-0.027884615384615397,0.02233950746350676,-0.0835209720498613,0.0,-0.08656906429026101,0.01843988801700443,-0.0032102756302480988,0.0,-0.08656906429026101,0.03489494764459491,0.0,0.0
2024-04-12,0.0241054017044663,1.0,0.0,0.0,0.0353073111269854,1.0,-0.01223044737689083,0.017025314722328672,-0.016287546364929628,0.0,-0.050286441756842826,0.022824589454598216,0.06756312144960935,1.0,-0.08656906429026101,0.04233467350706204,0.03020200329284094,1.0,-0.08656906429026101,0.03430348735157721,0.0,0.0
2024-04-15,-0.012305854773311167,0.0,-0.01223044737689083,0.0,-0.010027578767512806,0.0,-0.02100572883513685,0.019332380114602206,-0.04408608639494977,0.0,-0.05378739656269893,0.018448406591389518,0.08184840972869854,1.0,-0.08656906429026101,0.043129551140795516,0.04129822484453318,1.0,-0.08656906429026101,0.034751258725052504,0.0,0.0
2024-04-16,0.023507764195830345,1.0,0.0,0.0,-0.028087093296084754,0.0,-0.050286441756842826,0.023540038203472915,-0.052855110874113057,0.0,-0.07352005092297909,0.019101932133856588,0.06252035698133393,1.0,-0.08656906429026101,0.04441833920037326,0.03866914115915391,1.0,-0.08656906429026101,0.03481029303915722,0.0,0.0
2024-04-17,-0.021229488190031866,0.0,-0.02100572883513685,0.0,-0.0552879958174688,0.0,-0.05378739656269893,0.011067448745025651,-0.0898508886474518,0.0,-0.08593252705283272,0.008919940582405275,0.04754662812104125,1.0,-0.08656906429026101,0.044062358849651796,0.017666074578333003,1.0,-0.08656906429026101,0.03445863402432312,1.0,0.0
2024-04-18,-0.03036536930188317,0.0,-0.02990897269180759,0.0,-0.05513338687991149,0.0,-0.053641092327698425,0.011054642203684883,-0.06931802187186784,0.0,-0.06697009102730822,0.010965943821251064,0.059629711084996824,1.0,-0.06697009102730822,0.043495262010779766,0.026308864190052635,1.0,-0.07769869513641747,0.03423206076292896,0.0,0.0
2024-04-19,-0.003693138325553763,0.0,-0.003686327077747964,0.0,-0.0382560311555367,0.0,-0.03753351206434319,0.007115124966669585,0.08385066781453908,1.0,-0.038203753351206404,0.05350639250918589,0.06330199958715114,1.0,-0.05723606168446027,0.04320150346092108,0.126089224022724,1.0,-0.07769869513641747,0.03645047882751525,0.0,0.0
2024-04-22,-0.021074879252474497,0.0,-0.020854355869492136,0.0,-0.0352595142444309,0.0,-0.034645139589640106,0.008409344252095543,0.12593449612364838,1.0,-0.034645139589640106,0.05293234066100329,0.09215565136265577,1.0,-0.05723606168446027,0.04339880077442103,0.09705162197486229,1.0,-0.07769869513641747,0.03738608296153668,0.0,0.0
2024-04-23,-0.013488013577508477,0.0,-0.013397457918241207,0.0,0.10861868539256722,1.0,-0.014084507042253502,0.06145565976193169,0.1153754678554471,1.0,-0.03113879003558706,0.05490959252260679,0.08017482377736036,1.0,-0.06465005931198098,0.04437291344576274,0.12481955937392086,1.0,-0.07769869513641747,0.036910015728977834,0.0,0.0
2024-04-24,-0.0006966214144479978,0.0,-0.0006963788300835549,0.0,0.1604973889536313,1.0,-0.0006963788300835549,0.051538061132724855,0.13739751676849288,1.0,-0.03113879003558706,0.05263630723669305,0.08474558081330712,1.0,-0.0729537366548042,0.04417212279328116,0.10344363783814894,1.0,-0.07769869513641747,0.03776540711632755,0.0,0.0
2024-04-25,0.12280332038452371,1.0,0.0,0.0,0.12956010284740335,1.0,-0.03113879003558706,0.06313987452023799,0.1289477329568645,1.0,-0.031731909845788886,0.0536398873985189,0.08031069641961301,1.0,-0.07769869513641747,0.0442840964025565,0.0879981141622993,1.0,-0.07769869513641747,0.038034490246100235,0.0,0.0
2024-04-26,0.03839068998355548,1.0,0.0,0.0,0.015290817798417145,1.0,-0.03113879003558706,0.02869054764145738,-0.02054866822738779,0.0,-0.05723606168446027,0.025530791916840042,-0.037361118156768444,0.0,-0.07769869513641747,0.02249863168562061,-0.0064925255116714785,0.0,-0.07769869513641747,0.027421230021278845,0.0,0.0
2024-04-29,-0.03163390752067578,0.0,-0.03113879003558706,0.0,-0.03224627741121468,0.0,-0.031731909845788886,0.016437590291099344,-0.03377884476099264,0.0,-0.05723606168446027,0.021328668601968644,-0.04055018488416556,0.0,-0.07769869513641747,0.021914258019119837,-0.05768189183965326,0.0,-0.07769869513641747,0.026042451659184767,0.0,0.0
2024-04-30,0.008534035335537492,1.0,0.0,0.0,-0.02730545069026756,0.0,-0.035204855842185245,0.014381444500726528,-0.03520064407808659,0.0,-0.04279210925644927,0.02166527716488272,-0.023851215822180024,0.0,-0.05614567526555392,0.0203279094518304,-0.03520064407808659,0.0,-0.07415066469719356,0.02525040456031677,0.0,0.0
2024-05-06,-0.00914640522607626,0.0,-0.009104704097116945,0.0,-0.010678972575854255,0.0,-0.035204855842185245,0.021534586468544364,-0.052651935955185684,0.0,-0.051289833080424896,0.02023353985348286,-0.029880553542708112,0.0,-0.05614567526555392,0.020083042796026566,-0.05137316340240875,0.0,-0.07533234859675042,0.02516661425282423,0.0,0.0
2024-05-07,-0.026693080799728663,0.0,-0.02633996937212857,0.0,-0.03458827418754771,0.0,-0.033996937212863676,0.02607341462379455,-0.048637036537251516,0.0,-0.04747320061255733,0.020351851540596516,-0.03332084689494402,0.0,-0.04747320061255733,0.020214626378526692,-0.026378565936308822,0.0,-0.07533234859675042,0.025428179827291987,0.0,0.0
2024-05-08,0.02516051344995075,1.0,0.0,0.0,-0.01681244992938073,0.0,-0.04110429447852759,0.023881856188061636,-0.01681244992938073,0.0,-0.04601226993865026,0.018980946578240804,0.06278722443557269,1.0,-0.04601226993865026,0.028123008147405145,-0.024197296462422434,0.0,-0.08330871491875924,0.02532357685805179,0.0,0.0
2024-05-09,-0.03305570683776967,0.0,-0.03251533742331292,0.0,-0.04710446918747346,0.0,-0.04601226993865026,0.012368228537763568,-0.0067713401231728485,0.0,-0.04601226993865026,0.022157824771156485,0.004895970612206687,1.0,-0.04601226993865026,0.02956198962066944,-0.06331227941432685,0.0,-0.09601181683899551,0.024714570501327308,0.0,0.0
2024-05-10,-0.00891725654156168,0.0,-0.00887761572606205,0.0,-0.00891725654156168,0.0,-0.013950538998097617,0.005935103103195316,0.011349428255906553,1.0,-0.014823965410747486,0.017712294770764275,0.04464473559656048,1.0,-0.03220088626292472,0.027375739966820144,-0.027971603408732115,0.0,-0.09601181683899551,0.023759253920550637,0.0,0.0
2024-05-13,-0.005131505808142132,0.0,-0.0051183621241203126,0.0,0.03520162325615862,1.0,-0.0051183621241203126,0.017114979374451278,0.022771382412477597,1.0,-0.014823965410747486,0.01683708828211672,0.01869805702484177,1.0,-0.05908419497784345,0.029655760659040246,-0.012554486479262635,0.0,-0.09601181683899551,0.023752908697023983,0.0,0.0
2024-05-14,0.005131505808142138,1.0,0.0,0.0,0.025398190605610403,1.0,-0.014823965410747486,0.020603529820122927,0.015316189642307474,1.0,-0.02470660901791244,0.01792384097622206,0.007687417742686375,1.0,-0.07415066469719356,0.03009639512203311,0.015316189642307474,1.0,-0.09601181683899551,0.024259948906940408,0.0,0.0
2024-05-15,0.03520162325615862,1.0,0.0,0.0,0.022771382412477597,1.0,-0.014823965410747486,0.020781681766382575,0.07959967436495342,1.0,-0.02470660901791244,0.032181126258928196,0.030868592645096973,1.0,-0.07415066469719356,0.031215105587744305,0.05719395738968674,1.0,-0.09601181683899551,0.02627033851406306,0.0,0.0
2024-05-16,-0.014934938458690298,0.0,-0.014823965410747486,0.0,-0.025016939421993192,0.0,-0.02470660901791244,0.007727335144959171,0.011667310735379448,1.0,-0.03220088626292472,0.03535609685989373,-0.017131706955487703,0.0,-0.07415066469719356,0.029554047891463413,0.021387921906001268,1.0,-0.09601181683899551,0.025203680311676073,0.0,0.0
2024-05-17,0.0025046976150094316,1.0,0.0,0.0,0.059332989567485256,1.0,-0.01250781738586626,0.035635523091252425,0.03329530734065383,1.0,-0.03220088626292472,0.034285630506662945,-0.011349428255906555,0.0,-0.07415066469719356,0.02934553602808705,0.03753131972626001,1.0,-0.09601181683899551,0.02493527639157042,0.0,0.0
2024-05-20,-0.012586698578312235,0.0,-0.01250781738586626,0.0,0.024097551579060524,1.0,-0.03220088626292472,0.04417617479861787,-0.004073325387635786,0.0,-0.05908419497784345,0.03822339561021884,-0.02149260985970061,0.0,-0.07533234859675042,0.02937748372406545,0.03954538262457732,1.0,-0.09601181683899551,0.024941675960716708,0.0,0.0
2024-05-21,0.06941499053078813,1.0,0.0,0.0,0.04337730830395676,1.0,-0.03220088626292472,0.04206083825670215,-0.007628771899621196,0.0,-0.07415066469719356,0.03846807115178727,0.0069422809586351135,1.0,-0.07533234859675042,0.02960486348071889,0.019131836483220678,1.0,-0.09601181683899551,0.025915464177812625,0.0,0.0
2024-05-22,-0.03273074037341538,0.0,-0.03220088626292472,0.0,-0.06090161734011167,0.0,-0.05908419497784345,0.019107212420514958,-0.04873108171985643,0.0,-0.07415066469719356,0.024161231079334367,-0.08698452089799517,0.0,-0.08330871491875924,0.019480904086078252,-0.10290169956779767,0.0,-0.09778434268833092,0.023314544240633263,0.0,0.0
2024-05-23,0.006693058146584145,1.0,0.0,0.0,-0.04431302205699386,0.0,-0.04972710733778041,0.016993252312265256,-0.028799017690867228,0.0,-0.04972710733778041,0.02154250295693657,-0.06820825002653345,0.0,-0.0721649484536081,0.017916127495125733,-0.07641174147936125,0.0,-0.08776675683799218,0.022446052813364675,0.0,0.0
2024-05-24,-0.03486393511328036,0.0,-0.034263189812007155,0.0,-0.022693399493025106,0.0,-0.04972710733778041,0.026495328195322812,-0.04464473559656047,0.0,-0.04972710733778041,0.02062337277098477,-0.07261633900529253,0.0,-0.0721649484536081,0.01763015476130431,-0.11490664278681685,0.0,-0.11632100991884597,0.02310284270717655,0.0,0.0
2024-05-27,-0.016142145090297624,0.0,-0.016012558869701765,0.0,-0.0006281407241709874,0.0,-0.016012558869701765,0.02021427987872969,-0.01741928447206482,0.0,-0.029156327543424343,0.016170430899097855,-0.031252543504104426,0.0,-0.0508684863523573,0.015377317399534423,-0.10588393885742389,0.0,-0.13886384129846718,0.022612727039209166,0.0,0.0
2024-05-28,0.028312680710552773,1.0,0.0,0.0,0.00636134460701758,1.0,-0.02171215880893307,0.018580422350031826,0.014571052858256503,1.0,-0.029156327543424343,0.016224880304625634,0.007628771899621116,1.0,-0.0508684863523573,0.016471102737719328,-0.06969965780472014,0.0,-0.13886384129846718,0.02311438422206869,0.0,0.0
2024-05-29,-0.012798676344426219,0.0,-0.012717121588089464,0.0,-0.029589820092320036,0.0,-0.029156327543424343,0.0021657369890349136,-0.03825343917813875,0.0,-0.03753101736972708,0.013154867573956326,0.026325364744589567,1.0,-0.0508684863523573,0.02014386630798876,-0.13459541116789345,0.0,-0.15299068229636315,0.022977504601816096,0.0,1.0
2024-05-30,-0.009152659759109073,0.0,-0.00911090166509576,0.0,-0.000942951507870236,0.0,-0.016650958215519873,0.011445325534047389,-0.03940923233566621,0.0,-0.03864278982092351,0.013253085757566254,0.038519628861489096,1.0,-0.03864278982092351,0.01953263678678211,-0.12179673482346723,0.0,-0.15299068229636315,0.022977796068215546,0.0,1.0
2024-05-31,-0.007638483988784711,0.0,-0.007609384908053185,0.0,-0.01630210307460346,0.0,-0.02421383647798736,0.016550471707064498,-0.027971603408732115,0.0,-0.037735849056603765,0.013811637941425696,0.048880747982166586,1.0,-0.037735849056603765,0.019084998350115633,-0.11869499226287505,0.0,-0.15810039074241056,0.022967065368257253,0.0,1.0
2024-06-03,0.015848192240023713,1.0,0.0,0.0,-0.0226180885877724,0.0,-0.037735849056603765,0.017089912557899527,-0.01383325903203957,0.0,-0.037735849056603765,0.0145321627358222,0.06103799248427796,1.0,-0.037735849056603765,0.018630119373872985,-0.14852224676649778,0.0,-0.18905921250375723,0.02397554913439559,0.0,1.0
2024-06-04,-0.024511811325842257,0.0,-0.02421383647798736,0.0,-0.03618131165997092,0.0,-0.037735849056603765,0.011021414909780178,-0.006942280958635229,0.0,-0.037735849056603765,0.01643445281277235,0.012189555524585477,1.0,-0.037735849056603765,0.02160178131402879,-0.14965346992582843,0.0,-0.18905921250375723,0.0239218497860722,0.0,1.0
2024-06-05,-0.013954469501953781,0.0,-0.013857557202707094,0.0,-0.005169639946220911,0.0,-0.013857557202707094,0.008818316087363717,0.06457880392272844,1.0,-0.013857557202707094,0.020664238538034906,-0.015917178669802523,0.0,-0.08205590622182157,0.0261223560696392,-0.1225883105047493,0.0,-0.18905921250375723,0.023684596254941112,0.0,1.0
2024-06-06,0.0022849691678250694,1.0,0.0,0.0,0.03152399986916083,1.0,0.0,0.008818256563384157,0.07792886119715542,1.0,-0.0006042296072508169,0.017664624358105088,-0.008203491452827791,0.0,-0.08776675683799218,0.02585846271768043,-0.05094935629301652,0.0,-0.18905921250375723,0.027361996820983284,0.0,1.0
2024-06-07,0.006499860387907707,1.0,0.0,0.0,0.07624830425685704,1.0,0.0,0.016645872539539593,0.0768523513908987,1.0,-0.0006042296072508169,0.017831201625973042,-0.04229030378152431,0.0,-0.11632100991884597,0.027423748528156655,-0.08858358775236908,0.0,-0.18905921250375723,0.028244792356704303,0.0,1.0
2024-06-11,0.02273917031342792,1.0,0.0,0.0,0.06914403164142253,1.0,-0.0006042296072508169,0.019439432522224423,0.07487125151631739,1.0,-0.0006042296072508169,0.018044642921283435,-0.07463139535331946,0.0,-0.13886384129846718,0.027871138009682304,-0.07988075123946313,0.0,-0.18905921250375723,0.02847590700354213,0.0,1.0
2024-06-12,0.04700927355552121,1.0,0.0,0.0,0.04761332068956288,1.0,-0.0006042296072508169,0.022030443981188003,0.019131836483220678,1.0,-0.032461677186654825,0.025486966877515487,-0.0773284297043414,0.0,-0.13886384129846718,0.027589194624208387,-0.11604294188503174,0.0,-0.18905921250375723,0.027862521157142245,0.0,1.0
2024-06-13,-0.0006044122275267131,0.0,-0.0006042296072508169,0.0,0.00512280764736811,1.0,-0.0006042296072508169,0.002121097620638443,-0.08049598259253096,0.0,-0.08205590622182157,0.022733463116126073,-0.1609207759124831,0.0,-0.15299068229636315,0.021791064674861433,-0.13638396835839187,0.0,-0.18905921250375723,0.026240230737999293,1.0,1.0
2024-06-14,0.001208459361568327,1.0,0.0,0.0,-0.027273024844773744,0.0,-0.032461677186654825,0.016960310801353295,-0.08613235264998326,0.0,-0.08776675683799218,0.022067161048726865,-0.16031636368495636,0.0,-0.15299068229636315,0.021834732991291635,-0.13439547286492654,0.0,-0.18905921250375723,0.026267343547592425,1.0,1.0
2024-06-17,0.004518760513326601,1.0,0.0,0.0,-0.08110002972657246,0.0,-0.08205590622182157,0.023704723441043477,-0.11914265517242295,0.0,-0.11632100991884597,0.02044239133002585,-0.1675757402450416,0.0,-0.15810039074241056,0.021365110923124393,-0.15093524297328387,0.0,-0.18905921250375723,0.026265081604565883,1.0,1.0
2024-06-18,-0.03300024471966875,0.0,-0.032461677186654825,0.0,-0.09185957252487809,0.0,-0.08776675683799218,0.019008312447160603,-0.1495026468696369,0.0,-0.13886384129846718,0.014870057303678403,-0.20956023925077566,0.0,-0.18905921250375723,0.020891518604835513,-0.14462798540630092,0.0,-0.18905921250375723,0.026445305231008815,1.0,1.0
2024-06-19,-0.05261854552023043,0.0,-0.05125815470643058,0.0,-0.0906611709660808,0.0,-0.08667287977632798,0.01896663694468748,-0.09646026618756211,0.0,-0.1099720410065238,0.024607136270039034,-0.16184302545041387,0.0,-0.16185150667909276,0.02294419626466752,-0.10436001532424276,0.0,-0.16185150667909276,0.025934724910648268,1.0,1.0
2024-06-20,-0.00624078228497903,0.0,-0.006221349050425595,0.0,-0.06388385662973783,0.0,-0.06188605108055012,0.010919271064803842,-0.08042479331995216,0.0,-0.07727570399476091,0.02080602203011119,-0.10667113183494673,0.0,-0.11656843483955459,0.01995899077645509,-0.031938842507832695,0.0,-0.11656843483955459,0.0240511725243008,0.0,0.0
2024-06-21,-0.03180184316087148,0.0,-0.03130148270181232,0.0,-0.03760093838235278,0.0,-0.05601317957166396,0.02316273455156549,-0.07418401103497316,0.0,-0.07149917627677105,0.02153360804659941,-0.04274586484018876,0.0,-0.1110378912685338,0.028683301207238523,-0.014269364399230709,0.0,-0.1110378912685338,0.024188498781025174,0.0,0.0
2024-06-24,-0.025841231183887328,0.0,-0.025510204081632626,0.0,-0.04238216787410175,0.0,-0.04149659863945576,0.024556250142425233,-0.04843308507261863,0.0,-0.047278911564625714,0.019875806905655907,-0.04629328397084475,0.0,-0.08231292517006794,0.02904125493085877,0.00441202141119539,1.0,-0.08231292517006794,0.023314873020907245,0.0,0.0
2024-06-25,0.020042135962406116,1.0,0.0,0.0,-0.016540936690214388,0.0,-0.03592199794731443,0.02344360294014779,-0.060057592381138655,0.0,-0.07697570988710234,0.022176206609081924,-0.005249355886143678,0.0,-0.07697570988710234,0.02865108878194471,-0.009821194339988473,0.0,-0.07697570988710234,0.02429609912249984,0.0,0.0
2024-06-26,-0.036583072652620445,0.0,-0.03592199794731443,0.0,-0.04263398985113738,0.0,-0.04173794047211765,0.016010924466069883,-0.06538275926285174,0.0,-0.07697570988710234,0.020689246006507518,-0.03871451218069039,0.0,-0.07697570988710234,0.028000381020967066,-0.04192021394645768,0.0,-0.07697570988710234,0.023944359937911275,0.0,0.0
2024-06-27,0.0,0.0,0.0,0.0,-0.04351665569092433,0.0,-0.04258339247693399,0.01642216035541894,-0.026246338514994555,0.0,-0.04258339247693399,0.017467855438224527,0.02453680755409131,1.0,-0.04258339247693399,0.02702362563344499,0.016540936690214374,1.0,-0.06316844919786102,0.02310969670487986,0.0,0.0
2024-06-28,-0.006050917198516935,0.0,-0.006032647267565583,0.0,-0.028799686610231363,0.0,-0.04258339247693399,0.021450799174682345,0.03143814619478432,1.0,-0.04258339247693399,0.030962016388284826,0.025920890820029827,1.0,-0.04258339247693399,0.0270142468794841,0.02349748648357446,1.0,-0.06316844919786102,0.023146953100392498,0.0,0.0
2024-07-01,-0.03746573849240742,0.0,-0.036772581220992584,0.0,-0.020195421316477547,0.0,-0.036772581220992584,0.022292290487089184,0.0021398011017738747,1.0,-0.036772581220992584,0.0352219951088404,0.016640497271757804,1.0,-0.036772581220992584,0.027451101030876186,-0.008245251945819428,0.0,-0.071524064171123,0.024628827568504954,0.0,0.0
2024-07-02,0.014716969080692942,1.0,0.0,0.0,0.07495480188570867,1.0,0.0,0.023649297145357902,0.05480823649499495,1.0,-0.03473177441540576,0.02976747326101162,0.06493225384447458,1.0,-0.03473177441540576,0.024197564837768804,0.02633656241368305,1.0,-0.07419786096256697,0.02313540240475611,0.0,0.0
2024-07-03,0.0025533480952368297,1.0,0.0,0.0,0.02488857051348841,1.0,-0.03473177441540576,0.038197335828628554,0.02666824708216149,1.0,-0.03473177441540576,0.031153330784015436,0.05748301012617114,1.0,-0.03473177441540576,0.024047124999502702,0.06879806312905691,1.0,-0.07419786096256697,0.02603434958796796,0.0,0.0
2024-07-04,0.05768448470977903,1.0,0.0,0.0,0.03753791931906524,1.0,-0.03473177441540576,0.03802847026276379,0.050783146069085745,1.0,-0.03473177441540576,0.03219869378152906,0.0747322893271141,1.0,-0.03473177441540576,0.024372535377474438,0.05320403606346467,1.0,-0.07419786096256697,0.02628156396861337,0.0,0.0
2024-07-05,-0.035349262291527475,0.0,-0.03473177441540576,0.0,-0.03356958572285438,0.0,-0.03473177441540576,0.02069807385495562,-0.005517255374754517,0.0,-0.03473177441540576,0.021761860582213476,0.028476500440957918,1.0,-0.03473177441540576,0.017946365978463052,-0.027895811636946467,0.0,-0.07419786096256697,0.023598534062314755,0.0,0.0
2024-07-08,0.015202696900813795,1.0,0.0,0.0,0.02844792365083435,1.0,-0.013333333333333308,0.016859551367917804,0.014500696169983951,1.0,-0.015214384508990375,0.016232101577732312,0.05070530538204023,1.0,-0.015214384508990375,0.014025993309590581,-0.03295608768329572,0.0,-0.09224598930481287,0.023985183209123566,0.0,0.0
2024-07-09,-0.013423020332140661,0.0,-0.013333333333333308,0.0,0.014629310015959096,1.0,-0.013333333333333308,0.016552438490160446,0.010124017349479606,1.0,-0.015214384508990375,0.015652738897653652,-0.004571838453844809,0.0,-0.05180481283422467,0.018966119307872186,-0.012712035588361861,0.0,-0.09224598930481287,0.025077236376984856,0.0,0.0
2024-07-10,0.026668247082161273,1.0,0.0,0.0,0.01272101960131086,1.0,-0.015214384508990375,0.01726478816909547,0.03081476304400989,1.0,-0.015214384508990375,0.013625511023543119,-0.003205701765767188,0.0,-0.06316844919786102,0.01887694441025225,0.0017765149458171805,1.0,-0.09224598930481287,0.02490605906008636,0.0,0.0
2024-07-11,0.0013840832659385552,1.0,0.0,0.0,-0.003121209400540919,0.0,-0.015214384508990375,0.010815423048224117,0.023949143258028306,1.0,-0.015214384508990375,0.011699735299507054,-0.007995870863876972,0.0,-0.06316844919786102,0.01823589716414441,-0.03523972813230235,0.0,-0.09224598930481287,0.024228275893171877,0.0,0.0
2024-07-12,-0.015331310746788979,0.0,-0.015214384508990375,0.0,0.0027624326959100796,1.0,-0.015214384508990375,0.011583435162618692,0.03399375581571265,1.0,-0.015214384508990375,0.011804369003056057,-0.002423404336455361,0.0,-0.06316844919786102,0.018378692713526535,-0.05837956431530261,0.0,-0.09224598930481287,0.024600068494898507,0.0,0.0
2024-07-15,0.010826018080309533,1.0,0.0,0.0,0.03789637073887875,1.0,0.0,0.0052743059213783625,0.036204609212056406,1.0,-0.013034759358288794,0.010979738529891444,-0.024885749217577243,0.0,-0.071524064171123,0.02123612962037722,-0.045250089320455045,0.0,-0.09224598930481287,0.02443470537764334,0.0,0.0
2024-07-16,0.0072677253623896505,1.0,0.0,0.0,0.03849904848219198,1.0,0.0,0.005212806558809096,-0.014695855803324446,0.0,-0.05180481283422467,0.021496478924147994,-0.038595691430791675,0.0,-0.07419786096256697,0.02076972237458584,-0.07723895401223103,0.0,-0.10929144385026746,0.024572185164734743,0.0,0.0
2024-07-17,0.01980262729617973,1.0,0.0,0.0,0.018110865769357342,1.0,-0.013034759358288794,0.013971054014639482,-0.03402046480977704,0.0,-0.06316844919786102,0.021046410013723545,0.011315053002885477,1.0,-0.07419786096256697,0.027688501130806255,-0.10001086591058578,0.0,-0.12299465240641716,0.024557676782866703,0.0,0.0
2024-07-18,0.01142869582362285,1.0,0.0,0.0,-0.041766208461893634,0.0,-0.05180481283422467,0.021033708898164215,-0.03194501412190513,0.0,-0.06316844919786102,0.02158075411332313,-0.02152825326364944,0.0,-0.07419786096256697,0.027222973170597086,-0.11790981854086388,0.0,-0.12299465240641716,0.023956253993925564,0.0,0.0
2024-07-19,-0.013120457350445218,0.0,-0.013034759358288794,0.0,-0.06525178792957964,0.0,-0.06316844919786102,0.012964192550263157,-0.03641716015216793,0.0,-0.06316844919786102,0.02090587530832989,-0.05637231207790448,0.0,-0.07419786096256697,0.02749023395713863,-0.1285780580540752,0.0,-0.12299465240641716,0.02368177118457333,0.0,0.0
2024-07-22,-0.04007444693507128,0.0,-0.03928208601422278,0.0,-0.030253252595082856,0.0,-0.05079580088046054,0.0253304402236646,-0.06109035842963354,0.0,-0.05926176769387059,0.024332396712083103,-0.08366139306533597,0.0,-0.08025736539112771,0.029386689003212414,-0.14125306370336208,0.0,-0.13173044361666109,0.024019554210501073,0.0,0.0
2024-07-23,-0.012056883644063057,0.0,-0.011984490659146974,0.0,0.016777744133348635,1.0,-0.011984490659146974,0.013887421468230956,-0.023899835627467256,0.0,-0.03986135181975747,0.0199742299978332,-0.00814019713451701,0.0,-0.07398568019093077,0.02996595102938556,-0.12007681698852027,0.0,-0.14217524718718033,0.022985495062332908,0.0,0.0
2024-07-24,0.021878077984051617,1.0,0.0,0.0,-0.0089590278504992,0.0,-0.03708838821490468,0.02535514122980138,0.04533551781266265,1.0,-0.03986135181975747,0.031054909043758235,0.0049822167115844244,1.0,-0.07398568019093077,0.029731285130251393,-0.16443047391406118,0.0,-0.18922604841459245,0.025468110815963226,0.0,1.0
2024-07-25,0.006956549793360151,1.0,0.0,0.0,-0.033721029967455775,0.0,-0.03986135181975747,0.01920099871648134,0.0104167608582558,1.0,-0.03986135181975747,0.03131391366158163,-0.027243857268425424,0.0,-0.07398568019093077,0.028976168401410637,-0.22751609872681888,0.0,-0.2219570405727923,0.02545151790034731,0.0,1.0
2024-07-26,-0.03779365562791086,0.0,-0.03708838821490468,0.0,0.016500890035251094,1.0,-0.03986135181975747,0.03922284641079048,-0.019955151925736596,0.0,-0.03986135181975747,0.03269480615223245,-0.055956159978847175,0.0,-0.07398568019093077,0.029295419683217076,-0.2441600866758683,0.0,-0.22945789294237973,0.02510828499155408,0.0,1.0
2024-07-29,-0.002883924132904982,0.0,-0.0028797696184306165,0.0,0.041253866692806514,1.0,-0.012956017729287339,0.03098634051533027,-0.02257103463570231,0.0,-0.07398568019093077,0.0332477771479241,-0.020364340102877777,0.0,-0.07398568019093077,0.027258654347364436,-0.20107074347324716,0.0,-0.22945789294237973,0.02466519674333045,0.0,1.0
2024-07-30,0.057178469796066805,1.0,0.0,0.0,0.020722427835079264,1.0,-0.03579952267303088,0.035798399724090574,0.015759638492950187,1.0,-0.07398568019093077,0.03695252495343946,-0.038643262581439256,0.0,-0.09137401977497439,0.027860423340422824,-0.21550134734122642,0.0,-0.23866348448687347,0.024655978106721963,0.0,1.0
2024-07-31,-0.013040678970355338,0.0,-0.012956017729287339,0.0,-0.07686558029886427,0.0,-0.07398568019093077,0.011281698686775062,-0.040353301101078265,0.0,-0.07398568019093077,0.02562498354223628,-0.11132591891347138,0.0,-0.10535288100920559,0.01908669282798615,-0.28212870633522547,0.0,-0.2458233890214796,0.019131728117466194,0.0,1.0
2024-08-01,-0.023415362990632207,0.0,-0.023143350604490465,0.0,-0.028378152332761218,0.0,-0.06183074265975819,0.03250252392126461,-0.037660618126681165,0.0,-0.06183074265975819,0.025543038077871696,-0.09638156527721446,0.0,-0.09360967184801383,0.019460186304321427,-0.23837116772270767,0.0,-0.23592400690846282,0.02148571181078999,0.0,1.0
2024-08-02,-0.040409538337876666,0.0,-0.03960396039603964,0.0,-0.003897259140090715,0.0,-0.03960396039603964,0.031013305109210687,-0.036001008053110656,0.0,-0.03960396039603964,0.025344496237297363,-0.07220574597617069,0.0,-0.07213578500707218,0.019096756837581177,-0.2010243647850243,0.0,-0.2178217821782178,0.022021606382771976,0.0,1.0
2024-08-05,0.03544674899574771,1.0,0.0,0.0,0.026164283201827666,1.0,-0.010294639687611018,0.019463628344138145,0.0022066945328246272,1.0,-0.03372381966631177,0.019193099570553436,-0.05759167063802611,0.0,-0.08981185658501956,0.016938191350722467,-0.21252268604916547,0.0,-0.2204472843450479,0.022937701727637035,0.0,1.0
2024-08-06,0.0010655302020383163,1.0,0.0,0.0,-0.031038218710981603,0.0,-0.03159389421370251,0.009316749918801921,-0.05440290107438947,0.0,-0.053958111466098746,0.009405404712707337,-0.11193661985400327,0.0,-0.10685126020589286,0.010239104383622421,-0.23485004307399382,0.0,-0.2204472843450479,0.021141164951256484,0.0,1.0
2024-08-07,-0.010347995995958181,0.0,-0.010294639687611018,0.0,-0.034305584664961315,0.0,-0.03372381966631177,0.00801978471027587,-0.07097261781239307,0.0,-0.06851260205892806,0.0072947277922181045,-0.16941269062564543,0.0,-0.1558395456159034,0.016162676234035413,-0.22696696770001804,0.0,-0.2204472843450479,0.02144754789284093,0.0,1.0
2024-08-08,-0.02175575291706175,0.0,-0.021520803443328518,0.0,-0.045120435280469655,0.0,-0.044117647058823595,0.009081282014259567,-0.05872094715053327,0.0,-0.05882352941176472,0.009802048692918066,-0.20027224145839345,0.0,-0.18149210903873736,0.017499916655788227,-0.205104229774856,0.0,-0.21233859397417498,0.022020181017248827,0.0,1.0
2024-08-09,-0.0022018357519414463,0.0,-0.0021994134897361795,0.0,-0.03886886889937314,0.0,-0.0381231671554253,0.00794769640312573,-0.03620473792306007,0.0,-0.0381231671554253,0.009328875805145456,-0.1882039266970211,0.0,-0.17155425219941345,0.01775339339418396,-0.20967165632112722,0.0,-0.1950146627565983,0.022161499851175808,0.0,1.0
2024-08-12,-0.021162846611466512,0.0,-0.020940484937545967,0.0,-0.03476335848153016,0.0,-0.036002939015429836,0.009815625124785085,-0.059798365170850624,0.0,-0.058045554739162286,0.011337417376328408,-0.1807064033703694,0.0,-0.1697281410727406,0.018578528942866452,-0.21655253514350517,0.0,-0.19470977222630415,0.02208353378175879,0.0,1.0
2024-08-13,-0.015504186535965312,0.0,-0.015384615384615441,0.0,-0.012840055559652142,0.0,-0.015384615384615441,0.007950396123967586,-0.057533718779613725,0.0,-0.05590994371482172,0.011000947184563133,-0.1768580847597871,0.0,-0.16210131332082556,0.01855032718691956,-0.1953896885320386,0.0,-0.17748592870544078,0.022069975887756162,0.0,1.0
2024-08-14,0.0019036746659015938,1.0,0.0,0.0,-0.023131332023418966,0.0,-0.02546560243253504,0.012796553468436115,-0.0984400728132524,0.0,-0.09616115545419979,0.021311075309459696,-0.1708027874217541,0.0,-0.15925503610794367,0.018709802483554912,-0.1685449404476681,0.0,-0.16685670847586453,0.022492656492198608,1.0,1.0
2024-08-15,0.0007604563104115124,1.0,0.0,0.0,-0.043933206909550056,0.0,-0.04370961611554536,0.011250935076428468,-0.14155129430786018,0.0,-0.13264918282022042,0.019472973043083742,-0.14198960244549322,0.0,-0.15925503610794367,0.023112167958935097,-0.17905568976631445,0.0,-0.16685670847586453,0.022367579802032755,1.0,1.0
2024-08-16,-0.02579546299973195,0.0,-0.02546560243253504,0.0,-0.10110420378956544,0.0,-0.09616115545419979,0.016302797602272958,-0.151999188773961,0.0,-0.14101102242493335,0.016588276983226652,-0.12881861880885354,0.0,-0.15925503610794367,0.02427325867678124,-0.2056240300325985,0.0,-0.18586088939566692,0.02253954970715697,1.0,1.0
2024-08-19,-0.018898200220229543,0.0,-0.018720748829953227,0.0,-0.11651628761853972,0.0,-0.10998439937597504,0.015405675877813597,-0.12090803819951872,0.0,-0.11856474258970351,0.022070310370345157,-0.15493101541113943,0.0,-0.14352574102964122,0.02679550810591397,-0.182165562721413,0.0,-0.16653666146645862,0.022310904432325956,1.0,1.0
2024-08-20,-0.05641054056960395,0.0,-0.054848966613672445,0.0,-0.10730552555399957,0.0,-0.10174880763116056,0.01945849305751927,-0.11932436598017337,0.0,-0.11248012718600964,0.022155061654093988,-0.12291342321999055,0.0,-0.12718600953895065,0.028079458708334774,-0.15256211714212042,0.0,-0.1506359300476947,0.02259252539130768,1.0,1.0
2024-08-21,-0.041207546828706275,0.0,-0.0403700588730026,0.0,-0.0455992974096853,0.0,-0.04962153069806563,0.01938086719018088,-0.07236271460850173,0.0,-0.06980656013456688,0.015243061204463983,-0.0575542770743725,0.0,-0.07653490328006729,0.024417227417831856,-0.12004589677195258,0.0,-0.11312026913372586,0.020050489563014518,0.0,0.0
2024-08-22,-0.009687438155689298,0.0,-0.009640666082383786,0.0,-0.02170627858186317,0.0,-0.021472392638036908,0.009392008450062963,-0.00043830813763299457,0.0,-0.030674846625766805,0.017055510519178575,-0.004831988316462437,0.0,-0.05058365758754857,0.02173810475557532,-0.09028339618911903,0.0,-0.09857328145265876,0.01842059457167204,0.0,0.0
2024-08-23,0.005295687574710282,1.0,0.0,0.0,-0.0214677296241062,0.0,-0.02640845070422526,0.009371900473446635,0.023180569965107405,1.0,-0.02640845070422526,0.017013297236869146,-0.0214677296241062,0.0,-0.05058365758754857,0.02297991247213502,-0.009335475667576738,0.0,-0.09857328145265876,0.024671616285265013,0.0,0.0
2024-08-26,-0.01731452800088411,0.0,-0.017165492957746498,0.0,0.003953442443346016,1.0,-0.02640845070422526,0.021034812025625748,-0.03402297721162061,0.0,-0.05058365758754857,0.028247471267485558,-0.03584613177313565,0.0,-0.05231301340250749,0.022919003020705653,0.0004400440115013057,1.0,-0.09857328145265876,0.024876914858061858,0.0,0.0
2024-08-27,-0.009448889197932284,0.0,-0.00940438871473337,0.0,0.0351994103912813,1.0,-0.00940438871473337,0.016471111023561386,-0.003589057239817244,0.0,-0.05058365758754857,0.02860370626378578,-0.018531603772251545,0.0,-0.05231301340250749,0.02246589993125198,0.06961963427776062,1.0,-0.09857328145265876,0.026949095225156604,0.0,0.0
2024-08-28,0.030716859642162496,1.0,0.0,0.0,-0.007259560012804223,0.0,-0.05058365758754857,0.035657955181655696,0.014808437534129203,1.0,-0.05058365758754857,0.0284266578997203,0.0022578469740861546,1.0,-0.05231301340250749,0.022628136628785805,0.17839583832935152,1.0,-0.09857328145265876,0.033876835415399285,0.0,0.0
2024-08-29,0.01393143994705113,1.0,0.0,0.0,-0.02485702768404735,0.0,-0.05058365758754857,0.030847323374173802,-0.004393680178829515,0.0,-0.05058365758754857,0.025571215424755156,-0.03706608732082127,0.0,-0.05231301340250749,0.02028300334043248,0.3335243246798857,1.0,-0.09857328145265876,0.05127235937379554,0.0,0.0
2024-08-30,-0.05190785960201786,0.0,-0.05058365758754857,0.0,-0.02983986205508452,0.0,-0.05058365758754857,0.029719892814684467,-0.044648299589213715,0.0,-0.05058365758754857,0.025974706171265377,-0.07680541122374494,0.0,-0.07392996108949401,0.020330879134862964,0.504841476859312,1.0,-0.09857328145265876,0.06305502775383603,0.0,0.0
2024-09-02,0.01311939197091937,1.0,0.0,0.0,0.03358273947613731,1.0,0.0,0.0017177316014463729,-0.0018231545615150252,0.0,-0.03478643769264633,0.015228433745623434,-0.027234547310273565,0.0,-0.05900484368119774,0.01400077564620923,0.5549209436312149,1.0,-0.0819022457067371,0.06089910951174317,0.0,0.0
2024-09-03,0.008948605576014014,1.0,0.0,0.0,-0.005859831958115126,0.0,-0.025979744605900468,0.01726393855846107,-0.014942546532434323,0.0,-0.03478643769264633,0.013736203006463107,-0.029648693922129793,0.0,-0.05900484368119774,0.013743975302134058,0.487269443843018,1.0,-0.0819022457067371,0.0634432621570833,0.0,0.0
2024-09-04,0.01151474192920386,1.0,0.0,0.0,-0.02389115210844845,0.0,-0.03478643769264633,0.015467518436717079,-0.012550590560043113,0.0,-0.03478643769264633,0.014178149627829113,-0.06249161969758004,0.0,-0.07133421400264206,0.01441254252025276,0.3684098289618358,1.0,-0.15318371607515646,0.06985219686192533,0.0,1.0
2024-09-05,-0.026323179463333034,0.0,-0.025979744605900468,0.0,-0.035405894037652236,0.0,-0.03478643769264633,0.01091705653597315,-0.03267240714199185,0.0,-0.03478643769264633,0.01236606900933408,-0.08545140787265662,0.0,-0.0819022457067371,0.013175505923325,0.38515156211622187,1.0,-0.15318371607515646,0.0698647375451139,0.0,1.0
2024-09-06,-0.00908271457431925,0.0,-0.009041591320072317,0.0,0.0022578469740861546,1.0,-0.009041591320072317,0.00835473417262312,-0.032157111634531284,0.0,-0.03382949932341006,0.012201775960033724,0.01213225395652941,1.0,-0.05953991880920162,0.026146818707916006,0.3948605548593672,1.0,-0.15318371607515646,0.0695794854354009,0.0,1.0
2024-09-09,0.0,0.0,0.0,0.0,0.002733486895660419,1.0,-0.008570139828597223,0.008169035440984336,-0.025411392748758536,0.0,-0.03608479927830399,0.01220697109976778,0.036286175784637026,1.0,-0.05953991880920162,0.026199727809260866,0.3845669904705478,1.0,-0.1597077244258872,0.0698284307187036,0.0,1.0
2024-09-10,0.011340561548405265,1.0,0.0,0.0,-0.02307439706021209,0.0,-0.03382949932341006,0.015179602666737806,-0.014706147389695449,0.0,-0.03608479927830399,0.013751702566790851,0.08815123805001218,1.0,-0.05953991880920162,0.02984769109146834,0.3581337334023922,1.0,-0.18162839248434237,0.07042744911251184,0.0,1.0
2024-09-11,-0.008607074652744814,0.0,-0.008570139828597223,0.0,-0.036751954297163825,0.0,-0.03608479927830399,0.009922277555285814,-0.04994102913753692,0.0,-0.048714479025710467,0.013655106699939404,0.17613799135526548,1.0,-0.05953991880920162,0.040398958714093186,0.43231534529214877,1.0,-0.18162839248434237,0.07192152189871474,0.0,1.0
2024-09-12,-0.02580788395587259,0.0,-0.02547770700636942,0.0,-0.017439634285355967,0.0,-0.0277525022747952,0.01510772892694503,-0.05277900073066475,0.0,-0.05141037306642393,0.01364487991199374,0.37059041200070686,1.0,-0.05141037306642393,0.06336710771218668,0.49699059618407354,1.0,-0.18162839248434237,0.07194390528433918,0.0,1.0
2024-09-13,-0.0023369956885464496,0.0,-0.002334267040149385,0.0,-0.01552607052891954,0.0,-0.023611111111111138,0.014267088110786972,0.044289365591060594,1.0,-0.03472222222222221,0.033189571297417154,0.581646888083057,1.0,-0.03472222222222221,0.07328527308651846,0.5338087757875883,1.0,-0.18162839248434237,0.07109011255673531,0.0,1.0
2024-09-18,0.010705245359062993,1.0,0.0,0.0,-0.02463412108624582,0.0,-0.03472222222222221,0.014309087155415281,0.0616975685333956,1.0,-0.03472222222222221,0.03274266190179156,0.5821554909414886,1.0,-0.03472222222222221,0.07324343155770807,0.5553953830778101,1.0,-0.18162839248434237,0.0708045044268858,0.0,1.0
2024-09-19,-0.023894320199436117,0.0,-0.023611111111111138,0.0,0.03592111592054416,1.0,-0.03472222222222221,0.04222903863477383,0.10285738543970782,1.0,-0.03472222222222221,0.03627997131298964,0.5169181377651478,1.0,-0.05480167014613779,0.07979675219992215,0.4869313035665545,1.0,-0.18162839248434237,0.0731625363299813,0.0,1.0
2024-09-20,-0.011445046245872708,0.0,-0.011379800853485,0.0,0.07488664337376856,1.0,-0.011379800853485,0.034481155562330196,0.22607902049280235,1.0,-0.011379800853485,0.039420152655977654,0.4309014486594158,1.0,-0.15318371607515646,0.09128939605158198,0.5512492459166374,1.0,-0.18162839248434237,0.07238079278999708,0.0,1.0
2024-09-23,0.07126048236585295,1.0,0.0,0.0,0.13819675188501657,1.0,0.0,0.02330284847897584,0.4233694127313717,1.0,0.0,0.05753478685938372,0.4706029699888785,1.0,-0.15318371607515646,0.08968047051875246,0.5422685199321763,1.0,-0.18162839248434237,0.07264875620288232,0.0,1.0
2024-09-24,0.015071207253788422,1.0,0.0,0.0,0.16626358437282215,1.0,0.0,0.034489200975327136,0.5373575224919963,1.0,0.0,0.06912011800359662,0.38272830090283777,1.0,-0.15318371607515646,0.09117152136662277,0.4317650151848288,1.0,-0.18162839248434237,0.07328045441443816,0.0,1.0
2024-09-25,0.0518650622653752,1.0,0.0,0.0,0.33703772311173047,1.0,0.0,0.055466457892819405,0.5204579224080931,1.0,-0.0018267223382045783,0.07380987317789908,0.3482808146859109,1.0,-0.1597077244258872,0.09262230002800913,0.4132074592516028,1.0,-0.18162839248434237,0.07347433038843512,0.0,1.0
2024-09-26,0.09932731485365849,1.0,0.0,0.0,0.47042125297283266,1.0,0.0,0.04064506491232645,0.41406075232544015,1.0,-0.05480167014613779,0.0973748237154753,0.26998249535237995,1.0,-0.18162839248434237,0.09414804024958975,0.39257255284830944,1.0,-0.18162839248434237,0.07317316524126978,0.0,1.0
2024-09-27,0.18584534599269673,1.0,0.0,0.0,0.36926554528905925,1.0,-0.0018267223382045783,0.08832992865096359,0.20482242816661347,1.0,-0.15318371607515646,0.12290045717229112,0.2561773539368834,1.0,-0.18162839248434237,0.09317351158703446,0.23457568544852164,1.0,-0.18162839248434237,0.07266939383287796,1.0,1.0
2024-09-30,0.18524859212647748,1.0,0.0,0.0,0.12888809147908506,1.0,-0.05480167014613779,0.10288627159226414,0.04723355725750678,1.0,-0.15318371607515646,0.09972641701431882,0.12640018418336663,1.0,-0.18162839248434237,0.07770660421424067,0.05825705634235661,1.0,-0.18162839248434237,0.060725066936047,1.0,1.0
2024-10-08,-0.0018283928301149365,0.0,-0.0018267223382045783,0.0,-0.16627150995256065,0.0,-0.15318371607515646,0.04412904849233165,-0.1546292215891586,0.0,-0.15318371607515646,0.04764439971389327,-0.04783811229546862,0.0,-0.18162839248434237,0.05249400086472018,-0.08976711589326433,0.0,-0.18162839248434237,0.045047796347330145,1.0,1.0
2024-10-09,-0.054532107817277506,0.0,-0.05307189542483659,0.0,-0.13618664203885575,0.0,-0.15163398692810448,0.056775411277004494,-0.1721771077221821,0.0,-0.15816993464052276,0.04598932318645482,-0.02676010786367845,0.0,-0.18013071895424837,0.05299117280815587,-0.08594242980072464,0.0,-0.18013071895424837,0.04506679652152244,1.0,1.0
2024-10-10,-0.1099110093051682,0.0,-0.1040861402540032,0.0,-0.09826872094176606,0.0,-0.1040861402540032,0.057549907942276095,-0.14407825697306023,0.0,-0.13418001104362232,0.0448939594827926,-0.02998683419859338,0.0,-0.13418001104362232,0.053314787264159516,-0.021488199477130758,0.0,-0.13418001104362232,0.04364128700694188,1.0,0.0
2024-10-11,0.02825647508359007,1.0,0.0,0.0,-0.007733990599736339,0.0,-0.03535050928699823,0.02183240380297068,0.0513549257702699,1.0,-0.06051527860994621,0.042273380086348504,0.12034779725722147,1.0,-0.06051527860994621,0.04076747044345799,0.10242864101695678,1.0,-0.10230934479054787,0.035850716718126174,0.0,0.0
2024-10-14,-0.016614186720187836,0.0,-0.016476932294787416,0.0,-0.062423722751482065,0.0,-0.06051527860994621,0.004134465383034543,0.07916662692585988,1.0,-0.06051527860994621,0.04594431420463899,0.07166554994329773,1.0,-0.06051527860994621,0.04144081849606392,0.1668236115007455,1.0,-0.10230934479054787,0.04038837408398827,0.0,0.0
2024-10-15,-0.019376278963138493,0.0,-0.019189765458421992,0.0,0.03971263740686783,1.0,-0.04477611940298509,0.0511940802524162,0.10679110929368987,1.0,-0.04477611940298509,0.043294799243041825,0.04903671428199094,1.0,-0.07411385606874343,0.04325567379154846,0.13964274418153244,1.0,-0.10230934479054787,0.041643061756122375,0.0,0.0
2024-10-16,-0.026433257068155597,0.0,-0.026086956521739202,0.0,0.11515709260918616,1.0,-0.026086956521739202,0.047384998644223145,0.14541699985850368,1.0,-0.026086956521739202,0.03852000260410224,0.064926644565692,1.0,-0.07733619763694954,0.0426217791857252,0.21891100422624651,1.0,-0.10230934479054787,0.04270445203457312,0.0,0.0
2024-10-17,0.08552217343816193,1.0,0.0,0.0,0.15260064532498407,1.0,0.0,0.030640877718550112,0.11409142277446686,1.0,-0.056122448979591955,0.048336671515359204,0.1225900574959295,1.0,-0.07733619763694954,0.041667110366902516,0.2087548138621102,1.0,-0.10230934479054787,0.043203384027567425,0.0,0.0
2024-10-18,0.05606817623917994,1.0,0.0,0.0,0.0863280834884974,1.0,0.0,0.019589412199104383,0.06899287148695163,1.0,-0.056122448979591955,0.039124323460086353,-0.02160166848836181,0.0,-0.10230934479054787,0.038659700103841656,0.06158847731274155,1.0,-0.10230934479054787,0.04231186601498951,0.0,0.0
2024-10-21,0.011010295647642176,1.0,0.0,0.0,-0.027498926902875087,0.0,-0.056122448979591955,0.03452435574786021,-0.0075010769825621625,0.0,-0.056122448979591955,0.03425751084795387,-0.06814312784101015,0.0,-0.10230934479054787,0.033875000649432635,-0.05023044804349437,0.0,-0.14271457085828343,0.042328411194542996,0.0,0.0
2024-10-22,0.019249611601675137,1.0,0.0,0.0,0.0019143996001294177,1.0,-0.056122448979591955,0.04218798428964933,-0.057754395011698885,0.0,-0.07411385606874343,0.036416514510371735,-0.04192900359779565,0.0,-0.10230934479054787,0.03609450369360708,-0.026912430161487224,0.0,-0.14271457085828343,0.04300060193491501,0.0,0.0
2024-10-23,-0.05775883415219253,0.0,-0.056122448979591955,0.0,-0.03776098423187952,0.0,-0.056122448979591955,0.040464251760250466,-0.08049035529281173,0.0,-0.07733619763694954,0.033597006697980415,-0.059182321937046235,0.0,-0.10230934479054787,0.03533711790757247,-0.05265099103781261,0.0,-0.14271457085828343,0.04274938704424347,0.0,0.0
2024-10-24,0.040423622150646765,1.0,0.0,0.0,-0.019245172461181632,0.0,-0.057923497267759694,0.03399920252462473,0.00849863472146274,1.0,-0.06120218579234982,0.030213666141257988,0.00849863472146274,1.0,-0.0866120218579235,0.030971788221411747,0.005107843114380026,1.0,-0.14271457085828343,0.040835903792097755,0.0,0.0
2024-10-25,-0.020425772230333792,0.0,-0.020218579234972722,0.0,-0.06315514329126604,0.0,-0.06120218579234982,0.014604309439048708,-0.09059453997531332,0.0,-0.0866120218579235,0.03080696836892525,-0.017919156240264834,0.0,-0.0866120218579235,0.0285126705150721,-0.08701137698962992,0.0,-0.1629241516966068,0.04123866020320572,1.0,1.0
2024-10-28,-0.03924302238149459,0.0,-0.03848298940323491,0.0,-0.011499215198850247,0.0,-0.041829336307863896,0.028771599139830056,-0.06064205085844798,0.0,-0.06776352481873948,0.03263395511443402,0.09515806155744773,1.0,-0.06776352481873948,0.0392726443489986,-0.07166554994329773,0.0,-0.16716566866267457,0.04107486275864111,0.0,1.0
2024-10-29,-0.003486348679437663,0.0,-0.0034802784222737193,0.0,-0.030925745363484972,0.0,-0.056981664315937985,0.03701708201546297,0.01582539141390328,1.0,-0.056981664315937985,0.034222568069663784,0.09060602989954145,1.0,-0.056981664315937985,0.03985719294786114,-0.04205535340261409,0.0,-0.1751497005988023,0.04028897396050921,0.0,1.0
2024-10-30,0.031230155862081933,1.0,0.0,0.0,-0.017912679797515797,0.0,-0.056981664315937985,0.038302491940660016,0.021308033355765466,1.0,-0.056981664315937985,0.0340794176349051,0.15398435966055465,1.0,-0.056981664315937985,0.04232101136669593,-0.003206532407820281,0.0,-0.1751497005988023,0.041103708361860926,0.0,1.0
2024-10-31,-0.05866955254612931,0.0,-0.056981664315937985,0.0,-0.011918415768741064,0.0,-0.056981664315937985,0.04029550273499415,0.0,0.0,-0.056981664315937985,0.0316890071432663,0.08616475636618065,1.0,-0.056981664315937985,0.04461258436503469,-0.05568269249999939,0.0,-0.1751497005988023,0.04068897446656485,0.0,1.0
2024-11-01,0.009526716886531644,1.0,0.0,0.0,0.04874743003981296,1.0,0.0,0.015147023680589792,0.07267538373504846,1.0,0.0,0.011988915712040594,0.0831901458011032,1.0,-0.09356287425149701,0.045067826412103405,0.025108393297571946,1.0,-0.1751497005988023,0.0389118267636911,0.0,1.0
2024-11-04,0.03722441989085661,1.0,0.0,0.0,0.049142835659597706,1.0,0.0,0.015089566363793772,0.15580011241589586,1.0,0.0,0.032905348517489,0.01791267979751585,1.0,-0.14271457085828343,0.048978006384171754,0.021689009630210688,1.0,-0.1751497005988023,0.03888261008466787,0.0,1.0
2024-11-05,0.001996293262424733,1.0,0.0,0.0,0.025924246957660282,1.0,0.0,0.004985807045065273,0.07478063848563833,1.0,-0.04284989858012167,0.044005602722125135,0.015016573436308342,1.0,-0.14271457085828343,0.04877577618986172,-0.004864797117520603,0.0,-0.1751497005988023,0.03807078225683903,0.0,1.0
2024-11-06,0.00992212250631649,1.0,0.0,0.0,0.11657939926261449,1.0,0.0,0.03807295661943936,0.13267632630478918,1.0,-0.04284989858012167,0.04661192300665293,0.006531330899233627,1.0,-0.14271457085828343,0.04883356286876832,-0.024514565763585818,0.0,-0.1751497005988023,0.038253420994144464,0.0,1.0
2024-11-07,0.014005831188919168,1.0,0.0,0.0,0.0628622227168971,1.0,-0.04284989858012167,0.05592030266279344,0.08616475636618065,1.0,-0.04284989858012167,0.05317786089093682,-0.0033907916070827844,0.0,-0.14271457085828343,0.04873585557996124,-0.03736066696133761,0.0,-0.1751497005988023,0.03816860143914218,0.0,1.0
2024-11-08,0.09265144556737893,1.0,0.0,0.0,0.10874837260955364,1.0,-0.04284989858012167,0.058158625060660316,0.010514762066054856,1.0,-0.09356287425149701,0.06197745555721887,-0.06909222074936502,0.0,-0.1629241516966068,0.05074631413367478,-0.04931881570300835,0.0,-0.1751497005988023,0.03800858199485113,1.0,1.0
2024-11-11,-0.04379505403940092,0.0,-0.04284989858012167,0.0,-0.020492520390117334,0.0,-0.04284989858012167,0.04727177695321613,-0.13788743261838,0.0,-0.14271457085828343,0.04460807971111651,-0.16682361150074557,0.0,-0.16716566866267457,0.03858466174566809,-0.15936200398225628,0.0,-0.1751497005988023,0.03119537891857753,1.0,1.0
2024-11-12,0.05989198108157551,1.0,0.0,0.0,-0.03834162946192324,0.0,-0.09356287425149701,0.05239533394309559,-0.05976406504932986,0.0,-0.14271457085828343,0.0495944963672705,-0.13266138330215557,0.0,-0.1751497005988023,0.037530858328970566,-0.11022885897523907,0.0,-0.1751497005988023,0.030195872335842533,1.0,1.0
2024-11-13,-0.03658944743229206,0.0,-0.0359281437125748,0.0,-0.15398435966055474,0.0,-0.14271457085828343,0.01069593166952453,-0.12614499540555552,0.0,-0.14271457085828343,0.035454094645047146,-0.15719089206837497,0.0,-0.1751497005988023,0.033223658628318026,-0.18712348678936186,0.0,-0.1751497005988023,0.026262725318047953,1.0,1.0
2024-11-14,-0.06164416311120672,0.0,-0.05978260869565222,0.0,-0.08306659869861333,0.0,-0.11076604554865432,0.04391872054450277,-0.08955554797326352,0.0,-0.11076604554865432,0.03612381267450756,-0.14184744886618011,0.0,-0.14440993788819867,0.032572300715171684,-0.14154925294925447,0.0,-0.14440993788819867,0.025773536777966816,1.0,0.0
2024-11-15,-0.05575074911705597,0.0,-0.054225158271401064,0.0,-0.02791138486205669,0.0,-0.054225158271401064,0.03682844823390618,-0.07960698281541975,0.0,-0.07652078172309384,0.033863449631579626,-0.058081752503531425,0.0,-0.09000825763831533,0.02995601442800016,-0.11912580299132904,0.0,-0.11230388109000822,0.023786579366402417,0.0,0.0
2024-11-18,0.03432831352964932,1.0,0.0,0.0,0.027839364254999267,1.0,-0.00646794150731167,0.01790899375333872,-0.028936178882365472,0.0,-0.061304836895388015,0.0273909465832952,0.0037763298326950953,1.0,-0.0703037120359955,0.02497739863702828,-0.07648385582205325,0.0,-0.10489313835770542,0.02097233970891475,0.0,0.0
2024-11-19,-0.006488949274650063,0.0,-0.00646794150731167,0.0,-0.058184547228013174,0.0,-0.05652418447694052,0.022993193184083667,-0.07289731825282571,0.0,-0.0703037120359955,0.018816666471539772,-0.019881370553829044,0.0,-0.0703037120359955,0.022662816415841208,-0.11711537332814644,0.0,-0.110517435320585,0.01905881214095212,0.0,0.0
2024-11-20,0.0,0.0,0.0,0.0,-0.05677554313736465,0.0,-0.055193886215680554,0.023264803588114478,-0.031045896662819452,0.0,-0.06425134446645897,0.02774442982957927,-0.031045896662819452,0.0,-0.06425134446645897,0.023127285463199216,-0.10904689442482868,0.0,-0.10472686102462492,0.01912641384309341,0.0,0.0
2024-11-21,-0.05169559795336309,0.0,-0.05038211151995475,0.0,-0.06640836897817559,0.0,-0.06425134446645897,0.020984186117649326,-0.05229190089291658,0.0,-0.06425134446645897,0.028092848160015078,-0.033969875354254817,0.0,-0.06425134446645897,0.023104658636631078,-0.10275360744903958,0.0,-0.10472686102462492,0.019264793871075502,0.0,0.0
2024-11-22,-0.005079945184001617,0.0,-0.005067064083457362,0.0,0.02064970129054354,1.0,-0.014605067064083266,0.02022345918215296,0.02152523031188833,1.0,-0.021021897810218904,0.021057964983113433,0.019773405046356614,1.0,-0.021021897810218904,0.01657198585338268,-0.04667615584912202,0.0,-0.09265633964429143,0.01610651027918776,0.0,0.0
2024-11-25,-0.009632825840810958,0.0,-0.009586578789694489,0.0,0.004483642244448196,1.0,-0.021021897810218904,0.024413025633553482,0.032712508715060526,1.0,-0.021021897810218904,0.02052963021993853,0.00746160751848914,1.0,-0.03528399311531838,0.0174828636635057,0.004185357380193328,1.0,-0.09265633964429143,0.019191921363570442,0.0,0.0
2024-11-26,0.03536247231535602,1.0,0.0,0.0,0.03623800133670093,1.0,-0.021021897810218904,0.024176631029212383,0.05301594769899659,1.0,-0.021021897810218904,0.018869460719426728,0.022432524326916566,1.0,-0.03528399311531838,0.017168153203459765,0.01709443335930004,1.0,-0.09265633964429143,0.01906673054304925,0.0,0.0
2024-11-27,-0.021246004230097048,0.0,-0.021021897810218904,0.0,0.006982862240515401,1.0,-0.021021897810218904,0.017905315720632534,0.0,0.0,-0.021021897810218904,0.01675447179806615,-0.029932594720986756,0.0,-0.04647160068846812,0.013952656320309838,-0.053369978593479694,0.0,-0.09265633964429143,0.018874108246378574,0.0,0.0
2024-11-28,0.022121533251441786,1.0,0.0,0.0,0.038899479613737596,1.0,0.0,0.006736316976451146,0.01832202553866191,1.0,-0.020367183017785506,0.01336846481714159,0.0002981959169254592,1.0,-0.04647160068846812,0.012906149718518608,-0.02598333486515841,0.0,-0.09265633964429143,0.0184656641443516,0.0,0.0
2024-11-29,0.006107333219170485,1.0,0.0,0.0,-0.000875529021344726,0.0,-0.017498565691336787,0.012417073997774438,-0.0017518252655316967,0.0,-0.020367183017785506,0.009746133320056421,-0.06104405048779753,0.0,-0.07487091222030984,0.015303464949188184,-0.04139343352861343,0.0,-0.09265633964429143,0.017781144555744137,0.0,0.0
2024-12-02,0.010670613143125222,1.0,0.0,0.0,-0.009906840931950532,0.0,-0.020367183017785506,0.011566354418580988,-0.025250901196571335,0.0,-0.03528399311531838,0.011074303093845937,-0.08026018565474814,0.0,-0.08691910499139421,0.014849139482908315,-0.058506686463489534,0.0,-0.09265633964429143,0.017778824459032002,0.0,0.0
2024-12-03,-0.017653475383640576,0.0,-0.017498565691336787,0.0,-0.018529771627827495,0.0,-0.020367183017785506,0.008365345892836605,-0.030583423372080164,0.0,-0.03528399311531838,0.009677671420509806,-0.09723400277431736,0.0,-0.09265633964429143,0.013526131893224158,-0.10612577301294512,0.0,-0.10068846815834764,0.01894871673527874,0.0,0.0
2024-12-04,-0.002923978691435312,0.0,-0.0029197080291971655,0.0,-0.018268038956056012,0.0,-0.01810218978102185,0.008245705014974562,-0.029932594720986756,0.0,-0.029489051094890417,0.0095247943294621,-0.07800099776200925,0.0,-0.0764963503649635,0.013628799378597851,-0.14085743271659548,0.0,-0.13138686131386856,0.021429801294661852,0.0,0.0
2024-12-05,0.0020476824472484547,1.0,0.0,0.0,-0.010005969297004322,0.0,-0.01724137931034475,0.010029752283663708,-0.01802382962173626,0.0,-0.02863822326125065,0.011313758252661713,-0.06878373209478478,0.0,-0.07568673290473404,0.014226007590643783,-0.16899927360005065,0.0,-0.15721800116890705,0.022028692946647752,0.0,1.0
2024-12-06,-0.017391742711869107,0.0,-0.01724137931034475,0.0,-0.029056298476799896,0.0,-0.02863822326125065,0.01062442309945298,-0.059292225222265835,0.0,-0.05756867329047333,0.017526751315236084,-0.06644956089547864,0.0,-0.07568673290473404,0.014388767575557395,-0.1822046729179522,0.0,-0.16656925774400932,0.02190168770132224,0.0,1.0
2024-12-09,0.0053380909676163995,1.0,0.0,0.0,-0.0026797693571155574,0.0,-0.01685891748003554,0.011487933910779267,-0.05500928445817687,0.0,-0.05856255545696554,0.017339044675658326,-0.003276250138295936,0.0,-0.06447796509908321,0.020746871124073835,-0.1526155320773346,0.0,-0.15646258503401367,0.022288264176439185,0.0,1.0
2024-12-10,-0.01700264673254723,0.0,-0.01685891748003554,0.0,-0.04723857347801325,0.0,-0.04614019520851831,0.01969985714735526,-0.06665057940223726,0.0,-0.06447796509908321,0.015691984226998357,-0.005338090967616353,0.0,-0.06447796509908321,0.020699732061450545,-0.17507194498789808,0.0,-0.16060337178349604,0.022171988934699568,0.0,1.0
2024-12-11,0.008984786407815257,1.0,0.0,0.0,-0.04334472869324615,0.0,-0.05098389982110918,0.019702590752276865,-0.04806840304102245,0.0,-0.056946929039952354,0.016558637840026678,-0.023437383872493004,0.0,-0.056946929039952354,0.022750304766739223,-0.16336872772184952,0.0,-0.16057091882247998,0.022100880140151536,0.0,1.0
2024-12-12,-0.03922071315328127,0.0,-0.038461538461538436,0.0,-0.058632719077505384,0.0,-0.056946929039952354,0.01418806415797997,-0.050759902473048533,0.0,-0.056946929039952354,0.015978875080052083,-0.026281530782083888,0.0,-0.056946929039952354,0.02262433191654941,-0.20841944970939455,0.0,-0.19030627415997625,0.022529466361687855,0.0,1.0
2024-12-13,-0.013108801947780134,0.0,-0.013023255813953583,0.0,-0.01783247629555636,0.0,-0.019224806201550426,0.0060018583912381275,-0.0071573356732127875,0.0,-0.019224806201550426,0.007247435329470317,0.01965061695918402,1.0,-0.03449301219149581,0.01912025149420405,-0.1434586894129657,0.0,-0.19030627415997625,0.02282404034125207,0.0,1.0
2024-12-16,-0.0063032039764439165,0.0,-0.006283380458686705,0.0,0.001569612628012787,1.0,-0.006283380458686705,0.005196458000155124,0.05173303431988095,1.0,-0.006283380458686705,0.018230315418309433,0.021753499191258664,1.0,-0.03449301219149581,0.0189642372751445,-0.0931134113075274,0.0,-0.19030627415997625,0.024727479883981118,0.0,1.0
2024-12-17,0.0015795296286675586,1.0,0.0,0.0,0.01225467025101128,1.0,0.0,0.0019358060509163091,0.061312488434620865,1.0,0.0,0.016829394262626165,-0.008891770238627661,0.0,-0.06779661016949157,0.022273969955708833,-0.0833678631401106,0.0,-0.19030627415997625,0.024786165414857047,0.0,1.0
2024-12-18,0.006293286975789142,1.0,0.0,0.0,0.05645670866765728,1.0,0.0,0.01908144611191347,0.02463101916852952,1.0,-0.03449301219149581,0.02559804928211947,-0.06285643495458629,0.0,-0.1153731787094856,0.02704776895868072,-0.060841659256245045,0.0,-0.19030627415997625,0.02552263314095677,0.0,1.0
2024-12-19,0.004381853646554511,1.0,0.0,0.0,0.05343967183016401,1.0,0.0,0.01978175579723497,0.024478371690964548,1.0,-0.03449301219149581,0.025596491605938854,-0.10021554150526596,0.0,-0.14243235206660732,0.027626211117202416,-0.019319682452264404,0.0,-0.19030627415997625,0.027785979294309992,0.0,1.0
2024-12-20,0.04578156804531376,1.0,0.0,0.0,0.013955878546185725,1.0,-0.03449301219149581,0.03303487940529469,0.026807952632396832,1.0,-0.03449301219149581,0.02560409926856842,-0.11575511202247353,0.0,-0.15194766577460606,0.027206176304828373,-0.02722548656602119,0.0,-0.19030627415997625,0.027763313601727128,0.0,1.0
2024-12-23,0.003276250138295969,1.0,0.0,0.0,-0.02568505000090351,0.0,-0.03449301219149581,0.018803192727201733,-0.029979535128622222,0.0,-0.03449301219149581,0.015918583809101244,-0.14933928193903867,0.0,-0.15194766577460606,0.02136419275948503,-0.06629025341129552,0.0,-0.19030627415997625,0.02567346544557359,0.0,1.0
2024-12-24,-0.03510193963742377,0.0,-0.03449301219149581,0.0,-0.022249865551212656,0.0,-0.03449301219149581,0.019577862795937328,-0.07020425867324857,0.0,-0.06779661016949157,0.01905512709304296,-0.16973385402028174,0.0,-0.15611061552185557,0.020483784920680467,-0.09148165712053342,0.0,-0.19030627415997625,0.025935836121244733,0.0,1.0
2024-12-25,0.006140639498224358,1.0,0.0,0.0,0.0018461543705056804,1.0,-0.01094557616296743,0.008220806552981293,-0.08748745412311579,0.0,-0.09546974764366067,0.023590092055130695,-0.13993134384935657,0.0,-0.14168440255396775,0.01978553070816439,-0.06982915754550652,0.0,-0.1720887807844329,0.025076614898291303,1.0,1.0
2024-12-26,0.006711434587986778,1.0,0.0,0.0,-0.041242958534049134,0.0,-0.04682274247491636,0.01792920739893352,-0.12469391319623054,0.0,-0.12313773183338406,0.02064430399122837,-0.1821379189273106,0.0,-0.1720887807844329,0.01954065622711466,-0.06971463261536126,0.0,-0.1720887807844329,0.025078826712850735,1.0,1.0
2024-12-27,-0.011005919715705477,0.0,-0.01094557616296743,0.0,-0.10033952820932682,0.0,-0.09546974764366067,0.0170735210213927,-0.14256306465487048,0.0,-0.13286713286713292,0.015844599362736387,-0.16310930637214985,0.0,-0.1720887807844329,0.02256731419367879,-0.09030599921974898,0.0,-0.1720887807844329,0.02506173175350805,1.0,1.0
2024-12-30,-0.03694847340633034,0.0,-0.036274208422994114,0.0,-0.12039942806851178,0.0,-0.11343375345834616,0.00899017583482888,-0.1193597468104163,0.0,-0.12327082692898872,0.022353516708469794,-0.11486691049878604,0.0,-0.16292652935751617,0.02774758630364132,-0.0812987477243424,0.0,-0.16292652935751617,0.025021947097736724,1.0,1.0
2024-12-31,-0.052385135087290945,0.0,-0.05103668261562999,0.0,-0.0946086715328346,0.0,-0.09027113237639561,0.016834309476678543,-0.09952959534703318,0.0,-0.09473684210526323,0.021421333137803457,-0.07447609290148292,0.0,-0.1314194577352472,0.026665928400521965,0.0,0.0,-0.1314194577352472,0.025936642222289134,1.0,0.0
2025-01-02,-0.031065819574890487,0.0,-0.030588235294117694,0.0,-0.030026138316794956,0.0,-0.04134453781512604,0.017680811808882955,-0.052443889726240825,0.0,-0.051092436974789934,0.014208482660901318,0.002014775698341347,1.0,-0.08470588235294119,0.02345605315042739,0.06380295655861722,1.0,-0.08470588235294119,0.02306166906481071,0.0,0.0
2025-01-03,-0.011157716870653134,0.0,-0.01109570041608876,0.0,-0.01607864068485172,0.0,-0.016972635954277893,0.01265087459772015,-0.05744400573108007,0.0,-0.056806373397990995,0.015717385380809256,0.08089585905300166,1.0,-0.056806373397990995,0.024837613672301983,0.08917616114022119,1.0,-0.056806373397990995,0.02180602416557726,0.0,0.0
2025-01-06,0.012197398128748614,1.0,0.0,0.0,-0.010220353280697153,0.0,-0.022168340838240375,0.012042686294038886,-0.020546241717279385,0.0,-0.056806373397990995,0.021673806986109684,0.08852962545645238,1.0,-0.056806373397990995,0.024346783469939515,0.08273623944262742,1.0,-0.056806373397990995,0.022080071507512983,0.0,0.0
2025-01-07,-0.017118321942947223,0.0,-0.016972635954277893,0.0,-0.0584836869891755,0.0,-0.056806373397990995,0.012672262712598944,0.004492836311630259,1.0,-0.056806373397990995,0.02708113984307416,0.08304902852774308,1.0,-0.056806373397990995,0.024327007409413584,0.08495985713463246,1.0,-0.056806373397990995,0.02212593018538146,0.0,0.0
2025-01-08,-0.005299429466498591,0.0,-0.005285412262156397,0.0,-0.015625317903080756,0.0,-0.040521494009866044,0.025232268817168918,0.025053502445550293,1.0,-0.040521494009866044,0.025550949031510395,0.07825219689974834,1.0,-0.040521494009866044,0.024864921851573768,0.0789036627208344,1.0,-0.04399107427478488,0.022455262701951237,0.0,0.0
2025-01-09,-0.03606593557972973,0.0,-0.03542330853701736,0.0,0.02691058772107608,1.0,-0.03542330853701736,0.03218935460148943,0.054458665424582005,1.0,-0.03542330853701736,0.02588298192462995,0.07010218630385007,1.0,-0.03542330853701736,0.025409360188080387,0.08582990237204528,1.0,-0.04399107427478488,0.022363239715499583,0.0,0.0
2025-01-10,0.02574004714314761,1.0,0.0,0.0,0.06641886749177862,1.0,0.0,0.0140293295650808,0.13833986478408172,1.0,0.0,0.014837500584067858,0.1124232863119494,1.0,-0.03474657315906915,0.021029178173197556,0.1166807022726668,1.0,-0.04399107427478488,0.020513842930184795,0.0,0.0
2025-01-13,0.03723647615765832,1.0,0.0,0.0,0.0647845538611642,1.0,0.0,0.01391016980505281,0.10907586717373179,1.0,-0.0035177486408698444,0.01948691866678874,0.07280330715240085,1.0,-0.042078418871533296,0.02164770936966429,0.07479798866482655,1.0,-0.05045726900031544,0.020512646157519108,0.0,0.0
2025-01-14,0.0034423441909729197,1.0,0.0,0.0,0.0753633414832758,1.0,0.0,0.018129391350270085,0.07855619221611278,1.0,-0.0035177486408698444,0.018452935539867554,0.03356816277444364,1.0,-0.04399107427478488,0.01928995263233432,0.06443075671050418,1.0,-0.05045726900031544,0.019777442971717896,0.0,0.0
2025-01-15,0.024105733512533162,1.0,0.0,0.0,0.06839704682510066,1.0,-0.0035177486408698444,0.020979503706156206,0.053198694454198,1.0,-0.021676761236850473,0.02382928123747811,0.07447609290148283,1.0,-0.04399107427478488,0.022878227942629056,0.05807437451768192,1.0,-0.05045726900031544,0.01982236283301209,0.0,0.0
2025-01-16,0.04781526377976992,1.0,0.0,0.0,0.05100811451260685,1.0,-0.0035177486408698444,0.022185259221744896,0.015643520879268038,1.0,-0.03474657315906915,0.024314812524529477,0.06178818086027598,1.0,-0.04399107427478488,0.02226275883377341,0.04461218608926565,1.0,-0.05045726900031544,0.019312999923432123,0.0,0.0
2025-01-17,-0.003523950467202403,0.0,-0.0035177486408698444,0.0,-0.018722302838105026,0.0,-0.021676761236850473,0.01184575958035727,-0.02591657847213227,0.0,-0.03474657315906915,0.011166810765582279,0.008280302087219634,1.0,-0.04399107427478488,0.017542326850155963,0.025573611528563828,1.0,-0.05045726900031544,0.01741902636484614,0.0,0.0
2025-01-20,0.006716801200039365,1.0,0.0,0.0,-0.028647792433299405,0.0,-0.03474657315906915,0.012009877536016698,-0.03627256002133093,0.0,-0.042078418871533296,0.011618232955974557,-0.005793386013824901,0.0,-0.04399107427478488,0.018379583721008008,0.027537742618519354,1.0,-0.05045726900031544,0.017397195918427404,0.0,0.0
2025-01-21,-0.021915153570941953,0.0,-0.021676761236850473,0.0,-0.029109429204969155,0.0,-0.03474657315906915,0.011801631523407748,-0.04498802944166912,0.0,-0.04399107427478488,0.009921200581399024,0.0019108286068895194,1.0,-0.04399107427478488,0.018825335221639563,0.0609058551200613,1.0,-0.05045726900031544,0.0193227503329834,0.0,0.0
2025-01-22,-0.013449440062396803,0.0,-0.013359400456174675,0.0,-0.021074207650428275,0.0,-0.020853698273053167,0.00939195205304461,0.02127739844728488,1.0,-0.022808732486151895,0.021415242247514742,0.0006514658210861205,1.0,-0.031535793125197054,0.018976404823430063,0.07014350717722427,1.0,-0.05045726900031544,0.01882457074762839,0.0,0.0
2025-01-23,0.006255164428369508,1.0,0.0,0.0,-0.009623435808330449,0.0,-0.015753199868723367,0.008264464031993315,0.046144659981007995,1.0,-0.015753199868723367,0.019530600706287114,0.015727716068195306,1.0,-0.031535793125197054,0.018433949140408048,0.07106030574656584,1.0,-0.05045726900031544,0.018784296857704132,0.0,0.0
2025-01-24,-0.013879932016400993,0.0,-0.01378404988513282,0.0,0.02847167408131221,1.0,-0.015753199868723367,0.02512224740822481,0.0341968805593519,1.0,-0.015753199868723367,0.02045718066661393,0.004257415960717432,1.0,-0.035004730368968784,0.0184637453227751,0.05615510282972874,1.0,-0.05045726900031544,0.018957189700140153,0.0,0.0
2025-01-27,-0.0019986682202988862,0.0,-0.00199667221297839,0.0,0.05376942756903945,1.0,-0.00199667221297839,0.019472981625730412,0.030479174007505917,1.0,-0.023021128981393857,0.021248975941881534,0.001994681512425786,1.0,-0.05045726900031544,0.018650594534453984,0.0793000795040436,1.0,-0.05045726900031544,0.01860636183473103,0.0,0.0
2025-02-05,0.04435027431801201,1.0,0.0,0.0,0.050075480796051834,1.0,-0.0056764427625354275,0.020767507358937204,0.04689885804855855,1.0,-0.023021128981393857,0.02101171743539824,0.03086259393606064,1.0,-0.05045726900031544,0.02025229932446461,0.06330818806262611,1.0,-0.05045726900031544,0.019180235104743103,0.0,0.0
2025-02-06,0.011417821471326271,1.0,0.0,0.0,-0.011872432090207177,0.0,-0.023021128981393857,0.011908883442567754,-0.020625932626198704,0.0,-0.031535793125197054,0.015049169293505209,-0.016401718383801004,0.0,-0.05045726900031544,0.01487094280307227,0.0540168548545912,1.0,-0.05045726900031544,0.018267890130641604,0.0,0.0
2025-02-07,-0.005692614993286458,0.0,-0.0056764427625354275,0.0,-0.008869237740779773,0.0,-0.023021128981393857,0.013213973915375972,-0.030416943912812692,0.0,-0.031535793125197054,0.013451506014494912,-0.0171759947710102,0.0,-0.05045726900031544,0.014804620766118241,0.030131181441546053,1.0,-0.05045726900031544,0.01843894452925564,0.0,0.0
2025-02-10,-0.017597638568246886,0.0,-0.01744370440849985,0.0,-0.026351139104238443,0.0,-0.026006977481763394,0.01656542528702297,-0.02993946459863431,0.0,-0.02949571836346332,0.013455635490664447,0.017293309441344305,1.0,-0.045036473200126936,0.017283100305584054,0.04980153844144729,1.0,-0.045036473200126936,0.018552964259650587,0.0,0.0
2025-02-11,0.014421015820753637,1.0,0.0,0.0,-0.007126690351279342,0.0,-0.02290804963410753,0.015607055156002964,-0.0284844924950801,0.0,-0.041998090995863824,0.013214995083237277,0.03333112863234423,1.0,-0.041998090995863824,0.016120239317679502,0.06498225740415561,1.0,-0.041998090995863824,0.018018447833107295,0.0,0.0
2025-02-12,-0.02317451635674522,0.0,-0.02290804963410753,0.0,-0.026762841851141084,0.0,-0.02640789055042947,0.010458687912946596,-0.016036264112497953,0.0,-0.041998090995863824,0.017309026380529287,0.0589950265131718,1.0,-0.041998090995863824,0.019392036674921467,0.07417614854880786,1.0,-0.041998090995863824,0.018410617885015135,0.0,0.0
2025-02-13,0.0016268101847122757,1.0,0.0,0.0,-0.019730991959088586,0.0,-0.02113133940182066,0.007317994964219632,0.00422421424239765,1.0,-0.02113133940182066,0.01426400320008719,0.06949204135613807,1.0,-0.02113133940182066,0.01802581103424329,0.06584018093736693,1.0,-0.04169166166766658,0.01909610953713416,0.0,0.0
2025-02-14,-0.0052151356791081595,0.0,-0.005201560468140465,0.0,0.005511442059534958,1.0,-0.02113133940182066,0.01825389705979197,0.013240949141802514,1.0,-0.02113133940182066,0.014808455202343087,0.055332589678370646,1.0,-0.024895020995800987,0.018922114202624567,0.0793422523489548,1.0,-0.04169166166766658,0.019263243959631134,0.0,0.0
2025-02-17,-0.01614266646469268,0.0,-0.01601307189542489,0.0,0.007812539736793625,1.0,-0.01601307189542489,0.017987850743198,0.04723277403997849,1.0,-0.01601307189542489,0.01724082067531097,0.051897686869011216,1.0,-0.033293341331733894,0.01914398637297944,0.13148682025004635,1.0,-0.04169166166766658,0.021268457608520176,0.0,0.0
2025-02-18,0.026869244203335828,1.0,0.0,0.0,0.03459875128560338,1.0,-0.0029097963142580285,0.01217522653201992,0.06181562112742431,1.0,-0.0029097963142580285,0.013490957188568582,0.0773053979916177,1.0,-0.033293341331733894,0.01778173796000324,0.13232674836810002,1.0,-0.04169166166766658,0.021224342957455067,0.0,0.0
2025-02-19,-0.0029140380018495347,0.0,-0.0029097963142580285,0.0,0.03650619630133555,1.0,-0.0029097963142580285,0.012982557388633216,0.07503129062566989,1.0,-0.0029097963142580285,0.016930262491803134,0.032445594126565565,1.0,-0.04169166166766658,0.018044242294170017,0.09639708853756394,1.0,-0.04169166166766658,0.020952909117292452,0.0,0.0
2025-02-20,0.010643545084116938,1.0,0.0,0.0,0.03786041492593812,1.0,-0.0015586034912716817,0.012463443318628847,0.06526782711374031,1.0,-0.012597480503899305,0.019283969667697312,0.07041857323839222,1.0,-0.04169166166766658,0.02021380381351629,0.09312645066315535,1.0,-0.04169166166766658,0.021025270213529457,0.0,0.0
2025-02-21,0.028776689219067963,1.0,0.0,0.0,0.06730178354340223,1.0,-0.0015586034912716817,0.01758302049632615,0.04209164053656818,1.0,-0.024895020995800987,0.02191244437381212,0.047307176212556284,1.0,-0.04169166166766658,0.020976705126803736,0.06218975917971539,1.0,-0.049570200573065826,0.021656425112630672,0.0,0.0
2025-02-24,-0.0015598193772468313,0.0,-0.0015586034912716817,0.0,0.025847592810555514,1.0,-0.012597480503899305,0.022710152180746228,0.0046649128290326535,1.0,-0.033293341331733894,0.019987447930587036,0.03250822900010318,1.0,-0.04169166166766658,0.01971197454799917,0.021890807858243187,1.0,-0.06045845272206307,0.02104055321115929,0.0,0.0
2025-02-25,0.04008491370158122,1.0,0.0,0.0,0.014874770694747023,1.0,-0.024895020995800987,0.024838367629411745,0.015489776864193366,1.0,-0.033293341331733894,0.020185460286023384,0.03165112877181147,1.0,-0.04169166166766658,0.019734555910176976,0.020396257115052396,1.0,-0.06332378223495705,0.02105249835197079,0.0,0.0
2025-02-26,-0.012677501513778966,0.0,-0.012597480503899305,0.0,-0.03386018149530171,0.0,-0.033293341331733894,0.001865358140682293,-0.04258569649910425,0.0,-0.04169166166766658,0.009374457781327224,0.01518112203563591,1.0,-0.04169166166766658,0.017095388977345492,-0.011159820239008338,0.0,-0.06332378223495705,0.019163334477591634,0.0,0.0
2025-02-27,-0.01253264149305516,0.0,-0.012454434993924735,0.0,-0.011917635323608997,0.0,-0.020959902794653873,0.00949364659928551,0.005150746124651794,1.0,-0.02946537059538279,0.019314320452581517,-0.0036518604187711842,0.0,-0.03101920236336797,0.019433033310111862,-0.015304859501338964,0.0,-0.07106017191977065,0.019315099977354,0.0,0.0
2025-02-28,-0.008650038488467557,0.0,-0.008612734543217537,0.0,-0.01737555349227007,0.0,-0.017829695665539602,0.011309108947893401,0.005215535675988174,1.0,-0.017829695665539602,0.019305236474194454,0.024009662670584162,1.0,-0.03101920236336797,0.01947288116888943,-0.01425055094913498,0.0,-0.08166189111747857,0.01928432626916388,0.0,0.0
2025-03-03,0.009265044657913724,1.0,0.0,0.0,0.02633342610617454,1.0,-0.017829695665539602,0.02166010822055118,0.027843316171070585,1.0,-0.017829695665539602,0.019154138945780955,0.07958913338103513,1.0,-0.03101920236336797,0.0231164072206815,-0.025134845017870194,0.0,-0.0994269340974212,0.019650747650062552,0.0,0.0
2025-03-04,-0.01799055966171638,0.0,-0.017829695665539602,0.0,0.004600529506542094,1.0,-0.017829695665539602,0.023813035390225386,0.01616135190761808,1.0,-0.017829695665539602,0.019272871263109597,0.055021350376482286,1.0,-0.03101920236336797,0.024130320536258045,-0.024270015146559524,0.0,-0.0994269340974212,0.019674790099943096,0.0,0.0
2025-03-05,0.03505894110997701,1.0,0.0,0.0,0.03656883117487309,1.0,-0.012390450287095955,0.019443886364769035,0.05776681853474016,1.0,-0.012390450287095955,0.01718172413953984,0.06395149441099851,1.0,-0.03101920236336797,0.023398525855716997,-0.010382349042217801,0.0,-0.0994269340974212,0.01931215010209471,0.0,0.0
2025-03-06,-0.012467851941718818,0.0,-0.012390450287095955,0.0,-0.0009070295406427261,0.0,-0.012390450287095955,0.010899416954251454,-0.008802606543422917,0.0,-0.03101920236336797,0.019451186897082456,0.02270787742476319,1.0,-0.03101920236336797,0.021544014435973372,-0.062344897862858496,0.0,-0.10916905444126068,0.01778599277142706,0.0,0.0
2025-03-07,0.01397774200661464,1.0,0.0,0.0,0.03517572936648192,1.0,-0.0024140012070005268,0.010746140766907362,0.01879412699459595,1.0,-0.03101920236336797,0.019544986156732218,0.014882582967159047,1.0,-0.049570200573065826,0.022197354979939375,-0.181709748882549,0.0,-0.2191977077363897,0.03323752975771834,0.0,1.0
2025-03-10,-0.0024169196055386566,0.0,-0.0024140012070005268,0.0,-0.010312496608318952,0.0,-0.03101920236336797,0.022516414278192155,0.0517458172099645,1.0,-0.03101920236336797,0.02627601445638554,-0.010617421141860008,0.0,-0.06045845272206307,0.022080505197604714,-0.19129348894582918,0.0,-0.2191977077363897,0.03296957640437116,0.0,1.0
2025-03-11,0.023614906965405802,1.0,0.0,0.0,0.00723330459351984,1.0,-0.03101920236336797,0.0242350796537311,0.03885999846886426,1.0,-0.03101920236336797,0.027978502471120045,-0.011254871656759062,0.0,-0.06332378223495705,0.022085245128449046,-0.17544867750619275,0.0,-0.2191977077363897,0.033320319752458666,0.0,1.0
2025-03-12,-0.03151048396818613,0.0,-0.03101920236336797,0.0,0.03054782985009743,1.0,-0.03101920236336797,0.03221339592342712,0.0061846758762583,1.0,-0.03101920236336797,0.027323177545982246,-0.026340942274644404,0.0,-0.06332378223495705,0.020822921101287004,-0.18261702141421612,0.0,-0.2191977077363897,0.033007092321167136,0.0,1.0
2025-03-13,0.0151288815963,1.0,0.0,0.0,0.04675557547164445,1.0,-0.0151862464183381,0.02540822606543495,0.03151048396818614,1.0,-0.03008595988538676,0.022747253438551256,-0.011652999082567903,0.0,-0.07106017191977065,0.01918810307296834,-0.11215863837164716,0.0,-0.2191977077363897,0.034170061406003455,0.0,1.0
2025-03-14,0.04692943222198336,1.0,0.0,0.0,0.02256627824814414,1.0,-0.024068767908309363,0.02798148734985417,-0.003911544027436903,0.0,-0.049570200573065826,0.02435421323740123,-0.03826021361971908,0.0,-0.08166189111747857,0.018579281224724263,-0.13516292447928777,0.0,-0.2191977077363897,0.0338382387751215,0.0,1.0
2025-03-17,-0.015302738346638955,0.0,-0.0151862464183381,0.0,-0.030547829850097418,0.0,-0.03008595988538676,0.003806070228559388,-0.06236323835182463,0.0,-0.06045845272206307,0.004924525624529482,-0.10472397839890525,0.0,-0.0994269340974212,0.008250991925246292,-0.19141723863700547,0.0,-0.2191977077363897,0.031517084833308465,0.0,1.0
2025-03-18,-0.009060415627200103,0.0,-0.009019493744544471,0.0,-0.03553823790278135,0.0,-0.03491416933372116,0.006087264120133015,-0.05011487012562327,0.0,-0.048879837067209775,0.005864210041665355,-0.07929136552304172,0.0,-0.08553971486761702,0.010085773818084072,-0.1939689917379343,0.0,-0.20715740471341282,0.031545182886079534,0.0,1.0
2025-03-19,-0.006184675876258237,0.0,-0.0061655901350557984,0.0,-0.03800008437798545,0.0,-0.037287140340575564,0.005816329298446125,-0.03252561815090259,0.0,-0.04022313564298308,0.009521676212631575,-0.07433384345321627,0.0,-0.07721667645331776,0.010139679362283457,-0.19699116802067398,0.0,-0.19994128009395196,0.03154900286548903,0.0,1.0
2025-03-20,-0.020293146399322955,0.0,-0.02008862629246677,0.0,-0.034869778622164914,0.0,-0.03426883308714934,0.007038063287594329,-0.04316348305075396,0.0,-0.04224519940915805,0.01036363995288903,-0.08505277528762158,0.0,-0.08153618906942395,0.010510791042927575,-0.18866363418158708,0.0,-0.1949778434268833,0.03164941621220246,0.0,1.0
2025-03-21,-0.011522262102404209,0.0,-0.011456135061802875,0.0,-0.006047795875321464,0.0,-0.014470907446487935,0.008218694244398451,-0.0343486695922822,0.0,-0.0337654507084717,0.008872615566391389,-0.19659233184970806,0.0,-0.1784745251733495,0.03864111803119807,-0.173736267066638,0.0,-0.1784745251733495,0.03156039808559646,0.0,1.0
2025-03-24,-0.003054370120437654,0.0,-0.003049710277523654,0.0,-0.01134807454902681,0.0,-0.016681831968456073,0.010362461726762532,-0.04236074004708067,0.0,-0.04670912951167727,0.010193369614886233,-0.18067606780396914,0.0,-0.17349105247194418,0.039266238809735086,-0.1490301332641069,0.0,-0.17349105247194418,0.031906850353138866,0.0,1.0
2025-03-25,0.008528836347520502,1.0,0.0,0.0,-0.019772037369440255,0.0,-0.027904155292690414,0.010911460348258266,-0.029176495397418525,0.0,-0.04670912951167727,0.012660505395960983,-0.16419380584943372,0.0,-0.17349105247194418,0.04019673838097483,-0.15844253190879923,0.0,-0.17349105247194418,0.03190793817446913,0.0,1.0
2025-03-26,-0.01682254077610954,0.0,-0.016681831968456073,0.0,-0.04783520627416345,0.0,-0.04670912951167727,0.003346864235023232,-0.041808225302313685,0.0,-0.04670912951167727,0.010641453910584374,-0.15627607913957173,0.0,-0.17349105247194418,0.040754466563128276,-0.1872472257878362,0.0,-0.17349105247194418,0.031782719626970206,0.0,1.0
2025-03-27,-0.01147833294085115,0.0,-0.011412708204811994,0.0,-0.020882790968829428,0.0,-0.030536705737199354,0.012524548969279478,-0.04188929223686771,0.0,-0.041024059222702136,0.010654386532243494,-0.10050563928907937,0.0,-0.15946946329426281,0.043903632367754006,-0.17776686190080704,0.0,-0.1628624305983961,0.03173858719271987,0.0,1.0
2025-03-28,-0.01953433255720274,0.0,-0.019344773790951564,0.0,-0.013507351585352987,0.0,-0.019344773790951564,0.012113657026856364,-0.16224366225742584,0.0,-0.14976599063962548,0.050797697934420655,-0.09690271085956867,0.0,-0.14976599063962548,0.04390522068688702,-0.18076271002466335,0.0,-0.16536661466458646,0.03175752125317761,1.0,1.0
2025-03-31,0.01012987452922437,1.0,0.0,0.0,-0.010876626738813785,0.0,-0.020787401574803188,0.0110415333690342,-0.13831532775688843,0.0,-0.1417322834645669,0.05287366620889288,-0.08669326023810023,0.0,-0.1417322834645669,0.04378297467101195,-0.15452194398596864,0.0,-0.15748031496062997,0.03183873076350542,1.0,1.0
2025-04-01,-0.004102893557374715,0.0,-0.004094488188976397,0.0,-0.15283920422944755,0.0,-0.1417322834645669,0.05743349722203376,-0.13501731045201518,0.0,-0.1417322834645669,0.053359362753199045,-0.11467762621489247,0.0,-0.1417322834645669,0.04338448289301258,-0.16688230271130078,0.0,-0.15748031496062997,0.03160523900015614,1.0,1.0
2025-04-02,-0.016903607710663595,0.0,-0.0167615433270083,0.0,-0.14434230872873824,0.0,-0.13820366856419986,0.059833101430686444,-0.11446785383725805,0.0,-0.13820366856419986,0.05570479437160205,-0.12265732456745765,0.0,-0.13820366856419986,0.04331501208482298,-0.12373047795251015,0.0,-0.15401644528779257,0.03325118909660455,1.0,1.0
2025-04-03,-0.1318327029614094,0.0,-0.1235123834030235,0.0,-0.11401080918397702,0.0,-0.1235123834030235,0.06644961892383594,-0.05861634705221172,0.0,-0.1235123834030235,0.06112238567441091,-0.10361085889396553,0.0,-0.1235123834030235,0.04348761148261261,-0.11149055582478905,0.0,-0.1395947249919588,0.033160823190291434,1.0,0.0
2025-04-07,0.0043940019433346715,1.0,0.0,0.0,0.03426845683481488,1.0,0.0,0.005120631166831914,0.06534095139785727,1.0,-0.00784447476125516,0.01546077502065692,0.022856064783070066,1.0,-0.049113233287858216,0.016068399360800553,0.04203960155970149,1.0,-0.08765347885402452,0.016758374993457736,0.0,0.0
2025-04-08,0.01342789183409766,1.0,0.0,0.0,0.06882235396586307,1.0,0.0,0.011385630651778491,0.0516220675187883,1.0,-0.017053206002728527,0.01779744030003618,0.031645934539862225,1.0,-0.049113233287858216,0.016396753497432963,0.01810331844126919,1.0,-0.08765347885402452,0.017394591180753816,0.0,0.0
2025-04-09,0.016446563057382426,1.0,0.0,0.0,0.04751905762042486,1.0,-0.00784447476125516,0.019120349798185624,0.020339684237122783,1.0,-0.03444747612551169,0.02084440458213907,0.0057512739406344136,1.0,-0.049113233287858216,0.016614710647456062,0.01998638976250641,1.0,-0.08765347885402452,0.017467064834552667,0.0,0.0
2025-04-10,0.0389478990743829,1.0,0.0,0.0,0.021747612627308212,1.0,-0.017053206002728527,0.022422171888892513,-0.008189470730199586,0.0,-0.046043656207367056,0.020578010922274296,-0.03097114664826439,0.0,-0.06753069577080495,0.01675856074950348,0.005305052229693319,1.0,-0.08765347885402452,0.017107248863084935,0.0,0.0
2025-04-11,-0.007875404511340523,0.0,-0.00784447476125516,0.0,-0.035054777894642605,0.0,-0.03444747612551169,0.004402491709992478,-0.04499451184175385,0.0,-0.046043656207367056,0.006533573792639897,-0.07726122261172766,0.0,-0.07435197817189632,0.009189416976256715,-0.03894789907438287,0.0,-0.08765347885402452,0.014645689207006351,0.0,0.0
2025-04-14,-0.009324881935734266,0.0,-0.009281540048126535,0.0,-0.03926196529324194,0.0,-0.03850120316259886,0.0035539340799030238,-0.04248488661478717,0.0,-0.04159504984530771,0.006695007463356684,-0.08385999916509476,0.0,-0.08044001375042975,0.009410703857102146,-0.056572170329955936,0.0,-0.08044001375042975,0.015482186754926231,0.0,0.0
2025-04-15,-0.01785449144756786,0.0,-0.01769604441360173,0.0,-0.027794225394679118,0.0,-0.02949340735600281,0.008403519314328305,-0.019976132978926066,0.0,-0.03261623872310904,0.010882652387519806,-0.06782868374786856,0.0,-0.07182512144344211,0.01042503338070052,-0.05271875927557258,0.0,-0.07182512144344211,0.015424011878549367,0.0,0.0
2025-04-16,-0.01208259190993988,0.0,-0.01200989049805723,0.0,-0.015305513231485046,0.0,-0.015188979159307614,0.005810513739379736,-0.014588410296488248,0.0,-0.015188979159307614,0.009654459159295373,-0.05220467649640835,0.0,-0.05510420346167433,0.009800742899762162,-0.03449857025581796,0.0,-0.05510420346167433,0.01503131652575495,0.0,0.0
2025-04-17,0.0021428579628285566,1.0,0.0,0.0,0.009960950378581681,1.0,-0.005351409204423896,0.007618494815644934,-0.022781675918064778,0.0,-0.03221238938053095,0.011575212059718893,-0.00107315338505249,0.0,-0.053097345132743334,0.016161043510781813,-0.015856188059352364,0.0,-0.053097345132743334,0.014937851223964295,0.0,0.0
2025-04-18,-0.005365779284373841,0.0,-0.005351409204423896,0.0,-0.0046486763493771115,0.0,-0.012389380530973493,0.010813925998608778,-0.03226671076997381,0.0,-0.03929203539823012,0.011088879286055158,-0.007879696930823552,0.0,-0.053097345132743334,0.016195238806476855,-0.008239344480105493,0.0,-0.053097345132743334,0.01510401356071119,0.0,0.0
2025-04-21,0.013183871700126956,1.0,0.0,0.0,-0.019558754596519557,0.0,-0.03221238938053095,0.014292541582137141,-0.041375112550307576,0.0,-0.053097345132743334,0.011501084177949003,0.01918353677663159,1.0,-0.053097345132743334,0.01741910932036231,0.013183871700126956,1.0,-0.053097345132743334,0.015469935070002126,0.0,0.0
2025-04-22,-0.012466768765130047,0.0,-0.012389380530973493,0.0,-0.0400848031857269,0.0,-0.03929203539823012,0.005317929883557461,-0.047852550768942445,0.0,-0.053097345132743334,0.009131737272489775,-0.013542616098593103,0.0,-0.053097345132743334,0.01805768683667749,-0.024365232556744543,0.0,-0.053097345132743334,0.01610160768636711,0.0,0.0
2025-04-23,-0.020275857531516433,0.0,-0.02007168458781361,0.0,-0.04209221548530439,0.0,-0.04121863799283154,0.005289455216090177,-0.03761626619992,0.0,-0.04121863799283154,0.009396536498401439,0.014235115821872129,1.0,-0.04121863799283154,0.01826987192360455,-0.014077113890836714,0.0,-0.04121863799283154,0.015897069801739532,0.0,0.0
2025-04-24,-0.007342176889080385,0.0,-0.007315288953913646,0.0,-0.01510992447229597,0.0,-0.0215801024140454,0.00879928891988185,0.021708522533012375,1.0,-0.0215801024140454,0.018675801597869354,0.0362761988779577,1.0,-0.0215801024140454,0.016788553884436487,-0.00036583135582693357,0.0,-0.03835327234342023,0.015323546223083809,0.0,0.0
2025-04-25,-0.01447418106470751,0.0,-0.014369933677229163,0.0,-0.009998231779323203,0.0,-0.014369933677229163,0.008682005932713408,0.024387013839150273,1.0,-0.014369933677229163,0.01836887002336275,0.038313323537344686,1.0,-0.01935256861365242,0.016666123176825164,-0.012233702158855192,0.0,-0.05665024630541882,0.0158174954814056,0.0,0.0
2025-04-28,0.006706433481492066,1.0,0.0,0.0,0.04352488048680029,1.0,-0.002227998514667595,0.017732254954369246,0.0605586493269391,1.0,-0.004652827487473199,0.01633297173059003,0.02728782883513868,1.0,-0.03272343420126678,0.018140167253829324,0.015210829348479785,1.0,-0.05665024630541882,0.01574564391530005,0.0,0.0
2025-04-29,-0.0022304841961076215,0.0,-0.002227998514667595,0.0,0.03215476142236585,1.0,-0.004652827487473199,0.02005742719373093,0.03430993467034937,1.0,-0.01935256861365242,0.02082685770580901,0.015109924472295946,1.0,-0.03800140745953562,0.01824074834547789,-0.004465954575639601,0.0,-0.05665024630541882,0.015956708645067198,0.0,0.0
2025-04-30,0.0390489312014159,1.0,0.0,0.0,0.056082700041554655,1.0,-0.004652827487473199,0.01797150928844634,0.05185138202179203,1.0,-0.01935256861365242,0.020474187175015212,0.017706106240590283,1.0,-0.03800140745953562,0.01820408756002701,-0.003728565095138813,0.0,-0.05805770584095715,0.015952879701455286,0.0,0.0
2025-05-06,-0.004663685582942324,0.0,-0.004652827487473199,0.0,-0.0025085123349589235,0.0,-0.01935256861365242,0.017052201231055795,0.014567676344945274,1.0,-0.01935256861365242,0.01462551483034504,-0.014783034674299766,0.0,-0.03800140745953562,0.013570544086232282,-0.03422248782448678,0.0,-0.05805770584095715,0.013379821997330347,0.0,0.0
2025-05-07,0.021697454423081148,1.0,0.0,0.0,0.017466136403318632,1.0,-0.01935256861365242,0.01812380786356124,0.013926309698194517,1.0,-0.01935256861365242,0.014694060396382302,-0.00035964754928199136,0.0,-0.03800140745953562,0.013917396867660888,-0.022546409601494077,0.0,-0.05805770584095715,0.013492513341248787,0.0,0.0
2025-05-08,-0.019542281175097802,0.0,-0.01935256861365242,0.0,-0.002466092495193554,0.0,-0.01935256861365242,0.014345907237004935,-0.0332708204918003,0.0,-0.03272343420126678,0.014672626973798357,-0.005999665076504694,0.0,-0.03800140745953562,0.013116457004372452,-0.04903649992631267,0.0,-0.05805770584095715,0.012446558296905259,0.0,0.0
2025-05-09,0.015310963155335111,1.0,0.0,0.0,0.011771136450210908,1.0,-0.005291005291005346,0.008553725152364201,-0.019200010198053407,0.0,-0.03562610229276897,0.013207025195391379,-0.010822616458151527,0.0,-0.03562610229276897,0.01387106680430951,-0.019200010198053407,0.0,-0.05573192239858915,0.01209173920833046,0.0,0.0
2025-05-12,0.0017652255245691492,1.0,0.0,0.0,-0.029039502472037668,0.0,-0.030335097001763733,0.011552712474983587,-0.034145275781201745,0.0,-0.03562610229276897,0.009781450007181905,-0.028312229712708768,0.0,-0.03562610229276897,0.012751237328104632,-0.05445991713238099,0.0,-0.05573192239858915,0.012161159068271157,0.0,0.0
2025-05-13,-0.005305052229693229,0.0,-0.005291005291005346,0.0,-0.036276198877957584,0.0,-0.03562610229276897,0.009480855012519574,-0.029350711019245152,0.0,-0.03562610229276897,0.010762767049726738,-0.03664203023378457,0.0,-0.03597883597883611,0.012695717998104008,-0.04767966988540486,0.0,-0.05573192239858915,0.012374189799935865,0.0,0.0
2025-05-14,-0.025499675766913626,0.0,-0.02517730496453907,0.0,-0.030605449076077592,0.0,-0.03049645390070921,0.011076597273652143,-0.014285957247476428,0.0,-0.03049645390070921,0.012472121715536121,-0.05054702569619996,0.0,-0.050973451327433694,0.013533139197315844,-0.05054702569619996,0.0,-0.05238938053097342,0.012423714407937037,0.0,0.0
2025-05-15,-0.005471470881350807,0.0,-0.005456529647144381,0.0,0.0014540169773616365,1.0,-0.005456529647144381,0.004912462218101309,0.027271155415295605,1.0,-0.005456529647144381,0.007449180454798983,-0.012076999486658867,0.0,-0.050973451327433694,0.012610986800164618,-0.03630028187622003,0.0,-0.06159292035398223,0.011456948053705686,0.0,0.0
2025-05-16,0.00036569757218678635,1.0,0.0,0.0,0.016685189400787826,1.0,0.0,0.003899480409597405,0.008377393739901843,1.0,-0.024070796460176958,0.01397058373542024,-0.019575879047935608,0.0,-0.050973451327433694,0.013057284424215073,-0.04030396242115325,0.0,-0.07044247787610614,0.011553656843017531,0.0,0.0
2025-05-19,0.00655979028652574,1.0,0.0,0.0,0.03237692872445977,1.0,0.0,0.003945548740112803,0.005833046068492942,1.0,-0.02619469026548671,0.01405510648106031,-0.021434671335729145,0.0,-0.05238938053097342,0.013036101230762334,-0.03686881923368378,0.0,-0.07044247787610614,0.01161315495988937,0.0,0.0
2025-05-20,0.009759701542075486,1.0,0.0,0.0,0.0014519058811894754,1.0,-0.024070796460176958,0.01775814305704257,-0.007291319214539435,0.0,-0.03256637168141596,0.014028293590890167,-0.019439453150186907,0.0,-0.05238938053097342,0.013182230289256941,-0.044187622839381026,0.0,-0.07044247787610614,0.01145685560273428,0.0,0.0
2025-05-21,0.01605743689585847,1.0,0.0,0.0,-0.010486445760108166,0.0,-0.02619469026548671,0.016528734292171967,-0.03626106844872348,0.0,-0.050973451327433694,0.014180260319703649,-0.02218676205221199,0.0,-0.05238938053097342,0.012962244493834998,-0.07971302581354235,0.0,-0.09132743362831852,0.012193706119402997,0.0,0.0
2025-05-22,-0.024365232556744543,0.0,-0.024070796460176958,0.0,-0.03310845765247334,0.0,-0.03256637168141596,0.009593656399041993,-0.0393481549019546,0.0,-0.050973451327433694,0.013184120621291788,-0.043036834849808026,0.0,-0.05238938053097342,0.011442614334359462,-0.08916977867804891,0.0,-0.09132743362831852,0.011574979441207455,0.0,0.0
2025-05-23,-0.00217865009922215,0.0,-0.0021762785636560977,0.0,-0.027953272787837553,0.0,-0.027566195139644645,0.007220440282565239,-0.027953272787837553,0.0,-0.027566195139644645,0.010927478966088852,-0.008377393739901939,0.0,-0.02901704751541534,0.009999196182905198,-0.059401213793251896,0.0,-0.06891548784911128,0.010808033321237651,0.0,0.0
2025-05-26,-0.006564574996506667,0.0,-0.0065430752453654595,0.0,-0.012804272245987854,0.0,-0.025445292620865256,0.013237569916793092,-0.027267717404222132,0.0,-0.02689930934205753,0.010973633926548225,-0.02614768741967218,0.0,-0.02689930934205753,0.011539935015122349,-0.039293416632174845,0.0,-0.06688476917484554,0.011730741801021247,0.0,0.0
2025-05-27,-0.019210047692108677,0.0,-0.01902671057446026,0.0,-0.019210047692108677,0.0,-0.01902671057446026,0.01393409809820489,-0.012148133935647459,0.0,-0.020490303695572587,0.01225877631499542,-0.011037639651620327,0.0,-0.020490303695572587,0.011907223305072915,-0.019956316383459287,0.0,-0.06108266276517915,0.012102759441197172,0.0,0.0
2025-05-28,0.012970350442627405,1.0,0.0,0.0,-0.0014930947156067945,0.0,-0.014359351988218028,0.010613610796660755,0.014074306396511489,1.0,-0.014359351988218028,0.00918078333722909,0.0,0.0,-0.019751280175566932,0.01061962776242071,-0.014653653153688516,0.0,-0.06108266276517915,0.011753938452115403,0.0,0.0
2025-05-29,-0.012970350442627517,0.0,-0.012886597938144395,0.0,-0.005908436686166283,0.0,-0.014359351988218028,0.008794144851990059,-0.0036886799478534956,0.0,-0.014359351988218028,0.007912891126065259,-0.024223282389561118,0.0,-0.03035844915874175,0.010136501782908544,-0.013343415173684335,0.0,-0.06108266276517915,0.011833513296834004,0.0,0.0
2025-05-30,-0.0014930947156067945,0.0,-0.0014919806042521522,0.0,0.014074306396511489,1.0,-0.0014919806042521522,0.00441823690870006,0.019575879047935563,1.0,-0.0047811695476278615,0.005947911109757563,-0.020728083373217677,0.0,-0.03950256035113375,0.009822151418275233,0.0070619137564612924,1.0,-0.06108266276517915,0.01160624499690126,0.0,0.0
2025-06-03,0.008555008472067954,1.0,0.0,0.0,0.010774765210380741,1.0,-0.0047811695476278615,0.005961897281973199,0.0011200299845499052,1.0,-0.019751280175566932,0.011393080124199446,-0.015434147897954663,0.0,-0.03950256035113375,0.009980519502435056,0.007443279619377426,1.0,-0.06108266276517915,0.01160350912115515,0.0,0.0
2025-06-04,0.007012392640050408,1.0,0.0,0.0,0.012513965291474326,1.0,-0.0047811695476278615,0.006478527697678561,0.0011104942840271153,1.0,-0.019751280175566932,0.011391686112569075,-0.02474816968919414,0.0,-0.03950256035113375,0.00941312768681839,0.011049836186584935,1.0,-0.06108266276517915,0.011756294376479948,0.0,0.0
2025-06-05,-0.004792635901737422,0.0,-0.0047811695476278615,0.0,-0.014447371127568411,0.0,-0.019751280175566932,0.012346726093550043,-0.014074306396511457,0.0,-0.019751280175566932,0.011199076609086098,-0.057526263761330236,0.0,-0.06108266276517915,0.011095438415381907,-0.005162253351888785,0.0,-0.06108266276517915,0.011841542177473706,0.0,0.0
2025-06-06,0.010294208553161656,1.0,0.0,0.0,-0.0011092624542856228,0.0,-0.019751280175566932,0.013862972722629588,-0.020534602441707753,0.0,-0.03035844915874175,0.011713572841941735,-0.04613294382824084,0.0,-0.06108266276517915,0.011703800488295682,-0.009654735225830907,0.0,-0.06108266276517915,0.011967368598419625,0.0,0.0
2025-06-09,-0.019948943778992506,0.0,-0.019751280175566932,0.0,-0.019575879047935608,0.0,-0.019751280175566932,0.011690956178940616,-0.04030396242115325,0.0,-0.03950256035113375,0.009266054290268859,-0.05102382005335004,0.0,-0.06108266276517915,0.011160181712463243,-0.027063746306205685,0.0,-0.06108266276517915,0.011783561189389578,0.0,0.0
2025-06-10,0.008545472771545262,1.0,0.0,0.0,-0.010879867215876837,0.0,-0.019237883832778357,0.00869836508124904,-0.016554177882504528,0.0,-0.028486866444691117,0.007948063404753847,-0.013145729212502616,0.0,-0.05031446540880502,0.011882981598281746,0.04094139037736072,1.0,-0.05031446540880502,0.015233673310417865,0.0,0.0
2025-06-11,-0.008172408040488369,0.0,-0.008139104698483224,0.0,-0.028900491413706143,0.0,-0.028486866444691117,0.0012625930745457027,-0.02585866397322133,0.0,-0.028486866444691117,0.005735566516683774,-0.008918676731838972,0.0,-0.05031446540880502,0.012294273273635409,0.0241239768945143,1.0,-0.05031446540880502,0.015315690497091593,0.0,0.0
2025-06-12,-0.0112529319469337,0.0,-0.01118985453189103,0.0,-0.01692724261356143,0.0,-0.02051473330846687,0.0067167166648463145,-0.04345195736481876,0.0,-0.042521447221186004,0.01017532617828892,-0.014653653153688516,0.0,-0.042521447221186004,0.01274597962912676,0.04628262690974235,1.0,-0.042521447221186004,0.015398422735505742,0.0,0.0
2025-06-13,-0.00947515142628406,0.0,-0.009430403621275008,0.0,-0.006433323985799267,0.0,-0.009430403621275008,0.005507724890688708,-0.025598341386533188,0.0,-0.031686156167483936,0.011672072394144868,0.010879867215876865,1.0,-0.031686156167483936,0.013082593394915146,0.052895179300174004,1.0,-0.031686156167483936,0.015172907067988534,0.0,0.0
2025-06-16,0.003800840759656175,1.0,0.0,0.0,-0.0227238739916011,0.0,-0.02617602427921084,0.012997038708759059,-0.010719857632196735,0.0,-0.02617602427921084,0.012072082027426281,0.02778999712967882,1.0,-0.02617602427921084,0.01269508435159992,0.0530244683082204,1.0,-0.02617602427921084,0.01516776864828401,0.0,0.0
2025-06-17,-0.0007590133191714863,0.0,-0.0007587253414264028,0.0,-0.019924030719905346,0.0,-0.02617602427921084,0.013852727382624053,0.0034084486700018592,1.0,-0.02617602427921084,0.01453508384106266,0.022877427517332048,1.0,-0.02617602427921084,0.012741004444586344,0.03357271663408016,1.0,-0.029202279202279136,0.01567793367154782,0.0,0.0
2025-06-18,-0.02576570143208582,0.0,-0.025436598329536708,0.0,-0.01376168507268149,0.0,-0.025436598329536708,0.014983417591939129,0.016939987241382425,1.0,-0.025436598329536708,0.015256706606294863,0.03579800587577903,1.0,-0.025436598329536708,0.013018630696307442,0.03689630362484157,1.0,-0.029202279202279136,0.015668826575621696,0.0,0.0
2025-06-19,0.006600684031352093,1.0,0.0,0.0,0.02993316342125917,1.0,0.0,0.0056437158807178915,0.028798304211130263,1.0,-0.01381112355356462,0.01081576278501868,0.052364010409441386,1.0,-0.01381112355356462,0.00984663022894675,0.06704317307249055,1.0,-0.029202279202279136,0.014333341020691597,0.0,0.0
2025-06-20,0.005403332328052441,1.0,0.0,0.0,0.03610500464211614,1.0,0.0,0.005140166313637648,0.03647820860240988,1.0,-0.01381112355356462,0.011357872368036238,0.03647820860240988,1.0,-0.01831501831501836,0.010739360499650292,0.06407885668452239,1.0,-0.029202279202279136,0.0143142966913267,0.0,0.0
2025-06-23,0.017929147061854896,1.0,0.0,0.0,0.016794287851725837,1.0,-0.01381112355356462,0.013952192461541326,0.038509854761875593,1.0,-0.01381112355356462,0.01131918182836129,0.02396007374714438,1.0,-0.025274725274725296,0.011182220311975558,0.07344790612315596,1.0,-0.029202279202279136,0.01453028613993175,0.0,0.0
2025-06-24,0.012772525252208927,1.0,0.0,0.0,0.01314572921250273,1.0,-0.01381112355356462,0.012947130322396817,0.019468978847330086,1.0,-0.01381112355356462,0.010403793233993064,0.054087119589863335,1.0,-0.025274725274725296,0.01732983189767182,0.06901807595822605,1.0,-0.029202279202279136,0.014343842849335842,0.0,0.0
2025-06-25,-0.013907384462337965,0.0,-0.01381112355356462,0.0,0.007808182447811709,1.0,-0.01381112355356462,0.012004261498090757,0.018858018634396723,1.0,-0.01381112355356462,0.010301884150708727,0.033042653626353224,1.0,-0.025274725274725296,0.017583737635992837,0.044532905715499824,1.0,-0.029202279202279136,0.014539568358379704,0.0,0.0
2025-06-26,0.014280588422631703,1.0,0.0,0.0,0.02060383805745916,1.0,-0.0011111111111111738,0.006296665897715548,0.023565706198311175,1.0,-0.009157509157509125,0.008739789898512757,0.06093628006343092,1.0,-0.025274725274725296,0.016828358766015274,0.08277582367139599,1.0,-0.029202279202279136,0.014804308400161949,0.0,0.0
2025-06-27,0.0074349784875179905,1.0,0.0,0.0,0.01848481467410316,1.0,-0.0011111111111111738,0.0054930982709915175,0.0,0.0,-0.01831501831501836,0.00866332898471932,0.04201531208429705,1.0,-0.025274725274725296,0.016865138250698783,0.06325504858520828,1.0,-0.029202279202279136,0.014746876085060307,0.0,0.0
2025-06-30,-0.0011117288526905406,0.0,-0.0011111111111111738,0.0,0.0018501392881613734,1.0,-0.009157509157509125,0.008805926472945385,-0.014549781014731299,0.0,-0.025274725274725296,0.008102698684554996,0.025234471178541405,1.0,-0.025274725274725296,0.01728943582876731,0.047024938644862985,1.0,-0.029202279202279136,0.014934817262647247,0.0,0.0
2025-07-01,0.012161565039275435,1.0,0.0,0.0,-0.006323249634827508,0.0,-0.01831501831501836,0.010089989605008086,0.0346181407425333,1.0,-0.025274725274725296,0.02208658623293573,0.01069528911674795,1.0,-0.029202279202279136,0.018125120459789548,0.07463752099049828,1.0,-0.029202279202279136,0.015801999705627838,0.0,0.0
2025-07-02,-0.009199696898423487,0.0,-0.009157509157509125,0.0,-0.025599617201316257,0.0,-0.025274725274725296,0.0010035686071382518,0.014184634991956381,1.0,-0.025274725274725296,0.022623218850438803,0.001098297749062592,1.0,-0.029202279202279136,0.017762858964327298,0.04547051405176771,1.0,-0.029202279202279136,0.01629494534893906,0.0,0.0
2025-07-03,-0.00928511777567954,0.0,-0.009242144177449174,0.0,0.03165627260168133,1.0,-0.016266173752310542,0.026534202070663798,0.03737057386511971,1.0,-0.016266173752310542,0.0220497596952742,0.014679162663049075,1.0,-0.029202279202279136,0.017516633923700325,0.024827854335196062,1.0,-0.04576737783895379,0.017591182405787855,0.0,0.0
2025-07-04,-0.007114802527213241,0.0,-0.0070895522388060295,0.0,0.032669449666059454,1.0,-0.008237822349570267,0.026284842151491176,0.04201531208429705,1.0,-0.008237822349570267,0.021412771383967803,0.02760064808211255,1.0,-0.029202279202279136,0.017148476905814298,0.055166381308708046,1.0,-0.04576737783895379,0.017923003698636468,0.0,0.0
2025-07-07,0.048056192904574,1.0,0.0,0.0,0.05377049416801249,1.0,-0.008237822349570267,0.023163781329898984,0.0397842521932727,1.0,-0.013888888888888729,0.02175205078351157,0.04948783237601169,1.0,-0.029202279202279136,0.01714520478757714,0.04662250090272529,1.0,-0.04576737783895379,0.01825203929653,0.0,0.0
2025-07-08,-0.00827194071130131,0.0,-0.008237822349570267,0.0,0.0010739217069364129,1.0,-0.008237822349570267,0.009750019729748457,-0.023922851625785176,0.0,-0.029202279202279136,0.010034028911135705,0.01493095636836268,1.0,-0.029202279202279136,0.01017362060331416,0.0035752630146890477,1.0,-0.04576737783895379,0.014977440498559157,0.0,0.0
2025-07-09,0.01398624197473987,1.0,0.0,0.0,0.0,0.0,-0.013888888888888729,0.010074608864946986,-0.013086337242893922,0.0,-0.029202279202279136,0.010215388758419135,0.011490252089146604,1.0,-0.029202279202279136,0.01054930029833528,0.026021785486084085,1.0,-0.04576737783895379,0.015142243397176855,0.0,0.0
2025-07-10,-0.0046403795565021135,0.0,-0.004629629629629539,0.0,-0.029637152889223747,0.0,-0.029202279202279136,0.004510814243905738,-0.02269141120207065,0.0,-0.029202279202279136,0.007438022883151898,0.02183954360796505,1.0,-0.029202279202279136,0.012144902702333494,0.0007119971820897821,1.0,-0.04576737783895379,0.015086732180754951,0.0,0.0
2025-07-11,-0.009345862418237658,0.0,-0.009302325581395321,0.0,-0.0224321996611316,0.0,-0.02468694096601065,0.007552894979155575,-0.014414664002184654,0.0,-0.02468694096601065,0.008120769545677546,0.021239736500911197,1.0,-0.02468694096601065,0.012179889064230391,0.0,0.0,-0.04576737783895379,0.015098559400153585,0.0,0.0
2025-07-14,-0.015650910914483954,0.0,-0.015529071867100064,0.0,-0.0087051692273309,0.0,-0.015529071867100064,0.009045490466253128,0.00970358018273898,1.0,-0.015529071867100064,0.009831960361766302,0.02179046746632142,1.0,-0.015529071867100064,0.012129041027732603,0.03233538064293645,1.0,-0.04576737783895379,0.01572931003095221,0.0,0.0
2025-07-15,0.0025645736715899457,1.0,0.0,0.0,0.010582109330537008,1.0,0.0,0.0007456156980738494,0.038853807994147824,1.0,0.0,0.0052445396661776455,0.06394223187375016,1.0,-0.013937282229965153,0.012518394990836703,0.04798629155742027,1.0,-0.04576737783895379,0.015232231454612376,0.0,0.0
2025-07-16,0.004381168015563095,1.0,0.0,0.0,0.022789917425633004,1.0,0.0,0.005083118698969407,0.024576589332040568,1.0,-0.011644318983768498,0.00947899706295445,0.044372216302705075,1.0,-0.016861665519614544,0.014358557348435193,0.04995687305122154,1.0,-0.04576737783895379,0.015239353409206229,0.0,0.0
2025-07-17,0.0036363676433839335,1.0,0.0,0.0,0.03190806630699466,1.0,0.0,0.004976715479721873,0.044530954810035765,1.0,-0.011644318983768498,0.012218682786728335,0.010148691672147029,1.0,-0.04576737783895379,0.017662511345034555,0.026601137170481674,1.0,-0.04576737783895379,0.01592953369125722,0.0,0.0
2025-07-18,0.014772381766686112,1.0,0.0,0.0,0.01655905367309366,1.0,-0.011644318983768498,0.012196175897506321,0.0356544005030957,1.0,-0.011644318983768498,0.013439280963326711,0.027565733226595595,1.0,-0.04576737783895379,0.018665418743714027,0.0530159476989968,1.0,-0.04576737783895379,0.017116800959461373,0.0,0.0
2025-07-21,0.013499316896924886,1.0,0.0,0.0,0.02612220539996597,1.0,-0.011644318983768498,0.015101647387556136,0.012086887283582494,1.0,-0.013937282229965153,0.014051555959919856,-0.0028653314732863936,0.0,-0.04576737783895379,0.01893704203224556,0.0546317783902219,1.0,-0.04576737783895379,0.01717752997557927,0.0,0.0
2025-07-22,-0.011712644990517194,0.0,-0.011644318983768498,0.0,0.007382701839484929,1.0,-0.011644318983768498,0.01569177814308404,0.02508842387960247,1.0,-0.013937282229965153,0.0167965923325739,-0.011355693353673434,0.0,-0.04576737783895379,0.01848485736562596,0.042147861817466596,1.0,-0.04576737783895379,0.01700082299491397,0.0,0.0
2025-07-23,0.0243355334935581,1.0,0.0,0.0,0.010300215377174782,1.0,-0.013937282229965153,0.014851119729787494,0.019795626970664573,1.0,-0.016861665519614544,0.017945133070420168,0.014531533396937458,1.0,-0.04576737783895379,0.018634405986085786,0.07528033510880676,1.0,-0.04576737783895379,0.017186692980232215,0.0,0.0
2025-07-24,-0.005240186663556159,0.0,-0.005226480836236891,0.0,0.012465535376561494,1.0,-0.013937282229965153,0.015867289259366035,-0.034382263137888724,0.0,-0.04576737783895379,0.01871059821722235,-0.021127546425875283,0.0,-0.04576737783895379,0.01727684751361272,0.042298256225907,1.0,-0.04576737783895379,0.01670941678725833,0.0,0.0
2025-07-25,-0.008795131452827289,0.0,-0.008756567425569184,0.0,0.0007002801406624725,1.0,-0.016861665519614544,0.018873889929661863,-0.008088667276500226,0.0,-0.04576737783895379,0.021861205853514563,-0.02123973650091114,0.0,-0.04576737783895379,0.017278911023858264,0.06015062467215172,1.0,-0.04576737783895379,0.016769394744626295,0.0,0.0
2025-07-28,0.026500853492944745,1.0,0.0,0.0,-0.020346945021505258,0.0,-0.04576737783895379,0.024111181001196764,-0.014952218756868868,0.0,-0.04576737783895379,0.02247564530459528,0.01054491317661504,1.0,-0.04576737783895379,0.018629987637966725,0.05164658886216676,1.0,-0.04576737783895379,0.017166384634080434,0.0,0.0
2025-07-29,-0.017005441899455093,0.0,-0.016861665519614544,0.0,-0.025794389316617834,0.0,-0.04576737783895379,0.02161183190326205,-0.03644411723327587,0.0,-0.04576737783895379,0.018042431026672426,-0.015955940316329804,0.0,-0.04576737783895379,0.016595570114659564,0.02009946730159763,1.0,-0.04576737783895379,0.01632487961888869,0.0,0.0
2025-07-30,-0.02984235661499505,0.0,-0.029401470073503688,0.0,-0.02444763035035858,0.0,-0.029401470073503688,0.021445883535134616,-0.0052640935737271275,0.0,-0.029401470073503688,0.018970887699793913,0.005584656748516483,1.0,-0.029401470073503688,0.015836200354006007,0.020783567636948354,1.0,-0.037928759894459096,0.016287781651877855,0.0,0.0
2025-07-31,0.021053409197832263,1.0,0.0,0.0,0.010403681281174172,1.0,-0.015536723163841804,0.015027210419894334,0.013254716712013432,1.0,-0.015536723163841804,0.014195308992287825,0.01645244549833456,1.0,-0.018795683954054954,0.013976304721449713,0.09619494711909973,1.0,-0.037928759894459096,0.017393577350763023,0.0,0.0
2025-08-01,-0.01565868293319587,0.0,-0.015536723163841804,0.0,0.0035248538434355207,1.0,-0.015536723163841804,0.012477462590532971,-0.01315106922441083,0.0,-0.01653764954257575,0.010894799341953839,0.025450214472401176,1.0,-0.018795683954054954,0.015412641441214665,0.05829555737979677,1.0,-0.037928759894459096,0.017584121352434742,0.0,0.0
2025-08-04,0.0050089550165379046,1.0,0.0,0.0,0.007859990447377096,1.0,-0.011259676284306797,0.010545740845759637,0.025497131933483817,1.0,-0.01653764954257575,0.012501009859134866,0.05749710986350829,1.0,-0.018795683954054954,0.014604978246205078,0.08356810517738865,1.0,-0.037928759894459096,0.01710554838573677,0.0,0.0
2025-08-05,0.014174581760093813,1.0,0.0,0.0,-0.00250134130775276,0.0,-0.01653764954257575,0.010888890926845585,0.02048817691694597,1.0,-0.01653764954257575,0.012667709152202044,0.053503555171140124,1.0,-0.018795683954054954,0.014674208754997224,0.07459220280988649,1.0,-0.037928759894459096,0.017195383576135564,0.0,0.0
2025-08-06,-0.011323546329254468,0.0,-0.011259676284306797,0.0,0.006313595156852304,1.0,-0.01653764954257575,0.014967758963386826,0.010848750322243554,1.0,-0.01653764954257575,0.011682612225779371,0.06074880171186932,1.0,-0.018795683954054954,0.015259212472692844,0.04707964405623632,1.0,-0.037928759894459096,0.017403997214137594,0.0,0.0
2025-08-07,-0.005352376738591954,0.0,-0.005338078291814985,0.0,0.017637141486106876,1.0,-0.005338078291814985,0.012294664131989139,0.003197728786321012,1.0,-0.018795683954054954,0.01368007784423601,0.06342580265178231,1.0,-0.018795683954054954,0.01497242179911967,0.04692433375789564,1.0,-0.037928759894459096,0.017410131845985936,0.0,0.0
2025-08-08,0.02298951822469878,1.0,0.0,0.0,0.027524673390090154,1.0,0.0,0.009942328681521636,0.0386012836968121,1.0,-0.018795683954054954,0.017402191213516816,0.08139036117306278,1.0,-0.018795683954054954,0.01453271307392196,0.22063593760542477,1.0,-0.037928759894459096,0.04003405989944004,0.0,0.0
2025-08-11,0.0,0.0,0.0,0.0,-0.014439412699785744,0.0,-0.018795683954054954,0.010183368439756205,0.03199997793002442,1.0,-0.018795683954054954,0.016416144234410394,0.04110167568555178,1.0,-0.018795683954054954,0.01541507394547476,0.18871135489272559,1.0,-0.037928759894459096,0.04016170349021494,0.0,0.0
2025-08-12,0.0045351551653911425,1.0,0.0,0.0,0.015611765472113215,1.0,-0.018795683954054954,0.020020262739797033,0.03301537825419396,1.0,-0.018795683954054954,0.01634182776003994,0.036055407617927505,1.0,-0.022097625329815407,0.015622565094828095,0.1464286337333479,1.0,-0.04992826398852235,0.04168669367303085,0.0,0.0
2025-08-13,-0.018974567865176963,0.0,-0.018795683954054954,0.0,0.027464822764633152,1.0,-0.018795683954054954,0.020657865434455053,0.049900051389625645,1.0,-0.018795683954054954,0.0172830442878138,0.01519891088843193,1.0,-0.037928759894459096,0.016713355474378674,0.18011469138815436,1.0,-0.04992826398852235,0.042217238304401855,0.0,0.0
2025-08-14,0.030051178171899118,1.0,0.0,0.0,0.04745479095397975,1.0,0.0,0.011860655688374916,0.06022807386546113,1.0,-0.008609271523178696,0.014005466577027502,0.0797425016207653,1.0,-0.037928759894459096,0.019741018626890382,0.23814224814490526,1.0,-0.04992826398852235,0.042188555617504446,0.0,0.0
2025-08-15,0.016388212457911038,1.0,0.0,0.0,0.03882344108290367,1.0,0.0,0.008679357323522091,0.04278907747625057,1.0,-0.008609271523178696,0.010918447106218929,0.03284534290739571,1.0,-0.037928759894459096,0.01950845180059158,0.1846138214079902,1.0,-0.04992826398852235,0.04264801622427593,0.0,0.0
2025-08-18,0.0010154003241695999,1.0,0.0,0.0,0.013788683235651071,1.0,-0.008609271523178696,0.012532981834175226,0.009101697755527455,1.0,-0.01715039577836408,0.013973997039678701,0.02607099531388036,1.0,-0.037928759894459096,0.019156100286932324,0.25007198163098976,1.0,-0.04992826398852235,0.045488808691632875,0.0,0.0
2025-08-19,0.021419828300823045,1.0,0.0,0.0,0.025385464694169833,1.0,-0.008609271523178696,0.012620507759814496,0.003040029363733527,1.0,-0.022097625329815407,0.014251432030619729,0.021088647638746395,1.0,-0.037928759894459096,0.019255555014695377,0.27199815054922666,1.0,-0.04992826398852235,0.04546293489750624,0.0,0.0
2025-08-20,-0.008646545389341544,0.0,-0.008609271523178696,0.0,-0.013333530869465144,0.0,-0.01715039577836408,0.012567551463024202,-0.03470114050119377,0.0,-0.037928759894459096,0.010808406412807057,-0.013669157655633007,0.0,-0.037928759894459096,0.018581294610185737,0.23917332563441351,1.0,-0.04992826398852235,0.04574264400074888,0.0,0.0
2025-08-21,0.012612181782688659,1.0,0.0,0.0,-0.009733253547747941,0.0,-0.022097625329815407,0.012277545861925846,0.01951442775530418,1.0,-0.037928759894459096,0.02345443495850134,-0.016501468893886623,0.0,-0.037928759894459096,0.018711229878733204,0.22966864271246734,1.0,-0.04992826398852235,0.04600288233258075,0.0,0.0
2025-08-22,-0.017299167262812106,0.0,-0.01715039577836408,0.0,-0.03866677689454085,0.0,-0.037928759894459096,0.005559945684541935,-0.00994373456885507,0.0,-0.037928759894459096,0.024214291374661787,0.13924557643236207,1.0,-0.037928759894459096,0.054566620063106926,0.2380711559900328,1.0,-0.04992826398852235,0.046049616960301146,0.0,0.0
2025-08-25,-0.005046268067624384,0.0,-0.005033557046979942,0.0,0.02420141323542777,1.0,-0.021140939597315445,0.02691437486259341,0.01696929755835288,1.0,-0.021140939597315445,0.023181927888075226,0.14760967920717372,1.0,-0.035375040943334435,0.054144072396307814,0.2777334194495543,1.0,-0.04992826398852235,0.04560114717805356,0.0,0.0
2025-08-26,-0.016321341564104256,0.0,-0.016188870151770507,0.0,0.012401700761581527,1.0,-0.016704880445463477,0.029299839032530473,0.018048618275013053,1.0,-0.016704880445463477,0.023107235405872138,0.11037322611542044,1.0,-0.04992826398852235,0.056602832331120574,0.24654383906313362,1.0,-0.04992826398852235,0.0467410225368583,0.0,0.0
2025-08-27,0.04556902286715649,1.0,0.0,0.0,0.038336907190081655,1.0,-0.016704880445463477,0.02557891809110855,0.0210319828455608,1.0,-0.024238453979692154,0.022618217189622508,0.16491578049972255,1.0,-0.04992826398852235,0.05633097250764757,0.2730920955128336,1.0,-0.04992826398852235,0.046283310140301584,0.0,0.0
2025-08-28,-0.01684598054147058,0.0,-0.016704880445463477,0.0,-0.011199063028039004,0.0,-0.016704880445463477,0.01080345302439812,-0.036015896649190776,0.0,-0.035375040943334435,0.00940411555424843,0.1583997465241399,1.0,-0.04992826398852235,0.05602772369886493,0.2626413809463583,1.0,-0.04992826398852235,0.04597803582473383,0.0,0.0
2025-08-29,0.009613864864395893,1.0,0.0,0.0,-0.00769105948012498,0.0,-0.017156054107555274,0.009422441896661617,0.1491893110012171,1.0,-0.028373474100956808,0.06972971833872396,0.15176847850059458,1.0,-0.04992826398852235,0.05644832436113236,0.4003443132156235,1.0,-0.04992826398852235,0.05100855691921065,0.0,0.0
2025-09-01,-0.00396694735096431,0.0,-0.00395908940943579,0.0,-0.0287837809721161,0.0,-0.028373474100956808,0.00405108087192388,0.13064038164882072,1.0,-0.028373474100956808,0.07118523065593929,0.2240009863171093,1.0,-0.04992826398852235,0.059796537085957155,0.3925145701447292,1.0,-0.04992826398852235,0.051116831053949166,0.0,0.0
2025-09-02,-0.013337976993556553,0.0,-0.013249420337860252,0.0,0.14354239348778539,1.0,-0.024511427625041438,0.08521806450983822,0.09232460784040744,1.0,-0.04992826398852235,0.0759175768527232,0.25090950291048014,1.0,-0.04992826398852235,0.059151435929118965,0.40711991570074907,1.0,-0.04992826398852235,0.05087833541195577,0.0,0.0
2025-09-03,-0.011478856627595194,0.0,-0.01141322591473648,0.0,0.1479453059933417,1.0,-0.01141322591473648,0.08418331391363698,0.1438837976541617,1.0,-0.04992826398852235,0.07438361251271966,0.25284248329004655,1.0,-0.04992826398852235,0.059028570854885026,0.464660410188836,1.0,-0.04992826398852235,0.05051728795994964,0.0,0.0
2025-09-04,0.16835922710893733,1.0,0.0,0.0,0.11714144146155929,1.0,-0.04992826398852235,0.09244539674171841,0.19441564317333077,1.0,-0.04992826398852235,0.07160866124635677,0.24617011160635405,1.0,-0.04992826398852235,0.059476368804957054,0.3639826427425574,1.0,-0.10609576038810364,0.058162947165567046,0.0,0.0
2025-09-05,-0.008935064488000362,0.0,-0.008895265423242482,0.0,-0.01299657282718036,0.0,-0.04992826398852235,0.03302635997910952,0.0025791674993774875,1.0,-0.04992826398852235,0.0328740375252089,0.09882557955767077,1.0,-0.04992826398852235,0.03543232335781405,0.2143242878801284,1.0,-0.10609576038810364,0.04689929899363047,0.0,0.0
2025-09-08,-0.04228272115937763,0.0,-0.04140127388535031,0.0,0.03499148055239391,1.0,-0.04140127388535031,0.038147481301905664,0.09336060466828862,1.0,-0.04140127388535031,0.045344448347850196,0.13012374024238066,1.0,-0.04140127388535031,0.03501171064008413,0.22580358873535664,1.0,-0.10609576038810364,0.04672520982705399,0.0,0.0
2025-09-09,0.03822121282019767,1.0,0.0,0.0,0.05379695314675553,1.0,-0.023203802068772816,0.029282954057709105,0.15858489507007276,1.0,-0.023203802068772816,0.03385997277744099,0.13617061294771313,1.0,-0.03558718861209975,0.03409161512513553,0.23783426672421334,1.0,-0.11411094705758273,0.04610497174268191,0.0,0.0
2025-09-10,0.03905298889157383,1.0,0.0,0.0,0.09742211300746852,1.0,-0.023203802068772816,0.043249109797999,0.10895868563588487,1.0,-0.023203802068772816,0.0375689669129743,0.10817631501311098,1.0,-0.03558718861209975,0.033091000237387924,0.16743415553978064,1.0,-0.14216410040075922,0.046644686662955036,0.0,0.0
2025-09-11,-0.02347724856501597,0.0,-0.023203802068772816,0.0,0.08131069335830124,1.0,-0.023203802068772816,0.043098785374896934,0.05175446843302328,1.0,-0.029123711340206082,0.03924324542370786,0.10424163442221826,1.0,-0.03558718861209975,0.032774810879583144,0.04883010106913576,1.0,-0.2077620755114954,0.04979973034798996,0.0,1.0
2025-09-12,0.08184637268091056,1.0,0.0,0.0,0.093382945309327,1.0,-0.01134020618556697,0.03850725808876175,0.09624641205829335,1.0,-0.029123711340206082,0.03542210721839334,0.24857583471502892,1.0,-0.03558718861209975,0.04439002268184772,0.1073619459184901,1.0,-0.2077620755114954,0.04991031754160431,0.0,1.0
2025-09-15,0.022941569242406534,1.0,0.0,0.0,-0.006614655682871316,0.0,-0.029123711340206082,0.01799325873465553,0.036763135574092075,1.0,-0.029123711340206082,0.018205913812872343,0.16851358382761988,1.0,-0.03558718861209975,0.04043316370689486,0.07882482906727362,1.0,-0.2077620755114954,0.04807780447663182,0.0,1.0
2025-09-16,-0.011404996613990245,0.0,-0.01134020618556697,0.0,-0.008541529865023972,0.0,-0.029123711340206082,0.01709619062153954,-0.022414282122359644,0.0,-0.03558718861209975,0.022864046980028394,0.15621041279026893,1.0,-0.03558718861209975,0.040416309427733506,0.04952627020193453,1.0,-0.2077620755114954,0.04792265982575216,0.0,1.0
2025-09-17,-0.018151228311287664,0.0,-0.01798748696558905,0.0,0.025226562945675563,1.0,-0.01798748696558905,0.018788880368480226,-0.0007823706227738328,0.0,-0.03558718861209975,0.023189207186493838,0.21181792689878937,1.0,-0.03558718861209975,0.04013982458047451,0.047597735946459295,1.0,-0.2077620755114954,0.04795242483014878,0.0,1.0
2025-09-18,0.02101469506025395,1.0,0.0,0.0,0.00714194280291838,1.0,-0.03558718861209975,0.027311534462952956,0.05248716598919504,1.0,-0.03558718861209975,0.024664415826962913,0.1178125311362033,1.0,-0.10609576038810364,0.05608957173508336,0.10713753947872154,1.0,-0.2077620755114954,0.048431189649088144,0.0,1.0
2025-09-19,0.02236309619670939,1.0,0.0,0.0,-0.003645837371739998,0.0,-0.03558718861209975,0.025254068073071262,0.1523294226567357,1.0,-0.03558718861209975,0.0512183215855699,0.11549870832245752,1.0,-0.10609576038810364,0.05605576676436747,0.0390007373497326,1.0,-0.2077620755114954,0.04959251351022012,0.0,1.0
2025-09-22,-0.036235848454044976,0.0,-0.03558718861209975,0.0,0.00910937473223172,1.0,-0.03558718861209975,0.029570603889444793,0.13175044825352777,1.0,-0.03558718861209975,0.0525145157602559,0.09567984849297603,1.0,-0.10609576038810364,0.055988737049742804,-0.003054992192712941,0.0,-0.2077620755114954,0.04957399816871739,0.0,1.0
2025-09-23,0.010226914885595672,1.0,0.0,0.0,0.16620217491407133,1.0,0.0,0.04738694322580683,0.1786246949126285,1.0,0.0,0.04399838730528842,0.10166365377650026,1.0,-0.11411094705758273,0.05552607464777611,0.06973060667349121,1.0,-0.2077620755114954,0.049463027709673583,0.0,1.0
2025-09-24,0.03511830830068107,1.0,0.0,0.0,0.15775938182197727,1.0,0.0,0.05015600306973145,0.2126002975215632,1.0,0.0,0.04211921703304171,0.059257840526669464,1.0,-0.14216410040075922,0.05696028621179234,0.02829406849707207,1.0,-0.2077620755114954,0.05000218153330084,0.0,1.0
2025-09-25,0.12085695172779458,1.0,0.0,0.0,0.1332794717263518,1.0,0.0,0.05416524775575217,0.06532536514700822,1.0,-0.10609576038810364,0.07536876222688331,-0.05541153335308262,0.0,-0.2077620755114954,0.06130572882993187,-0.021643110879488284,0.0,-0.2077620755114954,0.04950114798013478,1.0,1.0
2025-09-26,0.0017841217935016136,1.0,0.0,0.0,0.05662503749308748,1.0,0.0,0.018270402927805695,-0.036830714334278106,0.0,-0.10609576038810364,0.05427292474623322,-0.1412138887965389,0.0,-0.2077620755114954,0.0474544554044873,-0.1335313926245225,0.0,-0.2077620755114954,0.040995851533395494,1.0,1.0
2025-09-29,0.010638398205055577,1.0,0.0,0.0,-0.05731570837428782,0.0,-0.10609576038810364,0.06720891868078975,-0.03607059976055177,0.0,-0.10609576038810364,0.05429940058771773,-0.08968875476034618,0.0,-0.2077620755114954,0.05152443693022219,-0.16561693927427268,0.0,-0.2077620755114954,0.04126031581846669,1.0,1.0
2025-09-30,0.044202517494530295,1.0,0.0,0.0,-0.04925323433283538,0.0,-0.10609576038810364,0.06849347041515305,-0.07696104113612832,0.0,-0.11411094705758273,0.05407356541493219,-0.10668414258833457,0.0,-0.2077620755114954,0.05112843480444765,-0.14467921519107924,0.0,-0.2077620755114954,0.04198630370400506,1.0,1.0
2025-10-09,-0.1121566240738738,0.0,-0.10609576038810364,0.0,-0.09091151546013776,0.0,-0.10609576038810364,0.05825328661410307,-0.15334245699489366,0.0,-0.14216410040075922,0.04512912557894618,-0.16422019095233018,0.0,-0.2077620755114954,0.04775605978769406,-0.1883723083241086,0.0,-0.2077620755114954,0.040358263325539954,1.0,1.0
2025-10-10,0.018700872246508293,1.0,0.0,0.0,-0.009006934556784817,0.0,-0.02979902979902982,0.020366150463399988,-0.12073689850009081,0.0,-0.13236313236313224,0.03382234669646914,-0.010674991657481802,0.0,-0.13236313236313224,0.03824362674562306,-0.06658560475929609,0.0,-0.13236313236313224,0.03289524484597707,1.0,0.0
2025-10-13,0.002544236367227935,1.0,0.0,0.0,-0.059886705167528045,0.0,-0.06052206052206044,0.015933907967444916,-0.10438317446226071,0.0,-0.13236313236313224,0.038301874857189416,-0.07649797097272501,0.0,-0.13236313236313224,0.039903285336920315,-0.051805358382353534,0.0,-0.13236313236313224,0.03354153971662216,1.0,0.0
2025-10-14,-0.03025204317052091,0.0,-0.02979902979902982,0.0,-0.14198200711382689,0.0,-0.13236313236313224,0.022799192500336574,-0.05361815499979439,0.0,-0.13236313236313224,0.04852784730306881,-0.09873484068568897,0.0,-0.13236313236313224,0.03989283839985019,-0.039340840488400905,0.0,-0.13236313236313224,0.03374632718412074,1.0,0.0
2025-10-15,-0.03217889836423509,0.0,-0.03166666666666662,0.0,-0.07667536765896778,0.0,-0.10571428571428565,0.0470211805235331,-0.029723101452206233,0.0,-0.10571428571428565,0.04753582602112557,-0.03193304710300915,0.0,-0.10571428571428565,0.04148248862105578,-0.08441734181258306,0.0,-0.10571428571428565,0.03691650455733552,1.0,0.0
2025-10-16,-0.07955106557907095,0.0,-0.07646914187361686,0.0,0.008812786534961639,1.0,-0.07646914187361686,0.05880245207576839,-0.010877733957436488,0.0,-0.07646914187361686,0.046029561926750256,-0.03096377202959745,0.0,-0.07646914187361686,0.04141572665048601,-0.04758607010462738,0.0,-0.0930121631290245,0.03639081060443974,0.0,0.0
2025-10-17,0.035054596284338276,1.0,0.0,0.0,0.0820068624910999,1.0,-0.006336826712161736,0.02496266743422452,0.11006190684260908,1.0,-0.019497928345113436,0.0267551315883246,0.033768422473594316,1.0,-0.07345575959933215,0.0332049633748785,0.04782616196382587,1.0,-0.0930121631290245,0.03194360742902479,0.0,0.0
2025-10-20,0.05330925582969423,1.0,0.0,0.0,0.03361873533729617,1.0,-0.019497928345113436,0.02990725291669298,0.027885203489535642,1.0,-0.04602909611256856,0.03698124210547253,0.007682496172016431,1.0,-0.07345575959933215,0.03159974178496427,-0.01815873501187095,0.0,-0.0930121631290245,0.03180693320436662,0.0,0.0
2025-10-21,-0.006356989622932585,0.0,-0.006336826712161736,0.0,0.02169805472857664,1.0,-0.019497928345113436,0.024319219616960642,-0.04511668568589457,0.0,-0.06463152873837352,0.028748559054555367,-0.07592818451392645,0.0,-0.0930121631290245,0.02736992793989871,-0.11207185906583066,0.0,-0.12520868113522543,0.03035531193888191,0.0,0.0
2025-10-22,-0.01333353086946537,0.0,-0.01324503311258296,0.0,-0.01906706271722578,0.0,-0.04602909611256856,0.03646964895778574,-0.0022099456508029554,0.0,-0.06463152873837352,0.034158446891483216,-0.037995072602744664,0.0,-0.0930121631290245,0.02979918807987588,-0.13982326385302554,0.0,-0.15454328642976378,0.03098576151581981,0.0,1.0
2025-10-23,0.04138857522097453,1.0,0.0,0.0,-0.025426165193496535,0.0,-0.06463152873837352,0.036994640675044016,-0.020086038072161017,0.0,-0.06463152873837352,0.0361954195930042,-0.02415211737177843,0.0,-0.0930121631290245,0.02964527390122419,-0.13214745670341912,0.0,-0.15931314094920102,0.030952346329975546,0.0,1.0
2025-10-24,-0.04712210706873497,0.0,-0.04602909611256856,0.0,-0.03026499000231206,0.0,-0.06463152873837352,0.03482745005147853,-0.07629348436901476,0.0,-0.07345575959933215,0.028191053234541158,-0.05591061310181437,0.0,-0.0930121631290245,0.026294257415978704,-0.21140730137659106,0.0,-0.19055568805151446,0.02959786218598072,0.0,1.0
2025-10-27,-0.019692633345736156,0.0,-0.019500000000000073,0.0,-0.014352506224400478,0.0,-0.030727630285152463,0.029603264671290038,-0.020202707317519355,0.0,-0.04498525073746307,0.024150075585254654,0.024692612590371414,1.0,-0.06514257620452302,0.024629249307167356,-0.15431736038435728,0.0,-0.18452666987025468,0.02867358856692177,0.0,1.0
2025-10-28,0.036549750412159084,1.0,0.0,0.0,-0.009478743954543659,0.0,-0.04498525073746307,0.028865059147645193,-0.03081149882803191,0.0,-0.06514257620452302,0.025838991770896776,0.059394000197288216,1.0,-0.06514257620452302,0.023688963456511163,-0.1299681412086702,0.0,-0.18452666987025468,0.02865613730856113,0.0,1.0
2025-10-29,-0.031209623290823447,0.0,-0.030727630285152463,0.0,-0.037059824383942265,0.0,-0.04498525073746307,0.016495114152601863,-0.03578512695194171,0.0,-0.06514257620452302,0.024220608382393434,-0.05248429470957393,0.0,-0.07256126862085521,0.031666196272627935,-0.12388568982494626,0.0,-0.18452666987025468,0.029139584042164737,0.0,1.0
2025-10-30,-0.014818871075879324,0.0,-0.014709611970580738,0.0,-0.03615162594936752,0.0,-0.035505959928988085,0.016151012798800914,-0.004066079299617462,0.0,-0.035505959928988085,0.021034337362087163,-0.016622298075029997,0.0,-0.07256126862085521,0.030533447062732418,-0.10838025915789656,0.0,-0.18452666987025468,0.02866614503332338,0.0,1.0
2025-10-31,0.008968669982760536,1.0,0.0,0.0,0.010243367414761045,1.0,-0.029846938775510257,0.02556488061781728,0.020382871267200432,1.0,-0.029846938775510257,0.020027833354129183,0.014057739490231511,1.0,-0.07256126862085521,0.030598626820723826,-0.0662388075043784,0.0,-0.18452666987025468,0.02943621658660058,0.0,1.0
2025-11-03,-0.03030142485624862,0.0,-0.029846938775510257,0.0,0.001784121793501392,1.0,-0.029846938775510257,0.025261474818849376,0.044895319907890946,1.0,-0.029846938775510257,0.023349917111692053,-0.025841231183887328,0.0,-0.08217203267659767,0.031924898079375263,-0.08266092814171958,0.0,-0.18452666987025468,0.029310980325624864,0.0,1.0
2025-11-04,0.03157612228824907,1.0,0.0,0.0,0.04171562614068872,1.0,0.0,0.01303821249048495,0.09020549902531999,1.0,0.0,0.012719206270935611,-0.036143674551904204,0.0,-0.11869293608841902,0.032952434420142826,-0.06042742853351376,0.0,-0.18452666987025468,0.02871293625578579,0.0,1.0
2025-11-05,0.0005094243615008585,1.0,0.0,0.0,0.04362062247589035,1.0,0.0,0.013901203146148003,-0.016699167757632256,0.0,-0.07256126862085521,0.03757090131434946,-0.1018281912502809,0.0,-0.14824603555982685,0.03180990235806063,-0.10550206849265822,0.0,-0.18452666987025468,0.027658499626943382,0.0,1.0
2025-11-06,0.009630079490938725,1.0,0.0,0.0,0.05811995237556997,1.0,0.0,0.010214534606884321,-0.012556218775412594,0.0,-0.07256126862085521,0.03769214482404658,-0.10799533933164066,0.0,-0.15305141758769814,0.03165603880209657,-0.10318423623523075,0.0,-0.18452666987025468,0.027687335454608854,0.0,1.0
2025-11-07,0.033481118623450885,1.0,0.0,0.0,-0.026838671610071783,0.0,-0.07256126862085521,0.04754132539115415,-0.006325131776968814,0.0,-0.07256126862085521,0.03817291538820321,-0.15549668827477675,0.0,-0.18452666987025468,0.031797672667368104,-0.11904486547680553,0.0,-0.18452666987025468,0.027478734997509455,0.0,1.0
2025-11-10,0.015008754261180576,1.0,0.0,0.0,-0.05566741688980199,0.0,-0.07256126862085521,0.040366418097905137,-0.07073655109177825,0.0,-0.08217203267659767,0.035010927063081676,-0.17900997297472868,0.0,-0.18452666987025468,0.028814505450312264,-0.11955289361433159,0.0,-0.18452666987025468,0.027442481861544486,1.0,1.0
2025-11-11,-0.07532854449470303,0.0,-0.07256126862085521,0.0,-0.054815004661600254,0.0,-0.07256126862085521,0.040603978528956836,-0.12634917357722425,0.0,-0.11869293608841902,0.03274185602169057,-0.18936214140595836,0.0,-0.18452666987025468,0.02778098866713752,-0.1411805358014058,0.0,-0.18452666987025468,0.027017023079390502,1.0,1.0
2025-11-12,0.004652373343720453,1.0,0.0,0.0,-0.010416760858255604,0.0,-0.030456852791878042,0.019947723724763007,-0.08512902349264863,0.0,-0.10025380710659892,0.022770907917072872,-0.07140139511537229,0.0,-0.13857868020304576,0.02633806079583979,-0.052657737224420575,0.0,-0.13857868020304576,0.02231148220818436,1.0,0.0
2025-11-13,0.015861166489382267,1.0,0.0,0.0,-0.05567300242624164,0.0,-0.06903553299492382,0.024656122644968376,-0.0954391205562281,0.0,-0.10532994923857864,0.02112155997294278,-0.0917579610828665,0.0,-0.13857868020304576,0.02613383847298828,-0.08275396102891225,0.0,-0.13857868020304576,0.022779399329486655,1.0,0.0
2025-11-14,-0.0309303006913585,0.0,-0.030456852791878042,0.0,-0.10564256332575156,0.0,-0.10025380710659892,0.004025879732281356,-0.14917155649780794,0.0,-0.13857868020304576,0.012526391490638045,-0.08029654699461002,0.0,-0.13857868020304576,0.027426120280897935,-0.09386452475969691,0.0,-0.13857868020304576,0.022417510737469247,1.0,0.0
2025-11-17,-0.04060386822426551,0.0,-0.039790575916230475,0.0,-0.08036998635425194,0.0,-0.07722513089005245,0.015176241880427311,-0.10827342188295053,0.0,-0.11151832460733002,0.020164476226767255,-0.05681969695783229,0.0,-0.11151832460733002,0.026348997916643815,-0.0984039658644665,0.0,-0.11151832460733002,0.022703166366217012,1.0,0.0
2025-11-18,-0.034108394410127495,0.0,-0.033533260632497175,0.0,-0.07763738758218389,0.0,-0.07470010905125413,0.01438097670905639,-0.06301296782873415,0.0,-0.07470010905125413,0.019781507215827363,-0.024283753981609504,0.0,-0.07470010905125413,0.023712848712547262,-0.09367574740560944,0.0,-0.08942202835332613,0.022352262899594817,0.0,0.0
2025-11-19,-0.005657723719858949,0.0,-0.005641748942172176,0.0,-0.03356115924855755,0.0,-0.042595204513399265,0.01991774862362689,0.01372762837727628,1.0,-0.042595204513399265,0.025950335127397924,-0.0036738772423773247,0.0,-0.042595204513399265,0.021678191077811187,-0.04117466601042083,0.0,-0.08793009284543962,0.02181899530969766,0.0,0.0
2025-11-20,-0.03787126945219744,0.0,-0.03716312056737592,0.0,-0.02324684969874762,0.0,-0.03716312056737592,0.021409778770461983,0.003681159473361718,1.0,-0.03716312056737592,0.026894946229932874,0.004811103096409895,1.0,-0.03716312056737592,0.021620495582799958,-0.038165950462138894,0.0,-0.08793009284543962,0.02180402967390955,0.0,0.0
2025-11-21,0.00996783392349886,1.0,0.0,0.0,0.05725662154933278,1.0,0.0,0.016790598205231162,0.06887500950319787,1.0,-0.015581524763494614,0.019914506387335197,0.03645182279797134,1.0,-0.03190319031903177,0.017743973978519838,0.01723425159582085,1.0,-0.08793009284543962,0.020541817891950916,0.0,0.0
2025-11-24,0.004656585829950843,1.0,0.0,0.0,0.03158459500206026,1.0,-0.015581524763494614,0.024174926453109646,0.05145372492511823,1.0,-0.015581524763494614,0.021718150298167933,0.05945707936039724,1.0,-0.03190319031903177,0.019788158627050245,0.08120888856371884,1.0,-0.08793009284543962,0.02597360557069024,0.0,0.0
2025-11-25,0.04263220179588291,1.0,0.0,0.0,0.05425058974974802,1.0,-0.015581524763494614,0.02469552957263866,0.03872921384712447,1.0,-0.015581524763494614,0.022940377716053634,0.04818160560455253,1.0,-0.03190319031903177,0.020147470861178747,0.09652367614127762,1.0,-0.08793009284543962,0.02620461683303413,0.0,0.0
2025-11-26,-0.015704192623773663,0.0,-0.015581524763494614,0.0,0.004164937299284423,1.0,-0.015581524763494614,0.018645077704412732,-0.01740150561965361,0.0,-0.028602860286028542,0.015719019814223356,0.01874365789095167,1.0,-0.03190319031903177,0.016164169550562647,0.08886460213085215,1.0,-0.08793009284543962,0.025700436797507314,0.0,0.0
2025-11-27,0.027322580577638807,1.0,0.0,0.0,0.01180120467501519,1.0,-0.015401540154015514,0.016540313814999343,0.0011299436230482118,1.0,-0.028602860286028542,0.01454040411180056,0.0090040000539542,1.0,-0.03190319031903177,0.017437307424929473,0.08891741688756646,1.0,-0.08793009284543962,0.025698369130279574,0.0,0.0
2025-11-28,-0.007453450654580779,0.0,-0.007425742574257321,0.0,-0.029019893573518758,0.0,-0.028602860286028542,0.0027164467870299048,-0.032423186705226544,0.0,-0.03190319031903177,0.005280451623484055,-0.013567977765086977,0.0,-0.03190319031903177,0.015186638598113823,0.04910443192814673,1.0,-0.08793009284543962,0.02538933181561651,0.0,0.0
2025-12-01,-0.008067925248042758,0.0,-0.008035466888334897,0.0,-0.01873918630000981,0.0,-0.021335550013854343,0.006788284254997166,0.00800335443527895,1.0,-0.024660570795234205,0.016544053234038757,-0.04158426890663422,0.0,-0.05461496450027303,0.018314945906374898,0.04682224457561415,1.0,-0.08793009284543962,0.025438689288177944,0.0,0.0
2025-12-02,-0.01349851767089523,0.0,-0.013407821229050154,0.0,-0.016901810802603025,0.0,-0.016759776536312665,0.006678307504156868,0.00945239175742794,1.0,-0.016759776536312665,0.016384065069922307,-0.0693919934239998,0.0,-0.08793009284543962,0.020658517688185944,0.043455395582367724,1.0,-0.08793009284543962,0.02551803132810636,0.0,0.0
2025-12-03,0.002827256618928323,1.0,0.0,0.0,0.029569797354217074,1.0,-0.006211180124223614,0.01675888011228925,0.03614516351060522,1.0,-0.006597031335898951,0.014769165687330419,-0.0375007887680435,0.0,-0.08793009284543962,0.021828235030031593,0.03559886467156129,1.0,-0.08793009284543962,0.02581499679433015,0.0,0.0
2025-12-04,-0.006230549750636086,0.0,-0.006211180124223614,0.0,0.020123652809394932,1.0,-0.006597031335898951,0.018572982076416392,0.007874056430905866,1.0,-0.025122883670125495,0.019894380301412565,-0.04297705355854878,0.0,-0.08793009284543962,0.021724802673745727,0.039578986280658146,1.0,-0.08793009284543962,0.025837634720229923,0.0,0.0
2025-12-05,0.03297309048592472,1.0,0.0,0.0,0.0395484566423132,1.0,-0.006597031335898951,0.016163359525242112,0.01885520894013959,1.0,-0.025122883670125495,0.019513977997123802,-0.01921757120215045,0.0,-0.08793009284543962,0.022662492028019704,0.06887922866621432,1.0,-0.08793009284543962,0.026159286809336702,0.0,0.0
2025-12-08,-0.006618887925893866,0.0,-0.006597031335898951,0.0,-0.018868484304382805,0.0,-0.025122883670125495,0.01577565963880788,-0.04958762334191315,0.0,-0.05461496450027303,0.018188853049862938,0.0217518092033216,1.0,-0.08793009284543962,0.03083142412938768,0.05559956707065736,1.0,-0.08793009284543962,0.025563082743372476,0.0,0.0
2025-12-09,0.013194254082282237,1.0,0.0,0.0,-0.007498993619891266,0.0,-0.025122883670125495,0.016586150097705445,-0.07884438518142776,0.0,-0.08793009284543962,0.020716773435429905,0.04834207053672502,1.0,-0.08793009284543962,0.031103748582530257,0.06869767942547428,1.0,-0.08793009284543962,0.0254815538122334,1.0,0.0
2025-12-10,-0.025443850460771137,0.0,-0.025122883670125495,0.0,-0.05616298949830142,0.0,-0.05461496450027303,0.017094182305964246,-0.07364595227864883,0.0,-0.08793009284543962,0.022220118177628805,0.07012094423990049,1.0,-0.08793009284543962,0.03235036936640895,0.047723303111448775,1.0,-0.08793009284543962,0.025489925980470087,1.0,0.0
2025-12-11,0.004750602758597578,1.0,0.0,0.0,-0.06659478880293877,0.0,-0.06885977139671029,0.0190564461870654,-0.05085110998945466,0.0,-0.06885977139671029,0.02189006238975041,0.07991341683361225,1.0,-0.06885977139671029,0.0314898703512821,0.13279582804556858,1.0,-0.06885977139671029,0.027509139307376865,0.0,0.0
2025-12-12,-0.035469741796127975,0.0,-0.03484806244772787,0.0,-0.05295270457647531,0.0,-0.06885977139671029,0.025487204565669507,-0.038072780142290125,0.0,-0.06885977139671029,0.024115676099759193,0.0626724096932337,1.0,-0.06885977139671029,0.03208643583787796,0.07826118990768462,1.0,-0.06885977139671029,0.030138374844835662,0.0,0.0
2025-12-15,-0.03587564976540846,0.0,-0.035239745811669554,0.0,-0.020131970951924358,0.0,-0.035239745811669554,0.022340334774006574,0.07133943254523474,1.0,-0.035239745811669554,0.03574705576005107,0.08840651348224841,1.0,-0.03716904276985744,0.029569047402936584,0.11733361187430129,1.0,-0.06822810590631367,0.02875690469747933,0.0,0.0
2025-12-16,0.018392686985061125,1.0,0.0,0.0,0.0332726114192464,1.0,-0.002645502645502784,0.009721958540143733,0.12718645571815282,1.0,-0.002645502645502784,0.025626695108027557,0.1128473890063677,1.0,-0.048116089613034596,0.0266366200954313,0.14028250459409786,1.0,-0.06822810590631367,0.027498754450191013,0.0,0.0
2025-12-17,-0.0026490081715770646,0.0,-0.002645502645502784,0.0,0.08882239532558221,1.0,-0.002645502645502784,0.032413802377266855,0.14376689651854943,1.0,-0.002645502645502784,0.02557327135929466,0.07309965343960491,1.0,-0.06822810590631367,0.028199184126027774,0.20952984594549945,1.0,-0.06822810590631367,0.0325997966222076,0.0,0.0
2025-12-18,0.017528932605762285,1.0,0.0,0.0,0.11144277690466878,1.0,0.0,0.026037008239534087,0.130764526823067,1.0,-0.015529531568228117,0.029057946371992417,0.08255603983920691,1.0,-0.06822810590631367,0.028007265074777,0.2216688423019246,1.0,-0.06822810590631367,0.032462487167779434,0.0,0.0
2025-12-19,0.07394247089139705,1.0,0.0,0.0,0.1288869720843641,1.0,0.0,0.022746285899851334,0.10074518983552372,1.0,-0.027749490835030644,0.03304700167992242,0.08809679986836484,1.0,-0.06822810590631367,0.02823908916085851,0.18121079435873996,1.0,-0.06822810590631367,0.03324885599309535,0.0,0.0
2025-12-22,0.019971373407509683,1.0,0.0,0.0,0.03929312332590782,1.0,-0.015529531568228117,0.021231197211618758,0.017067080937013427,1.0,-0.03716904276985744,0.020295205594925432,0.03384775786733583,1.0,-0.06822810590631367,0.018858264102838685,0.08577787492130123,1.0,-0.06822810590631367,0.03031340815751538,0.0,0.0
2025-12-23,0.03497312778545766,1.0,0.0,0.0,0.006831345536617183,1.0,-0.027749490835030644,0.023155558995932198,-0.014339066711785165,0.0,-0.048116089613034596,0.019018467027484807,0.020355608888749117,1.0,-0.06822810590631367,0.018090322918852826,0.12754859592693918,1.0,-0.06822810590631367,0.03266936234790655,0.0,0.0
2025-12-24,-0.01565137786705944,0.0,-0.015529531568228117,0.0,-0.03787742025595371,0.0,-0.03716904276985744,0.0024169877773834395,-0.0706672430789446,0.0,-0.06822810590631367,0.00409337980558372,-0.022397641128451797,0.0,-0.06822810590631367,0.014495785996067679,0.2753224005291584,1.0,-0.06822810590631367,0.05027045720842127,0.0,0.0
2025-12-25,-0.012490404381781015,0.0,-0.01241272304111729,0.0,-0.033660816630183416,0.0,-0.03310059477631244,0.00113481064082681,-0.04820848698386007,0.0,-0.05352986811481775,0.00915547667559524,0.052882411211956325,1.0,-0.05352986811481775,0.0227648891892798,0.1785648323809283,1.0,-0.10632128358786008,0.05706532840416349,0.0,0.0
2025-12-26,-0.009735638007113315,0.0,-0.00968840010473937,0.0,-0.04252546083010419,0.0,-0.04163393558523165,0.005124121702867677,-0.012648389967159062,0.0,-0.04163393558523165,0.01567245719176446,0.015588780214451026,1.0,-0.04856512141280367,0.027857127830645263,0.20117046343742698,1.0,-0.10632128358786008,0.056853378935091035,0.0,0.0
2025-12-29,-0.01143477424128904,0.0,-0.011369645690111008,0.0,-0.02598244459496576,0.0,-0.032258064516129004,0.011663381697127384,0.016780676930322317,1.0,-0.032258064516129004,0.01730234779616439,0.028927098392052982,1.0,-0.04856512141280367,0.027602564503055663,0.17515687177378694,1.0,-0.1289387202783684,0.05758421658010566,0.0,0.0
2025-12-30,-0.02135504858170172,0.0,-0.021128644022465837,0.0,0.008522022281243331,1.0,-0.021128644022465837,0.018351938395486968,0.034694675600534394,1.0,-0.021128644022465837,0.015643890847170893,0.02743511558773012,1.0,-0.05739514348785879,0.02768351820601502,0.2238386827487725,1.0,-0.1289387202783684,0.05770798747059459,0.0,0.0
2025-12-31,0.006807378228025108,1.0,0.0,0.0,0.04957049975331314,1.0,0.0,0.007007236960726533,0.04826960195049263,1.0,-0.007749935417204923,0.010980910843081025,0.13643019250589472,1.0,-0.05739514348785879,0.03619731631423585,0.19251532498349738,1.0,-0.14227720858302728,0.058981053326689833,0.0,0.0
2026-01-05,0.023069692634920074,1.0,0.0,0.0,0.04924234595421116,1.0,0.0,0.0071589725497746386,0.10109089819581647,1.0,-0.007749935417204923,0.022513362213192837,0.1391128024627178,1.0,-0.05739514348785879,0.03615557926897874,0.2386001425206873,1.0,-0.14227720858302728,0.05972149659970584,0.0,0.0
2026-01-06,0.019693428890368004,1.0,0.0,0.0,0.018392531087547553,1.0,-0.007749935417204923,0.01121873521291355,0.028237170181609986,1.0,-0.04856512141280367,0.035678854339013744,0.09311399449037518,1.0,-0.05739514348785879,0.03759522352447041,0.3759522696295046,1.0,-0.14227720858302728,0.06793952774429692,0.0,0.0
2026-01-07,0.006479224428923141,1.0,0.0,0.0,0.05832777667052836,1.0,-0.007749935417204923,0.02900601255763365,0.012146421461730639,1.0,-0.04856512141280367,0.034985745219393266,0.05193011705396545,1.0,-0.05739514348785879,0.038477739599761494,0.4784829188596004,1.0,-0.14227720858302728,0.07158428354159094,0.0,0.0
2026-01-08,-0.007780122231743373,0.0,-0.007749935417204923,0.0,0.0020645168623191134,1.0,-0.04856512141280367,0.04506712976861631,-0.007259560012804223,0.0,-0.05739514348785879,0.035395195747012644,0.10719298703819002,1.0,-0.05739514348785879,0.04206674503583456,0.36800294424393987,1.0,-0.14227720858302728,0.07679074017317168,0.0,0.0
2026-01-09,0.05962867447334882,1.0,0.0,0.0,0.013447319264550998,1.0,-0.04856512141280367,0.04467188341689465,0.08816059055540196,1.0,-0.05739514348785879,0.04967982683468669,0.29772004165761023,1.0,-0.05739514348785879,0.06581590438550584,0.3689656737278256,1.0,-0.14227720858302728,0.07677461396775238,0.0,0.0
2026-01-12,-0.04978403537928638,0.0,-0.04856512141280367,0.0,-0.05910811225440954,0.0,-0.05739514348785879,0.02231547210653912,0.038021904266901295,1.0,-0.05739514348785879,0.04503383601809066,0.12568242116897194,1.0,-0.10632128358786008,0.07725389326565467,0.3270018354342821,1.0,-0.14227720858302728,0.07619172134043195,0.0,0.0
2026-01-13,0.003602680170488469,1.0,0.0,0.0,0.07831595146133942,1.0,-0.012843565373747756,0.044031777039787966,0.0648768243087652,1.0,-0.02266824085005903,0.03907648566176437,0.18558168322297597,1.0,-0.10632128358786008,0.07445875291955184,0.3469865019657541,1.0,-0.14227720858302728,0.075445228017745,0.0,0.0
2026-01-14,-0.012926757045611796,0.0,-0.012843565373747756,0.0,0.08420325947569907,1.0,-0.012843565373747756,0.04310660888297823,0.03978369559223483,1.0,-0.043447461629279926,0.041494507376645846,0.14622977338173407,1.0,-0.1289387202783684,0.07616549640975899,0.3134204187634218,1.0,-0.14227720858302728,0.07610283782890694,0.0,0.0
2026-01-15,0.08764002833646264,1.0,0.0,0.0,0.0742009011838884,1.0,-0.02266824085005903,0.04640876663072143,0.11445254705099413,1.0,-0.043447461629279926,0.04461082215934034,0.1964035671610423,1.0,-0.1289387202783684,0.07583729140346739,0.3159667862903629,1.0,-0.1506606509829198,0.07605700408051191,0.0,1.0
2026-01-16,0.00948998818484821,1.0,0.0,0.0,-0.03492957569861608,0.0,-0.043447461629279926,0.01495495271124811,0.2095594511022084,1.0,-0.043447461629279926,0.0768155432122847,0.0560851324776029,1.0,-0.14227720858302728,0.07493335006086455,0.19456257835069268,1.0,-0.1788591685465678,0.07491716202203984,0.0,1.0
2026-01-19,-0.02292911533742236,0.0,-0.02266824085005903,0.0,0.01732253052968334,1.0,-0.043447461629279926,0.03957965208175502,0.0876605169020706,1.0,-0.10632128358786008,0.09929250639202918,0.09948734005796961,1.0,-0.14227720858302728,0.0762773722252412,0.1938642849693497,1.0,-0.1788591685465678,0.0749174275872745,1.0,1.0
2026-01-20,-0.021490448546041943,0.0,-0.021261174196665955,0.0,0.22299857825478267,1.0,-0.021261174196665955,0.08385353288215011,0.12070485891421072,1.0,-0.10632128358786008,0.09746232426962496,0.28283827513912924,1.0,-0.14227720858302728,0.08739669052683204,0.25757649113311676,1.0,-0.1788591685465678,0.07481705049759542,1.0,1.0
2026-01-21,0.061742094413147604,1.0,0.0,0.0,0.13208008078553476,1.0,-0.10632128358786008,0.12114626066195823,0.1064460777894993,1.0,-0.1289387202783684,0.0989529892436566,0.4265528018056351,1.0,-0.14227720858302728,0.08981298389412287,0.31627456709975854,1.0,-0.1788591685465678,0.07456211887153905,1.0,1.0
2026-01-22,0.182746932387677,1.0,0.0,0.0,0.08045321304710493,1.0,-0.10632128358786008,0.12107429824816175,0.08195102011004816,1.0,-0.1289387202783684,0.09742349355277044,0.2608099572057499,1.0,-0.14227720858302728,0.0995290593101327,0.2547123773376315,1.0,-0.1788591685465678,0.0738700541108132,1.0,1.0
2026-01-23,-0.11240894601528968,0.0,-0.10632128358786008,0.0,-0.13804294901132527,0.0,-0.1289387202783684,0.0505441867843937,-0.15347431862460562,0.0,-0.14227720858302728,0.05189909309851692,0.07124563207021527,1.0,-0.14227720858302728,0.0848557372174855,0.07806302481807299,1.0,-0.1788591685465678,0.0627358211216261,1.0,1.0
2026-01-26,0.010115226674717608,1.0,0.0,0.0,0.01161303373766086,1.0,-0.03511777301927199,0.030125917933329815,0.011826823155899084,1.0,-0.05131494547787052,0.04077325372619989,0.20131941426531022,1.0,-0.10489848533677093,0.0749238813951308,0.09269137212883641,1.0,-0.1827263938124396,0.061447557577039486,0.0,1.0
2026-01-27,-0.035749229670753294,0.0,-0.03511777301927199,0.0,-0.051180599284033665,0.0,-0.05131494547787052,0.03901799762101187,0.16213341622491867,1.0,-0.05131494547787052,0.07578345380642956,0.16140481874277815,1.0,-0.11569448920399616,0.07639984536033911,0.05357121188102006,1.0,-0.20609087979374796,0.06186319818389882,0.0,1.0
2026-01-28,0.037247036733696434,1.0,0.0,0.0,0.03746082615193464,1.0,-0.05131494547787052,0.046519420490213445,0.3201067240161358,1.0,-0.05131494547787052,0.07367518331675227,0.16719064538168762,1.0,-0.14179825974863047,0.07602568129984638,0.06028514747612883,1.0,-0.2288108282307445,0.061671681287939144,0.0,1.0
2026-01-29,-0.05267840634697682,0.0,-0.05131494547787052,0.0,0.16063560916197545,1.0,-0.05131494547787052,0.08699902836188368,0.1788589370957017,1.0,-0.09877537866580732,0.10066234306235453,0.11956321912932055,1.0,-0.1506606509829198,0.07608231579390447,0.010210682201956936,1.0,-0.23864002578150179,0.061246072806304085,1.0,1.0
2026-01-30,0.05289219576521494,1.0,0.0,0.0,0.3355380936294161,1.0,0.0,0.04450792365036794,0.2247199506948208,1.0,-0.10489848533677093,0.0940577392141459,0.13847744587308994,1.0,-0.1788591685465678,0.07467404443979021,0.04667367031167537,1.0,-0.2508862391234289,0.06016886458285021,1.0,1.0
2026-02-02,0.16042181974373726,1.0,0.0,0.0,0.17864514767746364,1.0,-0.09877537866580732,0.11669334737601701,0.18949259110941125,1.0,-0.10489848533677093,0.09451674605672772,0.09437694491138014,1.0,-0.1788591685465678,0.07353144781865965,0.03156163507329783,1.0,-0.2508862391234289,0.059621605226188035,1.0,1.0
2026-02-03,0.12222407812046386,1.0,0.0,0.0,0.011405935185868717,1.0,-0.10489848533677093,0.09266065874383664,-0.0007285974821404986,0.0,-0.11569448920399616,0.07348646243466785,-0.025261784006012568,0.0,-0.1788591685465678,0.05551911691526112,-0.13968911181542368,0.0,-0.2508862391234289,0.04719691518023367,1.0,1.0
2026-02-04,-0.10400075018673759,0.0,-0.09877537866580732,0.0,-0.09315330675478996,0.0,-0.10489848533677093,0.0525425746971754,-0.15291607863444812,0.0,-0.14179825974863047,0.040703370387552805,-0.11027823470587661,0.0,-0.1788591685465678,0.040146098894549474,-0.2790184533659622,0.0,-0.2508862391234289,0.03673413150414123,1.0,1.0
2026-02-05,-0.006817392747857607,0.0,-0.00679420704451994,0.0,-0.018951925415866752,0.0,-0.029359745313052632,0.019380406823013008,-0.059295717966381056,0.0,-0.0677396533427661,0.01760049566827196,-0.006097579868118445,0.0,-0.09869119207640609,0.025521323922846083,-0.1726775255342802,0.0,-0.17775026529890336,0.030478629573835094,0.0,1.0
2026-02-06,0.0176648361798053,1.0,0.0,0.0,-0.04209793569985276,0.0,-0.05801202688362228,0.02241360409443711,-0.08624250482173101,0.0,-0.09869119207640609,0.01927730647931852,0.006817392747857749,1.0,-0.09869119207640609,0.02550128182612563,-0.1791223592559483,0.0,-0.1786345949770075,0.030491787773917756,1.0,1.0
2026-02-09,-0.029799368847814423,0.0,-0.029359745313052632,0.0,-0.07014316139832869,0.0,-0.0677396533427661,0.009193101783743248,-0.09511564619803099,0.0,-0.09869119207640609,0.016133672136237048,-0.10862804213647385,0.0,-0.10293597453130532,0.03817956956810616,-0.22385126542725875,0.0,-0.20056597099398654,0.03009499244711662,1.0,1.0
2026-02-10,-0.029963403031843725,0.0,-0.029518950437317892,0.0,-0.07410797215372196,0.0,-0.07142857142857151,0.010245551660871294,-0.024533186523872166,0.0,-0.07142857142857151,0.02744360318453286,-0.10783360686175808,0.0,-0.119077418201323,0.03814089090316204,-0.19737599936328293,0.0,-0.19452887537993924,0.029828529865605243,0.0,1.0
2026-02-11,-0.010380389518670562,0.0,-0.010326699211415602,0.0,-0.03535287431837291,0.0,-0.04318437852046564,0.017401701393491613,0.0426378439285716,1.0,-0.04318437852046564,0.02831655733665223,-0.10690549790555892,0.0,-0.14428750223493658,0.03809520770164881,-0.2001284300307975,0.0,-0.2204541391024495,0.02992711058819794,0.0,1.0
2026-02-12,-0.03376417960320758,0.0,-0.033200531208499307,0.0,0.015810606026642245,1.0,-0.033200531208499307,0.030535493727258188,0.05319813809826266,1.0,-0.033200531208499307,0.02719928581295759,-0.10935253692736377,0.0,-0.15519399249061328,0.03810028838436502,-0.14511679664176544,0.0,-0.2204541391024495,0.03220749881469542,0.0,1.0
2026-02-13,0.008791694803505288,1.0,0.0,0.0,0.08678241305044966,1.0,0.0,0.01431277046151138,0.09305989756958859,1.0,0.0,0.01691239706213817,-0.09180377556141454,0.0,-0.16878240657965304,0.03740620821008371,-0.11047561632459671,0.0,-0.2204541391024495,0.031662209372697106,0.0,1.0
2026-02-24,0.04078309082634447,1.0,0.0,0.0,0.078170622897965,1.0,0.0,0.01835591009776375,-0.013512395938442718,0.0,-0.09315215447881287,0.05021834205898822,-0.06281530983808242,0.0,-0.16878240657965304,0.039737271879439075,-0.14097839874490523,0.0,-0.2204541391024495,0.0316705581887009,1.0,1.0
2026-02-25,0.03720762742059997,1.0,0.0,0.0,0.04348511193973889,1.0,0.0,0.016240916066779347,-0.083300420337886,0.0,-0.119077418201323,0.04568623432305072,-0.11442732780941108,0.0,-0.16878240657965304,0.036509899904014105,-0.19211727775110923,0.0,-0.2204541391024495,0.029709224153672446,1.0,1.0
2026-02-26,0.00017990465102052933,1.0,0.0,0.0,-0.09150311418538715,0.0,-0.09315215447881287,0.04763513535338455,-0.14954334183413034,0.0,-0.14428750223493658,0.03690515027798219,-0.16874021866008565,0.0,-0.16878240657965304,0.03271077132133734,-0.25848550655185987,0.0,-0.2326121938136957,0.027949425482915756,1.0,1.0
2026-02-27,0.006097579868118538,1.0,0.0,0.0,-0.12068795240950635,0.0,-0.119077418201323,0.04314440165528284,-0.16255067502562645,0.0,-0.15519399249061328,0.035107147333858814,-0.16657994566616166,0.0,-0.16878240657965304,0.03282960246427894,-0.24985069395693402,0.0,-0.2326121938136957,0.02821395396100504,1.0,1.0
2026-03-02,-0.09778059870452618,0.0,-0.09315215447881287,0.0,-0.1558208263532694,0.0,-0.14428750223493658,0.03241400579404614,-0.18486367313100313,0.0,-0.16878240657965304,0.03110609952895911,-0.18593975200380589,0.0,-0.16967638119077422,0.031990721846493646,-0.2895313288024447,0.0,-0.25138566064723766,0.02823210407432761,1.0,1.0
2026-03-03,-0.02900493357309864,0.0,-0.028588328075709657,0.0,-0.07086765618921868,0.0,-0.06841482649842268,0.0076333151094890635,-0.04930291389963965,0.0,-0.08339905362776023,0.02471033083891751,-0.11522322329078484,0.0,-0.1088328075709778,0.018802130898008973,-0.21372432939771804,0.0,-0.19242902208201884,0.020940800678968943,1.0,1.0
2026-03-04,-0.02903529407564455,0.0,-0.028617820174548503,0.0,-0.058078140853378354,0.0,-0.056423787294499705,0.006980310371189873,-0.03112690747152518,0.0,-0.056423787294499705,0.022896988153144403,-0.08954239250152495,0.0,-0.08565049725999607,0.01797448153315802,-0.15489515551390562,0.0,-0.16866247209255125,0.02225176486124059,0.0,1.0
2026-03-05,-0.012827428540475442,0.0,-0.012745507730881678,0.0,0.008737313749103586,1.0,-0.028625156707062227,0.02469396928505505,-0.019196876825955233,0.0,-0.028625156707062227,0.020933107390701762,-0.09322293212523859,0.0,-0.09693454846727423,0.018414206022878972,-0.14790196130692,0.0,-0.15161557580778795,0.021967592728291567,0.0,1.0
2026-03-06,-0.01621541823725834,0.0,-0.016084656084656035,0.0,0.010735815144594893,1.0,-0.016084656084656035,0.024283922931857733,-0.00402927064053524,0.0,-0.027547638773819383,0.020505440474163923,-0.0357642597144016,0.0,-0.09693454846727423,0.024411837540619,-0.15069985066952526,0.0,-0.15824357912178955,0.022010608238374425,0.0,1.0
2026-03-09,0.03778016052683742,1.0,0.0,0.0,0.00984596995177849,1.0,-0.027547638773819383,0.024528091750708015,-0.0010760788728026982,0.0,-0.03811101905550962,0.020091429629312183,-0.018671840763182193,0.0,-0.09693454846727423,0.024062942310287373,-0.13006507832079467,0.0,-0.15824357912178955,0.02206309636279374,0.0,1.0
2026-03-10,-0.010828927144984117,0.0,-0.010770505385252704,0.0,-0.02559401293011426,0.0,-0.027547638773819383,0.008103105692220752,-0.06592030939114521,0.0,-0.06379453189726592,0.009535043040518866,-0.07816308890682276,0.0,-0.09693454846727423,0.020635405591739788,-0.11094544628548896,0.0,-0.15824357912178955,0.024265460961843646,0.0,1.0
2026-03-11,-0.017105263430074652,0.0,-0.016959798994974795,0.0,-0.02802731225465585,0.0,-0.027638190954773822,0.008408521641984018,-0.058415485029999756,0.0,-0.056742043551088805,0.010344011648443969,-0.07768994994169806,0.0,-0.08710217755443883,0.020628985286780428,-0.1467798099355874,0.0,-0.14907872696817415,0.025859889724115393,0.0,0.0
2026-03-12,0.002340177644944444,1.0,0.0,0.0,-0.03798611881608641,0.0,-0.03952401189970245,0.012011733512704648,-0.07402605529928336,0.0,-0.07352316192095198,0.013410675062583916,-0.0897452878917742,0.0,-0.08797280067998303,0.021474291927275384,-0.11069955663724657,0.0,-0.1364215894602635,0.02636914311521038,0.0,0.0
2026-03-13,-0.013262226469525806,0.0,-0.013174670633234298,0.0,-0.043650399244869575,0.0,-0.04271143221419471,0.009734493252908523,-0.031734989073866404,0.0,-0.07352316192095198,0.027496370642350776,-0.08327074829077243,0.0,-0.08797280067998303,0.021899075013072488,-0.10900316225725029,0.0,-0.1364215894602635,0.026397051708279568,0.0,0.0
2026-03-16,-0.02706406999150509,0.0,-0.02670111972437539,0.0,-0.06310400647470205,0.0,-0.06115417743324714,0.012734041525859337,-0.01759576189037949,0.0,-0.06115417743324714,0.027366527769646053,-0.10359157679863876,0.0,-0.09840654608096466,0.023168750654049095,-0.08959870055458061,0.0,-0.12489233419465973,0.026448643909067,0.0,0.0
2026-03-17,-0.0033241027838386713,0.0,-0.0033185840707965486,0.0,0.008591307387164501,1.0,-0.03539823008849563,0.03187851859012938,-0.012242779515677553,0.0,-0.03539823008849563,0.026515982686222093,-0.09850110610693318,0.0,-0.10234494849879472,0.02284985763262425,-0.043406452299959424,0.0,-0.10935787858864787,0.02639245059076841,0.0,0.0
2026-03-18,-0.03271583369935821,0.0,-0.03218645948945609,0.0,0.012792410884964448,1.0,-0.03218645948945609,0.03166751354426577,-0.019274464911698302,0.0,-0.03218645948945609,0.026710879839931083,-0.06535276301238063,0.0,-0.10234494849879472,0.02577352132751623,0.008839836569141021,1.0,-0.10935787858864787,0.028639010514769424,0.0,0.0
2026-03-19,0.04463124387036136,1.0,0.0,0.0,0.02379715696751936,1.0,-0.02147709840017542,0.027539790356219413,-0.015719232592490886,0.0,-0.05939075169844399,0.025970185028956823,-0.0546790291816814,0.0,-0.10234494849879472,0.024872456951988746,0.054236207474161524,1.0,-0.10935787858864787,0.027704834902910938,0.0,0.0
2026-03-20,0.000877000713961054,1.0,0.0,0.0,-0.03118987508270153,0.0,-0.0315581854043393,0.00922159365640236,-0.05153575921690605,0.0,-0.05939075169844399,0.013973087145998632,-0.11493559095512365,0.0,-0.10935787858864787,0.018483923811914955,-0.011027901792357183,0.0,-0.10935787858864787,0.026387423447689275,0.0,0.0
2026-03-23,-0.021711087616803224,0.0,-0.02147709840017542,0.0,-0.061227477176813434,0.0,-0.05939075169844399,0.007732033512248514,-0.08599581490825929,0.0,-0.08240192855577477,0.015201441593323204,-0.11139323755761248,0.0,-0.10935787858864787,0.018749638996046702,-0.022159116298132654,0.0,-0.10935787858864787,0.02646869046961954,1.0,0.0
2026-03-24,-0.010355788179859528,0.0,-0.010302351623740269,0.0,-0.03070167231406398,0.0,-0.03874580067189248,0.015503598516087565,-0.08625832659125565,0.0,-0.08264277715565505,0.015217379066988532,-0.03278235737866625,0.0,-0.08980963045912649,0.027230647687408335,0.004246290881451224,1.0,-0.08980963045912649,0.02606352488308784,1.0,0.0
2026-03-25,-0.029160601380150784,0.0,-0.02873953383118344,0.0,-0.053928939111596665,0.0,-0.052500565738854976,0.019029958866293616,-0.046078298100682306,0.0,-0.07309346005883677,0.024509361312449043,-0.06908985999388934,0.0,-0.08033491740212717,0.03019176959684646,-0.01711784351696857,0.0,-0.08033491740212717,0.026899171220645085,0.0,0.0
2026-03-26,0.008814717245946282,1.0,0.0,0.0,-0.04674193703124541,0.0,-0.05404157043879898,0.017889385388961593,-0.03895979658919045,0.0,-0.05404157043879898,0.023495217447836475,-0.02095426874547239,0.0,-0.06143187066974587,0.030097461386421196,0.010891082047761694,1.0,-0.06143187066974587,0.026106526172978674,0.0,0.0
2026-03-27,-0.03358305497739224,0.0,-0.033025404157043914,0.0,-0.0257324139664779,0.0,-0.05404157043879898,0.02756463262386851,-0.06339983173821762,0.0,-0.06143187066974587,0.022028358773269113,-0.0257324139664779,0.0,-0.06143187066974587,0.029958068892485767,-0.006952519314881641,0.0,-0.06582663480338913,0.02611354973174131,0.0,0.0
2026-03-30,-0.021973599299799584,0.0,-0.021733938380702145,0.0,-0.014191458857744553,0.0,-0.02180094786729858,0.024433897502005968,-0.025397422649353147,0.0,-0.03696682464454981,0.01996423791587467,0.013992876244058077,1.0,-0.04559129831057618,0.028162741421974568,-0.04244539575222652,0.0,-0.12817727568976756,0.0293209384282414,0.0,0.0
2026-03-31,0.029824240310713776,1.0,0.0,0.0,-0.007843177461025893,0.0,-0.03696682464454981,0.023086683694827862,0.05347596921258946,1.0,-0.03696682464454981,0.02934168115168526,0.05509465380697374,1.0,-0.04559129831057618,0.02744173127234238,0.01694545510157359,1.0,-0.12817727568976756,0.03015566564720454,0.0,0.0
2026-04-01,-0.02204209986865883,0.0,-0.02180094786729858,0.0,-0.033248063660267446,0.0,-0.03696682464454981,0.011270278088392906,-0.02301156189320696,0.0,-0.04559129831057618,0.034809993169327764,0.07419259958152166,1.0,-0.04559129831057618,0.029643665492021968,0.006377723283213489,1.0,-0.12817727568976756,0.029732923566680124,0.0,0.0
2026-04-02,-0.01562531790308087,0.0,-0.015503875968992276,0.0,0.04569382877053453,1.0,-0.015503875968992276,0.03057936294688986,0.01800552784371812,1.0,-0.04559129831057618,0.03456570782058685,0.10891523665584281,1.0,-0.04559129831057618,0.02797608300123477,0.07421178736274325,1.0,-0.12817727568976756,0.03083719263701366,0.0,0.0
2026-04-03,0.0044193541114723855,1.0,0.0,0.0,0.014655855878532699,1.0,-0.04559129831057618,0.042280735388694826,0.03766741777173982,1.0,-0.04559129831057618,0.033248028735848735,0.10390768916276634,1.0,-0.04559129831057618,0.028486398274735595,0.12301864971032847,1.0,-0.12817727568976756,0.031140169706624185,0.0,0.0
2026-04-07,0.05689979256214308,1.0,0.0,0.0,0.029211491635326627,1.0,-0.04559129831057618,0.04278107938779802,0.03939029889341138,1.0,-0.04559129831057618,0.03322288723133949,0.08923412125947983,1.0,-0.04559129831057618,0.02912692057772962,0.11576674113933393,1.0,-0.12817727568976756,0.031200383452993984,0.0,0.0
2026-04-08,-0.046663290795082545,0.0,-0.04559129831057618,0.0,-0.02365172890187567,0.0,-0.04559129831057618,0.028091153819251244,0.0016186845943842374,1.0,-0.04559129831057618,0.02431829390151115,0.03702864826011734,1.0,-0.04559129831057618,0.024346223580782075,0.09549951198820593,1.0,-0.12817727568976756,0.029822580320057947,0.0,0.0
2026-04-09,0.018974989868266113,1.0,0.0,0.0,0.029153797126350817,1.0,0.0,0.006601933527665365,0.09720416147472866,1.0,0.0,0.016022539756843257,0.051972016476920686,1.0,-0.05626765153160984,0.02150134841476066,0.14636096176192487,1.0,-0.12817727568976756,0.027397827516990388,0.0,0.0
2026-04-10,0.004036572024940924,1.0,0.0,0.0,0.029306985521200854,1.0,0.0,0.006673539064196351,0.09090970881212483,1.0,0.0,0.016255272713562557,0.03184535079323393,1.0,-0.05735389963067561,0.021054815045888315,0.24763303631944716,1.0,-0.12817727568976756,0.03682193357096308,0.0,0.0
2026-04-13,0.0061422352331438135,1.0,0.0,0.0,0.07419259958152166,1.0,0.0,0.017908538662987295,0.06624027139102666,1.0,-0.020421464262437516,0.02238727761999907,0.018779894651596275,1.0,-0.06582663480338913,0.021364511211932197,0.26035714765464396,1.0,-0.12817727568976756,0.036782153449853194,0.0,0.0
2026-04-14,0.01912817826311609,1.0,0.0,0.0,0.08073090155404009,1.0,0.0,0.015785760428746548,0.04984382236606856,1.0,-0.030414946773843154,0.024306567952645436,-0.05643827199628462,0.0,-0.12817727568976756,0.03002485841785401,0.21510378230487448,1.0,-0.12817727568976756,0.03848785526121276,0.0,0.0
2026-04-15,0.04892218608526181,1.0,0.0,0.0,0.04096985789476679,1.0,-0.020421464262437516,0.028404117645561233,0.0354099636657332,1.0,-0.030414946773843154,0.02390106223967939,-0.038149198705400234,0.0,-0.12817727568976756,0.0319719822011677,0.16589814880448056,1.0,-0.12817727568976756,0.03943503406319159,0.0,0.0
2026-04-16,0.012680537205662264,1.0,0.0,0.0,-0.01820654198230927,0.0,-0.030414946773843154,0.013918421068463728,-0.04523214499780796,0.0,-0.05626765153160984,0.016190495947174432,-0.06781487629830818,0.0,-0.12817727568976756,0.02808052648745013,0.13386137117891092,1.0,-0.12817727568976756,0.038389022788379266,0.0,0.0
2026-04-17,-0.02063286539615723,0.0,-0.020421464262437516,0.0,-0.026192759625190805,0.0,-0.030414946773843154,0.010395732866699703,-0.05906435801889069,0.0,-0.05735389963067561,0.013135150086853222,-0.03470344929309951,0.0,-0.12817727568976756,0.03187588500111168,0.20848085290455629,1.0,-0.12817727568976756,0.04222414518247877,0.0,0.0
2026-04-20,-0.010254213791814248,0.0,-0.010201818585052091,0.0,-0.0372798168073129,0.0,-0.03659347970725224,0.014945204856655212,-0.047460376739430474,0.0,-0.04635174096251948,0.0123748830987982,0.019110960547561964,1.0,-0.11000221778664898,0.033045317764074336,0.15043692038108195,1.0,-0.11000221778664898,0.04607794595842726,0.0,0.0
2026-04-21,0.004694319562780743,1.0,0.0,0.0,-0.02817727883091924,0.0,-0.032337198929527244,0.015967294360747133,-0.10628209436235313,0.0,-0.10504014272970563,0.02691967612921793,0.02653261987985402,1.0,-0.10504014272970563,0.032846506077664574,0.21056193284344663,1.0,-0.10504014272970563,0.04677618876471981,1.0,0.0
2026-04-22,-0.0317199225782793,0.0,-0.031222123104371224,0.0,-0.04190048251039685,0.0,-0.04103479036574498,0.012958700840412318,-0.07355916237113336,0.0,-0.10504014272970563,0.035152085385845445,0.0584708637280887,1.0,-0.10504014272970563,0.03440545230376011,0.22936856030005398,1.0,-0.10504014272970563,0.04683845329274709,1.0,0.0
2026-04-23,-0.0011516758154206197,0.0,-0.0011510128913443385,0.0,-0.07925649134685447,0.0,-0.076197053406998,0.030334071050655633,-0.02258273130050016,0.0,-0.076197053406998,0.036119798695350855,0.09438894528500419,1.0,-0.076197053406998,0.03209326942523979,0.21389279154205873,1.0,-0.076197053406998,0.047666069923215364,0.0,0.0
2026-04-24,-0.009028884116696929,0.0,-0.008988246139663536,0.0,-0.04068756397743352,0.0,-0.07513251901359752,0.04359369147373769,0.024360908725791143,1.0,-0.07513251901359752,0.04147790277696796,0.2157876855262131,1.0,-0.07513251901359752,0.04581735953388381,0.2187550467540151,1.0,-0.07566137566137576,0.04761740452315543,0.0,0.0
2026-04-27,-0.06907593141473699,0.0,-0.06674418604651156,0.0,-0.012402171368382689,0.0,-0.06674418604651156,0.04651550583443949,0.06657133728699244,1.0,-0.06674418604651156,0.042080680656000506,0.2415772530030478,1.0,-0.06674418604651156,0.04473497480775408,0.24413106686823546,1.0,-0.07566137566137576,0.047406087167615754,0.0,0.0
2026-04-28,0.03741725155400044,1.0,0.0,0.0,0.10246572425722507,1.0,0.0,0.011075893798022422,0.13281471424220714,1.0,-0.0028285465622280848,0.017022669661965834,0.27154205430115913,1.0,-0.03835616438356171,0.03902925069756093,0.2361657936131927,1.0,-0.10370370370370374,0.04811542876972666,0.0,0.0
2026-04-29,0.019256508492353972,1.0,0.0,0.0,0.09823001714772915,1.0,0.0,0.010837484964193103,0.13203002609922201,1.0,-0.0028285465622280848,0.016925214951688774,0.2040473475098808,1.0,-0.06684931506849312,0.04236437586304472,0.1343411942673853,1.0,-0.15961199294532635,0.05046606866469803,0.0,1.0
2026-04-30,0.04579196421087068,1.0,0.0,0.0,0.07614095419585283,1.0,-0.0028285465622280848,0.02060307911853192,0.1169716765855044,1.0,-0.0028285465622280848,0.01912609138849669,0.20167624747721904,1.0,-0.06684931506849312,0.04237677246454756,0.10134965738487878,1.0,-0.17107583774250446,0.050568324960502835,0.0,1.0
2026-05-06,0.0331815444445044,1.0,0.0,0.0,0.06698155339599733,1.0,-0.0028285465622280848,0.01784632044338444,0.19142677680042194,1.0,-0.0028285465622280848,0.043815800403828556,0.24318430219765583,1.0,-0.06684931506849312,0.046514264651126694,0.08511649541555237,1.0,-0.17107583774250446,0.05003562498505224,0.0,1.0
2026-05-07,-0.0028325544595223036,0.0,-0.0028285465622280848,0.0,0.0379981679301291,1.0,-0.0028285465622280848,0.01718822934086659,0.17500591571605517,1.0,-0.0028285465622280848,0.044682111651607494,0.13132595983351986,1.0,-0.07566137566137576,0.055600361069359096,0.0642529059409012,1.0,-0.17107583774250446,0.049637592391911574,0.0,1.0
2026-05-08,0.03663256341101519,1.0,0.0,0.0,0.1610777868154398,1.0,0.0,0.0488884487905484,0.13872734005895188,1.0,-0.03835616438356171,0.052498517643117616,0.18402931296359265,1.0,-0.07566137566137576,0.0563303174812088,0.06463397806952156,1.0,-0.17107583774250446,0.04963534134575971,0.0,1.0
2026-05-11,0.00419815897863624,1.0,0.0,0.0,0.14120590676456232,1.0,0.0,0.05199850055571357,0.07201732141065875,1.0,-0.06684931506849312,0.05684177415324973,0.17089769657196535,1.0,-0.07566137566137576,0.056042370593782566,-0.03816111486050538,0.0,-0.19294532627865968,0.05120788115230822,0.0,1.0
2026-05-12,0.12024706442578831,1.0,0.0,0.0,0.09789661766930048,1.0,-0.03835616438356171,0.06601862092122626,0.08470457089171465,1.0,-0.06684931506849312,0.05661228660834909,0.11950384625705454,1.0,-0.07566137566137576,0.05925349534157881,0.10734848387727278,1.0,-0.19294532627865968,0.0609657111451501,0.0,1.0
2026-05-13,0.01676068336013778,1.0,0.0,0.0,-0.052427901993765805,0.0,-0.06684931506849312,0.02448826941455559,0.05175752539723405,1.0,-0.06684931506849312,0.044913018950983784,0.002967361227802008,1.0,-0.07566137566137576,0.04700150572283901,,,,,0.0,
2026-05-14,-0.03911113011662576,0.0,-0.03835616438356171,0.0,-0.052303176894211406,0.0,-0.06684931506849312,0.024546396388551387,-0.043679955882535336,0.0,-0.07566137566137576,0.056831672434504175,0.002553813865187644,1.0,-0.07566137566137576,0.04698718131310201,,,,,0.0,
2026-05-15,-0.030077455237277836,0.0,-0.02962962962962956,0.0,0.07410797215372204,1.0,-0.02962962962962956,0.048236914606377385,0.04530197290464076,1.0,-0.07566137566137576,0.05844269839581732,-0.03537626068796639,0.0,-0.10370370370370374,0.05134113653784265,,,,,0.0,
2026-05-18,0.016885408459692122,1.0,0.0,0.0,0.02550862947136821,1.0,-0.07566137566137576,0.0680185076022402,0.09888037516130657,1.0,-0.07566137566137576,0.055100588395374475,-0.06970615324249561,0.0,-0.15961199294532635,0.054075899759539844,,,,,0.0,
2026-05-19,0.08730001893130769,1.0,0.0,0.0,0.0584940196822264,1.0,-0.07566137566137576,0.07108190490976724,0.034799275365339964,1.0,-0.07566137566137576,0.06137745233334182,-0.10032659009234027,0.0,-0.17107583774250446,0.053502257565542645,,,,,0.0,
2026-05-20,-0.07867679791963161,0.0,-0.07566137566137576,0.0,-0.005305052229693229,0.0,-0.07566137566137576,0.05543779820267021,-0.048790164169432056,0.0,-0.07566137566137576,0.04689250528168458,-0.1580678067821035,0.0,-0.17107583774250446,0.04515013227501101,,,,,0.0,
2026-05-21,0.04987079867055048,1.0,0.0,0.0,0.026176054353663818,1.0,-0.046099290780141855,0.040981414802784145,0.04623376974772303,1.0,-0.046099290780141855,0.032000966589520334,-0.06707305389261872,0.0,-0.16666666666666663,0.040491606076451095,,,,,0.0,
2026-05-22,0.023500947019388013,1.0,0.0,0.0,-0.019984164920350794,0.0,-0.046099290780141855,0.029779041334769406,-0.08067823359260717,0.0,-0.0989361702127659,0.039228246935448824,-0.11939533489407105,0.0,-0.16666666666666663,0.03597077937505182,,,,,1.0,
2026-05-25,-0.04719569133627449,0.0,-0.046099290780141855,0.0,-0.02713797594221537,0.0,-0.046099290780141855,0.027464769085391742,-0.16858652840380212,0.0,-0.15514184397163122,0.03716934406250645,-0.20905881143247082,0.0,-0.1886524822695036,0.03717407890684524,,,,,1.0,
2026-05-26,0.0037105793965357746,1.0,0.0,0.0,-0.056983489275720646,0.0,-0.07414829659318634,0.04136815114878046,-0.1351258654576801,0.0,-0.14374202951357262,0.03715239433217218,-0.012155362379781808,0.0,-0.16633266533066138,0.06193535682127671,,,,,1.0,
2026-05-27,0.016347135997523517,1.0,0.0,0.0,-0.12510141646406325,0.0,-0.13190016396429227,0.04136864508334602,-0.10927764261267145,0.0,-0.14374202951357262,0.042485140182665505,,,,,,,,,1.0,
2026-05-28,-0.07704120466977978,0.0,-0.07414829659318634,0.0,-0.15518358085173928,0.0,-0.14374202951357262,0.027355621498867326,-0.11330682364034181,0.0,-0.14374202951357262,0.041785337666041034,,,,,,,,,1.0,
2026-05-29,-0.064407347791807,0.0,-0.06237701692247155,0.0,-0.04858357394041511,0.0,-0.0751672569854388,0.03840092168511883,-0.03871710130146385,0.0,-0.0751672569854388,0.03183903025542174,,,,,,,,,0.0,
2026-06-01,-0.01373502839015252,0.0,-0.01364113326337879,0.0,0.028141728821245007,1.0,-0.01364113326337879,0.017796255933852357,-0.04047228302866871,0.0,-0.06631299734748008,0.03246534998651533,,,,,,,,,0.0,
2026-06-02,0.02955880224154443,1.0,0.0,0.0,0.03942527488049551,1.0,-0.002448479902060763,0.013081120455049862,0.12297050307789839,1.0,-0.06631299734748008,0.07042301992615378,,,,,,,,,0.0,
2026-06-03,0.012317954969853108,1.0,0.0,0.0,-0.05629605688006049,0.0,-0.06631299734748008,0.03405293307255219,,,,,,,,,,,,,,
2026-06-04,-0.002451482330901903,0.0,-0.002448479902060763,0.0,0.08109374586650082,1.0,-0.06631299734748008,0.0905609142920375,,,,,,,,,,,,,,
2026-06-05,-0.0661625295190118,0.0,-0.06402127224381271,0.0,,,,,,,,,,,,,,,,,,
2026-06-08,0.14970775771641445,1.0,0.0,0.0,,,,,,,,,,,,,,,,,,
2026-06-09,,,,,,,,,,,,,,,,,,,,,,
