date,pred_ret_1d,prob_up_1d,pred_ret_3d,prob_up_3d,pred_ret_5d,prob_up_5d,pred_ret_10d,prob_up_10d,pred_ret_20d,prob_up_20d
2018-01-02,,,,,,,,,,
2018-01-03,,,,,,,,,,
2018-01-04,,,,,,,,,,
2018-01-05,,,,,,,,,,
2018-01-08,,,,,,,,,,
2018-01-09,,,,,,,,,,
2018-01-10,,,,,,,,,,
2018-01-11,,,,,,,,,,
2018-01-12,,,,,,,,,,
2018-01-15,,,,,,,,,,
2018-01-16,,,,,,,,,,
2018-01-17,,,,,,,,,,
2018-01-18,,,,,,,,,,
2018-01-19,,,,,,,,,,
2018-01-22,,,,,,,,,,
2018-01-23,,,,,,,,,,
2018-01-24,,,,,,,,,,
2018-01-25,,,,,,,,,,
2018-01-26,,,,,,,,,,
2018-01-29,,,,,,,,,,
2018-01-30,,,,,,,,,,
2018-01-31,,,,,,,,,,
2018-02-01,,,,,,,,,,
2018-02-02,,,,,,,,,,
2018-02-05,,,,,,,,,,
2018-02-06,,,,,,,,,,
2018-02-07,,,,,,,,,,
2018-02-08,,,,,,,,,,
2018-02-09,,,,,,,,,,
2018-02-12,,,,,,,,,,
2018-02-13,,,,,,,,,,
2018-02-14,,,,,,,,,,
2018-02-22,,,,,,,,,,
2018-02-23,,,,,,,,,,
2018-02-26,,,,,,,,,,
2018-02-27,,,,,,,,,,
2018-02-28,,,,,,,,,,
2018-03-01,,,,,,,,,,
2018-03-02,,,,,,,,,,
2018-03-05,,,,,,,,,,
2018-03-06,,,,,,,,,,
2018-03-07,,,,,,,,,,
2018-03-08,,,,,,,,,,
2018-03-09,,,,,,,,,,
2018-03-12,,,,,,,,,,
2018-03-13,,,,,,,,,,
2018-03-14,,,,,,,,,,
2018-03-15,,,,,,,,,,
2018-03-16,,,,,,,,,,
2018-03-19,,,,,,,,,,
2018-03-20,,,,,,,,,,
2018-03-21,,,,,,,,,,
2018-03-22,,,,,,,,,,
2018-03-23,,,,,,,,,,
2018-03-26,,,,,,,,,,
2018-03-27,,,,,,,,,,
2018-03-28,,,,,,,,,,
2018-03-29,,,,,,,,,,
2018-03-30,,,,,,,,,,
2018-04-02,,,,,,,,,,
2018-04-03,,,,,,,,,,
2018-04-04,,,,,,,,,,
2018-04-09,,,,,,,,,,
2018-04-10,,,,,,,,,,
2018-04-11,,,,,,,,,,
2018-04-12,,,,,,,,,,
2018-04-13,,,,,,,,,,
2018-04-16,,,,,,,,,,
2018-04-17,,,,,,,,,,
2018-04-18,,,,,,,,,,
2018-04-19,,,,,,,,,,
2018-04-20,,,,,,,,,,
2018-04-23,,,,,,,,,,
2018-04-24,,,,,,,,,,
2018-04-25,,,,,,,,,,
2018-04-26,,,,,,,,,,
2018-04-27,,,,,,,,,,
2018-05-02,,,,,,,,,,
2018-05-03,,,,,,,,,,
2018-05-04,,,,,,,,,,
2018-05-07,,,,,,,,,,
2018-05-08,,,,,,,,,,
2018-05-09,,,,,,,,,,
2018-05-10,,,,,,,,,,
2018-05-11,,,,,,,,,,
2018-05-14,,,,,,,,,,
2018-05-15,,,,,,,,,,
2018-05-16,,,,,,,,,,
2018-05-17,,,,,,,,,,
2018-05-18,,,,,,,,,,
2018-05-21,,,,,,,,,,
2018-05-22,,,,,,,,,,
2018-05-23,,,,,,,,,,
2018-05-24,,,,,,,,,,
2018-05-25,,,,,,,,,,
2018-05-28,,,,,,,,,,
2018-05-29,,,,,,,,,,
2018-05-30,,,,,,,,,,
2018-05-31,,,,,,,,,,
2018-06-01,,,,,,,,,,
2018-06-04,,,,,,,,,,
2018-06-05,,,,,,,,,,
2018-06-06,,,,,,,,,,
2018-06-07,,,,,,,,,,
2018-06-08,,,,,,,,,,
2018-06-11,,,,,,,,,,
2018-06-12,,,,,,,,,,
2018-06-13,,,,,,,,,,
2018-06-14,,,,,,,,,,
2018-06-15,,,,,,,,,,
2018-06-19,,,,,,,,,,
2018-06-20,,,,,,,,,,
2018-06-21,,,,,,,,,,
2018-06-22,,,,,,,,,,
2018-06-25,,,,,,,,,,
2018-06-26,,,,,,,,,,
2018-06-27,,,,,,,,,,
2018-06-28,,,,,,,,,,
2018-06-29,,,,,,,,,,
2018-07-02,,,,,,,,,,
2018-07-03,,,,,,,,,,
2018-07-04,,,,,,,,,,
2018-07-05,,,,,,,,,,
2018-07-06,,,,,,,,,,
2018-07-09,,,,,,,,,,
2018-07-10,,,,,,,,,,
2018-07-11,,,,,,,,,,
2018-07-12,,,,,,,,,,
2018-07-13,,,,,,,,,,
2018-07-16,,,,,,,,,,
2018-07-17,,,,,,,,,,
2018-07-18,,,,,,,,,,
2018-07-19,,,,,,,,,,
2018-07-20,,,,,,,,,,
2018-07-23,,,,,,,,,,
2018-07-24,,,,,,,,,,
2018-07-25,,,,,,,,,,
2018-07-26,,,,,,,,,,
2018-07-27,,,,,,,,,,
2018-07-30,,,,,,,,,,
2018-07-31,,,,,,,,,,
2018-08-01,,,,,,,,,,
2018-08-02,,,,,,,,,,
2018-08-03,,,,,,,,,,
2018-08-06,,,,,,,,,,
2018-08-07,,,,,,,,,,
2018-08-08,,,,,,,,,,
2018-08-09,,,,,,,,,,
2018-08-10,,,,,,,,,,
2018-08-13,,,,,,,,,,
2018-08-14,,,,,,,,,,
2018-08-15,,,,,,,,,,
2018-08-16,,,,,,,,,,
2018-08-17,,,,,,,,,,
2018-08-20,,,,,,,,,,
2018-08-21,,,,,,,,,,
2018-08-22,,,,,,,,,,
2018-08-23,,,,,,,,,,
2018-08-24,,,,,,,,,,
2018-08-27,,,,,,,,,,
2018-08-28,,,,,,,,,,
2018-08-29,,,,,,,,,,
2018-08-30,,,,,,,,,,
2018-08-31,,,,,,,,,,
2018-09-03,,,,,,,,,,
2018-09-04,,,,,,,,,,
2018-09-05,,,,,,,,,,
2018-09-06,,,,,,,,,,
2018-09-07,,,,,,,,,,
2018-09-10,,,,,,,,,,
2018-09-11,,,,,,,,,,
2018-09-12,,,,,,,,,,
2018-09-13,,,,,,,,,,
2018-09-14,,,,,,,,,,
2018-09-17,,,,,,,,,,
2018-09-18,,,,,,,,,,
2018-09-19,,,,,,,,,,
2018-09-20,,,,,,,,,,
2018-09-21,,,,,,,,,,
2018-09-25,,,,,,,,,,
2018-09-26,,,,,,,,,,
2018-09-27,,,,,,,,,,
2018-09-28,,,,,,,,,,
2018-10-08,,,,,,,,,,
2018-10-09,,,,,,,,,,
2018-10-10,,,,,,,,,,
2018-10-11,,,,,,,,,,
2018-10-12,,,,,,,,,,
2018-10-15,,,,,,,,,,
2018-10-16,,,,,,,,,,
2018-10-17,,,,,,,,,,
2018-10-18,,,,,,,,,,
2018-10-19,,,,,,,,,,
2018-10-22,,,,,,,,,,
2018-10-23,,,,,,,,,,
2018-10-24,,,,,,,,,,
2018-10-25,,,,,,,,,,
2018-10-26,,,,,,,,,,
2018-10-29,,,,,,,,,,
2018-10-30,,,,,,,,,,
2018-10-31,,,,,,,,,,
2018-11-01,,,,,,,,,,
2018-11-02,,,,,,,,,,
2018-11-05,,,,,,,,,,
2018-11-06,,,,,,,,,,
2018-11-07,,,,,,,,,,
2018-11-08,,,,,,,,,,
2018-11-09,,,,,,,,,,
2018-11-12,,,,,,,,,,
2018-11-13,,,,,,,,,,
2018-11-14,,,,,,,,,,
2018-11-15,,,,,,,,,,
2018-11-16,,,,,,,,,,
2018-11-19,,,,,,,,,,
2018-11-20,,,,,,,,,,
2018-11-21,,,,,,,,,,
2018-11-22,,,,,,,,,,
2018-11-23,,,,,,,,,,
2018-11-26,,,,,,,,,,
2018-11-27,,,,,,,,,,
2018-11-28,,,,,,,,,,
2018-11-29,,,,,,,,,,
2018-11-30,,,,,,,,,,
2018-12-03,,,,,,,,,,
2018-12-04,,,,,,,,,,
2018-12-05,,,,,,,,,,
2018-12-06,,,,,,,,,,
2018-12-07,,,,,,,,,,
2018-12-10,,,,,,,,,,
2018-12-11,,,,,,,,,,
2018-12-12,,,,,,,,,,
2018-12-13,,,,,,,,,,
2018-12-14,,,,,,,,,,
2018-12-17,,,,,,,,,,
2018-12-18,,,,,,,,,,
2018-12-19,,,,,,,,,,
2018-12-20,,,,,,,,,,
2018-12-21,,,,,,,,,,
2018-12-24,,,,,,,,,,
2018-12-25,,,,,,,,,,
2018-12-26,,,,,,,,,,
2018-12-27,,,,,,,,,,
2018-12-28,,,,,,,,,,
2019-01-02,,,,,,,,,,
2019-01-03,,,,,,,,,,
2019-01-04,,,,,,,,,,
2019-01-07,,,,,,,,,,
2019-01-08,,,,,,,,,,
2019-01-09,,,,,,,,,,
2019-01-10,,,,,,,,,,
2019-01-11,,,,,,,,,,
2019-01-14,,,,,,,,,,
2019-01-15,,,,,,,,,,
2019-01-16,,,,,,,,,,
2019-01-17,,,,,,,,,,
2019-01-18,,,,,,,,,,
2019-01-21,,,,,,,,,,
2019-01-22,,,,,,,,,,
2019-01-23,,,,,,,,,,
2019-01-24,,,,,,,,,,
2019-01-25,,,,,,,,,,
2019-01-28,,,,,,,,,,
2019-01-29,,,,,,,,,,
2019-01-30,,,,,,,,,,
2019-01-31,,,,,,,,,,
2019-02-01,,,,,,,,,,
2019-02-11,,,,,,,,,,
2019-02-12,,,,,,,,,,
2019-02-13,,,,,,,,,,
2019-02-14,,,,,,,,,,
2019-02-15,,,,,,,,,,
2019-02-18,,,,,,,,,,
2019-02-19,,,,,,,,,,
2019-02-20,,,,,,,,,,
2019-02-21,,,,,,,,,,
2019-02-22,,,,,,,,,,
2019-02-25,,,,,,,,,,
2019-02-26,,,,,,,,,,
2019-02-27,,,,,,,,,,
2019-02-28,,,,,,,,,,
2019-03-01,,,,,,,,,,
2019-03-04,,,,,,,,,,
2019-03-05,,,,,,,,,,
2019-03-06,,,,,,,,,,
2019-03-07,,,,,,,,,,
2019-03-08,,,,,,,,,,
2019-03-11,,,,,,,,,,
2019-03-12,,,,,,,,,,
2019-03-13,,,,,,,,,,
2019-03-14,,,,,,,,,,
2019-03-15,,,,,,,,,,
2019-03-18,,,,,,,,,,
2019-03-19,,,,,,,,,,
2019-03-20,,,,,,,,,,
2019-03-21,,,,,,,,,,
2019-03-22,,,,,,,,,,
2019-03-25,,,,,,,,,,
2019-03-26,,,,,,,,,,
2019-03-27,,,,,,,,,,
2019-03-28,,,,,,,,,,
2019-03-29,,,,,,,,,,
2019-04-01,,,,,,,,,,
2019-04-02,,,,,,,,,,
2019-04-03,,,,,,,,,,
2019-04-04,,,,,,,,,,
2019-04-08,,,,,,,,,,
2019-04-09,,,,,,,,,,
2019-04-10,,,,,,,,,,
2019-04-11,,,,,,,,,,
2019-04-12,,,,,,,,,,
2019-04-15,,,,,,,,,,
2019-04-16,,,,,,,,,,
2019-04-17,,,,,,,,,,
2019-04-18,,,,,,,,,,
2019-04-19,,,,,,,,,,
2019-04-22,,,,,,,,,,
2019-04-23,,,,,,,,,,
2019-04-24,,,,,,,,,,
2019-04-25,,,,,,,,,,
2019-04-26,,,,,,,,,,
2019-04-29,,,,,,,,,,
2019-04-30,,,,,,,,,,
2019-05-06,,,,,,,,,,
2019-05-07,,,,,,,,,,
2019-05-08,,,,,,,,,,
2019-05-09,,,,,,,,,,
2019-05-10,,,,,,,,,,
2019-05-13,,,,,,,,,,
2019-05-14,,,,,,,,,,
2019-05-15,,,,,,,,,,
2019-05-16,,,,,,,,,,
2019-05-17,,,,,,,,,,
2019-05-20,,,,,,,,,,
2019-05-21,,,,,,,,,,
2019-05-22,,,,,,,,,,
2019-05-23,,,,,,,,,,
2019-05-24,,,,,,,,,,
2019-05-27,,,,,,,,,,
2019-05-28,,,,,,,,,,
2019-05-29,,,,,,,,,,
2019-05-30,,,,,,,,,,
2019-05-31,,,,,,,,,,
2019-06-03,,,,,,,,,,
2019-06-04,,,,,,,,,,
2019-06-05,,,,,,,,,,
2019-06-06,,,,,,,,,,
2019-06-10,,,,,,,,,,
2019-06-11,,,,,,,,,,
2019-06-12,,,,,,,,,,
2019-06-13,,,,,,,,,,
2019-06-14,,,,,,,,,,
2019-06-17,,,,,,,,,,
2019-06-18,,,,,,,,,,
2019-06-19,,,,,,,,,,
2019-06-20,,,,,,,,,,
2019-06-21,,,,,,,,,,
2019-06-24,,,,,,,,,,
2019-06-25,,,,,,,,,,
2019-06-26,,,,,,,,,,
2019-06-27,,,,,,,,,,
2019-06-28,,,,,,,,,,
2019-07-01,,,,,,,,,,
2019-07-02,,,,,,,,,,
2019-07-03,,,,,,,,,,
2019-07-04,,,,,,,,,,
2019-07-05,,,,,,,,,,
2019-07-08,,,,,,,,,,
2019-07-09,,,,,,,,,,
2019-07-10,,,,,,,,,,
2019-07-11,,,,,,,,,,
2019-07-12,,,,,,,,,,
2019-07-15,,,,,,,,,,
2019-07-16,,,,,,,,,,
2019-07-17,,,,,,,,,,
2019-07-18,,,,,,,,,,
2019-07-19,,,,,,,,,,
2019-07-22,,,,,,,,,,
2019-07-23,,,,,,,,,,
2019-07-24,,,,,,,,,,
2019-07-25,,,,,,,,,,
2019-07-26,,,,,,,,,,
2019-07-29,,,,,,,,,,
2019-07-30,,,,,,,,,,
2019-07-31,,,,,,,,,,
2019-08-01,,,,,,,,,,
2019-08-02,,,,,,,,,,
2019-08-05,,,,,,,,,,
2019-08-06,,,,,,,,,,
2019-08-07,,,,,,,,,,
2019-08-08,,,,,,,,,,
2019-08-09,,,,,,,,,,
2019-08-12,,,,,,,,,,
2019-08-13,,,,,,,,,,
2019-08-14,,,,,,,,,,
2019-08-15,,,,,,,,,,
2019-08-16,,,,,,,,,,
2019-08-19,,,,,,,,,,
2019-08-20,,,,,,,,,,
2019-08-21,,,,,,,,,,
2019-08-22,,,,,,,,,,
2019-08-23,,,,,,,,,,
2019-08-26,,,,,,,,,,
2019-08-27,,,,,,,,,,
2019-08-28,,,,,,,,,,
2019-08-29,,,,,,,,,,
2019-08-30,,,,,,,,,,
2019-09-02,,,,,,,,,,
2019-09-03,,,,,,,,,,
2019-09-04,,,,,,,,,,
2019-09-05,,,,,,,,,,
2019-09-06,,,,,,,,,,
2019-09-09,,,,,,,,,,
2019-09-10,,,,,,,,,,
2019-09-11,,,,,,,,,,
2019-09-12,,,,,,,,,,
2019-09-16,,,,,,,,,,
2019-09-17,,,,,,,,,,
2019-09-18,,,,,,,,,,
2019-09-19,,,,,,,,,,
2019-09-20,,,,,,,,,,
2019-09-23,,,,,,,,,,
2019-09-24,,,,,,,,,,
2019-09-25,,,,,,,,,,
2019-09-26,,,,,,,,,,
2019-09-27,,,,,,,,,,
2019-09-30,,,,,,,,,,
2019-10-08,,,,,,,,,,
2019-10-09,,,,,,,,,,
2019-10-10,,,,,,,,,,
2019-10-11,,,,,,,,,,
2019-10-14,,,,,,,,,,
2019-10-15,,,,,,,,,,
2019-10-16,,,,,,,,,,
2019-10-17,,,,,,,,,,
2019-10-18,,,,,,,,,,
2019-10-21,,,,,,,,,,
2019-10-22,,,,,,,,,,
2019-10-23,,,,,,,,,,
2019-10-24,,,,,,,,,,
2019-10-25,,,,,,,,,,
2019-10-28,,,,,,,,,,
2019-10-29,,,,,,,,,,
2019-10-30,,,,,,,,,,
2019-10-31,,,,,,,,,,
2019-11-01,,,,,,,,,,
2019-11-04,,,,,,,,,,
2019-11-05,,,,,,,,,,
2019-11-06,,,,,,,,,,
2019-11-07,,,,,,,,,,
2019-11-08,,,,,,,,,,
2019-11-11,,,,,,,,,,
2019-11-12,,,,,,,,,,
2019-11-13,,,,,,,,,,
2019-11-14,,,,,,,,,,
2019-11-15,,,,,,,,,,
2019-11-18,,,,,,,,,,
2019-11-19,,,,,,,,,,
2019-11-20,,,,,,,,,,
2019-11-21,,,,,,,,,,
2019-11-22,,,,,,,,,,
2019-11-25,,,,,,,,,,
2019-11-26,,,,,,,,,,
2019-11-27,,,,,,,,,,
2019-11-28,,,,,,,,,,
2019-11-29,,,,,,,,,,
2019-12-02,,,,,,,,,,
2019-12-03,,,,,,,,,,
2019-12-04,,,,,,,,,,
2019-12-05,,,,,,,,,,
2019-12-06,,,,,,,,,,
2019-12-09,,,,,,,,,,
2019-12-10,,,,,,,,,,
2019-12-11,,,,,,,,,,
2019-12-12,,,,,,,,,,
2019-12-13,,,,,,,,,,
2019-12-16,,,,,,,,,,
2019-12-17,,,,,,,,,,
2019-12-18,,,,,,,,,,
2019-12-19,,,,,,,,,,
2019-12-20,,,,,,,,,,
2019-12-23,,,,,,,,,,
2019-12-24,,,,,,,,,,
2019-12-25,,,,,,,,,,
2019-12-26,,,,,,,,,,
2019-12-27,,,,,,,,,,
2019-12-30,,,,,,,,,,
2019-12-31,,,,,,,,,,
2020-01-02,,,,,,,,,,
2020-01-03,,,,,,,,,,
2020-01-06,,,,,,,,,,
2020-01-07,,,,,,,,,,
2020-01-08,,,,,,,,,,
2020-01-09,,,,,,,,,,
2020-01-10,,,,,,,,,,
2020-01-13,,,,,,,,,,
2020-01-14,,,,,,,,,,
2020-01-15,,,,,,,,,,
2020-01-16,,,,,,,,,,
2020-01-17,,,,,,,,,,
2020-01-20,,,,,,,,,,
2020-01-21,,,,,,,,,,
2020-01-22,,,,,,,,,,
2020-01-23,,,,,,,,,,
2020-02-03,,,,,,,,,,
2020-02-04,,,,,,,,,,
2020-02-05,,,,,,,,,,
2020-02-06,,,,,,,,,,
2020-02-07,,,,,,,,,,
2020-02-10,,,,,,,,,,
2020-02-11,,,,,,,,,,
2020-02-12,,,,,,,,,,
2020-02-13,,,,,,,,,,
2020-02-14,,,,,,,,,,
2020-02-17,,,,,,,,,,
2020-02-18,,,,,,,,,,
2020-02-19,,,,,,,,,,
2020-02-20,,,,,,,,,,
2020-02-21,,,,,,,,,,
2020-02-24,,,,,,,,,,
2020-02-25,,,,,,,,,,
2020-02-26,,,,,,,,,,
2020-02-27,,,,,,,,,,
2020-02-28,,,,,,,,,,
2020-03-02,,,,,,,,,,
2020-03-03,,,,,,,,,,
2020-03-04,,,,,,,,,,
2020-03-05,,,,,,,,,,
2020-03-06,,,,,,,,,,
2020-03-09,,,,,,,,,,
2020-03-10,,,,,,,,,,
2020-03-11,,,,,,,,,,
2020-03-12,,,,,,,,,,
2020-03-13,,,,,,,,,,
2020-03-16,,,,,,,,,,
2020-03-17,,,,,,,,,,
2020-03-18,,,,,,,,,,
2020-03-19,,,,,,,,,,
2020-03-20,,,,,,,,,,
2020-03-23,,,,,,,,,,
2020-03-24,,,,,,,,,,
2020-03-25,,,,,,,,,,
2020-03-26,,,,,,,,,,
2020-03-27,,,,,,,,,,
2020-03-30,,,,,,,,,,
2020-03-31,,,,,,,,,,
2020-04-01,,,,,,,,,,
2020-04-02,,,,,,,,,,
2020-04-03,,,,,,,,,,
2020-04-07,,,,,,,,,,
2020-04-08,,,,,,,,,,
2020-04-09,,,,,,,,,,
2020-04-10,,,,,,,,,,
2020-04-13,,,,,,,,,,
2020-04-14,,,,,,,,,,
2020-04-15,,,,,,,,,,
2020-04-16,,,,,,,,,,
2020-04-17,,,,,,,,,,
2020-04-20,,,,,,,,,,
2020-04-21,,,,,,,,,,
2020-04-22,,,,,,,,,,
2020-04-23,,,,,,,,,,
2020-04-24,,,,,,,,,,
2020-04-27,,,,,,,,,,
2020-04-28,,,,,,,,,,
2020-04-29,,,,,,,,,,
2020-04-30,,,,,,,,,,
2020-05-06,,,,,,,,,,
2020-05-07,,,,,,,,,,
2020-05-08,,,,,,,,,,
2020-05-11,,,,,,,,,,
2020-05-12,,,,,,,,,,
2020-05-13,,,,,,,,,,
2020-05-14,,,,,,,,,,
2020-05-15,,,,,,,,,,
2020-05-18,,,,,,,,,,
2020-05-19,,,,,,,,,,
2020-05-20,,,,,,,,,,
2020-05-21,,,,,,,,,,
2020-05-22,,,,,,,,,,
2020-05-25,,,,,,,,,,
2020-05-26,,,,,,,,,,
2020-05-27,,,,,,,,,,
2020-05-28,,,,,,,,,,
2020-05-29,,,,,,,,,,
2020-06-01,,,,,,,,,,
2020-06-02,,,,,,,,,,
2020-06-03,,,,,,,,,,
2020-06-04,,,,,,,,,,
2020-06-05,,,,,,,,,,
2020-06-08,,,,,,,,,,
2020-06-09,,,,,,,,,,
2020-06-10,,,,,,,,,,
2020-06-11,,,,,,,,,,
2020-06-12,,,,,,,,,,
2020-06-15,,,,,,,,,,
2020-06-16,,,,,,,,,,
2020-06-17,,,,,,,,,,
2020-06-18,,,,,,,,,,
2020-06-19,,,,,,,,,,
2020-06-22,,,,,,,,,,
2020-06-23,,,,,,,,,,
2020-06-24,,,,,,,,,,
2020-06-29,,,,,,,,,,
2020-06-30,,,,,,,,,,
2020-07-01,,,,,,,,,,
2020-07-02,,,,,,,,,,
2020-07-03,,,,,,,,,,
2020-07-06,,,,,,,,,,
2020-07-07,,,,,,,,,,
2020-07-08,,,,,,,,,,
2020-07-09,,,,,,,,,,
2020-07-10,,,,,,,,,,
2020-07-13,,,,,,,,,,
2020-07-14,,,,,,,,,,
2020-07-15,,,,,,,,,,
2020-07-16,,,,,,,,,,
2020-07-17,,,,,,,,,,
2020-07-20,,,,,,,,,,
2020-07-21,,,,,,,,,,
2020-07-22,,,,,,,,,,
2020-07-23,,,,,,,,,,
2020-07-24,,,,,,,,,,
2020-07-27,,,,,,,,,,
2020-07-28,,,,,,,,,,
2020-07-29,,,,,,,,,,
2020-07-30,,,,,,,,,,
2020-07-31,,,,,,,,,,
2020-08-03,,,,,,,,,,
2020-08-04,,,,,,,,,,
2020-08-05,,,,,,,,,,
2020-08-06,,,,,,,,,,
2020-08-07,,,,,,,,,,
2020-08-10,,,,,,,,,,
2020-08-11,,,,,,,,,,
2020-08-12,,,,,,,,,,
2020-08-13,,,,,,,,,,
2020-08-14,,,,,,,,,,
2020-08-17,,,,,,,,,,
2020-08-18,,,,,,,,,,
2020-08-19,,,,,,,,,,
2020-08-20,,,,,,,,,,
2020-08-21,,,,,,,,,,
2020-08-24,,,,,,,,,,
2020-08-25,,,,,,,,,,
2020-08-26,,,,,,,,,,
2020-08-27,,,,,,,,,,
2020-08-28,,,,,,,,,,
2020-08-31,,,,,,,,,,
2020-09-01,,,,,,,,,,
2020-09-02,,,,,,,,,,
2020-09-03,,,,,,,,,,
2020-09-04,,,,,,,,,,
2020-09-07,,,,,,,,,,
2020-09-08,,,,,,,,,,
2020-09-09,,,,,,,,,,
2020-09-10,,,,,,,,,,
2020-09-11,,,,,,,,,,
2020-09-14,,,,,,,,,,
2020-09-15,,,,,,,,,,
2020-09-16,,,,,,,,,,
2020-09-17,,,,,,,,,,
2020-09-18,,,,,,,,,,
2020-09-21,,,,,,,,,,
2020-09-22,,,,,,,,,,
2020-09-23,,,,,,,,,,
2020-09-24,,,,,,,,,,
2020-09-25,,,,,,,,,,
2020-09-28,,,,,,,,,,
2020-09-29,,,,,,,,,,
2020-09-30,,,,,,,,,,
2020-10-09,,,,,,,,,,
2020-10-12,,,,,,,,,,
2020-10-13,,,,,,,,,,
2020-10-14,,,,,,,,,,
2020-10-15,,,,,,,,,,
2020-10-16,,,,,,,,,,
2020-10-19,,,,,,,,,,
2020-10-20,,,,,,,,,,
2020-10-21,,,,,,,,,,
2020-10-22,,,,,,,,,,
2020-10-23,,,,,,,,,,
2020-10-26,,,,,,,,,,
2020-10-27,,,,,,,,,,
2020-10-28,,,,,,,,,,
2020-10-29,,,,,,,,,,
2020-10-30,,,,,,,,,,
2020-11-02,,,,,,,,,,
2020-11-03,,,,,,,,,,
2020-11-04,,,,,,,,,,
2020-11-05,,,,,,,,,,
2020-11-06,,,,,,,,,,
2020-11-09,,,,,,,,,,
2020-11-10,,,,,,,,,,
2020-11-11,,,,,,,,,,
2020-11-12,,,,,,,,,,
2020-11-13,,,,,,,,,,
2020-11-16,,,,,,,,,,
2020-11-17,,,,,,,,,,
2020-11-18,,,,,,,,,,
2020-11-19,,,,,,,,,,
2020-11-20,,,,,,,,,,
2020-11-23,,,,,,,,,,
2020-11-24,,,,,,,,,,
2020-11-25,,,,,,,,,,
2020-11-26,,,,,,,,,,
2020-11-27,,,,,,,,,,
2020-11-30,,,,,,,,,,
2020-12-01,,,,,,,,,,
2020-12-02,,,,,,,,,,
2020-12-03,,,,,,,,,,
2020-12-04,,,,,,,,,,
2020-12-07,,,,,,,,,,
2020-12-08,,,,,,,,,,
2020-12-09,,,,,,,,,,
2020-12-10,,,,,,,,,,
2020-12-11,,,,,,,,,,
2020-12-14,,,,,,,,,,
2020-12-15,,,,,,,,,,
2020-12-16,,,,,,,,,,
2020-12-17,,,,,,,,,,
2020-12-18,,,,,,,,,,
2020-12-21,,,,,,,,,,
2020-12-22,,,,,,,,,,
2020-12-23,,,,,,,,,,
2020-12-24,,,,,,,,,,
2020-12-25,,,,,,,,,,
2020-12-28,,,,,,,,,,
2020-12-29,,,,,,,,,,
2020-12-30,,,,,,,,,,
2020-12-31,,,,,,,,,,
2021-01-04,,,,,,,,,,
2021-01-05,,,,,,,,,,
2021-01-06,,,,,,,,,,
2021-01-07,,,,,,,,,,
2021-01-08,,,,,,,,,,
2021-01-11,,,,,,,,,,
2021-01-12,,,,,,,,,,
2021-01-13,,,,,,,,,,
2021-01-14,,,,,,,,,,
2021-01-15,,,,,,,,,,
2021-01-18,,,,,,,,,,
2021-01-19,,,,,,,,,,
2021-01-20,,,,,,,,,,
2021-01-21,,,,,,,,,,
2021-01-22,,,,,,,,,,
2021-01-25,,,,,,,,,,
2021-01-26,,,,,,,,,,
2021-01-27,,,,,,,,,,
2021-01-28,,,,,,,,,,
2021-01-29,,,,,,,,,,
2021-02-01,,,,,,,,,,
2021-02-02,,,,,,,,,,
2021-02-03,,,,,,,,,,
2021-02-04,,,,,,,,,,
2021-02-05,,,,,,,,,,
2021-02-08,,,,,,,,,,
2021-02-09,-0.01569073348243542,0.34655363305878695,-0.02559603042923322,0.4577873172769731,0.012317579359328173,0.5340528118793196,-0.07883258037214393,0.6085473255838776,-0.11360958745462686,0.43597615830966857
2021-02-10,-0.012395417822673078,0.3258070726999429,-0.03132326434090601,0.42355231771147184,-0.005480154571033079,0.43853669128378975,-0.13263759558075927,0.45037157820606466,-0.15546852863382268,0.34071385230737045
2021-02-18,-0.008686546819590489,0.3652289266579591,-0.0273737847860717,0.3862293499022482,-0.017580160522152447,0.3596715877930132,-0.12458579924443176,0.42983223104342544,-0.12982743087390777,0.27612084676446513
2021-02-19,-0.0052993315071912135,0.3651705832070963,-0.031368444476354014,0.3605586009406828,-0.024854276559686837,0.37826512421537484,-0.1414631585338888,0.33751379987866253,-0.12951621859605486,0.27456053884243886
2021-02-22,-0.011223317181329035,0.38507817721956616,-0.039307627766924556,0.3187420691480509,-0.02240568908306926,0.45968213037602434,-0.1115328102298781,0.4179178305185365,-0.08391870043261546,0.38160306113523434
2021-02-23,-0.011750875530605467,0.39785587108786896,-0.03732611152785481,0.35375188326271073,-0.013786023029745346,0.4923789117978455,-0.10228939394583379,0.34266098672866585,-0.07333242337314719,0.3864957148325926
2021-02-24,-0.013832739266337749,0.45218502518521125,-0.038071254562400944,0.367352522413283,-0.025319026539474057,0.5342718375821716,-0.09913028636610736,0.39459913524586276,-0.07449700680211675,0.3958696284677834
2021-02-25,-0.001844926769857715,0.5700363909789677,-0.029585928201429162,0.4229553095472718,-0.027472936060939354,0.5401775038417773,-0.09052764744680149,0.4175266992837054,-0.06696995958670789,0.3509695477405142
2021-02-26,-0.019856923352454387,0.43156890689668576,-0.050126172063284735,0.3873624248664904,-0.045831054383971025,0.41330427232349515,-0.13437523148533317,0.36298150751447766,-0.11677887572458291,0.27368542550028596
2021-03-01,-0.013988122897601377,0.5330789947477401,-0.040017847981279824,0.44269910653117006,-0.042596103071290886,0.4488269251294058,-0.11001363467605545,0.3934314471083028,-0.09881854370020494,0.32929428199899274
2021-03-02,-0.011163822719341576,0.5413249744547949,-0.03408104565738762,0.4630471272784356,-0.03374747580381102,0.4623251893438581,-0.10866986672757376,0.47338777267324983,-0.10766724227086824,0.37020392298180915
2021-03-03,-0.01674475682584834,0.504789325169445,-0.03807411726980407,0.4264811391149026,-0.039034067934660764,0.4416411054258761,-0.09569850625341869,0.49235926990570467,-0.09420887354323501,0.37888079531215546
2021-03-04,-0.0033477652847840583,0.557030814007555,-0.02653659081805972,0.45873631439891027,-0.030365298567836936,0.5188950727034263,-0.0869411911546302,0.5052909511051259,-0.01650276584212398,0.5732305476198095
2021-03-05,-0.009838818658111982,0.5161691649976229,-0.026429605552792647,0.4623237891282012,-0.023008038654222872,0.518119625325294,-0.0751624202453402,0.5220663586661048,-0.02226684891692766,0.5909359744490849
2021-03-08,0.0029990121942206835,0.6393470492981063,-0.018139152457948293,0.5442921371788085,-0.014604319986196893,0.5931137544391658,-0.0595837706815168,0.6147086314096143,0.03188158446218166,0.7611492704027137
2021-03-09,-0.00018688245828443062,0.6110456934149514,-0.010833676834674707,0.5323626825964789,-0.014859823874199908,0.5909909819728524,-0.06410627727006511,0.6207243664999132,0.0692956898727503,0.8116292978722381
2021-03-10,-0.002855019193583106,0.6424375477338065,0.006816912765220498,0.6583232996560576,0.019832135213392204,0.6665010264235313,-0.008365732733084882,0.7175558301266134,0.10025165514075755,0.8675789295759134
2021-03-11,0.0007051010115060098,0.621060983795421,0.0007825477490640362,0.6533725527384151,0.0022534669560500507,0.6198452982738678,-0.007262231815596165,0.7590945077908354,0.11454775764166944,0.870215644837042
2021-03-12,0.0005668577412539883,0.6186910472200953,0.009792549335452873,0.6962010183543609,0.009320007858612218,0.6392459847341853,0.008731844833217099,0.8279418902361764,0.1260462378609804,0.9027392890861746
2021-03-15,0.014102956419522687,0.7334638410198248,0.026414463397947317,0.7493953132901859,0.019046449163785305,0.6498894037342885,0.028000702529360072,0.8760385200840123,0.14015525618578165,0.9148619327631662
2021-03-16,0.013475406178479341,0.7422390444293092,0.029225014732641007,0.7449282316766014,0.021442531537039188,0.6878798220381727,0.03538763765034695,0.8832042449975477,0.15372199936264563,0.9409677449341305
2021-03-17,0.0009595393662440587,0.6307292904856538,0.019867340897719257,0.719751591369686,0.023361255025822175,0.6685798735323892,0.027732902144055507,0.8908016800294689,0.13863032551914278,0.9473098687777118
2021-03-18,-0.0015582650965172832,0.5910993905805407,0.011116314452410469,0.6927442265393778,0.015641829201110128,0.6539228239646319,0.05074198357299387,0.8927089444121112,0.17842046060270014,0.9486441132521171
2021-03-19,0.0053892454030872415,0.659538798167958,0.03965762256827485,0.7919435439313052,0.056014907911918765,0.7554828282404891,0.04780057125316488,0.9178791214801654,0.16630823008712387,0.9591117793352877
2021-03-22,0.0039382315287067,0.6606901228583812,0.03303745034224375,0.7726018331824283,0.05305905814027976,0.7460130359016642,0.05335649168392327,0.9067196831441483,0.1550440817721224,0.9499921530125175
2021-03-23,0.011444064415084696,0.717194781685532,0.038223037827183996,0.7537525397216166,0.04196898430200261,0.7354471543562897,0.05767342677707656,0.9145258369520678,0.13802853745089277,0.939134061491459
2021-03-24,0.010186640919521529,0.738608778299589,0.037531703640727505,0.7748387571009931,0.0540190849811555,0.7735483541292644,0.04738508144315599,0.9216835470642224,0.12406259885687519,0.9452952219127777
2021-03-25,0.0073554531455575735,0.7005919994363758,0.033513468867223804,0.7656518879519937,0.059760840463477634,0.7796891412039916,0.04831032179979539,0.9130296702606905,0.0977021814583744,0.9259750031957765
2021-03-26,0.0073462286255603065,0.6482015094915202,0.022850133487785942,0.6960930220810355,0.01699931649085468,0.6509706869902933,0.008909964533116915,0.8477716553841409,0.08171277380785703,0.8917573573685954
2021-03-29,0.006599591161617917,0.5944207690224289,0.016827394919204968,0.6792630614050033,0.004391323305927121,0.6144274276405818,-0.027606120343603904,0.8258644370088649,0.05070150279533782,0.8628124420517282
2021-03-30,0.005241386396025348,0.5531782384546539,0.011479385288987232,0.6219027617964066,-0.0012741949444632149,0.5237292569647066,-0.03206377949749989,0.7382082695932952,0.05908494441332839,0.8065890321513346
2021-03-31,0.0036958896718513783,0.6222098605470916,0.0034980181312651505,0.6432395723817345,0.0018766065617510717,0.5556338029531052,-0.061944742649337664,0.7175437297277885,0.011063527530652272,0.7950744701796091
2021-04-01,-0.0015937512763210867,0.5181736274602567,-0.0038342068116751235,0.5595317641432177,-0.004005288937859781,0.4991814778550244,-0.07850380786394523,0.6263282990570361,-0.011650528180457927,0.7316477816062983
2021-04-02,0.003578353582055156,0.4967434596380677,0.016243485056837457,0.5859267089498674,0.006411992002132137,0.5028675081388981,-0.07548746677904232,0.556692788673517,-0.03587672932760024,0.5823971613075744
2021-04-06,0.004397304598281096,0.5489184430498766,0.00695649444841627,0.5754343330807589,-0.014393911640158642,0.4754924887601939,-0.0820683452377765,0.5606552479024943,-0.037355619924785935,0.6192801575326431
2021-04-07,0.0054617575590459565,0.531591963646867,0.012895441964271448,0.5723393958030587,-0.006319297635729446,0.5040361400496632,-0.08020224488800903,0.5860873106422212,-0.03045889970310626,0.5840277204476393
2021-04-08,-0.004494457377681518,0.5650691541352445,-0.008138700739536816,0.5431338412957364,-0.012163475183677963,0.4863506178929246,-0.071629907209154,0.5952832298031618,-0.049078276683656996,0.6076951606914186
2021-04-09,-0.000615984268685314,0.619349391948289,-0.0024092139857244724,0.5788685435796446,-0.00982966059855915,0.5467577736951009,-0.06203582996659812,0.632546421672843,-0.006704474157655918,0.6938054074269113
2021-04-12,0.009295980848798468,0.6742231198070506,0.0038954414701634706,0.6410832146586488,-0.004767219489349852,0.6451605033350468,-0.056553232358733656,0.6564938293702277,0.004642835615081621,0.6598438696305974
2021-04-13,0.0019061126921305059,0.6935748812905518,0.0013886481766066355,0.6663177005921651,-0.0006650592310127076,0.6666577385715003,-0.034440432755535114,0.6996738771328898,-0.016160735934972487,0.6369202202818447
2021-04-14,0.005260546762681428,0.6684870376976623,0.012837487156275947,0.6902303614414744,-0.0036729189597002184,0.679344291899045,-0.03749862412742774,0.6899394454874616,-0.015653753851583033,0.619573860741585
2021-04-15,0.004714552908414959,0.668522088022419,0.010248238292307985,0.7024000626475629,-0.002143629646215829,0.666050317966024,-0.041008718319200804,0.7040310234279562,-0.02586289294381464,0.6193544969110532
2021-04-16,-0.0005390885316178349,0.5767294568307009,0.015175757514500718,0.6707991365917646,-0.006415576516140895,0.5934696644971406,-0.04691286251575019,0.6527539439601884,-0.03336614451381515,0.5573368860122545
2021-04-19,0.007409259658768879,0.5359936159787757,0.008667864283936509,0.6088455339482951,-0.026991490684850874,0.4640622756493547,-0.07963495467768587,0.5208355358268073,-0.060893576691390394,0.4662836686776875
2021-04-20,0.004608359200550903,0.5187971475823656,-0.008463486038483129,0.538411106357914,-0.039117938298425387,0.41961975835769316,-0.08908130748577106,0.516671180836879,-0.06478936348265912,0.5599469272439765
2021-04-21,0.003160603757989295,0.5152743040445662,-0.027874059826349665,0.47453550810946554,-0.06048678529634761,0.3365844610997799,-0.09877325280503153,0.41172283357005496,-0.0657423241886981,0.538233233093484
2021-04-22,-0.0011357969669132369,0.4716473683306496,-0.023131018216752515,0.4577050811106464,-0.04953845975989644,0.3560134616700015,-0.08040093642243482,0.4212425151691736,-0.03865475008011387,0.617471889630601
2021-04-23,-0.005885423212608056,0.4243568515818923,-0.002686318312328579,0.4436182115133982,-0.02341104154531016,0.39662517723720986,-0.07438306528659971,0.35027047733734573,-0.012979743908175473,0.6381210420259092
2021-04-26,0.005986377026117964,0.5506503445304675,0.01604217018920554,0.4993191343430028,-0.017126239260491467,0.44758646855151707,-0.07781620223221745,0.4132863689894732,0.005199400985415704,0.6331702118776111
2021-04-27,0.0045907111672471865,0.5819176395497,0.0047711025445428025,0.5183685265330333,-0.02095700868912116,0.44722455673643585,-0.06633622072397577,0.44277040626008796,0.012191512519614676,0.6452895068485497
2021-04-28,-0.007212733287164754,0.43801405009032646,0.00047536569475131176,0.49318011934717787,-0.019342940921268807,0.424987471273618,-0.08183751671484256,0.4054830622482682,-0.00206021220281413,0.5592043235453532
2021-04-29,0.0006498286845597438,0.46989757229849743,0.012965969528158287,0.4728228536950652,-0.031062552996567502,0.4431456610101722,-0.06252080727270311,0.5739660011373108,0.01064908955262515,0.5679706457188292
2021-04-30,-0.003928488684994739,0.4850985014277188,-0.014048246742799815,0.48021831515819574,-0.042219094200523874,0.41603166950888004,-0.06794850794972387,0.5585898159901993,0.041640204974865216,0.7011699422463549
2021-05-06,-0.0027271254149280576,0.48763048122281744,-0.0017635041831669989,0.48978600582960774,-0.015750494165641435,0.5062545137130697,-0.05769933400922499,0.5425155974407804,0.08011881086280137,0.7563966577961251
2021-05-07,-0.006165831246029578,0.5137181897381029,-0.004343209436875021,0.5089987398072252,-0.0014659504917849155,0.565126286169967,-0.03193587977921712,0.6743911022802935,0.09147470305444551,0.8312227233761534
2021-05-10,0.0020584569779157165,0.5720282718670084,0.014919598075767898,0.5854737244833399,0.03588647996918003,0.7517523950809541,0.02885534093503921,0.8275403206441148,0.12353712577251173,0.8805897836074043
2021-05-11,0.008109465440070025,0.6682427833234684,0.029463815770302812,0.7186920616194373,0.060689045487362064,0.8101298237537892,0.039007406543894244,0.8457896193936885,0.11834268976552971,0.8716163642120807
2021-05-12,0.0017247244418552247,0.6047474314999486,0.02123165910996696,0.7065680753076481,0.06224426340869601,0.790042098503669,0.0384409036460005,0.8620209467132298,0.09425234742710832,0.8497578004344098
2021-05-13,0.0026502525540596862,0.6344408058991382,0.01958494812841891,0.7144309872187978,0.05782778773842659,0.7779132136014901,0.031093672138253352,0.8665111644485045,0.07283499895290525,0.8378207804496722
2021-05-14,-1.40345925598662e-05,0.6083229436099616,0.0240883500473089,0.7163094781282405,0.06392898114984975,0.762039477784149,0.04706603915610258,0.8797426937456414,0.08749331092514429,0.8417182663324143
2021-05-17,0.006244830649389696,0.528453751887278,0.025525836112229704,0.6673443748807637,0.03450830937621331,0.6191379394302231,0.017930773476049044,0.8207908078693072,0.1051730582692292,0.7706702181069318
2021-05-18,0.0007220854103120841,0.46008558173968495,0.004594045190785451,0.5846811292962827,0.015068114289928278,0.5644382356377969,-0.014303950369184266,0.7699932150548384,0.07970447354645802,0.7906350238342771
2021-05-19,-0.006880074100204142,0.40343788205904524,0.0013755240102498,0.5466049246219908,0.021487406719461383,0.5770997474065824,0.004229022690054067,0.7452166467380834,0.09177475332548092,0.8475270969470833
2021-05-20,-0.00774856906297484,0.4151623815001981,-0.035895577777066666,0.39403585151600007,-0.01878590047052208,0.39231193113080043,0.05776128890780285,0.6820713112775497,0.0659651264524508,0.766373647266508
2021-05-21,-0.005483113353790485,0.4607452762938418,-0.017997033553690152,0.4160411072843296,0.000773931946368477,0.4552679546993946,0.06002411880807774,0.6434397815779593,0.09729419377588108,0.8041120775965611
2021-05-24,-0.009271400028916505,0.39974010394990916,-0.0182240760686049,0.3842352064627619,-0.004543880443471631,0.4517989499919474,0.02741487344086603,0.5117648127879769,0.09865351160311342,0.7704760036727792
2021-05-25,-0.007619683271072428,0.3872535527989295,-0.019145224907226803,0.3878577334922208,-0.020125243143558746,0.38717848066095123,0.013615807539023226,0.47427914175696195,0.07615568594438736,0.6859296724181189
2021-05-26,-0.0048464054951702805,0.4231195195901078,-0.018063269934123195,0.40621411013042025,-0.022800113848319748,0.4006063452005228,0.01648916053362607,0.5190189808512714,0.08498371159082264,0.7008750756262948
2021-05-27,-0.006727188766693443,0.39063252859297554,-0.014974247704916847,0.4077985571608929,-0.022263615162867824,0.3735100690183985,0.007408928689614697,0.4835097313708275,0.08319702177344823,0.6499196391297654
2021-05-28,-0.0011767442605389417,0.47043280338600374,-0.013013738766609766,0.40567950053536994,-0.012867552001451578,0.46689145849010116,0.03604102444801076,0.6111502892501266,0.08304855012708434,0.7019691892929503
2021-05-31,-0.007493620466557678,0.4078604812230922,-0.019411853798197643,0.3874723784224828,-0.016129526911427928,0.4221671986200642,0.006056554489186771,0.5237465436552009,0.08169826859919295,0.7073465198744279
2021-06-01,-0.010711661487735696,0.35749971228889427,-0.016005358562258157,0.3313392303586739,-0.011348814351377896,0.4497470172411489,0.001793830651455561,0.47170387884527304,0.05902334569463656,0.708071457992766
2021-06-02,-0.007742551134446657,0.4166062586207544,-0.01830179007229444,0.35873361739604337,-0.007608784329436895,0.46298914747261194,0.006016853890257924,0.5470837463076355,0.07429026418108335,0.7456309289924627
2021-06-03,-0.004100923244111739,0.47857852965994174,-0.005399391399450913,0.4306148872891405,0.016468711089405254,0.5662946760901552,0.023042064919912345,0.6098613330949872,0.07438177437646597,0.7691097340371011
2021-06-04,-0.003735845398071009,0.4613234590116035,-0.005206268468543884,0.48062645553600797,0.006440380238622617,0.5018822154033378,0.007318609246736763,0.6134960592806058,0.08535406944522725,0.7479652805151412
2021-06-07,-0.007765149239813239,0.4878097396231151,-0.01742165490589169,0.4672269467647798,-0.007994017854793858,0.46219055353304034,0.006681554652940366,0.6421975658352509,0.04369773777838895,0.7408183876988899
2021-06-08,-0.005493232858095452,0.46246058539523843,0.00023858134826917898,0.5130960413929239,0.014436955583691497,0.543966980816104,-0.005465161121603026,0.6686423175628079,0.060244024494472,0.7461304017075188
2021-06-09,-0.007771779560339613,0.487942764192766,-0.00630573820521726,0.5464016744536223,0.0193048724072573,0.5507739765374217,0.005373202721870352,0.6405719594564131,0.05255520692654528,0.7880896318591961
2021-06-10,-0.0037446197650958363,0.44589934775410567,-0.017311508092299824,0.4618753561020218,-0.0030178272143651643,0.45709092865694506,-0.004499154158410276,0.6268773432235085,0.037445122073240814,0.7239878719463368
2021-06-11,-0.002682070869088182,0.4854575140635387,-0.01026275891915122,0.4749250592400716,0.007329567774560195,0.4955100009659024,0.017555931254228965,0.6434177526670312,0.041806342991734795,0.7442550616042153
2021-06-15,-0.010652704089982605,0.40465876268015066,-0.02705146419380063,0.4031900356463076,-0.004247984600104457,0.4441984650170459,0.01941795275059329,0.6231207398826409,0.051113173331402924,0.7646923999982009
2021-06-16,0.004398344027213374,0.5592941756904456,0.0022298382511906347,0.5161717680520526,0.029796912528616788,0.6605705945221984,0.05206602447879675,0.6741184217328373,0.08996292374389292,0.8264166228843917
2021-06-17,-0.003327215264557013,0.42676975528365646,-0.00023059673407448567,0.5052723737632396,0.023177575786012337,0.6011688440090233,0.0474242613381091,0.6633007766083024,0.07870691241741914,0.8056584142566765
2021-06-18,-0.0015033810226564631,0.43032912205109225,-0.009068289828235581,0.43084578489526804,0.006593781180092308,0.5208052412801291,0.05090543985848784,0.5783691579515502,0.06847801185886591,0.742293377151273
2021-06-21,0.00870091594488978,0.48602492445998025,0.006387660429494931,0.6014331195115968,0.014556147488999836,0.5232117283864145,0.013246713123674448,0.6786074691862471,0.062035857449014256,0.7078578034650093
2021-06-22,-0.00023707627775684337,0.4855593075053252,0.0025708948944180073,0.5164066429347908,0.007111880722361412,0.5667568349306804,-0.011379241778739713,0.5768959602039928,-0.003961658553649938,0.6548415569391903
2021-06-23,-0.009388016195362633,0.43609431378470104,-0.012287881048719624,0.42815564490893643,-0.005607934111671352,0.4841384692018059,-0.023743040459543174,0.5095132046963909,-0.027681872854986172,0.5904149349838458
2021-06-24,-0.00514505845787931,0.4446845203737365,0.004896497910610581,0.4699975570557797,0.02156396210020639,0.551254902434623,-0.004253802724899625,0.4807480916097892,-0.013939584288313548,0.6337040924269461
2021-06-25,-0.012384838028793406,0.40753516000439854,-0.0010282038558863844,0.43922544202361136,0.022481734574808974,0.5178717863863374,-0.02136907481223371,0.429332512925134,-0.03377364133102491,0.5985701271378672
2021-06-28,-0.011685437533885665,0.4032232607291846,-0.013541141080570227,0.3832751446610276,0.003923686334318606,0.4443967556617404,-0.03533518813017215,0.36923117340388834,-0.0778315999949665,0.390485770025314
2021-06-29,-0.009612699854073642,0.4313561916335157,-0.015305951758237,0.41280043246613857,-0.02379218456598066,0.37711601808827183,-0.0443629201662481,0.4242197097571757,-0.08297527721324081,0.35883513393462274
2021-06-30,-0.013643626682933015,0.34570651985312933,-0.008867027296204352,0.4326149448300351,-0.026452562796777178,0.3508406578154834,-0.05039727285224716,0.4213254987075439,-0.08876078991525056,0.33111528137208235
2021-07-01,-0.0023445792771324917,0.4759635437010886,-0.0034382034859247942,0.4660577851679011,-0.01648532559542231,0.4730693409806751,-0.03525872283743737,0.4541160064090313,-0.07347795894487312,0.45641106485656935
2021-07-02,-0.00918087837902707,0.4620569110183979,-0.013852073335081323,0.45571193239542446,-0.0025564509427090203,0.5114010770559198,-0.03804384455827762,0.44142367682837214,-0.11453975373313267,0.44492087813361325
2021-07-05,-0.009076973104234125,0.4578036484697405,-0.0294197544501651,0.3437539533656456,-0.0283104095508475,0.41787443834279225,-0.12468812355346859,0.22508539028506658,-0.20692212961736753,0.28503616788084585
2021-07-06,-7.068418067251168e-05,0.5062283484126777,-0.016280945446725363,0.40390621126964843,-0.008556554616406744,0.4961395057264784,-0.11214127708444645,0.30166717067451,-0.189127839066268,0.3054105133273914
2021-07-07,-0.005118139594342246,0.42991746974006545,-0.019875131506668465,0.44669404489762987,-0.013242422144019498,0.43180251906702,-0.10943753977483904,0.30188376803705685,-0.19101128196496933,0.28312074708757756
2021-07-08,-0.002965864361737846,0.48016342832971376,-0.02992061067615429,0.41315275731701384,-0.046373017085043766,0.33963791436229285,-0.10662157340778151,0.3717083542925223,-0.22288783665926476,0.2602997436751168
2021-07-09,-0.015566024505794088,0.35048057434071667,-0.033508791694729034,0.3730455288189183,-0.06258729221298613,0.29130801136351947,-0.1335981441089647,0.3124548251808848,-0.21245056758103797,0.2648395259852217
2021-07-12,-0.017116432472190156,0.3519629505850142,-0.05620478260768099,0.3422973663413439,-0.07191561749130303,0.23329635336138083,-0.133992085987685,0.33147051732618066,-0.2315456120820346,0.2576410659006805
2021-07-13,-0.015388656127939559,0.3904940461880169,-0.05941977284046741,0.3014365072131924,-0.0782250580237782,0.2278081469321717,-0.15021964274159172,0.2597409429268382,-0.24650105428697125,0.24702478525388738
2021-07-14,-0.013303358716722943,0.4114495648339584,-0.05695987344651577,0.2672798651087817,-0.06617362604791369,0.2695464495950907,-0.15703718051468943,0.2330954239417745,-0.24455826248059467,0.26301185738875793
2021-07-15,-0.02033972109579722,0.3161699470998673,-0.06481366743084786,0.2516081329438625,-0.07254334744325276,0.25163858093044617,-0.14779544768692568,0.19836799350767337,-0.20779575801429073,0.28989377389483234
2021-07-16,-0.008778349574015,0.42123942271683246,-0.0332160681853542,0.3237082889745362,-0.038631573044216376,0.3574457985349654,-0.10202040040630822,0.2926119669124194,-0.15666198346035076,0.37100157990521004
2021-07-19,-0.0264941662270249,0.34795440928517885,-0.048944889693287155,0.30502438879234267,-0.04792287495867552,0.3435669973320838,-0.07995645335305289,0.2901687273662836,-0.1495998997987511,0.3476473725541842
2021-07-20,-0.02058383988496624,0.3802618734976066,-0.042932741812666916,0.32659217099777094,-0.043533800915441234,0.3468968119099047,-0.06107331955614031,0.3001101373745832,-0.1368506094487598,0.3826324034524125
2021-07-21,-0.019332367609615,0.3147508563885505,-0.0533088379300691,0.271623387079473,-0.07352294362477245,0.2614598199103943,-0.08952094183009453,0.29325701371914836,-0.13964351115453583,0.2879933263738437
2021-07-22,-0.022254820775706494,0.29191784202538956,-0.051558238674071465,0.2565497782335438,-0.07244732699479103,0.2525623244875813,-0.09773333310174517,0.24175000262688265,-0.14911344232310655,0.2631365522834937
2021-07-23,-0.012285770323500294,0.44657377072079657,-0.04988633695438341,0.3857586941951608,-0.07189109552251242,0.2590834108867358,-0.12533068905856065,0.3294343175831255,-0.20343141215463562,0.20056346083195745
2021-07-26,-0.0232348652784985,0.43836445006471947,-0.06720912947923016,0.3004613540697869,-0.09354379689493222,0.25450780955102087,-0.18209000748811707,0.19915080898778406,-0.2706474873997394,0.1820212604201198
2021-07-27,-0.0295586540620174,0.4037610098149033,-0.0753491855131711,0.2771059392084864,-0.08042871689589547,0.2854080164980361,-0.16574060583421824,0.29255953694547043,-0.2753388246544603,0.22592175247671037
2021-07-28,-0.02905409707905899,0.3701865784558443,-0.06039674902167423,0.28546696017023987,-0.05187481545120827,0.35351106308690106,-0.1751555556615273,0.17424565210762408,-0.26286924330909506,0.217928377398785
2021-07-29,-0.019489228911302777,0.4589816873068573,-0.029378067942360715,0.44571998084505954,-0.014762151418904319,0.4338423606581719,-0.1378016039495128,0.29738566618521195,-0.19636680587270974,0.2510270826990816
2021-07-30,-0.024050216015548118,0.3835186645861363,-0.02208092701082082,0.34714500115705665,-0.02604907682996707,0.40950669572313847,-0.14504278695056966,0.21695631133502344,-0.20792885077188927,0.19607594311758184
2021-08-02,-0.03003735247846835,0.3837053775184889,-0.041150268168566005,0.30938748973340946,-0.05337753041599713,0.36079622510239495,-0.18158005081451395,0.25649369518379644,-0.2563541013675725,0.1327054243952264
2021-08-03,-0.027053915587935705,0.4443520380407148,-0.0405943275014656,0.3422511635711218,-0.04942158143363527,0.34032843583825156,-0.16774671582539494,0.20351374202559352,-0.2811243759806807,0.17024216962238142
2021-08-04,-0.040955712796674176,0.33269940426178335,-0.06735709226435269,0.2389156849684962,-0.07246557407951651,0.24731404891861228,-0.18682114465090519,0.1544613537475768,-0.30376031871760556,0.1280300019137393
2021-08-05,-0.03989354014283015,0.29313946385907275,-0.05860353870582495,0.21010306295576817,-0.05599942119577821,0.25947604383071565,-0.18310067082510978,0.12538718839916407,-0.3220428576023258,0.11584063041453069
2021-08-06,-0.037930550928999954,0.31999952369173273,-0.06623596441146974,0.18939440234926597,-0.06256107378976618,0.23116672004825944,-0.18578046494147002,0.1268801923703843,-0.3184771002402982,0.11117408487938192
2021-08-09,-0.027511880183598156,0.29113342013128557,-0.03999115552430085,0.20372245583157747,-0.04061401069333299,0.3023335183374735,-0.13972325040384245,0.1585950270383361,-0.26307850556037704,0.12515805598008894
2021-08-10,-0.02636239331547638,0.3325449220326323,-0.03684777884658717,0.24126035941851504,-0.037336623199083374,0.2970690216892015,-0.13124916318817578,0.17466421720590225,-0.25434868785008413,0.13068023529271952
2021-08-11,-0.02463057625011248,0.3431482102594463,-0.027810661659548867,0.2855424447966996,-0.02457327007390156,0.32545479854900816,-0.09964378108510374,0.20322280635219325,-0.2185562558935144,0.12503225827703696
2021-08-12,-0.01931029956907152,0.4058841090704569,-0.05496617432130284,0.19526689337233663,-0.06730099153522526,0.23675858134462535,-0.1775466873789469,0.12058377861640156,-0.25282386282083835,0.08572732030696811
2021-08-13,-0.013393537710043505,0.43483917920926274,-0.040613192892606564,0.23269370372473877,-0.03308543426128361,0.31063164410953703,-0.16082147652398993,0.1416057959681156,-0.253417016222322,0.10918860981678544
2021-08-16,-0.00956572836919631,0.4565091420986956,-0.044092070872730864,0.21051800810558918,-0.040963656097686436,0.2627826738157321,-0.18893904599152847,0.10048717381725981,-0.2618149179892943,0.08927311961205499
2021-08-17,-0.00876565938354823,0.4085636838601824,-0.043099368545778255,0.19673628408857613,-0.03986206231585252,0.24793843659271889,-0.1727596130145925,0.11553854097431411,-0.2309463422967424,0.0989283642412895
2021-08-18,0.006374714950460886,0.6135565699442395,-0.003536035741453342,0.3484132256739608,-0.036366989500062175,0.3348671700688492,-0.08852388097151474,0.24856486493812233,-0.10398352843145098,0.15041259710668076
2021-08-19,0.002896418276171298,0.5827751239180721,-0.0034788173164543436,0.3774242435385813,-0.03166009733003299,0.30053203145778196,-0.09145987230269395,0.22743233613782599,-0.09976313647718212,0.13355607225263225
2021-08-20,0.0023274782779140156,0.596417004657424,-0.0003236513274246626,0.3834705093675783,-0.04967155813439909,0.2757359302157382,-0.09280348211060171,0.2412620139367572,-0.06840056718840647,0.16026004048584175
2021-08-23,0.0001488619089824051,0.5493271965130097,-0.011741263074386723,0.3371935267313006,-0.05557658176759474,0.23191745769856367,-0.09710617380925117,0.21914952764749226,-0.05588644465394055,0.14098170792765105
2021-08-24,0.0027190172649822634,0.5763092011468178,-0.007260013902408089,0.32892826231137573,-0.056371073632841995,0.2399063665290014,-0.09226225360471119,0.20909891901105943,-0.04877789178203372,0.16039885752767136
2021-08-25,-0.0017087651072415777,0.4190464631907946,-0.03174858860540055,0.2397864096863029,-0.0695111757615027,0.17045906076043196,-0.10835884544052402,0.15237186749415085,-0.0854693588221433,0.12924954148339815
2021-08-26,-0.02201406590819408,0.3145393168962035,-0.07613333038866114,0.1932474769341631,-0.12028855554930631,0.1085788872267063,-0.12614154769535177,0.12460727838285969,-0.12807740453751199,0.11877968125354293
2021-08-27,-0.019646933388913032,0.33087067114216334,-0.08991423471164513,0.17108768250933354,-0.11645471042691068,0.12116758492537331,-0.14043606556675117,0.12249464423053387,-0.10342141205029794,0.15150148230260074
2021-08-30,-0.019271657722053272,0.4223425965716787,-0.08465088208021314,0.21780435600638057,-0.11988835631152783,0.14796201069326334,-0.1622625834657897,0.11506598141390341,-0.048960889543303056,0.1976686213137074
2021-08-31,-0.026555618897239758,0.37935349034824545,-0.0859427145500056,0.1980871887831566,-0.12532287401817385,0.14207591744283507,-0.18630564618926113,0.09808510908162824,-0.09925692790065027,0.17551523362285754
2021-09-01,-0.02167956533705403,0.4217217403748691,-0.06859066038196635,0.24353186302867744,-0.11965316500223043,0.16500151205015787,-0.19820717441259583,0.13940631751638075,-0.06488155723506873,0.2443880181882425
2021-09-02,-0.027453721051817502,0.4571972442671662,-0.06454109814021146,0.22028777745880748,-0.08925603317983911,0.19022387672045196,-0.17831994563057435,0.12892636646240432,-0.11223239690224844,0.17539540186876987
2021-09-03,-0.02138707988245678,0.45066648500501866,-0.049271786506637424,0.22951458155001528,-0.0723944485419345,0.22389719234729055,-0.14839729329047738,0.17819247297222565,-0.1133896066229308,0.17429216601242023
2021-09-06,-0.023921145890583716,0.40289436193268846,-0.06496604661516064,0.17973606754285834,-0.08902891246734065,0.1526205753459333,-0.1647139818366614,0.16558213598772623,-0.17719385940092433,0.10629375379720342
2021-09-07,-0.02116475249789536,0.48943802005620635,-0.06874128682190475,0.2001399209476768,-0.08920289449288908,0.14519889095119962,-0.1490561396301575,0.20849161315867087,-0.2060583978806456,0.11143640773166813
2021-09-08,-0.01080305453146408,0.5389818212556924,-0.04282539932667706,0.21382904357284044,-0.09009953690964034,0.17257666691108645,-0.1291095474822402,0.24410828888140995,-0.18549438701694393,0.09559075859533914
2021-09-09,-0.01649445234602652,0.5300804827466664,-0.0410655973446282,0.23138901022199734,-0.08560620679985832,0.1641622440320649,-0.15014262658398486,0.21864867939439372,-0.22136271639061325,0.08546032068303447
2021-09-10,-0.018732327584408986,0.4766224060902257,-0.029802132835328867,0.2717566332029585,-0.06379986745207794,0.18139738334516145,-0.12495827129503691,0.2269254227886058,-0.16147784030788553,0.09056741631179432
2021-09-13,0.0001822583512327996,0.5941931716867686,-0.0001471665560627746,0.35947594648859915,-0.026608885213171587,0.33858242037095393,-0.09354995464397464,0.31212810995757695,-0.1196125223955026,0.1489147832692764
2021-09-14,-0.008773012166110058,0.5838695681246309,-0.016730056953198586,0.33699295318924577,-0.01765831758202795,0.3344882599144409,-0.09066709419856674,0.321698658714655,-0.12659569727355977,0.1843624401144413
2021-09-15,-0.009591888027064632,0.5618742256123449,-0.0246680538408476,0.300983318547595,-0.030106327774267395,0.30828615975044205,-0.085620493016882,0.28360261867223713,-0.10631408631222872,0.20973608027336635
2021-09-16,-0.005984668568466533,0.5780102595078357,-0.01375041103128433,0.30237794271178003,-0.018936071670564106,0.3486455672518035,-0.08450410191988748,0.3020965305379657,-0.09839438975823095,0.21843714814378484
2021-09-17,0.0017081634628565842,0.6245494542917651,-0.008550219128468517,0.3517879926925069,-0.021047811308713284,0.2939372629244546,-0.10037201834569531,0.23010349895735727,-0.08098728335291605,0.19957742092808733
2021-09-22,-0.0020825450969409716,0.618962456678198,-0.026747931296986462,0.3227730536020391,-0.04855295715013215,0.20975491083333642,-0.11382689659263232,0.19763119344654909,-0.11623117704553797,0.19445908263803194
2021-09-23,-0.005098415656458203,0.5910940611824863,-0.024191380700552132,0.28268717241601904,-0.05132393023233779,0.22804062377473075,-0.11385848714084311,0.21941082121093247,-0.08653901366812687,0.19423952131275002
2021-09-24,-0.0031903272031161153,0.629901528665249,-0.022217808802467435,0.3218684588026415,-0.0453960764607218,0.2362456653413827,-0.10227233324594634,0.22547357981086813,-0.0814483244267134,0.1950424136524471
2021-09-27,-0.00044132572432485206,0.6745321694776237,-0.018177071386997205,0.371383639575866,-0.05011807072562903,0.234711688366172,-0.11017345471091494,0.1990910745744568,-0.06950316612202928,0.2211441364566294
2021-09-28,-0.004206952868932504,0.6576942125465939,-0.031864745402396595,0.29837539783056954,-0.07188691259328017,0.19220847014068265,-0.1545960244291515,0.12573543423375444,-0.13850544036643275,0.1670496491427903
2021-09-29,-0.01200049863333438,0.6013024792839916,-0.046587370150887264,0.226691001473561,-0.09378464804687359,0.14466437646432176,-0.18060890894554574,0.09809050919062372,-0.15459741937328195,0.1594822633587656
2021-09-30,-0.019879131525223692,0.5591648482210432,-0.054502896703016016,0.22341209183567226,-0.10889055783537485,0.1229456009844622,-0.17906744527873678,0.09179830533629968,-0.1431360592436544,0.1655955390310547
2021-10-08,-0.006535828640493753,0.6416000773737699,-0.03193033830330566,0.27520607425658655,-0.08193810272859643,0.18502959783329237,-0.14166253519480848,0.10658027624802432,-0.12850730284795125,0.19725164075104143
2021-10-11,-0.011343667742408836,0.6495946072386338,-0.01852572939609358,0.35823028673910534,-0.08160754707389056,0.18921901531560328,-0.1528787693252172,0.10610625132236969,-0.0965715127770221,0.24635141216783396
2021-10-12,-0.005862519310747559,0.6963439742940439,-0.015490659087224854,0.3869765965395385,-0.06189696880350179,0.2341548950292117,-0.11100087310258468,0.14086864961960321,-0.07826342411364863,0.32148490260496465
2021-10-13,-0.008140815354277152,0.6210616931431252,-0.003383610085079344,0.4297784778491371,-0.04346287239469104,0.28283444557098525,-0.08896268901295495,0.17954239777490852,0.002947836473316499,0.4577054709436912
2021-10-14,-0.014149934837345562,0.5070828047914245,-0.0006794750476797304,0.505121988656901,-0.037602115949562885,0.2647750676445465,-0.008327291360666424,0.388146915332086,0.10423651887206893,0.602903015234504
2021-10-15,-0.011432592514544683,0.5251303698066445,-0.01726580809459597,0.4317027946974209,-0.03989120655211104,0.3161511668028369,-0.009416635887030582,0.36299659245676175,0.09461198464552446,0.625620682526569
2021-10-18,-0.019739773741903374,0.40138993770815073,-0.03567005132550989,0.39030840456429416,-0.03335099020787037,0.34542089843505736,-0.004848954566776935,0.44727203848370567,0.1352605549114607,0.7833196051006663
2021-10-19,-0.025372851341717052,0.38782684942324663,-0.03949086756109641,0.4122891003705735,-0.048209302769297545,0.3655715025508775,0.0009588716225540249,0.5083400597439915,0.14832232942385254,0.8729987364250588
2021-10-20,-0.025854804474323135,0.4086053837532773,-0.03563110608489909,0.3921464153651278,-0.013456329393239895,0.42210934603201633,0.00881118547328633,0.5423652893577401,0.1298568054179938,0.873966619599502
2021-10-21,-0.018449569592460312,0.4119588761185639,-0.01950043706338058,0.4137074112639975,-0.006196893056544469,0.44520717963749457,0.009506949388454682,0.5187909045277422,0.1423183250383299,0.8645524936192586
2021-10-22,-0.015184081603934864,0.5004785589735844,-0.011729845058090313,0.4563616615494324,-0.0025514525592045863,0.4814118117302964,0.029123053758505,0.6191463286609366,0.1455708526422145,0.868523957025361
2021-10-25,-0.013646807201231518,0.46985633599296,-0.014315572354419236,0.4313242623845279,-0.01677511336638956,0.4187641629768265,0.024437201838116228,0.6247291798335345,0.13724475514719195,0.8172210756715746
2021-10-26,-0.005915999715717625,0.5352411962134935,-0.00537241609634654,0.46683566234118884,-0.008307922881953015,0.4222866285176366,0.03680855001287774,0.6965937219586822,0.1252638885871887,0.8228473325380546
2021-10-27,-0.009421184983920155,0.5567518081951628,-0.003114604791143184,0.4818833911228654,-0.005377894004937871,0.45194310624147027,0.034236666859582945,0.6926293982488699,0.11886546910821935,0.797830348336487
2021-10-28,-0.007097667108892568,0.5604677510526337,-0.017103337683589247,0.3785423580217412,-0.022052000574117006,0.3960449707638371,-0.012218878546324164,0.550144567830867,0.045421156802421314,0.6416216762398264
2021-10-29,-0.008754833621958044,0.5217089317367941,-0.028762039794518558,0.3825135226719709,-0.040305320394735306,0.3242814161225144,-0.03626660199308101,0.5362870661774285,0.03412759314997417,0.6525941254122816
2021-11-01,-0.0029639150032271045,0.5440587297459198,-0.009124218673217967,0.4040307061596289,-0.020098182644179723,0.4157426663833546,-0.02099579690831946,0.5590311399400327,0.09031612588371639,0.6957741077702041
2021-11-02,-0.0022821115176206714,0.5636916063348275,-0.01708311711419766,0.38907777058625737,-0.028234687040241315,0.3909208791471868,-0.03612060200551873,0.5428983312852536,0.08627955173535318,0.669579661760077
2021-11-03,-0.004798457492125859,0.5723930357640029,-0.018083887055792267,0.3945040346761799,-0.01980264944709942,0.41453840514191187,-0.026255702089543195,0.540665919553465,0.08892195512185498,0.683436514528571
2021-11-04,-0.005159746587995003,0.5889056344706547,-0.017453028182862367,0.3879941967461738,-0.02406530390335169,0.41624428408300795,-0.028355021412613837,0.5358080195672877,0.08572680354198395,0.6599411946725472
2021-11-05,-0.007822199936748406,0.519695584912524,-0.019698509813169868,0.3772621420722489,-0.03103311298644445,0.3522082031526366,-0.04061402600576033,0.48437623725615186,0.0935840247581975,0.6253197627222364
2021-11-08,-0.00993206526533899,0.4592184028097754,-0.033173000926968566,0.33295705978717266,-0.045799168561993835,0.30169984917059084,-0.05706567558200905,0.4446225490326448,0.06840019466023461,0.5981159630763688
2021-11-09,0.0004755670201836773,0.6063356645047266,-0.02559568181688665,0.3676725156623169,-0.03515100925466201,0.3915746210329169,-0.04299405822632639,0.44862583820527846,0.07290119530251193,0.575546118683362
2021-11-10,-0.007494309833311445,0.5203728881297243,-0.04423569038627108,0.3470502324723873,-0.04265955208437344,0.3431660373815792,-0.031010351817857405,0.473139684658146,0.05617249000844127,0.6341374483118944
2021-11-11,-0.015670802024462208,0.4088999788467674,-0.06736611740522017,0.2967157725048047,-0.06276070321317143,0.32826605575132856,-0.02514857032242977,0.4403015607827514,0.03247883004537385,0.6680980424959887
2021-11-12,-0.008988057068077275,0.41105994627848336,-0.05223467779409776,0.3140776290196304,-0.045900065273416474,0.40204707462148764,-0.026351850209430004,0.4802649962470411,0.04413477125568822,0.685740873849115
2021-11-15,0.009686837152611209,0.600340292967823,0.004009865971551596,0.5009331841995247,0.0297777113439557,0.7583227288745322,0.03794608758372938,0.6631289032540528,0.16204921876385203,0.864134067495306
2021-11-16,-0.0017628012080865459,0.6185492182588586,0.0017833571485825622,0.45592894160359476,0.042048481081213625,0.7474534189394214,0.03329110070921386,0.6143928593705998,0.11973134656178183,0.8286978410446322
2021-11-17,-0.0014482473110159315,0.6299348686613454,0.0019560557970529566,0.4947704186514421,0.04402878540593748,0.7405082444678611,0.03271600130932675,0.5976808019023084,0.10726427966647607,0.8239000550114117
2021-11-18,0.005122197058577985,0.6436650791567824,0.011768349966963609,0.46170537870598777,0.03814306425750144,0.6935406799598487,0.01796266351635823,0.5923819669158722,0.09502104747722132,0.7650405479919155
2021-11-19,0.0009222454005729692,0.6168377161309337,0.01680798733855644,0.48411602796340664,0.044193077831738564,0.6294337697841144,-0.0038338540291802795,0.5065152736690344,0.07649521850498232,0.6638715929666034
2021-11-22,0.010701341481139576,0.6484871723808342,0.0313811644061888,0.5578983911562059,0.036477728389619025,0.5882498855604009,0.024685265108856453,0.5558779445277906,0.12102718738437022,0.7075595890474425
2021-11-23,0.01734420068667351,0.7038952697324203,0.04442030757942714,0.5708482461525674,0.05926321298157552,0.731448608446368,0.05914513827722377,0.6511713863246866,0.1501375908490146,0.7611030109991134
2021-11-24,0.010955858649735858,0.5963836183787848,0.029606280899192566,0.6074542557505412,0.08902953493540863,0.7648330464046403,0.16706253831434395,0.8978198236822021,0.266147155452839,0.9464790227420028
2021-11-25,0.008867166231620219,0.6157855599187375,0.032565651673975196,0.6360935527535001,0.08616310145073261,0.75895794015935,0.1895340236635245,0.8746550597273025,0.263286557136777,0.9418011092206473
2021-11-26,0.01033738738653696,0.6017362358156212,0.04335338798267368,0.7008870712883328,0.09178325865125483,0.7736304244878401,0.1729866881797321,0.8543724940427285,0.2582723108322091,0.9456665170860294
2021-11-29,0.016586366019252397,0.6402691111880763,0.04787450508130164,0.7187863685777928,0.09588840282557647,0.7705480267143653,0.16987018092432987,0.8575681964663238,0.25222595486566224,0.9212783226786827
2021-11-30,0.018903747026931518,0.6426850629338994,0.04605228849942324,0.7099678152784491,0.07446329808494846,0.7136343691886291,0.16737575126444712,0.8563699929135314,0.23160744811224243,0.8928241462192262
2021-12-01,0.029186114234064656,0.7153000542490084,0.06412253912097796,0.7188361068715823,0.0909989303942486,0.7965681797125034,0.19548394432685803,0.8904742223432163,0.2490426008239628,0.9012605223730521
2021-12-02,0.022839737423345066,0.6972592490466357,0.055666046595623346,0.7074774509178773,0.09033028956173994,0.7878870620270242,0.20833482343529683,0.8943870247450393,0.22098916078911235,0.8930697974595905
2021-12-03,0.023109806673308208,0.6834544979238752,0.05641546827863832,0.676686229791572,0.1037853039495801,0.8164007591722455,0.2054181911006998,0.8997419984919671,0.24396296195811745,0.90225679736299
2021-12-06,0.025634959425963416,0.7249116619259197,0.06335091108009866,0.7378109464487685,0.1048267770773963,0.8343328565771045,0.1951978069364378,0.8944283316429996,0.19832316406392833,0.8707636516785253
2021-12-07,0.026496060754356374,0.7497712270993014,0.06235749671791067,0.7538376979515391,0.10042843975485759,0.8004055961223241,0.18047914109875893,0.8980024646871911,0.17264563570593486,0.8556583960911298
2021-12-08,0.02151943684719243,0.6642928301878918,0.051788681748997756,0.6734523004362708,0.0742172094415912,0.7308663241977841,0.13497940737116004,0.863243987081476,0.1727412813082744,0.8210176937578432
2021-12-09,0.017199752327990016,0.6013401768505277,0.03759227434404496,0.5953426011060103,0.05899219039009585,0.6828538495387876,0.10932462278327634,0.8461635744526436,0.1501053390672531,0.8113498917281284
2021-12-10,0.011487031967002294,0.5473936976136398,0.03926333818562423,0.5896170338151401,0.03045073876793291,0.6890340536563532,0.10606091103798476,0.8667851588576722,0.15786954864293176,0.743026534761006
2021-12-13,0.013384938984148196,0.509017150064222,0.026277055728558,0.547163447460578,0.033832595834650696,0.6663976041746393,0.10224956720130236,0.8271528037158392,0.11024965325234425,0.6550287035309289
2021-12-14,0.008965408275701501,0.5500725377970258,0.02646227867767429,0.5524708542215606,0.05893220382910824,0.7577687440535142,0.09308397235480681,0.8260599432664378,0.08855533864968808,0.7482291070864858
2021-12-15,0.00974655818865354,0.6149764115190681,0.030548773457218435,0.558232838254862,0.07387938889368426,0.8015580887270776,0.1051318992808064,0.8381994108353357,0.11556164924123637,0.7924458950514173
2021-12-16,0.007432459820261644,0.584326014892246,0.03279695590347742,0.5967164274374284,0.06461888693965337,0.7717841131899493,0.09332483812365548,0.8343758338070907,0.11035235472546266,0.8193292287795175
2021-12-17,0.019422679514172134,0.704744998818441,0.037061535099923854,0.6490924038110428,0.06552716323129659,0.8115908373886597,0.11813801187406094,0.8383357662675122,0.11639913321113031,0.7823165496643052
2021-12-20,0.015373255813524032,0.7287854468005598,0.04388031277228518,0.7403369647845632,0.05936814042116553,0.8201717220646704,0.14452249781946033,0.8870584000322449,0.13149569437428743,0.8145018365923088
2021-12-21,0.014140370830136346,0.7242426561570247,0.033760688628077185,0.7263821437727018,0.055963745713199224,0.7730558950127776,0.139842690576594,0.8838805366263396,0.09863462604533481,0.7869692858105474
2021-12-22,0.013886208101976754,0.6827466477038343,0.029065695431492945,0.6965596285993587,0.04423095612071776,0.7232493189345548,0.11505967874218274,0.8614444691781332,0.057079594617251844,0.7014847676522161
2021-12-23,0.011980933040349846,0.671749662848925,0.01724574803395348,0.6733832590834665,0.043434970691411126,0.6996929448512239,0.09886325121833081,0.8548475450956935,0.039326320732470846,0.7023400624268388
2021-12-24,0.010206591076193101,0.6500239176194321,0.013721886187425598,0.6318220024514086,0.038609987605630454,0.6677051770042385,0.07155769134737874,0.816226499793104,0.022780913324109645,0.6447920528052814
2021-12-27,0.006724770278868572,0.641708051824749,0.011378907853642005,0.5886435593934831,0.04385046619363809,0.6998335329406197,0.0712248617510858,0.8285830494545723,0.02945633705139471,0.6717160291891593
2021-12-28,0.004323708705757635,0.6073133736662925,0.016695340938560364,0.6082412266761574,0.03800237354337276,0.6848015054476317,0.07341993752166397,0.810040448069025,0.02976473685304643,0.6763655162792334
2021-12-29,0.008918546273503379,0.6574077785110953,0.01250257051089111,0.6245445666213157,0.03087093677543442,0.6584587137399482,0.06483398669731469,0.79279544823592,0.002871085480236329,0.620878210411312
2021-12-30,0.00606730808165306,0.7102945037835958,0.015634129673191697,0.6558156082927481,0.034626979915610936,0.7013916565162194,0.0854833551190521,0.8430223506659074,0.009426918293845652,0.6765051008605136
2021-12-31,-0.0020992181121237442,0.5791971680468658,0.004564777192699438,0.577857544052502,0.018288589210421827,0.6135481763969872,0.06578938337924646,0.8557914293035365,0.016070029861587117,0.6900335120807481
2022-01-04,0.010441150625382235,0.6499322440658211,0.018713034401874898,0.6198005235844876,0.03661623236412153,0.7277499395022072,0.11039813799055939,0.8932848415635379,0.0872160807808834,0.774759924689427
2022-01-05,0.0015149744921086443,0.608789176990764,0.0030926607025015904,0.6142696240713927,0.029060485639158674,0.6612130451057066,0.09640751764420659,0.8799812020347952,0.09474525481291828,0.8171339438608571
2022-01-06,-0.007863547031451572,0.5613786407280641,-0.00916133547612812,0.565466390918775,0.02162258542521872,0.612820921401187,0.10851135428699855,0.851361968066001,0.08434226739037799,0.8178025872110194
2022-01-07,0.0013829035030634585,0.6223893471947523,0.009708010651634522,0.6685842996801582,0.03271838733833353,0.6557745643642494,0.13036104276340763,0.8891906808826369,0.1334925183457176,0.8953272646924358
2022-01-10,0.0019010200859338189,0.6275253799727468,0.013222034623741384,0.6886399953859498,0.026650900775210783,0.603201762592273,0.12885940207080068,0.8649098356691551,0.13880694748005984,0.893107650712875
2022-01-11,-0.0009883115142462363,0.6434953756847978,0.013393453724887419,0.7135394089469951,0.026842624275631687,0.6036584197837974,0.17537908082914566,0.9078266040162637,0.14667830022668482,0.9078429565470765
2022-01-12,0.0005932262298972962,0.6148960181719249,0.031342414657083435,0.7790661307749966,0.04235414119072658,0.687606057696222,0.18762558136781318,0.9311575698033894,0.1863053804841134,0.9289530396648957
2022-01-13,0.006910451484974026,0.6652143660775948,0.03476244463477493,0.7926297295294018,0.04151401183660483,0.7194723146535605,0.19367232485466543,0.9446248152487657,0.15198541546997435,0.9072007062616209
2022-01-14,0.0030211127311168175,0.6446240325737645,0.02449689968379528,0.7742342265235433,0.04464761892807211,0.7405161450681916,0.19821027904256383,0.9514604548941814,0.12912835260298092,0.8818049256036579
2022-01-17,0.0010666673350646118,0.5853434798753214,0.014156820160933212,0.7225399377084757,0.03183302068121047,0.7168778234666787,0.1470691051945006,0.9338599714003827,0.0740757079092483,0.847427463272813
2022-01-18,0.002005768662218849,0.5664111149802306,0.009043376833136172,0.6537726080987852,0.026221350299346514,0.6990773720095408,0.09472711034976906,0.9071041513894214,0.04539847248972654,0.8515749091656609
2022-01-19,0.003525652320810169,0.5935142890042531,0.010692446365836196,0.6431222534485027,0.03627919061169714,0.7372813574256445,0.09438294424636512,0.8980176478924077,0.05571181853310722,0.8620606457409699
2022-01-20,0.003165666674859652,0.6109512595820014,0.019478815424360037,0.6796034954472147,0.0427544017466957,0.7476988211879755,0.1121325780743962,0.899620822758321,0.06647806772655042,0.876518857182682
2022-01-21,0.004978747214056155,0.651755313230641,0.024900918734504788,0.7262972592669723,0.035229291945944576,0.7541143079301095,0.1259145170906851,0.9112681668829111,0.06877920524871575,0.8770765504432346
2022-01-24,0.007136222033374587,0.6360236352393741,0.024123354882027475,0.7440025266002939,0.03726956143358449,0.7496730739044415,0.12081431215148321,0.9154152406010749,0.08222681208846039,0.8749613690524226
2022-01-25,0.008383520565587653,0.7078749624701173,0.021266163514456243,0.7345752447153366,0.03660592468163465,0.7598975609321236,0.13842325578758338,0.9318940248512133,0.07269954536532097,0.8569602635577876
2022-01-26,0.005059194109870047,0.6314874846596674,0.01924036048703494,0.7108138088904853,0.031408049349103406,0.7162398080465069,0.10303572785741036,0.9099654607853765,0.061031086040036625,0.8301664061076534
2022-01-27,0.020120556505087612,0.7310920187889737,0.044649938215287226,0.7502312751306834,0.07053940525338712,0.8411472318700965,0.17096700743490578,0.944143187797832,0.11569563835106074,0.85605853511679
2022-01-28,0.013520827070632208,0.7191091606693583,0.03805385858936149,0.7436055092574776,0.07708991191719078,0.8430226658795164,0.16799357984107163,0.9481135498606843,0.1099128910774782,0.8596284842500531
2022-02-07,0.010899422957236185,0.6416297018170434,0.0466684188064773,0.7634457156629284,0.07530050195532155,0.8527061561832718,0.1393749996033463,0.9258092263529473,0.13345825646054574,0.8549775164909361
2022-02-08,0.020719609407424934,0.6893412087006339,0.05309678040662944,0.7986792447646877,0.08842826628680497,0.8796206199348806,0.14605648405584587,0.9301824732607026,0.1612011904345297,0.8782046089482828
2022-02-09,0.00791062852477516,0.598967298796998,0.0465994902684971,0.7648769102461496,0.09079793558197602,0.848271745226155,0.1371659231934012,0.9259826388306559,0.12093240885719951,0.8580305026568301
2022-02-10,0.017154364131858363,0.6676922754891426,0.057964411026820546,0.7889896000422114,0.08063547794068077,0.8578637468990139,0.14813076415199844,0.9081033913771409,0.12101176528080196,0.8454106772965091
2022-02-11,0.022723522085215636,0.7249848543531705,0.06340635806758257,0.7855962660474004,0.09749026186946097,0.8944710440892452,0.16455827683894547,0.9321425140531182,0.16429106347784495,0.8911650533221775
2022-02-14,0.014483430525751856,0.6682563537456941,0.056750860242768666,0.792558555158002,0.096893528545105,0.8692755445374272,0.1574675681198774,0.9299219327288398,0.09758027872162076,0.8718415734816244
2022-02-15,0.017390344207824607,0.6483298380364974,0.05690157657286862,0.804181941473093,0.07723309997554101,0.8432712128483735,0.1459189992280438,0.9229682092551542,0.09513126486535148,0.8600407734891256
2022-02-16,0.016763207377303694,0.6501022636319402,0.04669129715865445,0.7840085322468127,0.07219200824374757,0.8531220940653246,0.11915975693194189,0.8960218877278058,0.09972629285867157,0.8560538251257098
2022-02-17,0.013062910001296281,0.5999891608223004,0.03671735484902164,0.7454733674587307,0.056379910691095436,0.7858796434069921,0.11029586157941569,0.8723449489864532,0.08243304120633012,0.8116429218667234
2022-02-18,0.01673765270064663,0.6316369995376767,0.03901643869454963,0.7272818062105197,0.044771856475193286,0.7899671113832832,0.1157779477612984,0.8768868503189827,0.09254598846364519,0.8189738519040656
2022-02-21,0.004937856931826335,0.5264828831796505,0.036287934122501066,0.6973836023174537,0.04927258178696764,0.7848922816595264,0.09251508265409042,0.8545561624860125,0.07695542171332882,0.8254953989327236
2022-02-22,0.0124977637312473,0.5518717438341709,0.04411265479506144,0.7235393525726475,0.03868804928536716,0.7724158437685189,0.11206259467906395,0.8569151956143717,0.05662598896376055,0.7697039562786884
2022-02-23,0.010242170715590637,0.5480941217743309,0.025640822086007715,0.6730117703257974,0.017327321458021766,0.7395042218980662,0.10072132719687807,0.9110207042143735,0.009980395725354856,0.7336775774433766
2022-02-24,0.01448747344329663,0.612907314952224,0.039725578948691734,0.736482456945765,0.03566898416014022,0.7821223734441743,0.09960773221168798,0.8707085748383634,0.036996434489534546,0.7516475799001677
2022-02-25,0.016026082061812566,0.6202310410463624,0.04187807055368263,0.6978735324342294,0.01833207150182528,0.7430086111135535,0.07297589988489885,0.8676812687782833,0.0309179758731405,0.746350724499428
2022-02-28,0.010522995711332968,0.5418195773370383,0.023657839645070424,0.6087598024765536,0.015418109405899808,0.7185702388052516,0.06787359712560553,0.8714752572220251,0.03554938238239481,0.7681935958655298
2022-03-01,0.009004916225396228,0.4780035961707789,0.017109888638786,0.5529957377877828,0.008271866033229207,0.6511468379364173,-0.02790068723789895,0.4605932887988,-0.004941771945163121,0.6692770810298869
2022-03-02,0.007003166269091843,0.4616928868510776,0.016737260872552024,0.5821082149948723,0.01737328799783896,0.6524679407487075,-0.02374396933038255,0.4918901353104026,0.01876428848293898,0.7197939526091831
2022-03-03,0.003149851081579995,0.4967755104303985,0.004687176575946232,0.582624753688871,0.004438570379482421,0.6391863346475788,-0.0201856491220825,0.558388894884027,0.006136412808937777,0.7261996684317888
2022-03-04,0.005141308783354938,0.5425985102517846,0.011328094069004712,0.6215831239397025,0.008366928693705838,0.6498655700313105,-0.007744775936246768,0.5897233967342721,0.01570813530760713,0.7506191730001857
2022-03-07,0.011571290781022847,0.6432794348458744,0.021430825886524108,0.6992617364714777,0.017275647264152844,0.7130086240118291,0.034071500260111694,0.7070678884348178,0.03030449364979737,0.7519971050975504
2022-03-08,0.011881544928790976,0.6925355063375469,0.01928369081054637,0.6849360438082482,0.007453102882852801,0.6941602687859453,0.031305221316865195,0.7109929836838774,0.015444030959429339,0.7090196326912214
2022-03-09,0.006900058181014705,0.5778896441554282,0.011925585949582342,0.6961156885023223,0.005350055900792423,0.6286850936865667,0.0134786361823003,0.7147996838419105,0.004827777288974202,0.747427536345202
2022-03-10,0.0031114825619419882,0.5312639343425136,0.015331904477177305,0.6436644616125486,0.004732631071871246,0.6187140158716475,0.007419298994949577,0.6750871611224886,0.017521683238009175,0.7420640415775543
2022-03-11,0.0009164183964424982,0.4424090184117773,0.002926019040309245,0.5984303109696045,0.0017444552272747361,0.5187196096501733,-0.03829933252147714,0.5429223682413327,-0.001358792281830429,0.7042223116409271
2022-03-14,0.007103673149487836,0.514872215005601,0.012339271888755114,0.6096830675280425,0.024818335154871862,0.6503636916300857,0.005107380430344198,0.5847575268168042,0.06592339869035461,0.7885217181551336
2022-03-15,0.005238992032526282,0.5501285717960573,0.01996345167118785,0.6424803045347222,0.03537361289606499,0.7035442559876495,0.040014455248203365,0.5778912921431849,0.09161100544179811,0.8128403431285859
2022-03-16,0.004798522325701865,0.4771916349339665,0.02810102408004901,0.6976203380995281,0.04021264464181944,0.673720045559105,0.03507816487498932,0.573106371199805,0.10609507829333521,0.8238128014307272
2022-03-17,0.005304307595553363,0.48914352112105297,0.013995438867301802,0.6442988446647904,0.01908505997821691,0.6258922338416057,0.026036591781545673,0.5252621279576601,0.08598688384747023,0.7647974142625166
2022-03-18,-0.0005955675688164448,0.4563498780011991,0.010656099766441864,0.6497067295134739,0.026103085342152353,0.5952465213057552,0.004395936533384971,0.5137601551873077,0.08451083796553754,0.7873249137233612
2022-03-21,0.0025816146475196094,0.45180269349289137,0.0030955424867249995,0.6311473498541699,0.01258238988130653,0.5459127429210235,0.023247274775066648,0.5192692398649686,0.06746134470821515,0.7421928776116288
2022-03-22,-0.001395223548240232,0.4076972915593963,-0.0013501289109153609,0.5320476230802479,-0.0004201027407685059,0.5089922971284104,-0.0021486922620635477,0.4597643533010136,0.05194800719155589,0.7119219304916947
2022-03-23,-0.00705903105748658,0.36958725457151115,-0.001273007452210072,0.5307718326785437,0.007554226215066986,0.5144229242706775,-0.011027815178276274,0.43830812145221887,0.058970302631579374,0.7091415324590145
2022-03-24,-0.007742567616768153,0.32269886750147386,-0.0028046700678694657,0.5391512744477005,0.010131317121786438,0.48282386755804024,-0.02473080788423329,0.3850998245113335,0.05339842175046428,0.6973626129299615
2022-03-25,-0.005818888187670207,0.3881246570960661,0.003234245496564569,0.5842495460473442,0.019104022232987607,0.5672232777612664,-0.014081989581426745,0.4556726548935481,0.07246920448375069,0.7471617241484008
2022-03-28,-0.005649005091385494,0.41850654304328433,0.005062715179333427,0.6218753863722695,0.01851683071232567,0.5599357914317251,-0.02145969190370669,0.44068474837040905,0.04498780247538903,0.6724740792407828
2022-03-29,-0.0010347866027258267,0.5222669891544999,0.009888199935775636,0.6443984600514922,0.021343413618649647,0.6066366912433852,0.01996730961701776,0.5438557265287429,0.06350837691536647,0.7079150631183443
2022-03-30,0.0034405158356256675,0.49118522268058085,0.02075285364109965,0.6782243402193959,0.02801033670204109,0.6238121528605083,0.027915429630358007,0.5654466853698451,0.06646645075054912,0.7252489477824998
2022-03-31,0.0019375400969569691,0.5250145718734133,0.024447730535060795,0.6730055471608968,0.03514463859345955,0.6553432821766029,0.02444486008757218,0.5847711329337477,0.05883782219789357,0.726142588283931
2022-04-01,0.004096234694158663,0.6039950738503813,0.03007574331598519,0.6888501127747935,0.042542241089847624,0.7105608485036038,0.04077560177756127,0.6601818789243963,0.06807013888979775,0.7495982780552396
2022-04-06,0.0034743273304229274,0.5275640078605353,0.030257090610804643,0.6532339949478531,0.04812669838043409,0.7108062177550338,0.013877485115055961,0.6209429428224572,0.08387828235749854,0.7705581418576146
2022-04-07,0.004640349038617555,0.5757901281627948,0.03191319949586728,0.6870299980411553,0.055765478102504935,0.7146423503246683,0.027293580726020533,0.6349415822675899,0.08905106465565482,0.7927267214575874
2022-04-08,0.011706826427401687,0.6415044790211868,0.03694224127581705,0.7315560205510241,0.06081998213074568,0.7346294508691877,0.03771624643322964,0.6679214889893921,0.07138613791760386,0.7398943624251594
2022-04-11,0.01121245822627608,0.6196949669826594,0.02942059420616064,0.6961662189711837,0.04789344014308769,0.6821486296638013,0.026674033810445107,0.6570276046760103,0.08772756762633142,0.7478223854690423
2022-04-12,0.004566020333099158,0.5597013417473301,0.024023989464857516,0.6809823941733613,0.028599208525606608,0.5784963035570956,0.01925929642598133,0.6498907110872089,0.09556386585730647,0.7627182471075872
2022-04-13,0.006868685594776007,0.6123810633654491,0.01312808382206701,0.6961603773470929,0.022434936876276634,0.5553536412864937,0.02249439513979464,0.5989897533407318,0.0642741824453425,0.7205480249443659
2022-04-14,0.0010653073134739178,0.5572341314642112,0.002476158205469054,0.631264111089433,0.009312456475794012,0.5128307375489342,0.0017477640029521305,0.5924644866394073,0.05541763199336979,0.715425923979939
2022-04-15,0.000912063442655292,0.5976531534925186,0.003724877083093008,0.641729810786555,0.02387081516221965,0.562416155740257,0.023610665149861907,0.5965428587440669,0.07677807124344782,0.7659546069616334
2022-04-18,-0.0015212495357723333,0.527878901170381,0.020452146899877576,0.7423433640232249,0.028892727787671334,0.5960861553611645,0.03564016363670218,0.701559696642854,0.10437726746732916,0.8051706603139088
2022-04-19,0.0019395802170235508,0.5428433393650636,0.01719031296134318,0.6802346871493391,0.017753548862326527,0.6030936765662458,0.020227338999585613,0.6246792341393331,0.07956062486372635,0.7548934377704636
2022-04-20,0.0008049192323399048,0.5308531437252849,0.010790400609661866,0.6761506065632293,0.02779809567523141,0.6495055238907894,0.029589113700215774,0.6326263414012108,0.09474739823558848,0.8058838692161447
2022-04-21,0.0021015681481085283,0.5625871205252464,0.02282476481756326,0.7168335771737306,0.04270368502887968,0.70751877978496,0.05833212782827593,0.6639811050592437,0.10549894808388964,0.8494800351156769
2022-04-22,-0.001995750140573785,0.5334064880968643,0.017603300483441556,0.6584073884266213,0.028671392021190196,0.6735134132657493,0.058764356827907295,0.7064821984843873,0.10467173197098208,0.8605546555289622
2022-04-25,0.016415593905633928,0.5065893854938228,0.03793083676825181,0.6742342211644118,0.036240496728835836,0.6747733468807332,0.06114925018055031,0.6777762962978362,0.15950739250971646,0.8204662707531533
2022-04-26,0.000619139351085634,0.4904081923729836,0.0009117703217407288,0.6355599576303474,0.01000857536418322,0.5649198406434082,0.054462380238896234,0.647619781277538,0.06415784107942214,0.7538404694535398
2022-04-27,-0.004060216122074921,0.41707407114587897,0.015254380570175686,0.7318678489477926,0.02026390247040249,0.5864434763039887,0.07085979046009733,0.7317336816862459,0.10470847106272668,0.8141085848645356
2022-04-28,-0.005291604074600737,0.4025114951269368,-0.0024336093771480105,0.6616207534916454,-0.0007876093211158708,0.5382082121764586,0.021355215738721105,0.629693244224704,0.05919632126019946,0.709648640799999
2022-04-29,-0.011115901853974673,0.4065522182109275,-0.0057688636917569884,0.5806143880080264,-0.00038826738633273954,0.5414025594520087,0.03299190351566971,0.6092888485473623,0.05406545449424565,0.6140045079514259
2022-05-05,-0.0020594514534953046,0.4379808289064327,-0.009751936838815624,0.571086821336463,-0.01571255073278821,0.49100650068492635,0.006780566368305069,0.5788076894709294,-0.00376546003372501,0.5419057123356519
2022-05-06,-0.007042066736595267,0.3320261437874384,-0.019027712167804245,0.4960495794695076,-0.013648361655943159,0.46754154674439385,-0.025123714754776573,0.520709330492799,-0.02706231864381753,0.555115549134566
2022-05-09,-0.0024883297438346537,0.36294041579770614,-0.008583692447060674,0.528164263423389,-0.0006449431297070778,0.5208879878291156,-0.022645726007598697,0.44443364354392045,-0.04096144943077296,0.4801384673998042
2022-05-10,-0.007133947263982456,0.32443335275204377,-0.01599943714681505,0.5164182731733683,-0.020572999114667506,0.4361135223208,-0.04630122827458322,0.39871612393222,-0.0735045010029082,0.44983338394660094
2022-05-11,0.0008163418273819669,0.3821624898853218,-0.0055081102406321645,0.5945875351260825,-0.024731343031539812,0.4644112716834996,-0.028604300583471874,0.39408588216597346,-0.07654031173724272,0.4480015658152746
2022-05-12,0.0021087588848651352,0.4285526001910821,0.000885211736784442,0.5755906073370878,-0.024983715204669986,0.44530649953104506,-0.08031194673185268,0.2655402995221796,-0.09119147210171731,0.45370998950618346
2022-05-13,-0.0005120975543093636,0.44703899568280575,-0.005809917544568969,0.5573716352873936,-0.027917721313084773,0.44199232013484285,-0.06786313566596089,0.3016013618092872,-0.09329457803310154,0.4759344998201974
2022-05-16,0.0058724279898009655,0.5124486660301197,0.004369160119198542,0.595502821711584,-0.01695163387576318,0.5212758536605189,-0.055359541611317994,0.32609889840534884,-0.08548923103517336,0.49686776935720084
2022-05-17,0.0034658077088782257,0.4359591620553736,0.00978903210541033,0.5766081576777295,-0.017705593035552553,0.49490264329323214,-0.07161755802000927,0.2774593596933665,-0.07747642328533445,0.4622235931876719
2022-05-18,0.008546313752480994,0.4464624231233694,0.011086666527013869,0.5888754798234985,-0.013889393792761268,0.5199711248962322,-0.07249068257245446,0.3050407809651599,-0.07362712532353037,0.45741346903151175
2022-05-19,0.00397417953291531,0.377539382331601,-0.006673818074347974,0.507778765220727,-0.03378290363121705,0.46035574524072115,-0.08769401055586432,0.34400193681851915,-0.09108882048105352,0.4752026851964453
2022-05-20,0.001315697838318286,0.38095211772969806,-0.0023363806027677254,0.5127647083506054,-0.02311236665407277,0.487034792188921,-0.07043282258241325,0.3669230320916223,-0.05613547061088211,0.5740663537630638
2022-05-23,0.0011294517994016443,0.38145088755392187,-6.364304129783359e-05,0.4961096492230308,-0.0224206037491168,0.4692671618106808,-0.07552608084542045,0.3325704325452498,-0.04151932726707689,0.6265126333554062
2022-05-24,0.006950696489287769,0.45783659668715687,0.012828272032680119,0.5610766549816637,0.0011329304176591554,0.5877954689924472,-0.032276976693102484,0.41459421431954696,0.006017098198148263,0.6986399230012804
2022-05-25,0.0010539520049981546,0.43113541554672935,0.011986345255912512,0.5737663459159189,0.0007737915339005638,0.5827013521613438,-0.04418604631950727,0.44028301669710684,0.028751491936084842,0.747116739282582
2022-05-26,-0.00491839304186666,0.42473087334919135,-0.019189611018174436,0.5292007464654946,-0.03568656372110766,0.41193421587775025,-0.07188975902682038,0.36603710771104847,-0.03868944359517265,0.5778534266162246
2022-05-27,0.0006416788348355387,0.5160603409389477,-0.01450190896874604,0.5804204266453816,-0.026917133482969716,0.4675540854660017,-0.04402399554040158,0.4779697991184443,-0.01731599257550448,0.6440560241329192
2022-05-30,-0.0006408582140203689,0.5147931635283958,-0.012087895298098247,0.5821920146527485,-0.0167081431372305,0.5213539828447511,-0.0035281818411113755,0.5470143523899761,-0.007704953812186183,0.6924263641608509
2022-05-31,0.0012918395858845882,0.48491856043016635,-0.0023907682219422802,0.5884349298150735,-0.01886375957171963,0.5300696488983885,-0.0032818686609474867,0.5423602219013555,0.0035662582193061836,0.7044442190082798
2022-06-01,0.002936964336473395,0.5420577970198968,0.0026384648127112907,0.5918111771058148,-0.006481450266810052,0.6224085441884091,0.010176772774514255,0.5792202551513039,0.018519183633001937,0.7429748623117761
2022-06-02,-0.0054258366091659346,0.3749044191258203,-0.002402338269122078,0.5738199133195071,-0.010414706905383504,0.5430892980901593,-0.009175575261885246,0.5714248255089289,0.02429561172233085,0.7720076084364503
2022-06-06,-0.00042120804361143495,0.3854481676083875,-0.015757951255102678,0.48788108666514735,-0.019541312988993607,0.4482063193922529,-0.0355188241144167,0.516148936913174,-0.03221518780422993,0.5959149693677885
2022-06-07,-0.009181253776309283,0.3272213260276585,-0.033197892164480124,0.3928239201593459,-0.039219682201722054,0.3917467708358949,-0.07537291501613186,0.41460054461375395,-0.020175958861863276,0.6244808477394515
2022-06-08,-0.006068388532349788,0.34755074729833463,-0.019108953083173848,0.4186823419519753,-0.01908843674389441,0.4419747202972977,-0.06403113502344124,0.35167700232063837,0.0023102757561510538,0.6591415270001778
2022-06-09,-0.00904859458046037,0.3513065210987623,-0.01780050929005739,0.4016417586063327,-0.01793680045657802,0.4657512630973289,-0.04433339911610984,0.3498964850442064,0.030474334125542207,0.7076546754972872
2022-06-10,-0.008867122187255952,0.29021527805976677,-0.012820342340919322,0.4173973429142723,-0.01502907679352666,0.44203915211846456,-0.04406904035762032,0.3350839272489066,0.00310180104236122,0.6054734445303515
2022-06-13,-0.0031324724089609865,0.34007678792898627,-0.018957370116050715,0.4388465554678321,-0.025107013041647593,0.3962783213061941,-0.05950142040419791,0.28176618009710935,-0.027801302644924447,0.48926753372988346
2022-06-14,-0.008375620831076137,0.3075745333368827,-0.03129133240463294,0.3864543862322748,-0.04046606288891256,0.33745624407577446,-0.07531823198232553,0.2980112370118619,-0.0369595947055441,0.4898517842738147
2022-06-15,-0.009812141005250002,0.37381482650260467,-0.03073052468108926,0.4123493356491104,-0.043556583924306745,0.36360145463486926,-0.059338657640636165,0.34960375240628383,-0.027079172470393667,0.5256858228629574
2022-06-16,-0.008535091507828557,0.3357615441568138,-0.03564538967409988,0.3995100923868631,-0.04780601919601793,0.316441813762792,-0.044551643812209996,0.3524201616300147,-0.03206136566444008,0.531255083436266
2022-06-17,-0.012316739595745238,0.27492111227998667,-0.035425028587969344,0.36750887541361094,-0.04368725496918049,0.33314794836984113,-0.06671992946588327,0.29616615513682326,-0.03774337710958678,0.4573973902962828
2022-06-20,-0.011973831386295153,0.3209336591859248,-0.04303802830350297,0.3682609904110763,-0.053741231937332753,0.3187901776221518,-0.08529439866860872,0.2909845681224187,-0.05545696469709742,0.39943864209390756
2022-06-21,-0.008669599850999169,0.37476335986847076,-0.04538266859922807,0.3747690701854837,-0.0425795794529913,0.3547203530208438,-0.05290886883846174,0.30929677671918354,0.004362172779934217,0.5473165731005994
2022-06-22,-0.01999395909333737,0.2727690844733232,-0.05751768882116871,0.3261143142709731,-0.05390147173118226,0.3131415069527264,-0.04891995366277763,0.3128455015973707,-0.02322284928024556,0.48875198024797734
2022-06-23,-0.015623723278207659,0.27043312759687677,-0.06195987761301443,0.3024499353672487,-0.05612246696091743,0.2759426101869783,-0.05826831996406394,0.2636084138538606,-0.04454697352799569,0.45034883436363565
2022-06-24,-0.013686891895176129,0.31541181799097207,-0.05199646862650465,0.32848231297476166,-0.04699069816881976,0.31343705520173587,-0.06635496892511446,0.27345383176746674,0.005125019832354063,0.573513750631726
2022-06-27,-0.01130173790974638,0.3291913269376759,-0.034900863520974906,0.3649651131462593,-0.03951116012276227,0.3459203760617265,-0.06465256003480219,0.3042836609126261,0.02146078891420206,0.5908781335075065
2022-06-28,-0.010861739323557832,0.3127088918978344,-0.0465588635676006,0.35656363251020134,-0.04834293845170176,0.27219521864592794,-0.05353866688690716,0.3566621574475784,-0.004947582959701064,0.5775143904451175
2022-06-29,-0.006187763894605726,0.3696045096299637,-0.03213109650034653,0.3920313243970065,-0.02825165473684683,0.37740177811172604,-0.0275847824540311,0.4280842193615614,0.058409756906517424,0.695859752665056
2022-06-30,-0.009402410458072845,0.34694506532393077,-0.036907786332647886,0.3984148360438728,-0.02502996667105393,0.3568700083645247,-0.019377537614432658,0.4578293362125549,0.049190193966428424,0.7188045280377477
2022-07-01,-0.008302280261279436,0.4227109711550533,-0.02788269840194599,0.4455830439133239,-0.012352336202063465,0.4613549947032122,0.024224972483087723,0.5587734536842524,0.0874495746482438,0.8149278772399795
2022-07-04,-0.013510579580162272,0.32534177611039405,-0.028808982855625564,0.4831705902755868,-0.02099144697128371,0.44128802119448207,0.01621302861052134,0.5503289349278343,0.0654282786402516,0.7607614675843896
2022-07-05,-0.005403332581854948,0.40144000605232577,-0.03176566602212224,0.45569949324804093,-0.028185920820309424,0.43554997083623254,0.014721899697488192,0.523541019232855,0.06252619328239892,0.7361632161913368
2022-07-06,-0.006276787486407037,0.41101751912265677,-0.03669251913466396,0.4474065627639733,-0.03182063276343003,0.38349583591344755,-0.005190580108779385,0.4971923201776556,0.04991411313613734,0.7352661792375641
2022-07-07,-0.016042333891346374,0.2949706787084749,-0.0472517337320314,0.39120380268292176,-0.042878700484126675,0.3181664029747188,-0.017365287768075548,0.47100075739303265,0.020193223910870105,0.7098944726961461
2022-07-08,-0.017445231885209293,0.32570497565265005,-0.04521934105192421,0.3710653213736568,-0.05592767651152307,0.31384539393136,-0.01966280485913898,0.5364924098231688,0.027804703303655077,0.745963875376765
2022-07-11,-0.004164401338753292,0.4170657503478426,-0.028321703160233108,0.4872230320747543,-0.026314089646621158,0.4075991863404672,-0.0015030306816370999,0.5189493884646328,0.022749562996254125,0.6917322811654426
2022-07-12,-0.008436645660821945,0.4339696162880591,-0.027209511660595,0.47774703372820304,-0.027190775925696162,0.403588747184441,-0.006186363105627174,0.4963688144477418,0.016732523024766306,0.6853293167977711
2022-07-13,-0.007996703216094869,0.39347493981734755,-0.0289501371780332,0.4706601764282587,-0.028809615174513113,0.3551814157268288,-0.0007399015954127515,0.49881030243156343,-0.016120869596799987,0.6274082200704375
2022-07-14,-0.005992597402908795,0.39961519429885695,-0.025672169367887524,0.5042595251130385,-0.036741721696963665,0.3391076059355912,-0.005313033686833114,0.4446714094966105,-0.024838671790488855,0.5799404093890717
2022-07-15,0.0020408048457604216,0.49027089155630327,-0.021705806673129394,0.4997614821360047,-0.01379189596007389,0.4045540663583522,0.001015014619514979,0.4329729431254551,0.0034242804629800467,0.6273448880553273
2022-07-18,-0.00923257047954835,0.35739616679535957,-0.028514618625050777,0.4285099163226543,-0.02333682306925091,0.35137291725200553,-0.02603859272088598,0.37337398665615,-0.027955529018975744,0.5465600367801344
2022-07-19,-0.0064829209872671375,0.4422753963373962,-0.034755819089347606,0.4132162820626181,-0.01914025947986625,0.39012719881010377,-0.031685415465179875,0.3592183755379739,-0.022271119343795165,0.565231027041137
2022-07-20,-0.007798477877336877,0.3845491173779533,-0.01777663955378205,0.44277552543814314,-0.032124185568779634,0.34747042011225165,-0.02105305811024826,0.34485783034636663,-0.034665269213627295,0.4959819294740457
2022-07-21,-0.004130236342587317,0.4309232019909058,-0.03362882262932694,0.41290495621717804,-0.026913103070044672,0.3502664538094668,-0.054788018809369246,0.3087256831636589,-0.03371101737669824,0.5014887036056008
2022-07-22,-0.008729533654302185,0.39107645639944427,-0.02990814903197761,0.434722035679852,-0.046713010300476726,0.28543958944008574,-0.05434867589262412,0.3235200573921164,-0.04941311991152163,0.56070974911393
2022-07-25,-0.011903792599857566,0.3413049484132267,-0.03542903960397196,0.38029993920525496,-0.05883464837850909,0.271553077068338,-0.07251267243217158,0.26862213971085797,-0.07045934315723511,0.4966628133006991
2022-07-26,-0.011117852417342946,0.3361516776645795,-0.04109869951011184,0.37699589187483107,-0.06804024034409836,0.24127804597900843,-0.06639455861566752,0.26100070836775935,-0.07264174100794464,0.4808953797190178
2022-07-27,-0.003003394139749445,0.3568169504531102,-0.002728813905693377,0.5073864697963647,-0.06110817182407055,0.2692524163631735,-0.021559304254384275,0.35084657006139636,-0.036078774786892046,0.41655959355983996
2022-07-28,0.0022234748937605573,0.4584440858228319,-0.016794528032515594,0.4379172856852851,-0.05230919558815811,0.30071892699438596,-0.05109976932475093,0.2957419094270478,0.015944849018350582,0.5172779905897537
2022-07-29,-0.004959071234388677,0.4021660066605324,-0.02250039480439534,0.4126440553187424,-0.03962430556949888,0.30029800253549793,-0.038815653812844325,0.29745059961891945,0.014446422170846046,0.5488514622580151
2022-08-01,-0.01346770690364046,0.3265151171423027,-0.02788437212565447,0.364224137416343,-0.03810158002837821,0.3119847111996731,-0.026498545972034094,0.317987707952147,0.012203324057407683,0.554008627298983
2022-08-02,-0.011025836466727982,0.40120639897181865,-0.02274833991113108,0.40178632633733996,-0.031299987917477075,0.36424805837629953,-0.008465002880776213,0.39445971285046594,0.05055589367971981,0.6584246135279512
2022-08-03,0.000655174464981667,0.49821748319957737,-0.006486489709904123,0.5219638890422739,-0.019922738196152617,0.41316455243778877,-0.0011814459063189792,0.3996248375919118,0.02704043066502889,0.522815216919786
2022-08-04,0.007535334320675347,0.5869930363311183,-0.005433008505800439,0.5373194238060293,-0.011304661704564428,0.4019069112007541,0.017026100600045238,0.463702381309515,0.0350651048056286,0.5289989670698731
2022-08-05,0.0022035604531865944,0.5194617164028995,-0.0015403797227806356,0.5363022599299305,-0.009536859367707484,0.39652303440700554,0.035755776143186396,0.5290975842408802,0.0458532208253125,0.5886855081238872
2022-08-08,0.0036569377504488123,0.5702370276480754,0.003316668915583576,0.5409856364971036,0.0023841378325923784,0.4837387201570749,0.04419817815119977,0.5830671142650409,0.06708150929572647,0.6383025377595984
2022-08-09,0.006659448809851165,0.548734084226246,0.009998057444160368,0.5840444669492713,-0.0036245946781495487,0.4724701713413713,0.039979934612520425,0.573549606087086,0.066851042038399,0.6404352334292763
2022-08-10,0.005022383943869361,0.5351844814343679,-0.0007843097141716623,0.5228657484133713,0.002501343120842903,0.4729058008853498,0.012310978241909337,0.4551670339444544,0.04605164592826263,0.6176026991981065
2022-08-11,0.00028030066979940283,0.44422499063115045,9.867512197968753e-05,0.4894932349110839,0.00890959734087786,0.4767639079196278,0.004953894530881183,0.476141819991235,0.05852705601090745,0.6156056675861116
2022-08-12,0.004518062351935033,0.5608829334003458,-0.00607586233942234,0.5115570445720767,0.023539403405074898,0.5643823213946855,0.021971718866910014,0.508279107142447,0.07104711641653944,0.6821989829460154
2022-08-15,-0.004890747978927517,0.36743635241539413,0.0377658945096848,0.5615917520883567,0.02561989086606178,0.6020536738237156,0.08173949786334868,0.7029674188431679,0.1103400349426522,0.6993948079508805
2022-08-16,0.019636943729297515,0.4967144270777115,0.038907488499874694,0.5899015986295749,0.023230621297458436,0.5575374111920891,0.03249832288138295,0.4991349050494245,0.08528446776621755,0.6232724959865709
2022-08-17,0.007955525436005313,0.5006279916790508,0.018528899171147507,0.5238652655661954,0.014458291408863816,0.5047190547360056,0.007413771710470981,0.455355554636021,0.0955843168738133,0.6721910748646923
2022-08-18,-0.0023138136481894865,0.3840711849784945,0.02708027843752518,0.5165984468191973,0.016841156145231437,0.4913686476683959,0.03556565268478333,0.4657576534749466,0.06265312887312025,0.4931128851113294
2022-08-19,0.0021022971110393044,0.4635838029124857,0.01187339048790874,0.4248091958289976,-0.006771172257415621,0.4503156450561957,-0.012347289690758127,0.39679259054628585,0.0722203550696848,0.5725486644379046
2022-08-22,0.0063294269088155185,0.45174043262699604,0.01964295619462114,0.46796534439419946,0.012479262064722847,0.4766863284232817,-0.015301430205995455,0.33955795372416225,0.07088719018414383,0.5245801760339631
2022-08-23,-0.0002699223131685368,0.42703297585120814,0.012922760921870433,0.4528617487890641,0.003539451006697905,0.4496494674711519,-0.0031497325849854582,0.3517895397310824,0.0650179490925197,0.558119604495816
2022-08-24,0.0004738937539703375,0.46981263632186976,0.013620376478645953,0.47717268697435256,0.009901325258270331,0.481015757729033,0.012038311408675173,0.4338204535895151,0.09605121813073532,0.6892447237777078
2022-08-25,0.00740765734308066,0.5210235677456745,0.02016559305280339,0.5801500794588282,0.010986882837113833,0.4904578034256311,0.0178543966080153,0.46568970569556684,0.051116730471565286,0.5219933144750856
2022-08-26,0.015303418365135133,0.6219163214111633,0.019554023321139855,0.5984686412683223,0.019186834554345465,0.5061216297904868,0.06053827752162968,0.5728962519059735,0.07129557383251443,0.6037054945500305
2022-08-29,0.007832991943241845,0.5292323065992315,0.014980484910876193,0.6020552670165,0.01560791476369279,0.48137482670467885,0.047012844408019575,0.5038538011842177,0.0588808536282947,0.5553942883580243
2022-08-30,0.014907842212228063,0.6095563968092528,0.021355939497595643,0.6105059196375378,0.017782471945041876,0.5059603972429443,0.04334814749602094,0.4964381427471804,0.05201084324634975,0.5127242468747529
2022-08-31,0.013875398894320079,0.5809409289312804,0.027739889623871344,0.5878310440634943,0.033697563382455095,0.5808104034734813,0.06941030937140191,0.6451936405000988,0.06422503966912764,0.5768406624478742
2022-09-01,0.010949887910581341,0.61964995652246,0.022118358937531488,0.5801515207819112,0.051794199786301585,0.5836316529995118,0.083884164689527,0.5970538026366595,0.09723211955764502,0.7099294939867201
2022-09-02,0.011369258712360317,0.6324490673716846,0.021506871271771727,0.5838525473972183,0.052732876444502086,0.5880157469564556,0.11230879628745472,0.6384049683486617,0.11457879373951926,0.7402988313559687
2022-09-05,0.01684395166239259,0.6621941690098708,0.02275825779824732,0.6190171737306983,0.05274554004647653,0.6263207059689683,0.09987178443567196,0.6462067537013981,0.09787785845579633,0.6824846343078163
2022-09-06,0.012902544599592745,0.6106739773632489,0.0307598773155349,0.6609006032907317,0.0557872170362955,0.5840345927390166,0.08783281273123944,0.6232021411457758,0.09399197975596948,0.6681852585984647
2022-09-07,0.018213557285577636,0.651819095648051,0.033839167758612336,0.6742894114511738,0.03194359497505554,0.5411170511960426,0.07306118153191235,0.6027905528450812,0.07238437663521143,0.5774854097765365
2022-09-08,0.01079476583234221,0.521140981498447,0.011460590610166488,0.5685193006994759,0.00538058744072144,0.44346756999050635,0.04801687483135208,0.5859504469797359,0.019409398025678717,0.4811072332935865
2022-09-09,0.013183002609650439,0.5263985577044952,0.0080725842164798,0.5034058136246368,0.016806738077138048,0.45411538406501617,0.05187888500289044,0.4722467078789404,0.010382054599110157,0.4521009986451484
2022-09-13,0.0025072327628240815,0.4649991737601047,-0.002952964580184639,0.43597643499463584,0.008914825506145245,0.44535379846768375,0.014910273271314004,0.3544455768014425,0.04068271759313704,0.4953092194624983
2022-09-14,0.004791124536440275,0.4917305631435663,0.005669096878152783,0.4979317139343975,0.021091289553586842,0.4656093593697263,0.02039665543265559,0.35459761143597507,0.04467612529461533,0.5320194260930495
2022-09-15,0.015004224137908518,0.4481647940390147,0.021765756782001905,0.44719221801428083,0.05087535605822105,0.6534989199136634,0.043598736791004906,0.420448665755313,0.11525551618883786,0.5218890135573553
2022-09-16,0.0016358681665368281,0.45494774750825223,0.009267359467816164,0.4837040603754938,0.0379979331964061,0.5898364191354183,0.06650140938210276,0.4254286461241167,0.12161035068095968,0.5913483483253597
2022-09-19,0.0069929160632529975,0.5326514830068101,0.009154849145745953,0.49094320855557144,0.0388275381311975,0.5842466879162154,0.09728888959702972,0.49587114158076323,0.09854417093391454,0.5513920503216732
2022-09-20,0.00843038882136576,0.5452165287044027,0.01313997562372787,0.5026158390151053,0.033663692782751095,0.5945078215252846,0.08894845078538322,0.5195483114522556,0.1170429918824012,0.57585533816261
2022-09-21,0.008413908576767423,0.5732739961715448,0.021273659932312183,0.4995623792974902,0.052453035975652394,0.617954203696716,0.10610290419384834,0.5881700907503359,0.12439717885985734,0.5845821582094421
2022-09-22,0.014587721074232238,0.5695949897108227,0.030134130487983184,0.5484364554776612,0.037301795198971345,0.5728057523830618,0.09256659998411668,0.6296141058630225,0.08759111403223943,0.47166655255884365
2022-09-23,0.01542847394147226,0.5814180305225728,0.02476588904221264,0.5137865196055287,0.03524354378423151,0.5763757709140377,0.07539534819055804,0.590069490093845,0.06911507234974724,0.48480044779597203
2022-09-26,0.013710362993709029,0.5600015797109225,0.01507555430610836,0.48012050801127126,0.022208354263968534,0.5401954729061599,0.06773785402249817,0.614848874927434,0.062323579299008364,0.5015158105828318
2022-09-27,0.013032131467675937,0.58020477682106,0.019106384753157037,0.5126117395828681,0.035220892273153045,0.5774486991057238,0.0849539713065993,0.6304215680978399,0.08204092978363478,0.5566239364661808
2022-09-28,0.020167127379740135,0.6507354042858936,0.03612199049972895,0.5798041777306437,0.048673542986515675,0.6328240124625982,0.08338790045686215,0.648277755664074,0.10434710938101598,0.6161046788825761
2022-09-29,0.014548437368214324,0.5486494534197192,0.03315648390007041,0.5654331978804759,0.036906080140381235,0.5664267681451239,0.048488277587624376,0.516779566772161,0.08104321634005988,0.6986622443831622
2022-09-30,0.01987293032406491,0.6358666363220844,0.036441157892919275,0.564776130153675,0.046055768612329157,0.6317545985292093,0.06269173602486501,0.5704137271162103,0.10014993934776471,0.7365654924384624
2022-10-10,0.02087299908371449,0.6342641314369399,0.04100493674658118,0.6019516439842152,0.046877546957550066,0.635043641051998,0.0638161940835894,0.6103141694806344,0.1143124601876863,0.7584721765334561
2022-10-11,0.017480835803343524,0.650029274183472,0.03653262930422578,0.6048742162691977,0.04527558467668734,0.6116985931499473,0.06968430839758362,0.639184004591549,0.10016630645621319,0.7885617072689405
2022-10-12,0.014070791425730615,0.559621553079732,0.03631633941209843,0.611687895303824,0.02565172128933601,0.5985220336866776,0.05126064298636549,0.6737294861380599,0.13335644147899609,0.8235805601225042
2022-10-13,0.007595896934793061,0.563993034543264,0.01580915118802163,0.6017154352497187,0.014422009277095645,0.5389672625237328,0.028110319250132763,0.6443563249361399,0.0807109448445723,0.7905800906317849
2022-10-14,0.0011754697330977535,0.47377521953385254,0.007706085315208231,0.514020419176274,0.00030491992114125514,0.5030111718624449,0.016037771000881836,0.6362092405382058,0.08012661202257959,0.759750701648978
2022-10-17,0.0012899561501041124,0.42853909172718546,0.006492798039987736,0.5141390387333484,-0.005339526462226946,0.4992265454762614,0.0025944511870248602,0.6071576667455325,0.06342266753958359,0.7355484631099982
2022-10-18,-0.0012507989007107243,0.4181839178857029,-0.00295871713878605,0.4570747652569113,-0.015626961168816587,0.46301243448008234,-0.020338037739594424,0.5792961224975397,0.03988430105849115,0.7231263566533458
2022-10-19,-0.0005503846085507592,0.43734469487856825,0.0015473214415414518,0.47735109469123665,-0.014688254042197521,0.5288268921342231,-0.02775606246310619,0.5509828914019924,0.07061092105817023,0.7563082307838978
2022-10-20,-0.011091009642222349,0.3852716731961567,-0.027546835803389465,0.4389346824023365,-0.027846426255124783,0.45515683981123706,-0.019961953012009363,0.46963477233909134,0.01498743264969113,0.679702074189173
2022-10-21,-0.012716443926447683,0.4165142957784172,-0.0169409017525829,0.48224561490156037,-0.03246891368880581,0.4418617807285747,-0.05370891630965071,0.4082097771924587,0.011544630230294586,0.7145829736478261
2022-10-24,-0.00458750919458408,0.47879312380438566,-0.011177382444763295,0.5162759536550091,-0.03153931847878403,0.4693520476149005,-0.05834228125791046,0.41206179570496254,0.01031847520649456,0.6453225339023062
2022-10-25,-0.007114106707994551,0.4376543240000596,-0.013635936071003734,0.49188337860318526,-0.037869620093428265,0.4404681543081952,-0.030300460813747154,0.4830414732330473,0.01647845209831193,0.6447544749964773
2022-10-26,-0.004826987512136044,0.4213068063649573,0.005315017706909404,0.4971220853872813,-0.048010432443154796,0.455173378905909,0.00830338431298924,0.5946368411625536,0.04666487921506289,0.6216632569753885
2022-10-27,0.00029459359534717315,0.5271809246104804,0.002462216096822919,0.5366283144419757,-0.022854052284606456,0.5201518138328807,0.0009359336398403438,0.5681811955234296,0.046430314884844774,0.6486850695994464
2022-10-28,-0.010759048843338847,0.4226633596250635,-0.025503950512910906,0.37766104727925115,-0.030198084214677023,0.4438381719830734,-0.0008604085311169785,0.6223231108961,0.019978373207434168,0.6660813485293927
2022-10-31,-0.008092982573071766,0.3947152356823923,-0.010051570448957136,0.38367565083406685,-0.00726788061403518,0.5316684060369063,0.01444301814668869,0.5711428664934486,0.03479732773628934,0.6344108790851072
2022-11-01,-0.008197354403941313,0.4146748053611294,-0.0019512722754453267,0.45373933236515007,-0.0006803654503600492,0.5344114003063606,0.024416303460415418,0.5545875240525948,0.045386930335156374,0.6598925181612275
2022-11-02,0.005821372070728366,0.5148216133888878,0.0029152878756586293,0.5544689971421093,0.0009190315412074884,0.5615775590124273,0.0175178141912382,0.5218285664635292,0.0016129356523627257,0.48054686431895627
2022-11-03,0.0040475829810000296,0.5087452180447581,-0.00504033693333583,0.5184978053828901,-0.01524341642122844,0.4879938159143563,-0.0018831474391297828,0.5010980948442987,-0.01668604428795676,0.3978827476261896
2022-11-04,-0.0019291144731372284,0.4423223682333021,-0.013523516386334516,0.4593764964349434,-0.03808622930939555,0.3898467230024668,-0.015866598838421925,0.4649984253514409,-0.0629231407828297,0.3342291438930521
2022-11-07,0.0025283995423263125,0.4949826799719715,-0.010509513663055947,0.47770942353173285,-0.04178722629274974,0.40329047136940754,-0.0180866752322914,0.48167406878537045,-0.08572000346555717,0.29525577682058185
2022-11-08,-0.0018727730501934504,0.4671996527346636,-0.013201964955975785,0.4752837822142047,-0.0334307143116709,0.40626757768952926,-0.025840965451550485,0.48281049313283214,-0.08401678321191174,0.3652104698628667
2022-11-09,0.0004469721104364429,0.5029959314147264,-0.016880260392103615,0.445249701392353,-0.016383868656179447,0.4413690028603894,-0.029959780410805076,0.39873197659283083,-0.06779284768461691,0.3847238869887892
2022-11-10,0.005441283751691165,0.528921795650481,-0.0028909652631785017,0.49284767823680325,-0.011622153409790312,0.47281953292153583,-0.024508018525625827,0.41850490318230427,-0.05312673011033901,0.3632810787320349
2022-11-11,0.007073316467770088,0.582903442722834,7.636098997608563e-05,0.5274926213308547,-0.01162004752629845,0.47580086268635585,-0.008300690231134354,0.46560571104298737,-0.08266094776975916,0.2898183485566607
2022-11-14,0.008622212333440097,0.5817928736686211,0.005093705466027087,0.5316605664603707,-0.017831836541290176,0.4602294962762196,-0.016575899411783404,0.45004293295285147,-0.0828469106259112,0.2762379001829436
2022-11-15,0.0013683029184045157,0.48704176340630817,0.0020841222603130696,0.52742763203341,-0.005682359576663261,0.4477747734818565,0.01803707042723468,0.5562845535514399,-0.023506999384109696,0.4601151906981814
2022-11-16,0.0052674415177699175,0.5258707880253422,0.004997683616638852,0.5275901142950117,-0.0011906583464727895,0.47628014692050497,0.013072237617832085,0.533873231200326,-0.026224254355358845,0.4511154647774818
2022-11-17,0.009392287715546321,0.49660686093090545,0.01700154035186989,0.500029474183506,0.02304377939549867,0.5915382392162464,0.009069717590995646,0.5264747466012513,0.01566728121668197,0.49882376000320544
2022-11-18,0.00663714941061932,0.5508034904250946,0.01821609461018771,0.5274443646508545,0.04642510865729677,0.6500150329368867,0.03699442165347893,0.5809624118137249,0.06783222529162394,0.6411708618386751
2022-11-21,0.009305864579872586,0.549796321679691,0.020071537704918815,0.579547712492243,0.04948363522850608,0.6458439396342657,0.04931856097890292,0.571702710174742,0.06981042149646657,0.6815207426380698
2022-11-22,0.012620332023138154,0.5968150045523881,0.02498270691275509,0.5998577443959232,0.05223998586257434,0.6767391375716856,0.04135219154267455,0.5887272134508129,0.08424559196403611,0.7043317878028602
2022-11-23,0.004945377462555385,0.4805621697592033,0.02737658461625042,0.5969298496493923,0.054217801335423595,0.6424754791089939,0.03700921805617816,0.5932966218969146,0.10546651943091231,0.7584422910617326
2022-11-24,0.0118117155067895,0.5821795502963361,0.028645029423976707,0.6181900543390906,0.04253247611506522,0.6358969970654617,0.032287574358150266,0.5754066264612279,0.06853632485842882,0.6774618857497802
2022-11-25,0.011761321776184247,0.5619032235490221,0.03456829815488621,0.6139701875500868,0.04656670657864113,0.6659379490287762,0.02861574799901937,0.6016273277969434,0.08678925128503663,0.7357586230219266
2022-11-28,0.00787137490163577,0.508995934689583,0.026495740445221853,0.5565686991544091,0.03216107079089212,0.6272255989653372,0.03172069725051234,0.6305332292676141,0.07362250578946056,0.7511473292333516
2022-11-29,0.006864456790994185,0.5133117968118381,0.025612206370648496,0.56439168921366,0.03358446122612715,0.6292261160548664,0.03682668467572822,0.661180543232425,0.08439622438727544,0.7746633454181766
2022-11-30,0.00955552177192558,0.48754420488908073,0.030800524493198082,0.625814988821182,0.03542504913538968,0.6412426250597651,0.021509478493284762,0.6667970082967463,0.07586266151386262,0.7758931540237418
2022-12-01,0.005283738925740222,0.5513912265311027,0.01826739351532976,0.5970137055063196,0.027200119750999757,0.5767155068231284,0.015882135166015946,0.6813730242673509,0.05429744383688467,0.7728617845641403
2022-12-02,0.005683229173336382,0.5986924430859831,0.017026938377238867,0.613445668500228,0.027683641238218665,0.5959619642289463,0.02900697957848606,0.7338315027007533,0.06280046479505738,0.7928278416637241
2022-12-05,0.0011376968001992763,0.4794614008256416,0.027348435429236834,0.6106696934035495,0.022318691999836823,0.6323327390214092,0.0362124517603132,0.7394721112420861,0.06865270713117738,0.8016700597120735
2022-12-06,0.0023065538727490057,0.43753598992647835,0.027083042187008938,0.6089276069119232,0.01811795002116289,0.651665184113159,0.024669663627171816,0.725239287959803,0.05427663264902509,0.7965358457418694
2022-12-07,0.005845234808942185,0.4336547282871331,0.01787555129408526,0.5923164695401827,0.015883740662664788,0.6426666188306922,0.030964817993232474,0.7433060081288018,0.10076781115153145,0.8076012717085346
2022-12-08,0.0009672179206635205,0.361598442152303,0.007540049576702321,0.5132635322431943,0.010082938091532111,0.5623185799998633,0.00697008930951902,0.671542115777805,0.07101579431124189,0.7745116642826246
2022-12-09,0.0028625872359730967,0.35896875391073135,0.0049735439668569525,0.48032255244955313,0.00582902500703244,0.530259278576998,0.006340542593321157,0.651940106525946,0.0718416194857917,0.7912888142499961
2022-12-12,0.0020178592659367695,0.3891304547935978,0.011522472176651782,0.4876514928404219,0.02071293469372782,0.571412572074287,-0.002856490660858803,0.5923680224967517,0.06661752215334452,0.7689387565430679
2022-12-13,0.0018824458887526895,0.4562412567354686,0.014810731331329353,0.5230842850319157,0.019363949395434385,0.5803112160698326,0.007275414943094631,0.5736384791336857,0.07766580439482387,0.7616042827315711
2022-12-14,0.0039193012281084905,0.47674414982172997,0.014247853704210072,0.5529894204169751,0.01215196438704287,0.5673334629720378,0.01875438623495442,0.6053346464471485,0.08106908503256272,0.7476361735147369
2022-12-15,-0.00037713532460958467,0.4508270562956615,-0.004905277737564677,0.5207675844883499,-0.007538135557562244,0.4839770300112776,0.001145508620993843,0.5983998405160019,0.04379418335005885,0.7184340536616063
2022-12-16,0.004641604489019088,0.5538654004880234,0.0006116677177934445,0.5416958675642131,0.0021569216992997145,0.5114951430319116,0.005900000475002352,0.6215466277433733,0.04105230601156285,0.6952830360347224
2022-12-19,0.0007593544997941994,0.5306496828944035,-0.005395804376243185,0.5335381524722097,-0.0016606594517864122,0.47967077802944064,0.008823410035352322,0.617318947975439,0.03251663464548442,0.6922218964679938
2022-12-20,0.0015318930780898275,0.6348722805648888,0.0019175039842909585,0.5551465795807458,0.009063386484802361,0.5865216516022741,0.034455682017009215,0.6473285420364768,0.02756680696642228,0.678486489211899
2022-12-21,0.002741930163973224,0.6068169213046297,0.004058229293511161,0.5363674331861183,0.014304203299467324,0.6190615113884406,0.028681827540967854,0.6310661510657636,0.045797170994078824,0.6815527029211587
2022-12-22,0.008674215300044702,0.5250956697371261,0.011633441422859256,0.48584243708525715,0.027398025549221904,0.6794327949502397,0.025488532223560022,0.6988712435614702,0.1082319937095217,0.7449039394199964
2022-12-23,0.001747392596838383,0.5360884786077584,0.006711222545258114,0.5198297106428426,0.020359616979464687,0.6074043518944292,0.042799074139414785,0.6584479928702718,0.08349495727283127,0.7473771487305495
2022-12-26,-0.000650708746503725,0.45041666672471237,-0.0036420219276504682,0.4877992756475216,0.010552685929505999,0.550346804744002,0.037647236493023484,0.6646902947897981,0.07160445200169903,0.7621812950225708
2022-12-27,-0.00412889164873498,0.445177080733584,-0.005935154812292791,0.5021127038539976,0.0049614133059720745,0.5467001465760061,0.04842721669978197,0.6895769943113021,0.07552362664984258,0.7821214951436746
2022-12-28,-0.005955506419655764,0.4321524450458208,0.005911445087591262,0.5334027114040408,0.009946009949557926,0.5632875367460763,0.046244876057176434,0.6858362587153662,0.0817257925029466,0.7714856676233532
2022-12-29,0.008990927497932092,0.5133557117310316,0.017990023000037214,0.5833565138329906,0.008574697667315043,0.5483990981625485,0.053564417916776644,0.7449105363430311,0.07143437019587404,0.772658482657081
2022-12-30,0.0014395756884821882,0.44964494776442265,0.006061103483349986,0.500248744283301,0.008826121542794186,0.5605895209692212,0.0298125858068753,0.7017443613947278,0.06175167445269003,0.7754639618251198
2023-01-03,-0.002282928787464976,0.37492207919697124,0.00792461228415546,0.48366188505178054,0.012530470486973798,0.5728093552180644,0.010858668141143722,0.6886271660323874,0.07574532760313142,0.806420827478348
2023-01-04,-0.0005929919744020965,0.4493256362139165,0.012906045175504255,0.535522297762792,0.024485856109584207,0.6230298087043536,0.018053701762192995,0.6857935524528362,0.09456987454504197,0.8441133287687376
2023-01-05,-0.0034276057863080562,0.4298650712974159,0.014781930021781953,0.5698059585776133,0.028553937690241872,0.6204791327507168,0.030995068571423767,0.6891740920683523,0.09952970724043493,0.8756362973317621
2023-01-06,-0.00014340152943268826,0.4346487107477968,0.015331108014296156,0.5890885448736702,0.020937960202986362,0.6026520250631705,0.0051387695790317215,0.6091104204755335,0.07279050574293561,0.8135119602772246
2023-01-09,-0.0005290513240632927,0.4308402822349171,0.005783133954176886,0.5341382790085867,0.00916170734027208,0.5553877666984846,0.006920475305849832,0.5941451471981782,0.05482319042422429,0.7878851239100968
2023-01-10,-0.0017693457848999266,0.38269876418413695,0.010815368512892313,0.5141628134792513,0.008393716385886428,0.5532318031945659,-0.0022757397507917245,0.5486357772352567,0.06387685269880282,0.7628719922974432
2023-01-11,0.0033989239673510863,0.4392474471838536,0.005488275169290456,0.49801793829727525,0.0030340582022594753,0.5092655434680103,0.002037804697807799,0.5939880848475123,0.06052354911738506,0.7813365950642668
2023-01-12,0.0006067975568408088,0.40715218168576595,0.0024037080892770706,0.4760816556244529,0.011062538892858777,0.5598052015937941,0.008609003735942873,0.6638294876499579,0.08509516454625313,0.8225372100194891
2023-01-13,0.002446081390467595,0.44811798266506203,0.010690687491433724,0.5084431927954468,0.020457963449971514,0.588681884248806,0.0179625875272734,0.681940815141837,0.09759387815846948,0.8362807304876321
2023-01-16,0.0012391652142339608,0.4139022936089288,0.008320125754701315,0.4920462116911967,0.013988765913286901,0.5571723417988748,0.027426990502714823,0.7088566346417919,0.10202189103058236,0.8496380023418756
2023-01-17,0.002723788057520266,0.43537420956977857,0.02006384936917387,0.5599013502560822,0.022375444190235454,0.5880909696288814,0.03647538863275315,0.7307840039233664,0.11907479622960317,0.8729413598661353
2023-01-18,0.0031678020224337015,0.4337848352636466,0.023984121227404866,0.5698600411859771,0.019796456645176458,0.5872606553660343,0.04326966166179223,0.7552267521664642,0.1272200816791728,0.8703063540698477
2023-01-19,0.009946933268509182,0.5220302107822474,0.03281973355001233,0.6152196089966673,0.03996760987086767,0.7002412502055197,0.0835449540020827,0.821182069438239,0.19693995368875467,0.9042839151111566
2023-01-20,-0.005556260603002395,0.4816369794205107,-0.010314378931204422,0.5617911816035862,0.006040977643752081,0.6161356206063343,0.052426787601132195,0.7475977986020471,0.08636595649970268,0.8262037260686925
2023-01-30,-0.005866503866665207,0.4868746323608322,-0.0030734027087142715,0.5827563081104892,0.010726950447581318,0.6533691156898369,0.05480235076294691,0.7719334614224058,0.08692426480002083,0.8282736390328759
2023-01-31,-0.004790589410467082,0.4657246671682995,-0.006876898544311117,0.5823490896642123,0.015820696653949612,0.6478355133873681,0.05495402540008446,0.7841543704253199,0.09657708525835147,0.8515860378143932
2023-02-01,-0.0009343915242284971,0.48890316687301794,0.005626885831873469,0.6343733570939197,0.0331729444125937,0.686874032802207,0.0649300780734634,0.8014553322853762,0.11698702988734415,0.8656683265467338
2023-02-02,0.00518990997638057,0.5292386667515946,0.011324560358815131,0.6615048227010617,0.028060010552089044,0.664363371091956,0.07609425504025447,0.8389801059930726,0.12975750638623415,0.8905924794666611
2023-02-03,0.0010526194649049178,0.4810814314027139,0.0058905357043676256,0.6536822976037737,0.03838630029508299,0.69738052020745,0.08078742003278716,0.8440230895744602,0.14074032178918502,0.9089690184135225
2023-02-06,0.00426783901282117,0.517977940178606,0.012056439528529053,0.6966937690396926,0.045910770415356524,0.7231335945740268,0.08669668037799907,0.8508362125843989,0.14911836828234076,0.9177790811491843
2023-02-07,0.004204693199768749,0.5943259800927858,0.00921713708165776,0.6874031145014017,0.04319309771179122,0.7345428952255744,0.08857098170059917,0.8647287002636679,0.15570571054175852,0.9307732839088154
2023-02-08,0.0035305779385845816,0.6262223787205955,0.009292533734857496,0.7182228517376759,0.038870828821259557,0.7247456709498749,0.08853246773917642,0.8532136177890508,0.137041567197589,0.9298569578152754
2023-02-09,0.0028226432695450804,0.5414569742612323,0.018197562565242895,0.7224754341977263,0.04227618735069602,0.733386894364391,0.07085780836727613,0.8379430876640113,0.13506850141154114,0.9200792805086497
2023-02-10,0.0018520596457824827,0.6187822202774185,0.009549545636640032,0.7157811987527058,0.04092634226328156,0.721995178122047,0.08278033444813795,0.8469839266433471,0.1202399389009963,0.9168785004852499
2023-02-13,0.002487774098890238,0.6159820166921539,0.01272070531733846,0.7042051900118819,0.04265623349531705,0.736212712861819,0.07386223287835422,0.8340051541997293,0.11919420288918635,0.9141722278063138
2023-02-14,0.0041671422541611665,0.6763294247370435,0.022419593146644098,0.7430359405092632,0.05095903674687865,0.7743685710407082,0.09167855571052419,0.8449183251275865,0.1279645779143996,0.9148351958322581
2023-02-15,0.003200739499805025,0.6524976017228907,0.014666796346986602,0.6893217847008267,0.05841509568114343,0.7868329853843488,0.08139742446114809,0.8533817062811345,0.13543476275271257,0.9197200698150342
2023-02-16,0.007936604179689808,0.6681935153511184,0.028716151828076193,0.7452185878288111,0.06585332837351114,0.8140924559450351,0.08273957393614505,0.8428083418834842,0.13153113259561416,0.9098300884704058
2023-02-17,0.0054750920805608574,0.7015167222775265,0.017976345352029605,0.717665327229804,0.055975654137498825,0.7745112830465778,0.07183089320909014,0.8274751479682593,0.11721636191091968,0.9053241226775532
2023-02-20,0.0030078990173786034,0.5673081441633034,0.02675371398053627,0.7161782633611242,0.05672978895494665,0.7323939391626301,0.06708286280382716,0.8015133765597117,0.12780062057878225,0.8984139155241453
2023-02-21,0.005640146065687447,0.5326550146251847,0.015040176178820579,0.6346221643574378,0.04861726420096174,0.7212376258056935,0.025946467165801543,0.7563050797027949,0.14998838592465516,0.8970243604001733
2023-02-22,0.00045556644944090216,0.5838609372200807,0.011502424414329363,0.636556507129489,0.045958017662009104,0.7059746089189765,0.03452430607740099,0.7197194292374006,0.14463018080855733,0.8925682168310958
2023-02-23,0.0018825373804854835,0.4903050888984958,0.025186335206430627,0.6540586806911795,0.03755980453745435,0.6872876232356558,0.031224935892549904,0.6830130014721976,0.1445734035434344,0.8617397492187134
2023-02-24,0.00030435235657000695,0.531993713550852,0.00033560096246958854,0.5940661602289027,0.03010941747963671,0.6334559329913505,0.013157900289206874,0.6208133594228322,0.11958233129126619,0.8333462095283445
2023-02-27,-0.0032681515839108506,0.4849769936147342,-0.0020444540669992267,0.5670816679534986,0.025293889109778936,0.6039253480449331,0.004173051167027514,0.5924632611885376,0.1183152017157013,0.8233238593242967
2023-02-28,-0.002850382941430356,0.44604064349455397,0.0009157804909375102,0.5571638627944996,0.013272881952616309,0.5453719967611381,0.008829278681233389,0.5788442881487527,0.10440350327639723,0.7819687593138046
2023-03-01,-0.006165810193009304,0.45745961886264824,-0.009778745700446487,0.5107083697996899,0.010972672417278926,0.5547034581714138,-0.003229804752388491,0.5589717406218876,0.1060773703953313,0.7869051968268701
2023-03-02,0.008306041703430762,0.49033337610395533,0.0126641432786504,0.5337384811951874,0.0356625910205701,0.7188159071099323,-0.007868345163373872,0.5789793145635214,0.19477517513039136,0.8325727334306822
2023-03-03,-0.006793012185607846,0.49213947818863735,-0.01446826260626801,0.4697683717142001,0.02015405567564777,0.5932442325727362,0.032112104894863235,0.6370796425454748,0.1527789159844967,0.837766251907416
2023-03-06,-0.0021233121620721045,0.42218519475288285,0.012969505014568363,0.5373024888070567,0.022720794908704836,0.6019178397057591,0.04803682583639872,0.6313101913583642,0.15584416156473457,0.8054426696925996
2023-03-07,0.00123532032513911,0.47164213265895355,0.006268204821033094,0.5073265900952137,0.02610610777231402,0.5943008957561179,0.03879830959459989,0.5990675799536366,0.1353288209930185,0.7710513836097443
2023-03-08,-0.000883332979730745,0.48106026677838093,0.0026050688367486234,0.4974695630155387,0.02931776811005456,0.5680375747223906,0.040915841819053875,0.5924735078664846,0.14551955547029083,0.7774351175847973
2023-03-09,0.008120347066509645,0.49048623517248086,0.025077913799169738,0.5451207335498091,0.023919309523827044,0.5618100118579727,0.05198129797572852,0.6339911992006408,0.14670342780908935,0.7686178000633018
2023-03-10,0.0024512385314815113,0.38940990067503806,0.015449553265826081,0.49582358021326767,0.017563080992646606,0.51444750621623,0.05774999804736666,0.6383706800453764,0.13694593349260648,0.7716288282451479
2023-03-13,0.0053983806573867435,0.4493127121087423,0.009906299523519315,0.5108254791102567,0.021597471480763925,0.5252333487090984,0.04721065194615916,0.633428310237889,0.14638828080369537,0.781589599122949
2023-03-14,0.00035798735674948915,0.44812449301135315,-0.0006475439225891681,0.47086488860324643,0.0016672151315415677,0.4903696612907212,0.008168641381035038,0.5790927794931835,0.11430907956464997,0.7399750311048947
2023-03-15,-0.0009495412863858363,0.488289865646047,0.0020342063081621765,0.5254051226904172,0.005464906143570241,0.5259726730571468,0.02974900694880836,0.653385810869141,0.12015668902701945,0.7752521768381416
2023-03-16,0.0050672171885860744,0.556935554821127,0.014266485227141875,0.598327160219912,0.017820121984196014,0.6320329270149927,0.0352154474820417,0.6631190415949241,0.12787523582062618,0.7508621754200723
2023-03-17,0.0056899045937829785,0.6246322235110217,0.019984895643991373,0.6130877390605767,0.030966746051799412,0.6540945412181044,0.060635598352321886,0.7219874469162282,0.13075966676740916,0.7787898645900709
2023-03-20,0.006394204642651984,0.5929993931610402,0.016233931683045363,0.6173431291897016,0.02367712878127057,0.6255151746847153,0.03135173337708432,0.673306512705532,0.09850680538738887,0.7421921172598509
2023-03-21,0.009966523092450497,0.6036719972114585,0.021294875108300283,0.6402710944313902,0.02632690853961578,0.6360403358902987,0.02802830790211985,0.6520535311750199,0.08144363499848856,0.7182196399709732
2023-03-22,0.006799658002286697,0.635333916448564,0.015668623213817786,0.5941282807337462,0.027612678906961004,0.6121141888587299,0.03133871120792465,0.6556070800139596,0.08508949876495597,0.7498388097367242
2023-03-23,0.00902442439025473,0.6073754102570842,0.020718728978164295,0.5877875060289978,0.028019575078776296,0.6291845731986222,0.026902664237071532,0.6883854684950524,0.07620171726936599,0.7268828349072085
2023-03-24,0.008578350032471815,0.6119415866310677,0.027185595466966226,0.649395534340312,0.04017553760872396,0.6628186285779955,0.048471121866440356,0.7689472456416891,0.09972549678938696,0.8062968973131398
2023-03-27,0.008271846840886363,0.5861727518015885,0.036618757668401884,0.6796494504050326,0.05404291455708542,0.7115325758606571,0.0640867797626712,0.7950525901772014,0.1105810389370624,0.8236792180220974
2023-03-28,0.009789904512284288,0.6319143743678003,0.03279720467091357,0.6825302856098654,0.057689650182394046,0.7219672045510157,0.06469881006313374,0.793202522339377,0.11685903027707163,0.8481300438537012
2023-03-29,0.003830661283761998,0.5083932090930049,0.029592684181125345,0.684952866529845,0.04989337782819992,0.7039146532794434,0.05903999189061945,0.7971597299559602,0.13510036824504168,0.8783091088374831
2023-03-30,0.00487061226222012,0.47688110857570604,0.01575862453225487,0.6811044729841477,0.020334003005713853,0.6222791944585722,0.0110544206678661,0.6463472194563274,0.09805453876915655,0.8221379370418131
2023-03-31,0.0019428139120598955,0.46598972195062316,0.006720227773749685,0.6463929948598364,0.007058089061385162,0.5894512641729108,0.0002663434167916503,0.6170042980500453,0.10016756663513815,0.828141230638884
2023-04-03,-0.0018003275792339744,0.42555829366514536,0.009479693852944223,0.6299451910524037,0.0033411933654812786,0.6292084039509594,0.007914641038735919,0.6367478790844477,0.07861024180087714,0.7717249531550807
2023-04-04,-0.0004899590031024028,0.4559021672482952,-0.0038333051840770157,0.5676946054811404,-0.007486413801359932,0.5715525712856774,0.013873137091140493,0.6798221623142867,0.058190549408448394,0.7781704327262334
2023-04-06,0.0045761252200643395,0.5213979100871711,-0.003217619156369585,0.5573902908451741,0.0037496848924423237,0.5306001632139848,0.017247326750889518,0.6348712103951859,0.05746068045191838,0.7537243741784166
2023-04-07,0.0024011039568679893,0.5217180374309729,-0.007416172695175341,0.5082325506638987,0.005566586980673998,0.5083590008715286,0.0154441041486334,0.6056628751718878,0.06405096382270542,0.7744572520854426
2023-04-10,0.0028210311222083536,0.5203817958469618,-0.0015137359495805457,0.5212320778956884,0.01414556858880791,0.5365344935451609,0.02229185276016729,0.6369924710951449,0.0786154691465916,0.785450144249234
2023-04-11,0.006203577634197441,0.5306918042149328,0.007518983572971354,0.5800210741956443,0.019468463124604374,0.5913823019886144,0.03833625595382483,0.6976686579444001,0.1006907756001969,0.7998962163108
2023-04-12,0.003963556411760814,0.4854884705305102,0.009735696478522125,0.6164297673412771,0.019485570742920743,0.6202686651949652,0.04293505721051313,0.6958083926992628,0.10811591418670875,0.8269717149858344
2023-04-13,0.002000022731296164,0.5119839095283213,0.0001023185792577042,0.5883071965010856,0.012821921747111036,0.5930568966552744,0.04138084214668045,0.7131523520160244,0.1281251943499601,0.8645789973302699
2023-04-14,-0.0037061412999659206,0.4620818292745699,-0.009903528277188675,0.5845874920263014,-0.004850209256722946,0.55238869554785,0.03247649683556912,0.7089329120137795,0.09922303103048713,0.8409285403900788
2023-04-17,0.006744033180429728,0.5895415602637313,0.014456296480687407,0.7056615140260705,0.03082072991623034,0.7148614252725963,0.07690539583263509,0.8216398256388756,0.11887039074690577,0.855451327221407
2023-04-18,0.002139291168053735,0.5296742659190127,0.008703785477399188,0.6669042387687217,0.026512024124684848,0.6565642621809538,0.08197335423675803,0.7932268551630625,0.11352899006148699,0.8611148930966229
2023-04-19,0.01037790534973923,0.655383745914475,0.02231482610235491,0.7096662006460484,0.05269913912010534,0.739409654659524,0.1100642674308552,0.8380603579878042,0.14313918392629427,0.9038543375859432
2023-04-20,0.008232812749038834,0.6444024893435361,0.02524492798885816,0.7083918035819199,0.05866108729783935,0.7631820083827824,0.11591497838806702,0.8606250946308408,0.14265103661071252,0.9114268749035431
2023-04-21,0.01390401319692715,0.7144309880539756,0.03841216260694978,0.7732789300258388,0.07377563732737347,0.8065426170432711,0.1301732933834174,0.8759556592282026,0.15453005525235236,0.9188996353246309
2023-04-24,0.019319289734331495,0.7278797749211405,0.04064283405156548,0.7973604780721492,0.06731873553622242,0.7903535221268838,0.10969998679340769,0.8601115701095461,0.15103103521052155,0.9175087742313275
2023-04-25,0.018458604848332453,0.6944711939703213,0.03678074074971505,0.8006814074057839,0.057290128233393446,0.7697297622028282,0.09437907615055127,0.8613509206532851,0.13837958715463644,0.9084613737234805
2023-04-26,0.016502334463609963,0.6469126816257095,0.03504319441824956,0.7851506766290317,0.051742799256894186,0.7298199731368403,0.09967064921846806,0.8579078339852017,0.14575621479077175,0.913623790357694
2023-04-27,0.014555305028622031,0.6359089378853917,0.02396296874527373,0.7373132225023672,0.04392185569727184,0.7121981078887585,0.08253205850779025,0.8215837280632894,0.13605183013193714,0.8988650633981107
2023-04-28,0.008555802257454106,0.5703348211062247,0.014764698664864195,0.7066748220813753,0.021386659856363222,0.645135088355318,0.04511654002346822,0.7491828142491606,0.11341461776305024,0.8693527010453783
2023-05-04,0.006457026308031254,0.5494995544354728,0.0016816151478193904,0.6322722363952769,0.007133387446701635,0.5630443216158775,0.01347411459295,0.6491351076221118,0.09887651618079271,0.8442222317380511
2023-05-05,-0.00022829634747440885,0.4428344895733298,-0.001645156571672973,0.5863696295920132,-0.0008184176147203339,0.5422183885268609,0.001695931330528483,0.6208986360600607,0.09298729701083824,0.8311764127436978
2023-05-08,-0.0001818935944395187,0.4411114340307139,-0.005433199643645656,0.5849560750972514,-0.004378169483022175,0.5180383646904246,0.0005597053941331373,0.5692879835007604,0.07629503424338037,0.7906935282760943
2023-05-09,-0.0003915471709531066,0.46833077423459807,-0.009923994890453532,0.5635426852500043,-0.013242092682557384,0.48745489757377947,-0.012399053178432127,0.5226720141632212,0.07155046456525478,0.7720801014885692
2023-05-10,0.000927204667650317,0.465941563289386,-0.0034341132460499156,0.6014760285817795,-0.00974347664906793,0.5024723244348844,-0.00578798073015835,0.5543961008486123,0.0824349277164014,0.7733042743759211
2023-05-11,0.0014991395490901165,0.5145564464744088,-0.009395608118837474,0.5698245924488264,-0.021749719310667544,0.435182110066027,-0.011565310204239213,0.5270000434614998,0.0745925604892089,0.7563544726289432
2023-05-12,-0.001326356844691227,0.4866675390462892,-0.013454857403264287,0.516718502085131,-0.024634272933563742,0.44837627089957144,-0.01388452837525399,0.49839169900414126,0.06377537754117356,0.7219038891172948
2023-05-15,-0.0016305220309851625,0.40061256337939616,-0.01313141904576396,0.4942066186391656,-0.025830001223407856,0.41052706460439664,-0.021369569216298664,0.41978544418502095,0.0371862946400476,0.6472703045846957
2023-05-16,-0.002078697631958478,0.42061321332193646,-0.0211642370253392,0.4372417518695044,-0.031675899072500485,0.3883926610024404,-0.0265562354833091,0.3990505136032296,0.030250368958103357,0.6304914871101722
2023-05-17,-0.002900663990323492,0.37220085011430676,-0.0164810008586788,0.42606685359913116,-0.02762323720642212,0.4019678435621941,-0.021266726672808958,0.4357407697975879,0.04125030923237817,0.6391014431721693
2023-05-18,0.0006294210123145817,0.47924640468284085,-0.02031005041413128,0.4125776279390974,-0.031195504670049067,0.3749851114530848,-0.01927810807335547,0.4395194843803436,0.039755475183272354,0.6421850486863314
2023-05-19,0.0016745432594176143,0.4699235375284945,-0.013762685369233772,0.4358306466691451,-0.0187733303183908,0.39611024106420095,-0.019792789307533996,0.4344363644539851,0.05028644118839305,0.6662426046075558
2023-05-22,-0.001306399599234139,0.47203174464813735,-0.006286352313535452,0.49376635561992094,-0.006245158381224567,0.5050619414327076,-0.0032953961601440533,0.5076806867060407,0.07291406193999185,0.7152865040574085
2023-05-23,0.001092496591063801,0.5282207676115717,-0.0030765633565499875,0.5305414071547583,-0.001038468450029145,0.5225292403574666,0.02042065305178922,0.5932150160440294,0.09817797596927567,0.7602718600010518
2023-05-24,0.0038666332875769154,0.4973831113324216,0.00651728617606475,0.5603550448321767,0.013311131627361689,0.5465498681398897,0.04153244527834959,0.6354088555056423,0.1165924958245197,0.7840185151777184
2023-05-25,0.004367486454032157,0.511758812271197,0.0015917500392904629,0.5381097747906868,0.010453530423250318,0.5476584294783398,0.03384604747840375,0.6437864002760533,0.11976220450674642,0.8014530361829172
2023-05-26,0.0046032779863439755,0.5473370544501317,0.0005514061841774946,0.5597436923927229,0.013601209836348922,0.5412063775100067,0.04332277356543349,0.6726537070360121,0.11885684093327759,0.8286388988169381
2023-05-29,0.006130200013606538,0.6028867051632798,0.009898562181253737,0.6032199037342183,0.02365790263561259,0.6122969598187398,0.061291142862351544,0.7026233564312665,0.1291744652619352,0.8478186360598199
2023-05-30,0.0062461697309635225,0.5939778907305492,0.013669464303552904,0.6170144902226175,0.030081892561228594,0.6368572861281621,0.06870523326287138,0.7243084366598384,0.12511419996764667,0.8461382014162283
2023-05-31,0.007138601389111218,0.6354043824978929,0.019190066297462345,0.6644736316101407,0.0355614683228565,0.6908704300188815,0.08425226523546409,0.7845621357810428,0.13592539762019615,0.857150712549581
2023-06-01,0.013506934272193735,0.698200678586296,0.022930155292775894,0.6787191564588411,0.03603735563460404,0.6782162983121031,0.07760568936040659,0.8056325441337177,0.14104572237798582,0.86158613712081
2023-06-02,0.01011759723761972,0.6744978753714405,0.027348840917687568,0.6929923888322775,0.04308356224737239,0.6919980711331887,0.08413316782321122,0.824398925253958,0.1568096470811723,0.8810967209540483
2023-06-05,0.011897757479512409,0.7003840019320179,0.026301560650656718,0.6992568736284906,0.04016770581842164,0.7001507087935314,0.07672788217966416,0.8202773970080849,0.16097590706836662,0.8889062013153454
2023-06-06,0.010784030233800581,0.6712966986394511,0.024352076337722437,0.6945411691243947,0.037435418835496816,0.6926225221857649,0.06632643785500154,0.8226261876894928,0.15590511954084385,0.8865260173216735
2023-06-07,0.00993856668754159,0.676314207428616,0.021799871958566752,0.6908726011822978,0.035724949630374446,0.6659160484103378,0.04258121914990367,0.7505194156372779,0.13818876771255642,0.8726197102982167
2023-06-08,0.010366650544810094,0.6956592243457413,0.023798110983383667,0.7070753164267715,0.03724441163694273,0.6775843757435199,0.046356925469407326,0.7521492315868025,0.14041923973104242,0.8767531738261872
2023-06-09,0.011214220081299353,0.6533550611326395,0.02887206968867839,0.7306300752254401,0.042717801228210145,0.6972461959291761,0.04387731429709211,0.7877546239449366,0.14194848914864466,0.876650419749828
2023-06-12,0.008136331335813655,0.6031520503520276,0.024277845028172516,0.7223735689487147,0.03575097574712779,0.6732770663631967,0.054937952196169794,0.8197480448833535,0.14073441464203137,0.8888847924785066
2023-06-13,0.007758279701100209,0.6425463604967743,0.028412014298361463,0.748656258800096,0.04139425756963218,0.6868257483069194,0.05596116880550827,0.8171014973445577,0.15332166213255485,0.9096419614941842
2023-06-14,0.005950615949053689,0.6537013903388649,0.02517948912810205,0.7402488144164333,0.03931470059961695,0.696941343303458,0.05946350755642648,0.8384451107476293,0.1674001606116627,0.9281517878036599
2023-06-15,0.0037288979604412982,0.5161695675008854,0.020915188213275957,0.7328601753899986,0.028437023886650092,0.6769124525237631,0.053777248176336216,0.8037133125673038,0.1369640895155358,0.8566302896698796
2023-06-16,0.00270050317606013,0.4824099411107773,0.013058326280357552,0.7044429939175504,0.016748978830704364,0.6351320125168375,0.032373871407392396,0.7377299242771113,0.127718214089462,0.8323770453157613
2023-06-19,0.0024031770143381616,0.5308101614600599,0.010714657018292158,0.6925580134112127,0.014987697421517579,0.636847184364796,0.03606640495101083,0.7271475314088814,0.14558430748351625,0.8579672052873768
2023-06-20,-0.001510672332522635,0.5285214476920155,0.00251554750738545,0.6545028404618007,0.010584627009486633,0.6071362372533251,0.03811998651033049,0.7352918473266242,0.14172973627869145,0.8720132549265285
2023-06-21,-0.002984521598642623,0.5614761611565554,0.0008574745150221243,0.6388391672482104,0.008802978511587609,0.6062390389510718,0.04657801712959265,0.7460840280522896,0.15807315821662998,0.8940762964239899
2023-06-26,-0.0013723840940909953,0.5228805558055531,0.008627384635250819,0.7046010162458417,0.012362322110441137,0.6414359436674074,0.05018769825316626,0.7459281213801343,0.13119945468531508,0.8400532604718187
2023-06-27,0.0015084984722290805,0.587660653879171,0.009570193971917395,0.6824461968038793,0.01664967492149287,0.6073389201977782,0.05698825902972183,0.7537707918229104,0.13030481349341674,0.8431381192416533
2023-06-28,0.0044866454713371785,0.5371096339404609,0.01382306856440663,0.6447568084776847,0.02129492581380811,0.6172597234457087,0.04131774605225497,0.7451586153499062,0.11205853651914355,0.8115666673040535
2023-06-29,0.002695087601979141,0.49974520981549936,0.009652605491008416,0.6161884139971933,0.0237266557708484,0.6050397942178857,0.03491431974884065,0.7204255189828442,0.09515866908207644,0.7930186155236091
2023-06-30,0.001973508290400311,0.4606899024683247,0.0009807856649987528,0.5669030096876319,0.016097565843379222,0.5583164670307729,0.025125275402052935,0.6888924342592588,0.07999279937588738,0.7636136891262744
2023-07-03,-0.00064376062592113,0.4636456878195415,-0.0014429768520264575,0.5437297496875024,0.009319288171285467,0.5377694900055527,0.01432139520788337,0.6170884322148711,0.10459832695130433,0.7862810927271955
2023-07-04,-0.0002848050100572693,0.49900943504883266,0.0038545619670621867,0.5745227399343835,0.014135969276556012,0.558499983365417,0.037100572293846265,0.6548626512906397,0.14530101387026104,0.8390560917941399
2023-07-05,0.0003640155172108646,0.5332291618626099,0.00074533722449085,0.5655443476061784,0.011835770946936025,0.5491864176300841,0.03356126902559507,0.6193223978465313,0.1304709502937146,0.8178570504100873
2023-07-06,0.0016809808681453261,0.5537433084678997,-7.807689561572899e-05,0.5631783732172948,0.007442059075142407,0.5261198395438946,0.03615345272084171,0.6140783284871517,0.12323448895931793,0.8026750788988971
2023-07-07,0.009468431595733406,0.6652087309149299,0.009848392779214486,0.6253745023427558,0.023516171077335682,0.6128775990919639,0.0682795576072615,0.7038876042812212,0.14681862161069603,0.845083605471717
2023-07-10,0.008774744034120908,0.6431700554395859,0.019100995689434602,0.6594475420051287,0.03700155772209206,0.6296661462032386,0.0744183419349598,0.7142912099662615,0.14500613388848418,0.8449852731389591
2023-07-11,0.007911316452064414,0.6394427607612294,0.01536593577914439,0.6267630565795512,0.03525098923310685,0.6352135714041789,0.07762935664361074,0.7137131781311339,0.1374881610243155,0.8425066305361341
2023-07-12,0.005833304943425805,0.6202132680616661,0.013852522594590445,0.6178156838665638,0.03261687085191871,0.6294482009185266,0.06861882139463897,0.690267488645494,0.12997738519459062,0.8306393249004007
2023-07-13,0.006645204644119027,0.6180067740818586,0.01808619312274898,0.6106175868579105,0.03509679627176468,0.6374802244097473,0.05914794881263498,0.6746544132119505,0.12047355846263869,0.8068048221378998
2023-07-14,0.007655333158477291,0.6229674968121915,0.015815494333255072,0.6095969776802816,0.029822247011377007,0.630985622908677,0.06888483434627496,0.7029637009319541,0.13224577149835276,0.8278455297244425
2023-07-17,0.005324301697243575,0.605742012681249,0.016117938275550577,0.6348544090228436,0.0322677085775287,0.682047231876283,0.08554243466416961,0.7589817175293575,0.14828317918937753,0.8565798563198966
2023-07-18,0.009074768929588712,0.6507223516372169,0.017331322072019244,0.6522874748885089,0.03356267466491114,0.6988312475715852,0.09111279371434808,0.7878496947874781,0.15358937685669555,0.8693065078345662
2023-07-19,0.012019807780616704,0.66497025367381,0.01921946767540436,0.6665486550074182,0.03481358677140757,0.7177291077433713,0.09061908607417268,0.812638054472764,0.1603823089911631,0.8771216681798131
2023-07-20,0.0134192486665693,0.6999620695709231,0.03054981474584038,0.732322118592177,0.04237241846344135,0.7445057423988871,0.09781514519555022,0.8234231765091936,0.15732998983734806,0.860314376247701
2023-07-21,0.01252786225611272,0.6888541029549212,0.020145324102120332,0.7018568066164628,0.03611999154171283,0.6934639884950338,0.081234435086563,0.7960215853231923,0.13340567875156506,0.8505736153874215
2023-07-24,0.01322235262903316,0.7006972753892237,0.02876153974264712,0.6959041098407422,0.04037418062605537,0.7187018620596747,0.07724003643536004,0.8147507995902116,0.17205646247090775,0.882086925972263
2023-07-25,0.008885906154402316,0.639778901963774,0.03541006824645873,0.7091357715038077,0.04752733043455648,0.7506388580180433,0.08537601423497818,0.8365422289629988,0.17035371733588303,0.8806676841573599
2023-07-26,0.00876376979644928,0.635234655880494,0.03233908566793607,0.7061062877600738,0.04747534462913304,0.7405758447472149,0.09049847016091243,0.8387837088941359,0.16936520755111376,0.8851574379576654
2023-07-27,0.009172447772865577,0.6394325283957724,0.03943349709263161,0.7130510935356437,0.0554366251391734,0.7847895353135281,0.0935052373576886,0.8518997663185504,0.20675916205829115,0.9129922665051942
2023-07-28,0.0049401827166569035,0.5964946967490973,0.028976172062738555,0.7185988949684174,0.05357974153214061,0.7552867930133594,0.09910652372422528,0.8656477020342237,0.18763229319694855,0.9163335659416962
2023-07-31,0.006112816858058428,0.6365986142410227,0.031914546228408655,0.729158908505196,0.055231520153679214,0.7639863389488407,0.09521679224550347,0.8619402600098829,0.20328270712037896,0.925590371007088
2023-08-01,0.007964723143456021,0.6228444166042891,0.04171158190579481,0.7658834939860228,0.06852748819578137,0.8079658301354051,0.10397376971634016,0.8808381102055745,0.21591753439767422,0.9316329494969602
2023-08-02,0.010279900077963694,0.679341912984812,0.041972552394493844,0.7847923647668061,0.0768548275560206,0.796973241235254,0.1120473090353077,0.8921053230360674,0.21815264448206567,0.9434399962218075
2023-08-03,0.013278976250114424,0.6670098062229641,0.04444307556483563,0.7818734393115088,0.07600487035317052,0.795282418433274,0.11102595611454937,0.9073417962650415,0.21930767896140457,0.9439533637160488
2023-08-04,0.012056283280672896,0.643107680048937,0.041737800931525904,0.7890654618703192,0.07669255596184456,0.8146349753113579,0.11517489128323846,0.9203104800506605,0.21654502750914545,0.9445387476284852
2023-08-07,0.015025308337396107,0.7102478989000209,0.0390206982175746,0.7807349254451573,0.07730403812342274,0.801414464380171,0.1219492747894787,0.9232044854372471,0.23256202728219716,0.9553569580912253
2023-08-08,0.01641367584794804,0.734170913966324,0.04521584481488758,0.7888291235847235,0.08585918905650616,0.8266776686883068,0.13619080668924402,0.9349645280850657,0.2519523283605794,0.9631973417380072
2023-08-09,0.015862914487342627,0.7239036866775846,0.0428127590903429,0.7918987410409977,0.09028935016982517,0.8281592555067256,0.14418173835012843,0.9419023741241397,0.25620560180411406,0.9674641316497204
2023-08-10,0.017645815273934773,0.7391301170308344,0.04890442867390087,0.791141568513505,0.09865136158283781,0.8434861977850346,0.13821210437257656,0.9409207386875725,0.26881351125157765,0.971292511985227
2023-08-11,0.019736519785353755,0.7591493956096074,0.04982403911468295,0.7828263364200592,0.1019283952141872,0.8412715203736235,0.1438974925689158,0.9458396282667036,0.2813568619480564,0.9738592863062597
2023-08-14,0.01918171930730664,0.704180218097,0.04841903238430573,0.7874349896991599,0.09794994386524254,0.8294389325191268,0.13986411604598284,0.9457686786953802,0.2622271392341122,0.9696086413159744
2023-08-15,0.021350533992676664,0.7120842494242067,0.058479125981629014,0.8064593486850948,0.09906716515597913,0.8760332354229501,0.16366653170770992,0.9657304851215781,0.3036371796884529,0.9765977115989197
2023-08-16,0.01730987376306066,0.6884699117124753,0.037041416972992305,0.7755401937906252,0.08235255277827844,0.8243899544939665,0.154778288838805,0.9613703504102998,0.2699859468501762,0.9737325329766322
2023-08-17,0.01736722916857585,0.6725329384818266,0.04189328057117689,0.7891224717030365,0.088791940446576,0.8353082817873145,0.15052467296139727,0.9562502182896486,0.26419987786876364,0.9721607715303802
2023-08-18,0.0205444022039427,0.7250061523765319,0.04907172070980095,0.8148116729744815,0.09409198962293862,0.8509046575030766,0.1544386267787228,0.9583632806542144,0.281398267868408,0.9757617219608333
2023-08-21,0.020873928308027485,0.741119009090775,0.05098284600199306,0.8165459274078313,0.09875861803074201,0.8494611624338188,0.1573207024421024,0.9584600647405594,0.2749459458472665,0.9756270914898604
2023-08-22,0.021925468683368917,0.6940693680639456,0.07176028558814077,0.8507133017447809,0.10420610791197875,0.8844977353895626,0.1518050811714152,0.961499915044811,0.26579940561624,0.9689098921119507
2023-08-23,0.021135665877117075,0.7211447371943075,0.051642647440601014,0.815870505443723,0.08107556053175526,0.832008688200466,0.13929290592276125,0.9585224773992905,0.23678964985415704,0.9644613578155568
2023-08-24,0.014599376078827966,0.6297726529283778,0.04375105190907848,0.7957554287531704,0.07825864398528827,0.8241731504833495,0.12800137014848115,0.9500900663591956,0.21815863247649117,0.9563275633100659
2023-08-25,0.013620291811305894,0.6365510235636486,0.04004357532335859,0.7780902777603999,0.07225538706163841,0.8108061738883204,0.11896800971388061,0.9395337927522525,0.20963792711280022,0.9500199631805589
2023-08-28,0.011474227813461333,0.6254316655809863,0.04266805582995664,0.7971544656593832,0.07309547648922694,0.8456999163563329,0.11433286646705607,0.9502032460595177,0.19475804640886676,0.9468964743786173
2023-08-29,0.004633284028191026,0.5488008362758867,0.05641532433079825,0.8046190124442242,0.08491248810977012,0.8432864727826553,0.10855770291802654,0.924094896804601,0.19105706671569744,0.9332904890873425
2023-08-30,0.004171161171855748,0.5495714253256514,0.038991449554625336,0.7482789643057143,0.06431754326375144,0.7969532900020773,0.07339989421083241,0.8887358491083008,0.1526004705675803,0.9018130934450813
2023-08-31,0.004575760403270774,0.5726948262967853,0.030496392756383835,0.7191996809666226,0.06090489060290248,0.7624444188768332,0.06429799307377011,0.8510362148588765,0.14793980439648421,0.890483134168557
2023-09-01,0.0032516771386066805,0.5781344602109849,0.028911838145310793,0.702030832911711,0.058354979137507215,0.7462703536013523,0.060090791383223846,0.8394908177716316,0.14848363460548492,0.8846608225658533
2023-09-04,0.0031155579704178317,0.581176231896405,0.03710357749209626,0.6895019358091834,0.0633224971409043,0.7782257466083092,0.0696429340517443,0.8602091728453591,0.1613694424246372,0.8895077993306453
2023-09-05,0.0027663361289919676,0.5920566534989238,0.031034094491496307,0.6823538032383029,0.06292397338650207,0.7612432390841296,0.07094278866596464,0.8543409381238964,0.1472209816848431,0.869778678938432
2023-09-06,0.006447925144452006,0.6357996739347577,0.029910684249144462,0.6792160116594859,0.06403307534106153,0.7407827523329775,0.07478089823312237,0.8454787427470246,0.13609101548787866,0.8489114571842371
2023-09-07,0.006010143155468883,0.6685800587813816,0.017968605296161365,0.6370888449793766,0.046541845804711046,0.6982471731535947,0.07285992861223191,0.8383299575316963,0.14459517250254353,0.8557644139705648
2023-09-08,0.0047166268746915326,0.6587937926863501,0.0163382853728644,0.6281528944166653,0.0377619746834601,0.6909376444748714,0.07046944937293148,0.8404288663596323,0.1381053190345306,0.8422064617174353
2023-09-11,0.004966906512053902,0.6360688882488723,0.02458711368554307,0.6548219422570374,0.04627992099684587,0.7351150946680343,0.08259446671245049,0.8605843075118368,0.14820143260527396,0.8446422772593141
2023-09-12,0.004567923235646396,0.623416681285274,0.009329828864085371,0.6212604153898658,0.03334407554769671,0.6600567723391332,0.06423744064231522,0.7863348194254074,0.12898335123370222,0.8041994593173247
2023-09-13,0.004436589170353923,0.6429341582121728,0.012737390880580287,0.6147273279338555,0.03118385158805971,0.6544378991238049,0.05386700699662261,0.7895968214974569,0.13082592952172614,0.8135518504953956
2023-09-14,-0.00297382027127828,0.49656767494596205,-0.005936823139114646,0.40330290020170206,0.002603120470248483,0.45351128870002766,0.00034718151440253555,0.5564134267717215,-0.01753690258463879,0.434378997036343
2023-09-15,-0.0027782979123504026,0.5006899594018476,-0.0036370805066406157,0.40834899453479745,0.0031784813663889317,0.47249802972029575,0.005829679883299934,0.5762991383377885,-0.008360607368174415,0.46008027743659385
2023-09-18,-0.00026638271636734534,0.47592440592346874,8.141006830720329e-05,0.44245985978338925,0.002948793999768509,0.47585078845654905,0.010133373934639863,0.5975659518502325,-0.0047909853601016015,0.47484135616177
2023-09-19,0.004639865873226017,0.53114552852344,-0.003129792104823232,0.41937748590758583,-0.0006505131587139657,0.4661592768522303,0.013166163791852228,0.6389885727223976,0.008128137408816977,0.5288494298756121
2023-09-20,0.00503231191644208,0.5593558764367187,0.009556211185464972,0.4784232602803712,0.017084594519525365,0.5269235805525165,0.03371006020274636,0.6847298359199595,0.03032501934398503,0.5723447280925764
2023-09-21,0.004377543331757555,0.5513850801101641,0.01228458292257471,0.5082953592912614,0.02085986517395954,0.5763560539383854,0.03490812002520548,0.7149915149263798,0.044250685227395226,0.6133423553111168
2023-09-22,0.002112548821942644,0.49849546013765833,0.011991794466677752,0.5285250276787186,0.018659045800027023,0.5760576691879756,0.042808878258786195,0.7668458141990275,0.04434945572993852,0.6358050041776315
2023-09-25,0.006333179011388322,0.5387642380709565,0.009356961227861862,0.5326304477647914,0.013921978687212873,0.5668068681531137,0.04019174948173372,0.7610460493722272,0.03256042769129022,0.6363973349123764
2023-09-26,0.0050114212387955374,0.5806407276628623,0.006125745549351011,0.5357979903212964,0.010807079901980392,0.5562234935160278,0.0273051725545232,0.7223233743707554,0.02129639165379258,0.6330663830741838
2023-09-27,-0.0012037867765400368,0.538522617056476,0.011908886880263935,0.6034674558767033,0.016762988242668794,0.6209162655159799,0.04016139069187849,0.7708282864894997,0.03526402218300885,0.654516025398493
2023-09-28,0.00022007565461810985,0.5566201998799067,0.017526924991091278,0.6121173192747033,0.028882344067405044,0.6622675872612989,0.052440746223107064,0.7849998775224823,0.03883990746781079,0.6730521277591097
2023-10-09,-0.000641851747570718,0.5089701269839456,0.017491905266564273,0.6295205013302292,0.030252345412513218,0.661749523900876,0.06055904025946638,0.8130407291903218,0.04349668123095678,0.6982872673182812
2023-10-10,0.0023906166743739906,0.5667397811471204,0.01724685855526436,0.6209262954637077,0.035572633616470346,0.6678455879846389,0.05965093688586547,0.7970169590130621,0.047499963404291745,0.7157670277773052
2023-10-11,-0.00035644518622040514,0.5568039558820095,0.016814112494000732,0.6193175830320056,0.038068731948693896,0.6908150398363092,0.06995907824034792,0.8230821176842198,0.051954856319608354,0.7233003384357106
2023-10-12,0.0002204573619174709,0.5170554725732247,0.028603132504020835,0.6896944432899423,0.050812015479251835,0.7347745559773349,0.08614915707385157,0.8588977047779378,0.06292826435520828,0.7372315407539143
2023-10-13,0.0034843550403942207,0.5648206341012788,0.023812640550585774,0.6596479606422742,0.04919666466046911,0.7202239321223876,0.08729007841286894,0.8471906631738287,0.06439730251210031,0.7395441063196693
2023-10-16,0.003815278718158143,0.5712892868376791,0.02318815641786758,0.6725236125797672,0.04925653494065105,0.7278186315243809,0.08069478587048134,0.8557392531139149,0.0574332749728903,0.7527217150684277
2023-10-17,0.0018008366707566808,0.5587304669227394,0.015515610535417737,0.6268546706445055,0.038591094414791166,0.6750157894450683,0.07727304053607623,0.8503234444090874,0.05123517960714729,0.7485425465502952
2023-10-18,0.0037376539843237285,0.5862855444227956,0.015658671673056575,0.6289690214647191,0.036591288195233634,0.6850745182381754,0.06643226030286581,0.8195450290255055,0.05330503460628451,0.7420142976111919
2023-10-19,0.0032771238892173723,0.5956824497376823,0.018077437415079403,0.6427360952257567,0.036006248217348685,0.6924095664969874,0.06623568666846548,0.8234107501758856,0.05081462866093615,0.720108932566042
2023-10-20,0.0037532963725340164,0.6010766407405871,0.014827001440406528,0.634246280832572,0.029148516308331984,0.6581581606888622,0.06591243944278631,0.8338394332970164,0.044009010821917695,0.7116552110303893
2023-10-23,0.005663422082026361,0.6035216882891568,0.01588016576321136,0.652249081730574,0.030826225291140662,0.6801014654792487,0.059529035696675975,0.8144524207123772,0.049940593715247256,0.7175062088468366
2023-10-24,-0.0006146192386692452,0.5495271245733861,0.008028515923481834,0.620361615854689,0.020755265317880616,0.6416611613574255,0.05424244258383215,0.8173969876847778,0.04198737677233237,0.7117485511058821
2023-10-25,0.0029006912728170983,0.5816433454441919,0.009838657418837216,0.623109021162928,0.021243277970000238,0.671471410323488,0.05965939813279663,0.8240640713022568,0.054576487269063924,0.729394639850408
2023-10-26,0.003807326985645435,0.5611216209949484,0.0186873799030582,0.6626326966634254,0.02910965919067663,0.7184952655843415,0.06423291455338459,0.8470475489617784,0.05246098651288729,0.731609782463853
2023-10-27,-0.0018881200053206199,0.5534793345487516,0.0313706271771458,0.7582735303569066,0.03624799347148924,0.7860436122206617,0.06811164352160488,0.8837756517859469,0.030509968206215085,0.7021057622000595
2023-10-30,0.00011753693751306383,0.513150848967159,0.019711672930705318,0.7175897476188459,0.020771696387299025,0.7163400399382682,0.05097190068427137,0.8463531114567717,0.024387578491932255,0.689186324999946
2023-10-31,0.001423815689475578,0.5270070435067686,0.013603601348123471,0.6962356496769945,0.01941389548737881,0.6515874808380856,0.03199871205649673,0.7616746832384305,0.04527072296949457,0.7175525194482971
2023-11-01,7.47910255016243e-05,0.5395344093535305,0.009348060275200805,0.6414421599789144,0.01656511649426649,0.6333348730689441,0.03033369703865766,0.7265676994873311,0.0606421297962777,0.7222604618999358
2023-11-02,-0.0026834912246945057,0.5245137301111675,0.01593843179547407,0.6283612347151984,0.030739257856263552,0.6990701589199486,0.054192256739554884,0.7549132853539111,0.08633970504039254,0.7518630904695903
2023-11-03,-0.0044084908278690755,0.4977728359769273,0.02830181514208748,0.6968629716686648,0.03889120903077329,0.7392989174904353,0.06923292895694035,0.7968469439997588,0.07466849100771722,0.7061083160198176
2023-11-06,0.0002181331599693812,0.5511798402682787,0.03819817111223659,0.7547881574362173,0.03898624067217137,0.7760730339555408,0.06101956291822223,0.800164599937327,0.04948788738605649,0.6314163011728501
2023-11-07,0.0007624137234493351,0.5292095726129139,0.005495695993340877,0.6397418279891203,0.004397291679239461,0.6656698473124862,0.04182193672291026,0.8025136097895074,0.0008817318344836108,0.5751321542688924
2023-11-08,-0.002070000650238423,0.5089603848646419,-0.007360414791793817,0.5565139711516948,-0.0015101541444622977,0.566493617932187,0.026691851378069197,0.7028048840795632,-0.0019886031175947888,0.5709549968159183
2023-11-09,-0.0027595925242323532,0.47608240412195424,-0.00542012514358186,0.506473637575457,0.0007089185415825091,0.5449767570057361,0.022373754597746896,0.658840084657549,0.004450535736904477,0.5715740746761424
2023-11-10,-0.0034759974598308754,0.4674855306759077,-0.0016926760748365594,0.5057081861856694,0.012531461794370974,0.5655307586996883,0.02026242276333255,0.5765408161998238,0.023759713577497912,0.5980288176932221
2023-11-13,-0.0028124022785101207,0.4769737917764505,0.0032219622222080333,0.5423384431781848,0.01438458378825721,0.5771104684279621,0.024314292308025415,0.5825077160058856,0.01740777254963465,0.5515561213777548
2023-11-14,0.0009803807681250242,0.5431494646686315,0.005225864805773141,0.5595158107419179,0.008917875555495385,0.5580701022948086,0.020667152253600864,0.5766925258880384,0.013698335279239098,0.5165756725827851
2023-11-15,-0.0001443135391484594,0.5655913934335626,-0.0014423727487107314,0.5253803331278041,-0.004146491136218729,0.5062338232474903,0.005789085971822961,0.5676862249067839,0.010761161235318744,0.502611811905088
2023-11-16,0.003730316497449465,0.5949917229867085,0.00038905922209727783,0.5370582077095751,-0.006793178337512235,0.500160408628604,0.011617269864095038,0.5675378127328817,0.035360604091285164,0.5474807625800717
2023-11-17,0.001424163640849191,0.584830687150844,-0.0008057372070264697,0.4737674157111946,-0.005995709501478726,0.4883403258221226,0.02592181041823704,0.5923506080028785,0.03153596984125396,0.5413158583540599
2023-11-20,0.0003936075727427825,0.5713488832676377,-0.004369972509066446,0.47102562489153804,-0.006737744584419382,0.48658053158385794,0.006855372623893963,0.5295136860238667,-0.0033216053729690706,0.472074451658834
2023-11-21,0.001398424778445166,0.6031445501902407,-0.004597378166103459,0.4695761573344979,-0.002993985857270033,0.518402931752092,-0.001559268938175852,0.49521522916484395,-0.017807281122180288,0.44610944830163696
2023-11-22,0.0009515966053601759,0.6048313446399054,-0.0020073709667942177,0.4825882242947606,0.0032195656620775323,0.5287536652584205,0.004343041021292925,0.49998093324081333,-0.024650553237348195,0.43787347197302634
2023-11-23,0.0001299408736516348,0.583076804383954,-0.00356023006036587,0.4785261799571816,-0.002018016360132331,0.48837052158183947,0.003888277616299296,0.5028472682504039,-0.028340909816962526,0.4335288888723401
2023-11-24,0.0026395474231679975,0.5793037760491047,-0.0035130047120327185,0.47667830483792717,-0.005378347913892824,0.5091367824703317,0.0004981478247746028,0.5209108434873175,-0.017050272504527023,0.47857487138815297
2023-11-27,0.005220570597176728,0.5794462571955594,0.0067172063406349,0.5320260299993592,0.0019413843503347118,0.5739368683338449,0.008278040844351988,0.5806802008297712,-0.0012876058412723457,0.5225560545648764
2023-11-28,0.003189091963010807,0.5664791250479695,0.009153906845347476,0.5572033162837865,0.004528483984486707,0.5613836151716441,0.02036283939020359,0.6065675812637171,0.008468440801426827,0.5508420072428383
2023-11-29,0.001131188633859421,0.5551596762086113,0.01644086093791204,0.660987809128386,0.011665877097849319,0.6682110183411265,0.010448857493941331,0.6727243323365404,0.011724540961191899,0.554354845530952
2023-11-30,0.0039577911886524335,0.5327184549382312,0.007034774185151801,0.6356034795649201,0.0018319970067844533,0.5857037824090457,0.006989823258142477,0.6387267285634054,0.003260909541387855,0.5647474377016977
2023-12-01,0.0015267322645543186,0.544132705163383,-0.0011080767411000177,0.5813542257962233,-0.0049650284025087536,0.551235860251848,-0.003052016350968094,0.5805233139979075,0.007394650913899864,0.5640819952598052
2023-12-04,-0.0054663862266389335,0.5155022113714325,-0.0017017285696485493,0.5571549510993785,-0.005086956992088135,0.5562003433245376,-0.012794762222606983,0.5104410881789604,0.012619184904382628,0.5679384193405751
2023-12-05,-0.0074415847024106654,0.5273784224860188,-0.005968176757248045,0.5418439516035387,-0.007353774609240282,0.5573852706024935,-0.015437078846219246,0.5004520162769923,0.013715493293126987,0.576890206306802
2023-12-06,-0.006035882460488633,0.5436724407354993,0.00892780384684846,0.6085178535561673,0.004576222555775953,0.6112734441676099,0.00257140286337045,0.5181703484886307,0.003072197651188637,0.5089833158016742
2023-12-07,-0.0009098675204920188,0.5813760120108211,0.008406261438612776,0.5864396567330742,0.0025512687926988586,0.6217929454988937,0.008007150407919859,0.5628729977579884,0.016402375210046814,0.5310504461027383
2023-12-08,-0.00827781619770267,0.5094012286405573,0.017278660530469107,0.6277200389368438,0.009985556632610373,0.6844916037118639,0.027444006835532435,0.6862371754220514,0.01087446950214881,0.5320339442675053
2023-12-11,-0.002441445930137974,0.5317809002471153,0.01226471600874059,0.6871768480016918,0.0012311854646119835,0.598233393223783,0.01802565121551524,0.670877954040301,0.017343383202327655,0.5944945441949523
2023-12-12,-0.0019916491679249867,0.534417133134075,0.0008060622169671976,0.6000298590211349,-0.0022401240206749076,0.5546795105406159,0.00042158044394656176,0.5484885455267341,0.02457493677356875,0.5990203943060538
2023-12-13,-0.002384797613880401,0.5353106943235236,0.002234402608508478,0.5693199586149559,0.003280435627131789,0.5631617951717645,-0.0021524895968649503,0.4814951996982487,0.034635577725435504,0.6099773808623796
2023-12-14,-0.004655848863889823,0.5275158690633633,0.00028264332984466976,0.5352163429901895,0.0035659768438013398,0.5445566701381673,-0.004645191425139065,0.45891859827962966,0.024836084391926923,0.5906509715580535
2023-12-15,-0.007467015512263169,0.5048221558414778,0.010440783285444061,0.6121043776781214,0.01445268521686131,0.6141433219266879,-0.013171718935868063,0.44321014308409046,0.02395847128705743,0.5498808521832808
2023-12-18,-0.003893929444244837,0.539938132944749,0.005056939054538946,0.611165209895867,0.004247092601366374,0.5396030678469573,-0.009346033700972096,0.4586315876039792,0.026395405261498223,0.528994115829021
2023-12-19,-0.003186079901702613,0.5512406792029967,-0.0004307826604164882,0.5657836999191326,-0.00924578150096006,0.506875975210793,-0.006486265905001011,0.4742209829111354,0.03645091756306119,0.5213850408274943
2023-12-20,-0.0044408648139992925,0.4861274160029223,-0.017601650961024284,0.3703186503434007,-0.025814916812043343,0.36711793832066325,-0.03130323566312554,0.357347694548107,-0.04724696058858908,0.40244390953993764
2023-12-21,-0.003438387264059966,0.47816461926667975,-0.025169187083774653,0.3813979559000733,-0.03366198994386412,0.36399622639237944,-0.030903852775442338,0.4204097575676101,-0.047320149358583544,0.43729906505281413
2023-12-22,-0.003635067225204412,0.46810662178022494,-0.009014876574888631,0.4623249615306729,-0.020853681869764894,0.406852087488699,-0.014568302888793325,0.4075568343526315,-0.028944067876707655,0.4168096994215452
2023-12-25,-0.0056143395458639125,0.4476618714093096,-0.02127195647794541,0.39021098101638607,-0.0316292631811385,0.3612001986430269,-0.022514028671160025,0.396188255509168,-0.023656446186789557,0.4294264574285922
2023-12-26,-0.0056801211567583925,0.48024256992278114,-0.014822128177423954,0.3776075909600089,-0.018811524180674662,0.39158473809043076,-0.025621645348950117,0.34385354447477423,-0.016978520658369613,0.4365928306705329
2023-12-27,-0.011865115951222818,0.44426791910299757,-0.02569980411920073,0.331501792365125,-0.024593118860290343,0.33687192767078245,-0.03235332604792401,0.33769734202063445,-0.03178462965153145,0.42821326158129125
2023-12-28,-0.0006520689583776712,0.5334504630598721,0.008648858532590632,0.4396570895929466,0.016306686792131413,0.5398517229130713,0.031225371029071237,0.4703274384350741,0.02822448254049664,0.519178769028103
2023-12-29,0.0006087194161496359,0.4858762260009742,0.011888994625587993,0.46679541120243534,0.008466536178889164,0.49377192615300636,0.04860201268838357,0.49661703293860393,0.06532220764072309,0.5610393738668268
2024-01-02,0.0028189573402603117,0.5118797047741995,0.005219763056969177,0.4281134988436926,0.013540907544220803,0.5033417615335621,0.04880188252728544,0.48247612299413806,0.08819027500715662,0.6114081756697524
2024-01-03,-0.0004610542384859912,0.48926590904375467,-0.00198081000217359,0.3882970017020569,0.009643393278690354,0.4679173464164232,0.0452577251969746,0.4823850080461718,0.08212328704860325,0.6433537013399686
2024-01-04,0.0030337057327886256,0.5151209650253145,0.0013637792288171433,0.3684166253002195,0.01608523268937248,0.5038872103986766,0.04323361498408878,0.47983980372734153,0.09267716837471042,0.6634678539074232
2024-01-05,0.009131004762799348,0.5900484020141783,0.01704793006857888,0.5020974305775134,0.017296076488486106,0.571949329519874,0.045177907289130625,0.5217006178637152,0.06417127767494622,0.5367665068962937
2024-01-08,0.01034387655844754,0.629352836597985,0.011837757227094929,0.4627585001983905,0.009845648631920398,0.5307379674188718,0.04878035065711296,0.5158403717114325,0.06229917199794307,0.5287581776786839
2024-01-09,0.010069818210197099,0.6305801319186074,0.013427590534532114,0.5324503542819202,0.0012051717332649224,0.5525794676157004,0.0376898623208389,0.55320517740127,0.04816005861071111,0.5422553038225957
2024-01-10,0.008360379966503195,0.6014782734288576,0.011774611431724024,0.5475738137129407,-0.0012027218996643017,0.49894094872197947,0.030959832391293095,0.5238043475343268,0.029355194057266897,0.5355239232980245
2024-01-11,0.006542243107149231,0.5776581313813497,0.008307163063798742,0.4657204696676481,-0.004437871920063676,0.4781272913595448,0.03218044409455707,0.5095359139995301,0.040287518517319404,0.5195675739878952
2024-01-12,0.0013500942751525752,0.5152093364371831,0.007129015445961868,0.4620207071996395,-0.0033440923683089926,0.47585930616662664,0.014638462148790703,0.4618690663137793,-0.004059497081946764,0.4496807331538737
2024-01-15,-0.0014324044657452384,0.48873891010076287,0.004089633355223876,0.45102548377887225,-0.002809456840496813,0.44831114823056284,0.00433554612588945,0.4567386075918243,-0.01179109497171437,0.4727765514730523
2024-01-16,-0.0015340014693333793,0.48745252141684386,0.005476834472267648,0.4878005224979408,0.0012592275931530075,0.46318465730635877,-0.0075901515938117834,0.43355647459554963,-0.010788592369741671,0.47537944908822455
2024-01-17,-0.0008318186411429384,0.5342974608241351,0.006642671876047366,0.4886919063300419,0.01354527377753309,0.5107513512993682,0.0033230131627181893,0.40634988345994594,0.009984330635029928,0.5054465152400401
2024-01-18,-0.0015980441098967155,0.5129211369959629,0.017564019627928126,0.5463801357137094,0.012530519327805741,0.5443430361799697,0.018528952190361367,0.5156746467520938,0.039397959794890344,0.5426221954473632
2024-01-19,9.559078385430221e-07,0.548244044643581,0.019345101261016486,0.5873612914197003,0.010256851404922124,0.5511332475370463,0.011756281950734724,0.4440684226187434,0.02535712479059267,0.5381159401081876
2024-01-22,-0.000271181054484856,0.5488043091651872,0.01220626257420264,0.5173660873063055,0.0154562351073263,0.5295415034055388,0.01983010779610039,0.4787629268664374,0.037330831809236034,0.5617472888330531
2024-01-23,-0.0013279020781086018,0.5327783742221932,0.016459388471478036,0.5758020485342059,0.02032363448047644,0.5362749132778982,0.022100060052439495,0.4914568944561798,0.030024519817590918,0.5653236645119412
2024-01-24,0.00436891908219394,0.5467196798487461,0.00926422072562929,0.4750171622563759,0.013911032381433304,0.561677057714879,0.02300803817262433,0.5426189285209163,0.028390988972350543,0.5487219084186276
2024-01-25,0.00038763825380896326,0.5190653316561376,0.020500070174616504,0.6239455883567254,0.021197239031211488,0.5476718939091373,0.025247975796829636,0.5531034452089725,0.028461629676683732,0.5569170507406738
2024-01-26,-0.003936870197950583,0.5054629368716653,0.004043386499804709,0.500275176599839,0.004148215814792823,0.48960290816313773,0.0006553790356281361,0.4552497149100866,0.011320757130260742,0.5717958380993394
2024-01-29,-0.001281580666196911,0.500073134548917,0.0035622958466151274,0.4712575542835416,0.005692250983435718,0.5205347119550087,0.00917456921044121,0.4801679670386463,0.0526488275725819,0.6106664805876998
2024-01-30,0.004058956025878301,0.5247136460738749,0.009258633154081267,0.5106111610298228,0.003649416503589806,0.5206975035859117,0.005176016081574669,0.46602150358061223,0.05497713119197954,0.6447205246766408
2024-01-31,0.0029616345026207734,0.507314865333834,0.006990638562142185,0.4904293048984738,0.004861569303979138,0.5324991427917005,0.00914794879357102,0.4569047427534197,0.047770933938808414,0.6317344134205682
2024-02-01,0.004241607249624282,0.4939720145474841,0.006479460599191564,0.5834225360294106,-0.002122301253550986,0.5153563608396923,0.012143295262046706,0.5226202806858947,0.030917991849079327,0.6303400469070835
2024-02-02,0.013431004655884933,0.5398753063339331,0.010117332472587394,0.5816843284830887,0.006496947551031123,0.5786642201232653,0.01833523090234994,0.5617923107721098,0.046000761694064016,0.6595795206598456
2024-02-05,0.008841616270973983,0.5031075315711498,0.00221438581347595,0.5992304014750712,-0.0032166232598023845,0.514844153530716,0.008475624569941172,0.57837818500777,0.03849403362604157,0.6799541502049133
2024-02-06,0.003644259049847855,0.463231881524231,0.00022900784385806268,0.596914180374648,-0.005418480574522674,0.50392809828867,0.0064610434048050286,0.5860756678377813,0.02798028819111383,0.7013521271867554
2024-02-07,-0.0011862063746094589,0.40423097562510674,-0.009338186029789863,0.45819922343054115,-0.011136994670688828,0.49563840305295565,0.0027259012399215472,0.5446347763206775,0.018896825029827896,0.6355878891783419
2024-02-08,-0.0038117570254728667,0.3882954879418572,-0.008841343670741185,0.504254915609488,-0.0071580422902634095,0.4952800498982359,0.003827410321018367,0.6128377484994341,0.014054728910572505,0.6194155074868871
2024-02-19,-0.0019760902266771673,0.4248962464856245,-0.006073591679479763,0.47817748363543455,-0.0008917637922494425,0.47604310828953755,0.014945820952852757,0.5816805317567415,0.029158937811623868,0.6672733436325918
2024-02-20,-0.0026901969814773614,0.4033398075070875,-0.0036719602031962165,0.4851306029475139,0.00014639090094369913,0.4401909690506845,0.010918706019269385,0.6015867067368874,0.055816950387435386,0.7161082821684505
2024-02-21,-0.0011770881980553275,0.4380512216137811,-0.00598133856635875,0.5151388781767238,-0.005234952725287526,0.45129427840846126,0.004880180537591136,0.5860481984324902,0.03303721246809736,0.664934904985582
2024-02-22,-0.0031836233094722647,0.4285964350632416,-0.006245813660734406,0.5047434393462733,-0.010785352675931755,0.4152630750325881,0.00672627993699682,0.5584865110049299,0.04715418795417784,0.6687950778342949
2024-02-23,-0.005886676611656835,0.42877773426373134,-0.0006201052406796674,0.5461569812465918,-0.012162710674229839,0.4129989491441181,0.012370258841591646,0.6292548497275038,0.05979780399834374,0.6836145531418745
2024-02-26,0.0024967178576231347,0.5029521028604804,0.0022019459518424706,0.5293058583043316,-0.011987217093445957,0.43690973035412656,0.00987626233706881,0.5828528231034219,0.0486024687493398,0.6458656080203361
2024-02-27,0.0025979084496731623,0.49262009250994565,-0.010333335866429006,0.4918686629565187,-0.016466162886884343,0.38607962047909056,0.0028187734686599924,0.5751894597322844,0.031442616104643314,0.6226481469681393
2024-02-28,-0.00196213904924752,0.48608580867183837,-0.0026845524762922415,0.4532909524162991,-0.007284694662367322,0.4521928935441272,-0.005958816702488542,0.4778378036121143,0.008403567657900776,0.557154223872225
2024-02-29,-0.007277584403246368,0.41813007557536885,-0.003438352777575759,0.48700991385598874,-0.010113972195096892,0.3874725470519544,-0.008268636532697668,0.4993070718959759,-0.0019729069372820852,0.5554241701012848
2024-03-01,-0.0065152906628416565,0.42920330235651605,-0.005485522387995195,0.4026374118693016,0.00043538370192626463,0.41037141192741494,-0.009956190709871167,0.4302065410827458,-0.000561982514200074,0.5583881387417913
2024-03-04,-0.004645173192824021,0.42186375973726775,-0.006912592349734376,0.4062582551767422,0.004214756396280228,0.4214205477719591,-0.0010270769345723067,0.45557631416498867,0.010738855834459405,0.5472993574412724
2024-03-05,-0.004669100623825268,0.3998716995251751,-0.00847671507151332,0.3975156000815371,0.000774118454090705,0.39248509244386665,0.00544927862668677,0.4889714121021445,0.013667011027894286,0.5555741001793228
2024-03-06,-0.004523721880634468,0.41595073933501864,-0.010305704433292427,0.42415761170326827,-0.0043171908478123145,0.3937769309798062,-0.0007054014610132953,0.48964857539278595,0.001446565534281684,0.5204878155948642
2024-03-07,-0.0020505640699580215,0.4426677115093934,-0.006628862075067328,0.45429480860453647,-0.006893142238140512,0.4053810092470446,0.00046917119306744354,0.48243017533946386,0.010621445420468337,0.5468900392450254
2024-03-08,-0.005827964235289117,0.39895192063279,-0.015620314848063817,0.4310354735697775,-0.010615709278227779,0.3885001854520078,0.004908604640988122,0.5405591816051788,0.0046415463650525905,0.5375621525507734
2024-03-11,-0.008845685603100496,0.38937286660584636,-0.021636258525774863,0.41073793751703747,-0.022690108341907354,0.4008741711061801,-0.01495485247378805,0.5388049846612585,-0.019858576662453144,0.49392912533239736
2024-03-12,-0.006212749884399765,0.39190032429560495,-0.026855476875447957,0.4059004105571239,-0.035346135692997584,0.3684735877600847,-0.010090431241900639,0.5143603144080023,-0.01056797788233596,0.5020165925202104
2024-03-13,-0.008363338658519655,0.3720557582149357,-0.019823048988694445,0.41704959645051903,-0.018908954921564344,0.37783767747314345,0.006292027730406696,0.47414323728331226,0.02458168082225612,0.5449823292198763
2024-03-14,-0.004849677573806671,0.38881495030784097,-0.023547280511104968,0.35878018575850223,-0.019207796161013018,0.37999903054921114,-0.0020551938741239896,0.47441639482316655,0.02359691219505431,0.5635174573547097
2024-03-15,-0.004493570764212029,0.3841706252842003,-0.012541617228450801,0.40025355967487597,-0.010038322882593782,0.4141874278380784,0.0017345629314847281,0.5071050125702479,0.02546849902099617,0.5668334846103604
2024-03-18,-0.0030401734687690945,0.3937341787701079,-0.003148504422676327,0.5075788720768539,-0.0053118362747216,0.4550242084334767,0.012429885031144587,0.5573000675437326,0.023589247945866483,0.527311669391191
2024-03-19,0.001644577384434822,0.4668527339772523,-0.0046740632337219645,0.4804227969777159,0.0017208862665190226,0.46539716172962703,0.0273547484536494,0.5166147155727532,0.04670109937657491,0.5604447390037408
2024-03-20,0.0005029978888317803,0.4597792894680988,-0.006115358555417688,0.46462419025177265,-0.0074020270101003635,0.4437060730325849,0.022552973044404,0.5226763441213421,0.0425468977798944,0.5597289554657414
2024-03-21,0.004037208752590914,0.48370416982880143,-0.0028628456705512284,0.42814271355015476,0.0006590747024477508,0.4726006350307866,0.012085301346122058,0.4875422679890887,0.027453456276790116,0.5168938055324674
2024-03-22,0.0030303981353211047,0.4792956826991935,0.0021565719943648217,0.4388696299680882,0.0021004663838137317,0.4990880046668455,0.003853451624917907,0.4596649224836742,0.01914710743723685,0.46983737435029893
2024-03-25,0.0024610288046840517,0.4790968767281625,0.004640565090914251,0.4716714865974348,0.0039696971023797795,0.485651858310787,-0.016385865931699793,0.3786020199052606,-0.0207810877669533,0.3864015668915467
2024-03-26,-0.0011535533326429066,0.44932444527799936,-0.0014186008258717218,0.4616407206102779,-0.003410974161614248,0.4604988305006173,-0.018780097032261488,0.3849591652946726,-0.023276450931088353,0.39783756993743835
2024-03-27,0.003661080499296705,0.4843085446777326,-0.004721164699606327,0.4476030232155841,-0.00579163631856712,0.4722355412869054,-0.035963862068035514,0.3437010253641958,-0.06270623032932839,0.34878038401930095
2024-03-28,-0.004498396972410121,0.45205103391391116,-0.00898754963099449,0.4521415754285454,-0.013699180344262426,0.41721879143755974,-0.04397385058048485,0.32389161384365683,-0.05233079306984372,0.3331807018049572
2024-03-29,-0.003717148258855156,0.4408527402582036,-0.003578560290105505,0.4460018828850377,-0.019715607268530007,0.4121247652512256,-0.03661447426634111,0.3603523903074484,-0.0457989642725031,0.3321570734642844
2024-04-01,-0.003685105205197523,0.42124160466985744,0.00018907363007408394,0.48083787898750907,-0.01902151687200728,0.4293064943764228,-0.026946698414359566,0.40920864973986415,-0.04114547300187109,0.3552574777643544
2024-04-02,-0.0022793141188726415,0.4227836057193371,-0.0005387980688230333,0.4814019194092877,-0.011604536160527576,0.42628098579672574,-0.02309506564183939,0.40871901731418264,-0.035297959883797365,0.37264472760136125
2024-04-03,-0.0021783254461430297,0.46047425353263854,-0.010060125844979914,0.4235506569445622,-0.016361179007302648,0.4103071977490577,-0.026780639429692277,0.37936573614445945,-0.049478089242619074,0.3634802042356631
2024-04-08,0.001972343516862014,0.4790474161499124,0.0006130000778424769,0.457620109892758,-0.006133013151821277,0.4981269963649181,-0.00779009805658596,0.4497798337858185,-0.011690733216002253,0.47218889188407337
2024-04-09,-0.004124782759093264,0.42983526460152055,0.005259572326496996,0.5438657145550116,0.004858565864382304,0.48643448401438405,0.0018558114903191158,0.4818299867600892,-0.01265087225879265,0.5010464406083545
2024-04-10,-0.002320992538097779,0.4647151076531168,0.001604147465631662,0.4969717695617927,0.0037066642466927046,0.48890088793008524,0.0013426726204968983,0.48183345951929085,-0.003912855250322117,0.5510991233103615
2024-04-11,-0.0017646934952707785,0.48332404035425275,-0.00032782037101558516,0.48099255559439047,0.005409374318775464,0.49315336649347385,0.011061238487541453,0.5154879787770359,-0.0010738012604242292,0.5631986383111468
2024-04-12,0.0014519631574624841,0.5114538895026477,0.006405315462813323,0.4817268918073626,0.010815297336305776,0.5121475690403993,0.018385737939319333,0.5367017051595488,0.009233844734518108,0.607369041946966
2024-04-15,0.0028177711892991,0.5086083444248536,0.020718628109534794,0.552421730223118,0.025980170697612055,0.5902142108611481,0.046612882890658104,0.6529449046678866,0.03127777351048964,0.6343663467950837
2024-04-16,0.0071995621553172795,0.534813594353939,0.016169746114003687,0.5278098442665827,0.02529778985088494,0.5751770582505218,0.049694849862467555,0.6788272761695453,0.03602731136849785,0.6735805062586683
2024-04-17,0.002420063728848957,0.455074906829175,0.015155414275643427,0.5137434979566255,0.021247813158003115,0.5538354852228751,0.05696910966878467,0.7273564024454843,0.048773145609952634,0.6920465181203146
2024-04-18,0.005111342658146806,0.4734804426836626,0.015789965604666452,0.4961492699884687,0.02870885047325439,0.5774207475185382,0.06307657315146853,0.7082308654583055,0.05937199937475433,0.7111292901543361
2024-04-19,0.0038842474356101586,0.4907479376702671,0.024568902666521435,0.5045996572014301,0.040271486065576706,0.6223912017163755,0.0632699166356825,0.6987312081758209,0.07495124309397387,0.7332283772238247
2024-04-22,0.005544724668352728,0.4854020825831711,0.020437987262143877,0.54917154900914,0.041068894920054,0.6241769100792092,0.06186093213402636,0.6847838471381602,0.06696069914536501,0.7172655615875378
2024-04-23,0.008873964963239491,0.5059160519906741,0.029161392619235758,0.5604723099862424,0.046901589508398844,0.6686675655491556,0.061231644421929576,0.6729100667497837,0.04768088988981404,0.6898584860208719
2024-04-24,0.008331720410293342,0.5170904649966924,0.027246618819621427,0.5748537662592558,0.04673620705687223,0.6499703078074449,0.05339097560981587,0.687329223026521,0.030667237942947442,0.6733075807779911
2024-04-25,0.006566633133514142,0.5223692317956218,0.024051085198413872,0.5779214057445194,0.04280230761067146,0.6293248531053154,0.06029408008329719,0.7042310474831828,0.03883751665879179,0.6750924685755084
2024-04-26,0.022185729730705574,0.6199656382831703,0.06402467769236236,0.7342703931114428,0.06448954277568622,0.7900840704078513,0.10919602147748247,0.7862534577082545,0.12309929768786314,0.7309876857569451
2024-04-29,0.015406881224559308,0.5182460521918657,0.035407471354534696,0.6213990825179418,0.0493295135161754,0.6919675152083684,0.07918585873893064,0.7660873866860481,0.052703185366891336,0.6647476177540976
2024-04-30,0.010818045815820571,0.5013861920279602,0.030767828794943983,0.5581900707035654,0.049246660962088525,0.6650298433935589,0.07234108551056145,0.654418771172504,0.030296110355076733,0.6236295898479881
2024-05-06,0.0009784294712265446,0.44667893441268736,0.014369243983426693,0.4567927376234986,0.030955328283994266,0.6006109288374917,0.04971688865210783,0.610842612583753,0.030554643647488715,0.618955581560085
2024-05-07,-0.003018943109948786,0.44773708686052877,0.015335243273807473,0.467266793433658,0.03695909775707301,0.5655367637926547,0.0352785099937293,0.5426695590979216,0.03577972218904755,0.6204851342589486
2024-05-08,0.0038133906301414974,0.4902443032961765,0.02473470651449982,0.5810488279532098,0.04006687321370554,0.6360682469916471,0.04563255937023043,0.5879641572895876,0.037631634489855306,0.5298863560605296
2024-05-09,0.002456875246074258,0.5246822714749104,0.021559361966223007,0.6224493078429986,0.030684889935795885,0.6106805270110387,0.04337139646554786,0.5869595905288358,0.025535919891951878,0.4557020512997661
2024-05-10,0.006388797825644786,0.5598502815927311,0.019430533747243146,0.5944969375196482,0.02497037569165713,0.5958627588164872,0.053388485276305596,0.5875921967148056,0.025909848574465294,0.466991553021004
2024-05-13,0.0035653787783150185,0.5390876671846052,0.016064986921943688,0.5799501226100978,0.016727126442955143,0.534291613957295,0.0370289627970003,0.5821006856470036,0.037922699337590404,0.48776531028938647
2024-05-14,0.001066647642649936,0.5473640637342893,0.004434143376446529,0.4954872271809768,0.006964465870173051,0.48481593428702285,0.02419429859326019,0.5262192928020768,0.03554737499399975,0.5016638132176676
2024-05-15,-0.002257564091633575,0.5033007102815122,0.0021364805448943983,0.4361453142680428,0.00028272848785085986,0.47520306048738215,-0.0031595828660223174,0.41138022713633354,-0.01236226892224284,0.4087019442303876
2024-05-16,-0.0016556595393326032,0.49168670978414863,0.015278959436836338,0.5510419107122819,0.01285546359395356,0.5357563353568922,-0.00678431797236404,0.4522438785291151,-0.019946847849536358,0.3422503307269029
2024-05-17,0.001724247086466405,0.4727837647518332,0.010953525924075351,0.5084280868577118,0.011842353549223208,0.4881441149002943,-0.004471871724877938,0.4492200102884127,-0.04163646518762366,0.3340277177673296
2024-05-20,-0.0031068219216493134,0.4503079923127332,0.0025057327014104914,0.47264572362133916,0.001901679738069621,0.44913530798143664,-0.02458744403283685,0.39763752806029923,-0.04102983234828413,0.3501188757947272
2024-05-21,-0.00297213812432815,0.4425195097775238,0.005565788580350148,0.4550667154180835,-0.003479111813086501,0.4307594228093722,-0.019064527417616862,0.38484386337443727,-0.012992972160440883,0.39446114695320217
2024-05-22,0.0007767007567516931,0.4497217940354166,0.010249947342654817,0.4837692781734533,-0.01786004571224719,0.4828590165197052,-0.013991193659900508,0.43010098724351525,0.0068246128043896,0.35133904532634935
2024-05-23,0.004228256001225373,0.47995353112137396,0.023284586852936925,0.5962952106389142,0.02398953955105585,0.5685143839915834,0.00801287615705167,0.4461558487619059,0.022017156589245277,0.38973342003489814
2024-05-24,0.002360095440674426,0.4799698355451244,0.00826375498802115,0.5153515097758199,0.010862948995985111,0.5216839417223907,-0.00021505922597871673,0.42748452507720125,0.010663425701202395,0.3796447781961457
2024-05-27,0.005225365815827098,0.4626575429522358,0.007031375093692375,0.5065181509587453,0.012305465467086966,0.5232552823772124,0.0023595679455178063,0.4389861503754022,0.026524983789438503,0.44394619549922465
2024-05-28,0.003846199787344899,0.47384895618568784,0.0030683633617327394,0.4550549342843454,0.014900838808304919,0.48764767988603125,-0.0004602338127332427,0.39913093531232385,0.01753440617353854,0.468304956235644
2024-05-29,-0.000555327249840938,0.4683178428669353,0.0035231841385611187,0.5240589938243311,0.003536948595942547,0.532833030261263,-0.008410651680952149,0.4043056347772159,-0.006499904312305783,0.36406856882915767
2024-05-30,0.0011174017118737128,0.4871720060580167,0.0024795301123195297,0.503999219723735,0.0054983041907632774,0.5212469601094057,-0.006040812824144197,0.4063275437558791,-0.023540818515409054,0.3783571284050017
2024-05-31,-0.0003646382063849166,0.49326354684700574,0.0032419695255460784,0.4719215055024374,0.008956025353855488,0.48266991207763976,-0.010518109513705062,0.40281075020343815,-0.014704596111218821,0.40227940830843034
2024-06-03,0.0017950028165350281,0.4804260681229246,0.0036151812423808913,0.45721628045351714,0.00645625175328521,0.47867610871074406,-0.005685414748688606,0.46783145919436026,-0.020506798670740973,0.41289470857990446
2024-06-04,-0.0007059399061848522,0.44704538024274415,-0.0007021546684017259,0.45309643303578345,-0.0007246774469841536,0.45496415883073843,-0.0076923331351836655,0.4900910050375689,-0.02888703777995756,0.4316323522941401
2024-06-05,0.0002251420185009195,0.49146391634503894,0.007378543908124062,0.48759326581108575,0.010394788332115386,0.49553025778991405,-0.02899937548348938,0.38946896483106297,-0.05127017555645711,0.3558040449840141
2024-06-06,-0.0005537578273493342,0.5045647070726417,-0.00487787789231748,0.44433087244749314,0.0015059997735526898,0.47041513309441685,-0.037028046430218564,0.37317057470982934,-0.07511591789519409,0.30769278127655175
2024-06-07,-0.003138439721025737,0.46265041087211145,-0.004840941948878412,0.45989916709870043,-0.0016909126867788553,0.43811489542315407,-0.042387493220353165,0.3789646681314572,-0.07411775690234408,0.3160125460456976
2024-06-11,3.360881925412376e-05,0.4573326599136839,-0.0008197163772683297,0.4890379593755383,-0.0016779733911274509,0.44020072021963735,-0.03692164966236267,0.3778711733567387,-0.07688182912847653,0.3206222495960251
2024-06-12,0.0009336280144608983,0.46851512709329507,0.005304407781989359,0.5382105440944077,-0.011579337806142929,0.43335003152407126,-0.0328865531627422,0.38039691032718537,-0.08020868608574118,0.2954688602665361
2024-06-13,0.0035144009550821067,0.4853757526944802,-0.00617773513404011,0.49641541568654507,-0.023768039369583625,0.44988373107068996,-0.02234492113549684,0.45243618755868054,-0.09062465891239994,0.26035600470591586
2024-06-14,0.00132241874237225,0.42559346100670314,0.007584289665373966,0.5691281211507294,-0.009331267332315474,0.45160414603267085,-0.01936673255168364,0.42404874467555226,-0.07628894466808335,0.29271330738641677
2024-06-17,-0.001090652837402879,0.4199371966025141,-0.004291636178373235,0.4985931276673099,-0.01828805299880006,0.417760609830236,-0.029140473822593715,0.38296385089254315,-0.0653429483372645,0.32874028706417596
2024-06-18,-0.002247516765834717,0.39636628293251547,-0.010481614117397276,0.4483890394746293,-0.024909582473154897,0.400823247450589,-0.021656076522627528,0.4142333934858693,-0.04772596780653172,0.3602793090083744
2024-06-19,-0.002264516119537851,0.4406822205597027,0.003220305362993223,0.5320727569804348,-0.008835765756685751,0.48135975659280716,-0.011529027889502625,0.35034349384938634,-0.020769171678202736,0.3648340291106367
2024-06-20,-0.000767965058560401,0.4622198973691305,0.0026569434840529494,0.5350496950374081,-0.0051409065926496765,0.5648565618421357,0.007769254556075364,0.40869047349872717,0.02411581701718517,0.4082012384083258
2024-06-21,-0.0031737587442095647,0.4831788936377188,-0.005097409132637755,0.5129113930563348,-0.009970446967054953,0.5027421159386065,0.007110277025374829,0.3895076253189731,0.011160573342903699,0.4395585952988327
2024-06-24,0.0020877142808964112,0.5311531021110629,-0.005630033359717485,0.47999514178475455,-0.013933243476044405,0.5142983512101901,-0.0011557736554452594,0.36525019957707416,-0.014722361725660146,0.4162615864769656
2024-06-25,0.005043507162900136,0.5585182820095663,0.00585136469945593,0.5398980289505322,-0.011131269063437097,0.5299396623796584,-0.013358509723326587,0.397970076670735,-0.02863466544507709,0.39264885629993224
2024-06-26,0.0010830626320866709,0.5121854710724446,0.005311380815899981,0.5734662567527254,-0.010156902447310424,0.4766176589139818,-0.008179563281664411,0.41720254743276736,-0.019970072262744158,0.4289093979715277
2024-06-27,0.001990247952294776,0.5285908432922076,-0.0008085070610419173,0.4787357154140799,-0.013687494541436869,0.48808946020971955,-0.025605052098032426,0.3534678927332598,-0.04451098854380349,0.3945918988143844
2024-06-28,-0.0023445366430417942,0.5123531585040787,-0.006177599051338975,0.4681038596495115,-0.014601391203594934,0.4409783722656252,-0.028171457800222607,0.3424348977218721,-0.035188405165551884,0.4207491934757498
2024-07-01,-0.0004493649024674811,0.4758067682340803,-0.0038822629861738306,0.4732894760964195,-0.02278859429115522,0.4487659610743215,-0.026084052284410537,0.41858929585013777,-0.01939997809019403,0.4362187757496458
2024-07-02,-0.00019725286519394944,0.4956757438599455,-0.008750671510395722,0.45901365729289223,-0.012349186950918125,0.48298273718186596,-0.03695969545932091,0.3405882138585192,-0.0423668501004677,0.37524012082131136
2024-07-03,-0.003805178765044511,0.47344519148271985,-0.0012446146273196923,0.5356639328492241,-0.010945121022232444,0.4472336452286702,-0.02393599345224496,0.41457904307750715,-0.009374888780799825,0.4621116014159874
2024-07-04,-0.0012705057700197245,0.47489157563703593,-0.002609494523789658,0.4946945101025116,-0.012405376368864258,0.4455773627140658,-0.016957136347681805,0.45057164439045144,0.0017314533035610266,0.48155630697841056
2024-07-05,0.00344972354981896,0.5208903556251472,-0.008016906529554906,0.5523408415364167,-0.020939589797331324,0.4668282262328748,-0.022600825678883066,0.5001285978138138,0.002603891481083767,0.4780734799839977
2024-07-08,0.003700938936965452,0.5272099229295166,0.008949400998238191,0.6094108541315348,0.007897971611550479,0.5328460943617965,-0.0043019170597650425,0.44659408251799987,0.012728051930069513,0.47687088103270253
2024-07-09,-0.0001441231130019369,0.48364765774438584,-0.002430482908737867,0.5255073232762555,-0.006644395300820148,0.4860682120517077,-0.0038133625634346373,0.5139458189243327,0.028959075105871923,0.5239030710712048
2024-07-10,-0.0005835413507737793,0.4891842981101692,0.0012762241966435138,0.5704651169796756,0.00012973797272000046,0.4939308965049151,-0.001038251136168582,0.524881183560995,0.03583854030990865,0.5807464945677822
2024-07-11,-0.00510336995403045,0.4822648516682448,-0.004846546382549999,0.507028670616459,-0.0016200706998453916,0.48757716266095996,-0.0045632947275883575,0.4955363684318673,0.03189752444917066,0.5513134739739564
2024-07-12,-0.001683951460061707,0.5108553006143798,0.00674596958759871,0.6060628821314955,0.010745405436826783,0.5356432658305628,0.009664397502829847,0.5333643678032115,0.03137202858330288,0.5292715335331248
2024-07-15,-0.0002417780342853339,0.5231046007372993,-0.0002745301861718844,0.5576065058215803,-0.0003598026528448834,0.487793455554131,0.009867829314618728,0.5533511947015095,0.02594592082225758,0.5387841456740026
2024-07-16,-0.0002932847469520476,0.500782509148244,0.0089411651894302,0.5766523060947629,0.004406079928047455,0.49606854947760454,0.011813317275265578,0.5557480694890757,0.0398420074133263,0.5615644751118903
2024-07-17,0.002590964268542925,0.5407074124754456,-0.0004941338685899813,0.49576401828875966,-0.0013914624652582625,0.5216944483016764,0.026131797758645613,0.5588477181043221,0.03945126233474592,0.5399586000348683
2024-07-18,0.00203237733792254,0.47988054225501764,0.005349068040651795,0.622303222883374,0.003115395081411756,0.546410971049578,0.031167327004907583,0.6144334557319194,0.024615472784918074,0.5259129442296528
2024-07-19,-0.00018830891495368463,0.45810415096906026,0.006549305015175018,0.6077593418935603,0.005626800092444808,0.5469080309927582,0.021536993426253218,0.5760615142941475,0.01517756349367685,0.518443534033509
2024-07-22,0.0007819835451300782,0.48735697967321834,-0.0032009791139322426,0.5335283816257779,0.0021282544002514054,0.5287555396742676,-0.002434898238157535,0.4906306120210668,-0.0024131987111133592,0.48203333058044284
2024-07-23,-0.0017916998863923594,0.4759055308556381,-0.003782240264755432,0.47605776485011436,0.0032044859319669623,0.5268147007651143,-0.011372485636992408,0.4418627633333895,0.03507310845511576,0.5378097289640295
2024-07-24,-0.005566198183430686,0.45985938001637283,-0.005475060345049697,0.4344297469248782,0.004304595362236157,0.489163446690141,-0.01303984461946751,0.41911981380868674,0.04185021420948572,0.5423302191999064
2024-07-25,-0.0007999249368568578,0.4672354813634973,0.005354053137552555,0.48328062977902764,0.0024170890222868675,0.4910009286971251,-0.006838767499056504,0.4239774191137021,0.029466924539453113,0.5056899920280975
2024-07-26,0.000664102421408839,0.45733715876274633,0.007863617666428832,0.5203041430294187,0.005194655021191057,0.48657951198613547,-0.003930373211172715,0.42859542731505795,0.012931806989590539,0.46471608829347455
2024-07-29,0.0036807047422690894,0.5193752109824952,0.0070403864196804085,0.4722667951656628,0.007089359523310135,0.47864397227107436,-0.004005497974306084,0.3969146355784745,0.023876705832206798,0.46472516134653535
2024-07-30,-0.0014815508827674558,0.4729796841837739,-0.0014261419719486922,0.42615199476206295,-0.000781337267869886,0.42599819146025336,-0.015334412365313521,0.37854119518310775,0.0030574665340695646,0.4460753155876208
2024-07-31,0.0012765058089104155,0.4549168811408625,-0.0042452804675306615,0.4384736675835992,-0.01636959517012269,0.41447344483433374,-0.0035995858584152406,0.4230161389601532,-0.013712277106495625,0.42957815160372104
2024-08-01,0.0017095390971674914,0.4784220139174966,0.0015180564808657715,0.48911976701988896,7.444635017234374e-05,0.47543400175331874,-0.010817838531558344,0.35962826684125393,-0.029766532367331733,0.3597988526503275
2024-08-02,0.0018836835192341263,0.4832298113553847,-0.0004938208113843857,0.4627922981514434,-0.005024068918804782,0.45790815975462,-0.02443939061040914,0.3610700665608681,-0.013261260049363205,0.3956161156421006
2024-08-05,0.003514546728156097,0.4984331590728311,0.002897813879288851,0.42621954964587033,0.0002236206161015065,0.4938484529007686,-0.025537273781808787,0.3870136970660124,0.00035668848771879674,0.4418130295108098
2024-08-06,-0.0024526006177584053,0.43186385098068003,-0.0020519597944930325,0.4275349177987985,-0.0026960035256746407,0.44355665695131763,-0.0167981218658398,0.4143561688505714,-0.006976610673819899,0.4630082029177994
2024-08-07,0.00039660292344717313,0.45707792325212515,0.005508626604163013,0.5111587664307912,0.004750152754777785,0.4892731565671545,-0.010110863329808704,0.41020831595391694,-0.014895224275569073,0.4153021045631215
2024-08-08,0.0008128483244879297,0.4763206487418964,-3.0754262542208918e-06,0.47517820555188983,-0.004720060944804903,0.44971304797670547,-0.016605674552692958,0.3931237421156618,-0.013054408842767101,0.4031525754531072
2024-08-09,0.0030781392524545847,0.5046738988239449,0.006596429388497287,0.42526476998147955,0.00025363437510916246,0.4581119767106695,-0.010325586998070697,0.39801681101870057,0.0003429514793076927,0.4314922975163859
2024-08-12,0.0019550149700478933,0.49190831266177204,0.009914379762110292,0.44467228835058376,0.008080601590297463,0.4689940174055168,-0.0035110733470489,0.44196642215770443,-0.003123781604152364,0.44191926168810725
2024-08-13,0.0051862219486147375,0.4987699187526606,0.011024921560857966,0.45148892699204096,0.004138481357635268,0.4880036247993039,-0.005820124109505881,0.4984002624242901,-0.01013796485397731,0.43163235317489557
2024-08-14,0.003581467050122502,0.5178504041581455,-0.004278146412350815,0.4196723922574703,-0.003779077928718692,0.45090919397066836,-0.014312270734128149,0.4238549293638097,-0.05625633583984112,0.36060410316739405
2024-08-15,0.004397457085676289,0.5072085828945967,0.00605724905420573,0.47122232571512807,0.0005702138035762142,0.4546825775731071,-0.003038576838109137,0.4670380959643698,-0.043510384412098736,0.411503235317981
2024-08-16,0.001703189532334331,0.4881701652423712,0.005778142384875295,0.4817398747870031,0.003987030172693109,0.46852217373137944,0.001291734065931428,0.4598881120592137,-0.04507715022235758,0.3996200077770158
2024-08-19,0.006746829171608538,0.5210219306870428,0.004232711127447924,0.4163238616686687,0.006555373560095168,0.4717626468001141,0.0037869172904566265,0.4416278781593496,-0.038135843026987054,0.3970916681665269
2024-08-20,0.0029790280697152127,0.4902175370038884,0.012696697564725253,0.4878910125600741,0.015376888143126492,0.49938932733641683,-0.0028896786574930076,0.44731724180052473,-0.043589228619440555,0.3972866777701177
2024-08-21,0.007497427470918277,0.4962408658006412,0.01187144545238107,0.4119480666492331,0.016480883775325552,0.5571617182736573,0.01613939265496606,0.5296617644963909,-0.01069229680529644,0.48619181437138653
2024-08-22,0.00811529598870318,0.5056435718378218,0.020107314443284882,0.5511457747277335,0.030949654815050093,0.6415933305939304,0.03163350152569654,0.5756426616292699,-0.02385788957533262,0.4913511055187361
2024-08-23,0.0038139374029287016,0.4778287813975101,-0.00019796193953203298,0.4947883985362174,0.007654520810653195,0.5309860530306407,0.018936259180184267,0.5643306762372838,-0.03482694338646958,0.5230388484781637
2024-08-26,0.002740431874507193,0.4832465765790861,0.01050952881769581,0.5557014461003068,0.009876095331941247,0.5526302667261258,0.026541768693561393,0.5540706211072546,-0.005853104880368904,0.5407029210912361
2024-08-27,0.0028730427369809235,0.4986062427130775,0.010562153916948258,0.5420516529073625,0.010270628111614544,0.522089179875463,0.032614675156851694,0.5647190803238789,0.01681811556318733,0.5809243290889785
2024-08-28,-0.002014300253083756,0.4522987837867507,0.009863862127845338,0.49900915533703866,0.01174906304776845,0.49533002995419556,0.044719382236533156,0.6416708396148897,0.04289717665535543,0.6452475038381605
2024-08-29,0.002459369314739765,0.4421749141389216,0.015476145198090315,0.5144531089708008,0.008725709255100075,0.5383101462470061,0.05397692753951806,0.7270179749499197,0.06862474927076341,0.6822051249293078
2024-08-30,0.0019438282957080716,0.41525754467551734,0.011498306778931648,0.5147402952020341,0.005942911423340521,0.5450392129800737,0.05052679411566073,0.7539723706826345,0.06594495993712864,0.6904235592381288
2024-09-02,0.0017648647994850113,0.43910911875679975,0.009121851767169935,0.5252225782279433,0.018602329867404913,0.5854219100035161,0.057732120617414756,0.6998999399860636,0.07544315607841959,0.6943328966144977
2024-09-03,-0.009106221821952159,0.383225451915451,0.0026540142216344613,0.5005606796731663,0.012258245143681911,0.5228937740696724,0.04530632710344781,0.6964193699201799,0.07777833732819489,0.7194976025336944
2024-09-04,-0.007379340962634734,0.3963318857290331,0.0009304633014616238,0.5061324804171463,0.011797104888054317,0.5175493439899773,0.03791758624517473,0.6603567322235676,0.05787023443572669,0.6902837155464647
2024-09-05,-0.004265791342116093,0.40871960120111994,0.01038037525147267,0.5790603714142148,0.02396908880662135,0.5687929754561121,0.04375311576900552,0.6707765591667877,0.06150060074154805,0.6672501781517459
2024-09-06,-0.0021978507222446472,0.46371822092506826,0.009971041833155862,0.5525215419560727,0.029183703953938482,0.5539689655425081,0.05467440036952933,0.6510708918649842,0.07209372158558414,0.6707904482414325
2024-09-09,-0.001575887453075713,0.46243560789216154,0.0038323742711904047,0.4724331642763385,0.01851610743045225,0.5173419946410355,0.061290961141034585,0.6900394170966663,0.06447597056658999,0.6669369731864216
2024-09-10,-0.0014745894806101369,0.43803149316874784,0.010807536936235568,0.5000339929514613,0.018492499479424426,0.5163391991989977,0.05243570082953921,0.7022671060979173,0.06493310021640167,0.6826572381749776
2024-09-11,-0.00028819844773430144,0.4560062804586744,0.006902482593116847,0.5156776502958608,0.014357651282364856,0.5166530613572051,0.048836766677357826,0.6895768375482155,0.041778230048666876,0.633197115866567
2024-09-12,0.0010857873023514468,0.5171745488429974,-0.0033829361998845495,0.46280478742610315,0.007283206713291461,0.48945989278169294,0.038164490265553935,0.6308321925131873,0.01530029120228812,0.5566791508709004
2024-09-13,-0.00016918811120920465,0.5110471290079408,-0.007317373875443392,0.4253069185917805,0.004184329502424013,0.47459057412668315,0.027977827976844213,0.585575338299813,0.0010082880255842912,0.5209976993643619
2024-09-18,-0.0006084037404821609,0.4636498562251345,-0.008334652046944389,0.41527714368034924,0.0006559989291872945,0.43848491437677345,0.008842045933054049,0.5409490778639996,-0.009306192570436753,0.49401452971447485
2024-09-19,0.0016852575272355234,0.46384705068134263,-0.012458028766801781,0.3890706806796305,-0.007395512137271019,0.4577205908545016,0.0028006309000474117,0.5219057298746697,-0.01709763015271288,0.45864116173888636
2024-09-20,0.001714316788579973,0.47190235724166274,-0.013119503201085233,0.42520444784240613,-0.013497437631137543,0.44895582742715445,-0.021135798027760798,0.4414083246305267,-0.033713728082187124,0.38091396339647415
2024-09-23,-0.0027809085092038582,0.4740617400342633,-0.016789675631270113,0.3979199372924141,-0.015362043384076464,0.4068109492397557,-0.03356963782028131,0.3629378788921969,-0.055755684026942656,0.32200154135707504
2024-09-24,0.0021604012375230613,0.45774242863734854,-0.009394110069664584,0.3975320036705471,-0.022506359787551965,0.42629875500381004,-0.017118428194567964,0.42931360803332924,-0.0436498474019862,0.33653605239795537
2024-09-25,0.00145474812892197,0.4524774762546374,-0.02630006624900437,0.3755659465770364,-0.032854576483673764,0.3930589601758554,-0.023098650722412795,0.38894891216903893,-0.07969207725961665,0.2927894665545749
2024-09-26,-8.38526231453317e-05,0.39232717393418937,-0.009347601434313027,0.4825965640317144,-0.017893313025394125,0.4390794906693028,-0.008212645318637798,0.4367435993325899,-0.05092036065199091,0.30066048795241535
2024-09-27,-0.001842706481166034,0.38456446171091974,-0.018610196810771903,0.316488355768841,-0.03480729218419431,0.3718636718823304,-0.024849866903117853,0.4787412172205654,-0.02057916249398021,0.3525877844481317
2024-09-30,-0.0035321799761847904,0.35266858739786505,-0.07688009797351862,0.10053711896572536,-0.09410792131065449,0.14949944416136146,-0.05410154727204106,0.6319749678186244,-0.012347900873204226,0.4502225364182113
2024-10-08,-0.005845100852345948,0.3254165006316117,-0.02338772953929529,0.1331200414618494,-0.05521833922471714,0.24260265964137404,0.05189059159882195,0.7368185250712145,0.09224177619029125,0.3509140776550709
2024-10-09,-0.004396452598755776,0.2615424991871796,-0.08680440180183259,0.06520319747538131,-0.10954383291274211,0.11621394968723966,0.02304926833210801,0.6800747963251009,0.024338684235580346,0.2865216859376712
2024-10-10,-0.011641374634642074,0.2384372006345939,-0.06480497299833862,0.0913501941047467,-0.06303620875746366,0.1777070881215775,0.0528345607150891,0.5700822203675737,0.020543712660665236,0.3916864597208435
2024-10-11,-0.004359419917653401,0.29988431070774474,-0.02076965065107511,0.18134707838780495,0.014103866173784188,0.44643628640976313,0.11598473470155422,0.6110642705424134,0.037082490497593046,0.5155213580899655
2024-10-14,-0.005920711159067382,0.35033490473535406,-0.00846057500911317,0.2920491684637944,0.026851347857694365,0.45230937316815306,0.10796031553952193,0.6374088472740747,0.031841289568717554,0.5184118605665202
2024-10-15,0.010453694371454136,0.5220613401238113,-0.0015402831846526464,0.4702447172775333,0.008349865206860888,0.47292602557086494,0.12343688330351893,0.7251525795357268,-0.02089738425112944,0.4199984785241334
2024-10-16,0.018546238752321528,0.6253678982539688,0.011886465780869646,0.575634731652317,0.006838955061636648,0.4591406358980147,0.12216612900769244,0.7488504173048901,-0.023796605213609538,0.46586039367726406
2024-10-17,0.021270898360824134,0.666780238174183,0.02630268956862603,0.619945999690845,0.006146833483207621,0.4578050381989947,0.11534927606352241,0.7517847937598827,-0.021918361637039224,0.49957416598465026
2024-10-18,0.025750101181286737,0.6870868127660406,0.02089611708447337,0.5760153362151421,-0.007899846947999212,0.4484506983550635,0.09217492868864167,0.8155653181814247,-0.053057346841583766,0.4465400824184122
2024-10-21,0.01964756654619939,0.5860772365777085,0.010233372536448562,0.5584973142162765,-0.006566049691145812,0.4234840211993676,0.06696493240039086,0.7875451693068081,-0.07116804073888601,0.40054953196780074
2024-10-22,0.013505871231666595,0.46846996390609724,0.0038907583518526852,0.5359075459463649,0.004456273769976057,0.4259894532959914,0.04703997031094688,0.715052165374327,-0.0693253030160981,0.41256082790953347
2024-10-23,0.00960179818599757,0.4471647633119506,-0.021194637786324445,0.4408556867724876,-0.02080599562438576,0.3449090120122886,0.024583867716363804,0.6995022812600613,-0.11191115147719671,0.3511802144859279
2024-10-24,0.007205445901849931,0.47213221338464395,0.0015009800730535587,0.4981149307509977,0.006678856534549048,0.43759403862684254,0.035240210630363415,0.6251473584133439,-0.07098406982976838,0.4213878371409955
2024-10-25,0.010696854942028185,0.4806151219258945,0.008281651516527194,0.5958949669135555,0.0102069966084749,0.5024429729023688,0.00788172244012442,0.5778035415383993,-0.07960674404329665,0.29191594289856854
2024-10-28,0.016709630685869226,0.5200261460392576,0.031914446150477616,0.684779050400132,0.0261232662652563,0.5382455563207423,0.025023445518783573,0.5791842882289254,-0.01825929165692447,0.37868177548886095
2024-10-29,0.021416939784947762,0.5888465708803005,0.03100957219093329,0.6752340788937157,0.01921097926215229,0.5441062377619471,0.02024709053760726,0.528893134433826,-0.025806901163030742,0.37360462429941493
2024-10-30,0.017732583122570568,0.5806439934265155,0.03726074055033424,0.6730120541504707,0.022919026205878157,0.5066412594885296,0.01348513378104357,0.49680232978625266,0.03258396359358091,0.43626494320165277
2024-10-31,0.01585018883378557,0.5551365522988654,0.024608914887057513,0.559004876946841,0.0003577309721597543,0.4609613931069488,0.010267814478358686,0.5029348879970615,0.01944874951902093,0.4082269193411689
2024-11-01,0.01985828622467853,0.5712782215134122,0.04603008850144254,0.6635766819262726,0.038653575957960054,0.5885232319938506,0.028948237986979073,0.5104211370054361,0.017395149418244445,0.41740356838777914
2024-11-04,0.005249669885542947,0.4704087660529957,0.022648467138628788,0.5811462193110956,0.022194346516932868,0.5212359023438988,0.012425378294652909,0.42917273726005206,0.0019101663551976608,0.4578986021700398
2024-11-05,-0.007385365668751153,0.4027803719109633,-0.00936402492156213,0.4727092884792478,-0.024431701523195008,0.4307626526778066,-0.045400390187407776,0.3426167554654852,-0.048762915803422555,0.41491735009305164
2024-11-06,-0.003968828324569828,0.38848894739132833,-0.01971384524888871,0.44496851657238456,-0.03287142877781951,0.42974065946897066,-0.024629311943825855,0.36959709777160343,-0.05843978971454939,0.385234705603142
2024-11-07,-0.0022358003774627013,0.34261976200524746,0.009011659081036008,0.5781173220791501,0.011160100265804152,0.5242453544962841,-0.02492897469141141,0.3914197919920913,-0.04406611917164069,0.3705517694644132
2024-11-08,-0.005759839972453423,0.35869449814259774,-0.012544365193045429,0.39912235350826086,-0.026778811995866864,0.3743682545781184,-0.05751796021768926,0.34560781760685383,-0.09568314024734895,0.2914046811244603
2024-11-11,-0.006162790384408702,0.34558954447529117,-0.03775521367211077,0.32173548373572314,-0.04843698684560237,0.2733933003168838,-0.07859669987481215,0.37659554839156145,-0.12515056035106067,0.3215088890020724
2024-11-12,-0.0031532819208630147,0.33832596203355203,-0.0006412579485193803,0.49271691534803547,-0.006872290700840923,0.4562534516243631,-0.04866090822002658,0.32299099554003763,-0.046261753154297425,0.36071612861397656
2024-11-13,-0.00861104128414086,0.3073152272746928,-0.014493830411142682,0.432163860572016,-0.012992364350007338,0.40271906296699467,-0.05513872381322128,0.3434644109209299,-0.03146763757074562,0.37426590621614925
2024-11-14,-0.004497944110623474,0.3456642203154788,-0.009453726720504572,0.42488452702100005,-0.009687747011219303,0.38638051584115163,-0.03084872297326959,0.3275715874707731,0.005377076221008723,0.466765489422928
2024-11-15,-0.0008938261943337027,0.3603242904072368,-5.9243723730458e-05,0.4516452746535598,0.008408861479165385,0.5109179124809701,-0.015415410436196781,0.341111949997123,0.016307759426499507,0.5239483464079718
2024-11-18,0.002922955879874499,0.4286594383226951,0.00455056995305559,0.49899521125521523,0.01943495301896233,0.5684273398867533,0.001278611650139952,0.4066538389600865,0.026320420906481783,0.575924988019487
2024-11-19,-0.0026056778223959047,0.3924113185841945,0.006442967632705427,0.5063912326052559,0.01713302479517921,0.5484142873028525,0.0005537142466349933,0.42705515151594536,0.030618273862598223,0.6093085849023016
2024-11-20,0.0016803720910969358,0.4431240274069794,0.009165294555978025,0.5542098292761684,0.008316064445731118,0.5157958417081981,0.001265838476384686,0.44091026321304366,0.02643362409866087,0.5881031650808161
2024-11-21,0.000630255192423441,0.46080812673564253,-0.00046177547232883684,0.51506435423803,-0.004161906159098141,0.44286075550655807,0.0019895381994606094,0.426609972879899,0.017677536875596193,0.5653506385902117
2024-11-22,0.0017084451279951284,0.47726187525726327,-0.002317692100464043,0.4832384111830742,-0.007499512321113219,0.4513608701004771,0.013073651805479711,0.4689631344478564,0.0055619334766098365,0.576417175818303
2024-11-25,-0.005756160567633644,0.4118532894222209,-0.010983188397549803,0.43772588406132235,-0.016724634931295952,0.41398986412299865,-0.009000177520538787,0.44895369304748833,0.0027907099921645005,0.5698018226289021
2024-11-26,-0.004967451795039348,0.43066722068541513,-0.026180052359386877,0.4024344456473111,-0.032456643612956235,0.3595723833844145,-0.018238633243051097,0.38447752952294983,-0.014979273679904872,0.5263731180822209
2024-11-27,-0.006376343619719312,0.40538231315527873,-0.026169573034433125,0.43137418957112533,-0.03135211931776384,0.3723957505615759,-0.03415047817963988,0.3780221346212517,-0.0176514178396897,0.5005228796174571
2024-11-28,-0.006579160411406681,0.4569815655480294,-0.02013168877077633,0.45580818009495533,-0.026712489652568793,0.3447487737524724,-0.035785245013602036,0.3349100548162627,-0.02217852915161745,0.47352794913786406
2024-11-29,-0.005402059838414589,0.45554721362903194,-0.02193495128322657,0.4568123307385301,-0.04264902656333364,0.3236004077815031,-0.05073321841535466,0.3622797797047697,-0.025232291913231203,0.4474331551529532
2024-12-02,-0.003477592272827277,0.4300234846851708,-0.02160421478835475,0.4861505053073444,-0.04169275767820338,0.34235642622832646,-0.06501310731525713,0.3425079156712813,-0.029284128120610396,0.42953885480356224
2024-12-03,-0.00846304080132063,0.3820042984007485,-0.028314356908729493,0.43920527781179003,-0.0532045197027226,0.3000666002217372,-0.07520798949861612,0.3290108325138204,-0.01834834022412804,0.44694972532702393
2024-12-04,-0.007607633192502841,0.41867133896306,-0.031244129292500818,0.4344855951014271,-0.05489485063049121,0.3011076147481863,-0.06507571577274976,0.30979873535695374,-0.014060139520183954,0.4283286302510828
2024-12-05,-0.008992156869620854,0.41520776211507066,-0.025713909417512476,0.43881990788013536,-0.04513447397957447,0.31677213375098406,-0.05505357906845426,0.34930219972685705,0.006955201124193782,0.45533199056158824
2024-12-06,-0.005494852854781807,0.43443325412164446,-0.019361697544800015,0.4524392966387433,-0.04450363862904355,0.3371984097259084,-0.06992902821312921,0.31348396401776646,0.010742586937584911,0.4377502851320737
2024-12-09,-0.008944001700920447,0.4353101593182972,-0.026065931368759322,0.4279796431761895,-0.051759380862410206,0.31507934365098544,-0.06475531691133762,0.3097305330259744,0.002255032756093873,0.4784931771388924
2024-12-10,-0.009143721492130637,0.45487319664539555,-0.030493957153854306,0.39849060039706224,-0.06177494751624076,0.2821962293509065,-0.06401512775246686,0.30733278441781664,0.014847411200856982,0.49791992837307925
2024-12-11,-0.011815711061600105,0.41440465782986624,-0.034582789879017625,0.3649160640041814,-0.06225868522953642,0.2816636115971004,-0.050797341627919615,0.34035674103646385,0.034286745054012704,0.5366093305987096
2024-12-12,-0.00994922222125259,0.35246477894227707,-0.036676392460383574,0.3510191490312244,-0.06325212364190821,0.3093171620213652,-0.05326863373299687,0.3837685347571637,0.053854123091989704,0.5617165641449602
2024-12-13,-0.008065455556756336,0.352837542087281,-0.03671839912459518,0.30722065969689283,-0.054751337706917556,0.31753941024546145,-0.03269502608435104,0.34172062867280617,0.05577604330927521,0.5309097989786216
2024-12-16,-0.015607599346043844,0.3183715698222948,-0.03984767736943774,0.3008151313160241,-0.05074745430235442,0.297376604870485,-0.0717171088838294,0.28516870817080286,-0.018907733497483318,0.46842000647696486
2024-12-17,-0.019172165749798204,0.3288758999557733,-0.045904643540801565,0.29127809425692514,-0.06594170109327606,0.2544051647099795,-0.07939571743481322,0.24418511538190552,-0.029061571508940766,0.439773921302457
2024-12-18,-0.01994942933235856,0.31829616735772825,-0.04805863082369155,0.2798063619667605,-0.06960945982532318,0.2536528480284911,-0.07890946322979767,0.24850479535958817,-0.03501316635361852,0.43903340475677316
2024-12-19,-0.01693572726263853,0.30048798003636573,-0.03715724153254561,0.35418967546261226,-0.06040893084987853,0.28799699625148006,-0.0688761434906165,0.30510733847111743,-0.013470535054802375,0.4519889834352057
2024-12-20,-0.018708622690531897,0.32705952268932387,-0.045801160791205046,0.32038313212170455,-0.07640448144179811,0.23717832963851304,-0.07946856430481371,0.2788230540381836,-0.04946496365085326,0.3823829629769386
2024-12-23,-0.012850610105114853,0.3252625116668648,-0.04767060476915383,0.301082239619079,-0.0918126882478933,0.22292333035227804,-0.08628064413407552,0.2871487012318463,0.013391604431058133,0.454671724796706
2024-12-24,-0.013519257854818556,0.29263875205836665,-0.04661458023072766,0.35776310398601946,-0.07910795360685169,0.24779884760624946,-0.10585858659930716,0.2628603526209015,-0.04586810607137554,0.37141657610964435
2024-12-25,-0.018261766714666505,0.3054475169488363,-0.05727848819151704,0.309381602528243,-0.08370193474032422,0.25265418564964587,-0.10312058690112284,0.21568415005698902,-0.05659656198335786,0.33535409990137494
2024-12-26,-0.021255496742162174,0.2984784018013362,-0.049745991704974575,0.33516046933665755,-0.06987079760740898,0.26703033702553214,-0.10824785029450724,0.20720828519181717,-0.052773345900614395,0.3312330114151973
2024-12-27,-0.016084387110530063,0.33216305923787187,-0.03800637052165626,0.34684229695478264,-0.05751114509161833,0.31131804305849203,-0.09729881400425074,0.21354612144528143,-0.03883561303213111,0.34026371093961477
2024-12-30,-0.0101915476122176,0.40648767002821284,-0.011644806498929619,0.4898169784318745,-0.021237750226006193,0.43203224772084886,-0.07145087913542696,0.2658638809945218,-0.054461887357489074,0.29533863271673694
2024-12-31,-0.0019523106751038355,0.4824957884634981,5.341302440642695e-05,0.4732575929983594,-0.0015866204873831672,0.5037935354165463,-0.033634757715597305,0.3344930779318639,-0.02259881595527345,0.33674425720626444
2025-01-02,-0.0001264892446572411,0.4890320588335515,0.003865980152771866,0.4874059959277787,0.0008006468947826355,0.5484941475141727,-0.03088250991640197,0.3661840441906839,-0.014133908695950282,0.3720225498050286
2025-01-03,-0.0027194492267281073,0.49651010932234185,-0.011091555537242552,0.4364562150600826,-0.017681319947388287,0.47672635146657927,-0.053707188973991,0.319283398709394,-0.0509835042968145,0.3542460693294278
2025-01-06,-0.003577710380786266,0.49320710493012687,-0.010086586583310303,0.42563897899519987,-0.0228224256452629,0.4384595766377435,-0.03766857572114441,0.3404977000781588,-0.010340191864901208,0.382954095518571
2025-01-07,-0.007158009223008306,0.45173626996865696,-0.01304693434844899,0.43390630449723844,-0.023568043130093287,0.4105565864176984,-0.04432069932044806,0.33982698962581337,-0.015148877649576384,0.3925774564855084
2025-01-08,-0.003970020308317671,0.4950662059246356,-0.010169094804618901,0.4668959629971919,-0.015749469821588393,0.4240409111378572,-0.03943937987237016,0.3532099808328563,-0.0005833067156319136,0.39070729089346673
2025-01-09,-0.0038057637499527837,0.5023442189342998,-0.013264931948865568,0.4441300938728705,-0.020284168361123255,0.38873192931367334,-0.03916490357071953,0.33888044304915227,-0.030797750781071453,0.3537704956433778
2025-01-10,-0.003908722422501206,0.503406635035958,-0.02074462616912433,0.3942965095187438,-0.02958503107522731,0.38929967011808914,-0.04477174823457629,0.33077590301653714,-0.027330222717073315,0.37348946013093504
2025-01-13,-0.006060426729002122,0.46059288198465803,-0.011200724055949973,0.4311059589953439,-0.021305936878000108,0.39802865367164486,-0.027034057605356928,0.39783978955055765,0.00679299274432172,0.4512681616107069
2025-01-14,-0.004481393902349699,0.4498206732515762,-0.000750876305517931,0.4566047444840009,-0.013181454931877654,0.40975775044744095,-0.010060040214832833,0.4616964638322066,0.026324553965149045,0.4980888803478078
2025-01-15,-0.003924061748322613,0.468952221344008,-0.0009889202995535913,0.4956613487367035,-0.006481128323673183,0.44361058043155044,-0.0026451904844801595,0.4624998828397597,0.021372079207782807,0.45055075135786027
2025-01-16,-0.004482903251384265,0.46220106707113623,0.002785759326318834,0.5311086249017026,-0.002593844371188883,0.43998410340002253,-5.421368715824437e-05,0.500073483962015,0.03312431471582747,0.46779146960050144
2025-01-17,0.004845891919315165,0.5201984693081294,0.005313996303562941,0.5192246375932447,-0.005174978275335667,0.4629905872991479,0.018883545849278732,0.54349557139474,0.04317850382292882,0.48877159795676495
2025-01-20,-0.002277649573765669,0.46651254466585346,-0.0012591715811839618,0.4728480749859387,-0.005791345612121038,0.4375760736146827,0.005846400967806345,0.48501740661321147,0.02684400064522558,0.47778275234134443
2025-01-21,-0.004092359890926985,0.4460956383339052,-0.002812446054573572,0.46630789073103207,-0.0046796305104572855,0.4378795040080765,-0.0047370640431195574,0.5073690055506099,0.03684429402740352,0.5328309163038264
2025-01-22,-0.006134366056386935,0.4516271217731594,-0.009785629798556612,0.4324683984436127,-0.005380489809844216,0.4306811510066374,-0.004382747761783969,0.45275729837436113,0.025445469972558324,0.48742399198573416
2025-01-23,-0.003616204725852643,0.481772793575218,-0.006971476093175722,0.42122559954480043,-0.0006769941884720802,0.4426957224449794,-0.0037934886667893367,0.4463183256555778,0.03143538858862133,0.4929339875098981
2025-01-24,-0.003085465382703874,0.4818753106752573,0.0032321789663964325,0.48357198296297943,0.00430701415682517,0.46690495450410513,0.0020268112350517436,0.4934327246146951,0.02981912026796015,0.4623284977906464
2025-01-27,0.00026782722368604256,0.5215187064946405,-0.004757829538273264,0.44306445700318897,-0.002348846842079138,0.4403870379898058,0.0006065031690632994,0.4478403479319685,0.008247000876389653,0.4226663373132849
2025-02-05,0.0005840404798758732,0.5106141337899809,-1.914929273968963e-05,0.4426399864909911,0.0016592466208564336,0.4340338905164201,-0.0007538618419317723,0.4654713947631144,0.01710401650042645,0.4398321773892543
2025-02-06,0.005649800719329019,0.5208514447626607,0.010201082461953163,0.45669061512726356,0.009524424833099896,0.4490467056095618,0.02018682283302721,0.5113023377956986,0.03278399548109766,0.4453332903646219
2025-02-07,0.004481660846291845,0.4841944940716319,0.013433296494581843,0.46148609989601597,0.006992314700793482,0.4586822730112746,0.013663600724990158,0.48875525669542874,0.02789822265605628,0.4001420299258491
2025-02-10,-0.0011177183265725149,0.43745514615102354,0.002458196150649422,0.4422506469158397,-0.004350974814949926,0.40780780419562246,-0.014523530011787427,0.4144807068306684,0.002849521754823419,0.3795160748620739
2025-02-11,-0.002522717266692561,0.43031405428943004,-0.00739522718061535,0.3749653321661765,-0.013531579451817132,0.38065877948204563,-0.022529055798067348,0.370256553606515,-0.008706851890814665,0.36603324693442296
2025-02-12,-0.003314862415178887,0.4031079169829773,0.0002266656151544194,0.3682565170288884,-0.006212571419080834,0.3793175705844009,-0.015145925056856711,0.41614801133544155,0.0013860114254391435,0.3896708490362442
2025-02-13,-0.0007203369855065427,0.44036852857731934,0.007238442410885767,0.42447238068410814,-0.0010170705369787433,0.4301893065880404,-0.008599638944506403,0.3753881470765525,0.0008552028585710001,0.3257338675666812
2025-02-14,-0.0016059740815068967,0.425925349463495,0.009786662261007313,0.4249514019187574,0.0030317868449721824,0.4317845808125643,-0.00044622902042029157,0.41028555696673114,0.005435286124320055,0.3338805241030401
2025-02-17,-0.0009277548019458323,0.43748933970967563,0.0038175894861807846,0.4008518626674596,-0.00561820717589555,0.4078041985579668,-0.007204321235097358,0.3873845441133661,-0.014508558079537718,0.31600471618628634
2025-02-18,0.003676817998338973,0.47474375954490505,0.0031073124055085197,0.3992022505527811,-0.008082717805515213,0.42248299803643014,0.0033146448397832554,0.3745793572264078,-0.016627085792025858,0.32200083725290785
2025-02-19,0.0008227785368521722,0.43593817653894096,0.011237828651408708,0.46708949648414355,0.002005542005134059,0.4370483438467117,0.015937502790061318,0.4178939291556177,0.015578380212222548,0.36952216871956245
2025-02-20,-8.069312417172361e-05,0.4189246272863016,0.005781510984330702,0.42597922933191584,0.0022462863795459555,0.4321815165894746,0.00375200218522732,0.40094591658758205,-0.004988637334741654,0.34338206020095857
2025-02-21,0.0001472090656827858,0.4217082306297066,0.008686302557105447,0.4354131661116478,0.0036606018856655017,0.44009989231023633,0.009870194748935135,0.4057983925896336,-0.01373078283171924,0.3150097276574545
2025-02-24,0.00254633247509095,0.422449074230025,0.01824405746941486,0.49044615045249534,0.011145525298686097,0.4924167689343358,0.029168388903387757,0.4440159636684032,0.005203501649905266,0.3430695656937169
2025-02-25,-0.0004941757643745233,0.4105780885034499,0.009258414902611693,0.47362660505017656,0.006678163563159849,0.471673120484329,0.023278734524512297,0.4341880683067549,0.007003219564052516,0.34799159166049265
2025-02-26,0.00378867250739985,0.41352013998074216,0.02081707592663183,0.4925148583576708,0.009856055055139146,0.4989928862640335,0.028711910792160525,0.48026103913027696,0.02720656333681871,0.3703108403854328
2025-02-27,0.0010412731539744785,0.4095334076117696,0.008169940587733723,0.48500683680295276,-0.0018858994774581506,0.4743185466382365,0.02219781792628673,0.4370999673316293,0.022144122552127866,0.37818001569505777
2025-02-28,0.004697810542579438,0.42594589650119474,0.013573420360783675,0.4722950856757613,0.0054487936949221254,0.5253297020162281,0.024635422361339643,0.4371938606396969,0.04196530138147506,0.3913068105635105
2025-03-03,0.00022229241192011338,0.4312119771479092,0.010768633405433804,0.503196986413714,0.0076414698629213755,0.5168966706790011,0.021938057449472345,0.43363602148803737,0.04345671027267035,0.41364851512454903
2025-03-04,-0.0032369170178818893,0.40387257252183884,0.0038555316982505543,0.4664077052544822,0.0037528710587962162,0.4648852507555142,0.01727124851830646,0.4515512747635821,0.03714581358742443,0.45862889323812545
2025-03-05,-8.757065884899834e-05,0.439842081030134,0.01022665862889519,0.5054452262790099,0.006796619790841686,0.5004629496148013,0.01861523150847394,0.4694873041846754,0.034147273257124564,0.4399971958193224
2025-03-06,0.0003492985522034422,0.43732681219727554,0.011164930500005655,0.5104317041924316,0.012486893081639564,0.5106493853675796,0.03134948178178451,0.5083866598947381,0.03561290827945714,0.46056119942886514
2025-03-07,0.0012480134870508875,0.45405296711886606,0.015521082254313801,0.546456444079241,0.020417696727182758,0.5334539212625611,0.0336024880213005,0.5329553884628296,0.051672250365924585,0.5083226051555861
2025-03-10,-0.002945007137213029,0.41534601196011844,0.012061594004795064,0.52434799466974,0.01712673545918098,0.5107796250792814,0.03255994738104108,0.5734424478657973,0.06122996089565088,0.5583994992814629
2025-03-11,-0.0025481133521618534,0.4107238757932058,0.012181843227377578,0.5211280717460963,0.01686700692242073,0.4988236382579533,0.03370743653407636,0.5891578713383563,0.06252405518399587,0.5923225003252944
2025-03-12,-0.0018747610381044276,0.4348442801494447,0.007830568152147659,0.49752135492044447,0.01293643332873329,0.4988192940389004,0.031525055068838036,0.5832156708758301,0.03669955328829829,0.5195296727682592
2025-03-13,-0.0018328699368110855,0.4422772413023535,0.017216436299048784,0.6120275957343937,0.02694147776442543,0.5776365100730365,0.040432713877944434,0.5794386857715716,0.05542354847864133,0.5597715246529041
2025-03-14,-0.006253120952525234,0.4034236753949206,0.00867706831797848,0.5702420725349115,0.01902187202571709,0.5349825343944082,0.03806396074914646,0.6001618814431823,0.05631931636253232,0.5776881166038421
2025-03-17,-0.002570966266945532,0.41168229582093585,0.010256270670294136,0.5422247901865785,0.00966778025639298,0.5202581451614621,0.041001230199185654,0.6164722641738198,0.03702972091429964,0.5054474299717608
2025-03-18,-0.0028346122665345846,0.42309720596328926,0.009996681006485379,0.5898433593851625,0.01191020750241551,0.5200209970335331,0.038953768404423106,0.5512492903508772,0.040513835853933866,0.5069243194932622
2025-03-19,-0.0037816628716463396,0.4229514165101651,0.01053890581355978,0.592922691950315,0.011743938801865219,0.5210485879128486,0.028838234255642997,0.5380049175876613,0.04696032028442327,0.5052904340957123
2025-03-20,-0.0039061692716587837,0.42855847364010147,0.0019198668467434398,0.5195840038933358,0.0021964420519067778,0.4728381118893243,0.01695959005038529,0.5111948309752974,0.03968142060844029,0.5121388927386668
2025-03-21,-0.001190909971863816,0.44820734264660167,0.00290415795328996,0.48803218193219317,-0.0009089106458532307,0.47445443930379044,0.01182166867335499,0.484067994651316,0.04039726677565011,0.5261767967639926
2025-03-24,-0.0012746609935194659,0.4586298885508298,0.010910696051080079,0.5425775574401952,0.0022395205959581514,0.5048687334482834,0.011017884870894886,0.512521616023002,0.03623609035242324,0.4827893431515639
2025-03-25,-0.0015624155805607177,0.4655098808768897,0.005002977046941553,0.49540065199192135,0.0009833370732504243,0.47374332096468413,0.007930692980969278,0.47968879475756315,0.020996746680603338,0.452733229340854
2025-03-26,-0.003510636353469967,0.45605736361850363,0.005051900698608374,0.48564844358865095,-0.00031122299673039104,0.45314821492275376,0.0006403110811268389,0.45525566572995363,0.011177899022253074,0.4291811729083243
2025-03-27,-0.0005848164632899843,0.4643888520698155,0.008722002638896489,0.494210503928623,0.003502432037476648,0.4521644387677931,-0.0025711713908914517,0.44955140262386234,0.005134256829505347,0.4252287906430749
2025-03-28,-0.0004729799624786132,0.47899073575306644,0.004296747607327076,0.47288602104448574,-0.0020735318864813076,0.4256002943973965,-0.01807865004122168,0.3793068164552044,-0.02595690066237609,0.36853471402224813
2025-03-31,-0.00449491265556797,0.4551868050765855,-0.0034840313517929835,0.43756904950430986,-0.003813299872404274,0.41527614919541495,-0.045563532149658345,0.3298808687182176,-0.04926835252098496,0.33343384041358365
2025-04-01,-0.006074395102632874,0.45097346448247577,-0.002768295925133395,0.4559931986098016,-0.007372307622292031,0.39502774001565133,-0.04595567085792034,0.3152679772162215,-0.07303016776019636,0.31794678282382816
2025-04-02,-0.005533500622261801,0.45630122854686084,-0.002712477478301008,0.4554118865592979,-0.010019502908877305,0.38169949717043133,-0.05252622056650369,0.30663240008595716,-0.0934002953227572,0.3100253891226271
2025-04-03,-0.00526362009866088,0.477184285280186,-0.008377200041239131,0.41493941890630426,-0.01331646237162786,0.3671665257612069,-0.05911862784137121,0.30374720928044474,-0.09281300551237388,0.3164366512013013
2025-04-07,0.0030480304075094977,0.47941358259265204,0.013829739769564262,0.5602921093293302,0.023903980291852915,0.6202682834279644,0.016604259165236293,0.619495576159577,0.07812191872241067,0.7344132978421108
2025-04-08,-0.007165483849648535,0.41878892582715366,0.005031491359432124,0.5881721862980185,0.01793261698607951,0.5960123299631633,0.04054244134220695,0.6223039812710711,0.04935879666469452,0.7024876181020762
2025-04-09,-0.003586498844468631,0.4215665935535461,0.008357902167038342,0.6268880422592209,0.013293612717908413,0.5938364236987516,0.044523664449186436,0.6445871785933398,0.05016178442231094,0.7253285365256201
2025-04-10,-0.003505980232844519,0.4270251689353961,0.006519922213721057,0.6017260974424491,0.0031142997646036886,0.5719432250271139,0.04299535087655281,0.621464404392562,0.045722686249604814,0.7326449229154638
2025-04-11,-0.0020394114834225677,0.4282923502714549,0.016865442588539017,0.703175822070193,0.015050749250158788,0.5647305562526207,0.05493802187790815,0.6787910882976805,0.10823411280683516,0.7903343042711787
2025-04-14,0.008808457876750452,0.5383825266742988,0.0025875301394879587,0.568230608977235,-0.002496317663693153,0.5288531741349142,0.05806817753580182,0.7683692125540502,0.12455856807000612,0.8360007313140607
2025-04-15,0.0007380975955029602,0.45323197714055785,-0.0037063119647473735,0.47893779478266973,0.0013472675380772107,0.5110356952455902,0.05554346419043532,0.7946566018986055,0.1505213602210816,0.8899185174004552
2025-04-16,-0.0007815106940026171,0.44775461970947894,-0.00550439089219902,0.44573338639409,-0.00010316531767366892,0.5231947747901655,0.06631314719357496,0.8031682527700271,0.1635138522860336,0.9014698244170597
2025-04-17,-0.0010132102443292641,0.4625555961459786,-0.0014746357098536804,0.46379403956941834,0.0047183121357224625,0.5422989829980025,0.08203121111453396,0.8114136647617415,0.16320372667952815,0.900841091269101
2025-04-18,0.0008815120036342803,0.48609642941433695,0.011561809018825349,0.550944529927289,0.013960413153839911,0.5736044640558047,0.08661572794153576,0.8579238781451151,0.1885228450369013,0.9045670837901032
2025-04-21,0.014338570355586592,0.582092960693517,0.02317124606675159,0.5600191353036686,0.02079422336548252,0.5818520867027366,0.06717157676915286,0.7914726358956518,0.15693663271820585,0.8425156776605497
2025-04-22,0.013409202551417662,0.5546152553446685,0.03483280166315676,0.6680943200832788,0.039160786347362496,0.6242896186765545,0.07753240059162869,0.7994787640311034,0.14442770362125001,0.8589319128763643
2025-04-23,0.015240022694153628,0.5810185996864154,0.03215970860463134,0.6464631413617451,0.03898671836713413,0.623413777398155,0.07669095244988866,0.7794386509620007,0.13642228184502048,0.8430519162357756
2025-04-24,0.012995802691743937,0.5560330104291199,0.02655080202217151,0.6167469659068007,0.03556287282447682,0.6288317777570944,0.08172880519283723,0.7732943417091194,0.12997874944278906,0.8458481036422364
2025-04-25,0.009651273975825119,0.5267397793849599,0.020462994827425075,0.5113166437397728,0.024515159160727683,0.5828358443020935,0.07445700416597004,0.7388224093121305,0.12568329027405262,0.824203755961869
2025-04-28,0.009569647973343216,0.5376589550641655,0.019781728657578275,0.516575538598815,0.02630936540269259,0.6017643139477056,0.07802739714415467,0.7198067530618136,0.12817582094138374,0.7907615554410656
2025-04-29,0.010018600615530913,0.5381445349940946,0.02506650967904712,0.5104301696092128,0.028399950005890736,0.5838264788319147,0.07249659835045624,0.7353002486783863,0.13855653085608793,0.7982883905962271
2025-04-30,0.009882610625710839,0.5539999838068975,0.022527143458947727,0.5280012933508286,0.025382937964620114,0.5636417136822442,0.07610648557447067,0.7082825855129109,0.13024354105050662,0.7628529326128185
2025-05-06,0.011605291811794724,0.5301888435200316,0.029211735479721994,0.5292060478487044,0.028468504357848885,0.5569496698203599,0.08145824638087777,0.7534448968026934,0.1535508732310028,0.8060445806713535
2025-05-07,0.014500115467924167,0.5225365217941974,0.0343534647056855,0.555916018438032,0.03947470284171199,0.6043568286898544,0.10731716294472302,0.7518164256625124,0.1469000693489524,0.7822602591912348
2025-05-08,-0.007401952301131321,0.4043940541244712,-0.01512080722765504,0.4384145784132835,-0.025954468040685963,0.37485469132915045,0.002942285789346092,0.5509482212737044,0.040274014156349944,0.6276648225584879
2025-05-09,-0.008602807842323975,0.4146700552927442,-0.016026808601280286,0.4489267348300575,-0.024019478879342727,0.409308382371618,-0.00812930030933293,0.47502205095758154,0.03547493951543283,0.5629705401905332
2025-05-12,-0.011533863690671583,0.3947427273369315,-0.02088896066573476,0.39755361809904305,-0.03226752570290447,0.37128881191834057,-0.01989267525827249,0.4732698302926293,0.0418733206722848,0.5736101316956544
2025-05-13,-0.007531790900211092,0.43952625187087385,-0.008890645640705226,0.43887649494349135,-0.019859868842081883,0.426137674811676,-0.008164545789463485,0.4699502112012044,0.051272121095213806,0.5409011892332419
2025-05-14,-0.010051309482158379,0.4106700211227944,-0.018146909583886678,0.4431243382070641,-0.031230830830535794,0.395115453976117,-0.017262810304778633,0.4670126762681608,0.044044754745171194,0.5368993517924395
2025-05-15,-0.00840005267859547,0.4284801993163232,-0.017507992692102507,0.4203069881854233,-0.02388219043271093,0.4056249853796753,-0.019615907023871566,0.4267378414556979,0.03782588558342983,0.5123461406995671
2025-05-16,-0.00762711923573362,0.4238297918874964,-0.019645129886417992,0.3496375964768967,-0.027162724659382416,0.37081179414864374,-0.03312176637665804,0.40750549732914915,0.03584336657128841,0.5204070049082679
2025-05-19,-0.007177127289068554,0.4131415904689675,-0.015197364909738751,0.3692072749621549,-0.020810830973676402,0.37970292979278464,-0.03445911235607161,0.41416130588125927,0.031633901439545864,0.4981595257801999
2025-05-20,-0.006455981691017139,0.4215207669839693,-0.013728125802710142,0.3724111625057276,-0.018514022689374413,0.3758928751981135,-0.03536712735009743,0.3883376651330127,0.013077221217907865,0.4507591002119048
2025-05-21,-0.0023147367704820223,0.4758678534384786,-0.00608336108651143,0.3737164538032105,-0.0101784231381251,0.3781048659190381,-0.02430917059136512,0.3798924306092104,0.02459927339933312,0.44485166327064707
2025-05-22,0.0013352880443693272,0.4850345571043633,0.004189707939895796,0.42972515553845314,-9.55967721624673e-05,0.41574760916258324,-0.01171452845579931,0.42090026790637586,0.020940331782531144,0.4403880591179078
2025-05-23,-0.0010916782770486247,0.4597093609483517,0.00023958064617006394,0.4369837837646629,0.0039013894784463484,0.4462853658777365,-0.023996737693496546,0.35658656901519087,0.007753270665658604,0.39910388160817095
2025-05-26,-0.0055209793789905036,0.41930477027763297,-0.00904263619522992,0.39713623125050485,-0.005627544363338189,0.40448999175402206,-0.03778227486681888,0.33169742522111684,-0.010859209664362254,0.3814354774005261
2025-05-27,-0.0054219762139851675,0.4285754855431475,-0.012929334536088313,0.35536209143885367,-0.010236607978911698,0.38443148727669757,-0.03983614718483281,0.29550655922078967,-0.02107041607496289,0.35494143995212585
2025-05-28,-0.00198529248414325,0.4440212308123721,-0.009411901507348386,0.36822032736096605,-0.006911100387998008,0.415591559243228,-0.042784251214622676,0.31520237817549285,-0.008056526898074012,0.37315071344486744
2025-05-29,-0.004750296128317775,0.4184935216507593,-0.004521684042173496,0.41776169012936726,-0.0027325372242276436,0.4122702105771315,-0.036500801143187905,0.353515013264679,-0.00808560944753585,0.378109205716476
2025-05-30,-0.0016201775264661114,0.46909087498196017,-0.01039888117048697,0.3877632146067548,-0.010605545383817413,0.3794144743130273,-0.042596812306623266,0.31237497352842725,-0.01987772318655076,0.34418201612395904
2025-06-03,-0.0030129425948333052,0.4460947883259239,-0.009778930277841179,0.38058201498598393,-0.009007007110652809,0.3729711402392331,-0.04211986671441297,0.3453579269515575,-0.006728530281946421,0.392923808241365
2025-06-04,-0.004848215402945395,0.42479175365879146,-0.012860459072912242,0.3609744911154979,-0.0142144008698487,0.353092941659655,-0.0436117390190859,0.34672824332898833,-0.0075478289940403565,0.4023205001944088
2025-06-05,-0.00417872137397295,0.4305445034277857,-0.010620070125766186,0.3543744836047752,-0.014230051195321891,0.3667702706664952,-0.040565342852689146,0.37268324858668117,-0.0016505754990817773,0.4059819859236457
2025-06-06,-0.003911433888627514,0.44789834597856426,-0.007109091277112191,0.399329438229013,-0.011521443469119118,0.3764824753686488,-0.04061424927422321,0.3511628297956609,-0.01590301877757469,0.368975787602607
2025-06-09,-0.004102238667542998,0.42483069822252817,-0.010806611457214227,0.37473387138085623,-0.02250061190955619,0.3462144330625269,-0.045720908680306975,0.38570077097956457,-0.018824285079185016,0.3867143578808646
2025-06-10,-0.003329070055529806,0.4503453708042483,-0.010160681182088049,0.37177298962510413,-0.019699647573218425,0.3655665893188231,-0.045530265529435766,0.36728045435332696,0.00551563203684316,0.4308822882240483
2025-06-11,-0.005645017531326886,0.4106448740975463,-0.008294869904848392,0.3984405554700531,-0.01661494589401458,0.38554604997144376,-0.030838861519344618,0.4040918445427358,0.004624876298146938,0.4416306919756235
2025-06-12,-0.003764047732744584,0.43405146670381073,-0.006799694309127827,0.38065133132900714,-0.011573609965281478,0.3900753691686642,-0.03620617897571535,0.37619662717107893,0.012463565084056875,0.42501018176776184
2025-06-13,-0.0037749153416826043,0.43786694177386765,-0.011914356012701249,0.3297034240173162,-0.01740136125029207,0.36560408822809964,-0.03598622519051519,0.37891303449699737,0.025781928128220624,0.48122231149340927
2025-06-16,-0.0022110779572771257,0.44203541945634084,-0.0021603369981897896,0.35903298177073795,-0.002195138510283117,0.4146761663391934,-0.022983150398970486,0.4304967489995323,0.04441530196505965,0.5185486933007563
2025-06-17,-0.0030946599607282093,0.4236361456237675,-0.0038294563116330737,0.3767056182598085,-0.003012090880610222,0.41588019242412966,-0.019377007332600598,0.46699510223828417,0.04167040197216762,0.5298530872922552
2025-06-18,-0.0015340542863253217,0.4457713485451437,-0.0031918541907711034,0.37229517789741706,-0.003194342800873104,0.40798236637600854,-0.010974892126129326,0.454584495194856,0.033282733644230775,0.5072724948971983
2025-06-19,0.0007261089361183075,0.4492273340915788,-0.004685235219607292,0.3334332758363677,-0.004620187674194964,0.41363029724961725,-0.0030372651234820388,0.4959888926853838,0.06232169389309158,0.5930567391175613
2025-06-20,-0.0014393145723420237,0.4140100319979071,0.001583590038867119,0.3672154777318001,0.007586278315596709,0.45643518135656835,0.012288858952817143,0.5373822729026175,0.07429936984569716,0.6084857942338425
2025-06-23,-0.0024586285649086624,0.3740153512163368,9.072328951408438e-05,0.3781016309279111,0.007903946238501956,0.4611182827218698,0.010309506860211343,0.5668545637386658,0.06958075502168379,0.6217760758934214
2025-06-24,0.0006384018922911487,0.36986601490362025,0.007246404860404169,0.38201255820368984,0.013046294590968214,0.4670568188620321,0.015134970645451115,0.5676182418567578,0.054858562756845565,0.5915624381782706
2025-06-25,0.001455958266622075,0.3551191086928553,0.01106479086107629,0.44471758289091584,0.010752892386704679,0.4800477495231798,0.022730215060936504,0.6090251878854178,0.04661923576017418,0.5843998781864965
2025-06-26,0.0035434522171580037,0.4072010656433498,0.007231480938101252,0.4600809925009356,0.0076142282367788906,0.5073041079297381,0.013846551702521769,0.5558699639999249,0.03401291795013605,0.5181254888147805
2025-06-27,0.0009286155690788117,0.3794815719414772,0.008830750704046108,0.4665379279873255,0.009134097297399467,0.5149770648254015,0.010407134198962645,0.5865083251428055,0.039322565706164714,0.5463258604163226
2025-06-30,-0.0007149955439776483,0.3763552237496027,0.001384793877712959,0.4525838257621672,-0.0017202704140590747,0.48765916552904376,0.015283627257721602,0.5793546602859262,0.036256468885312386,0.5578411047868899
2025-07-01,-0.003829030432441582,0.3611586536520831,-0.002579186667687498,0.46813512787296424,-0.008420786179507905,0.47867613799281533,0.0021687013312605584,0.5695738776787328,0.030509235151657724,0.5569697348460347
2025-07-02,-0.0005836264644113803,0.37890407743776133,0.001131958144382774,0.44157306989405487,-0.0076035454328906415,0.5016791561299102,0.0017480967071038095,0.5776379594115698,0.04378406380101936,0.4955074278786924
2025-07-03,-0.0009148700253158555,0.41144552321049727,-0.0021075866263742054,0.5022818965041842,-0.014024024307957239,0.4937506146445788,-0.013363793096893771,0.5251401702726609,0.00941515264521546,0.4970544269171903
2025-07-04,-0.00045569197967891095,0.41730463203023904,-0.0028327196269356037,0.4283610939738179,-0.014950138353723068,0.4512217556303146,-0.009754010111538584,0.468412075512935,0.02220273939922944,0.49276971840597167
2025-07-07,-0.003023820578879549,0.41447378468704815,-0.00839739373285814,0.38557358581670725,-0.021213848661272076,0.41396927590886773,-0.01635296535503777,0.44404020764841645,0.023463782128837388,0.5252122282475583
2025-07-08,0.007308876647804654,0.42065971975548444,-0.00765252003586496,0.2531207471278882,-0.027561955160512793,0.39145562914477267,-0.005772022658949505,0.4507957053825598,0.013969130583914038,0.3941206922047114
2025-07-09,0.002938163778655714,0.4562310310523076,0.010503758257410553,0.49415836512791095,-0.002495800400169131,0.5011476547106499,0.010887277843287097,0.4585582575323586,0.029805131353207517,0.4376221420646383
2025-07-10,0.0017179346803999564,0.40862833672557225,0.0029392448450469705,0.42626020698395645,-0.012246540540427535,0.4744497950806044,0.013250996941459687,0.4989580579395028,0.02908883109495064,0.4358011225629776
2025-07-11,-6.491110885509656e-05,0.41953235204422895,6.523897786424706e-05,0.4607719024963153,-0.013477123879337635,0.47021935756619065,0.009621919240500819,0.47869656202035105,0.026361486472626386,0.48077050884233413
2025-07-14,-0.0009647689304173639,0.4305410515040978,-0.0060323601664269135,0.43784261566415567,-0.01708921852954076,0.4471852188962804,0.00548733351016763,0.46478057932579586,0.0309147153257307,0.5415943530137778
2025-07-15,0.00038606412283199987,0.44650286710690895,0.0024376849217128205,0.4657293731748506,-0.007229959895572168,0.5274539030177154,0.012237503214663702,0.5131794463468107,0.04840291853536152,0.4856311780931469
2025-07-16,-0.002738270781473513,0.4168308495198878,-0.0038719639635318138,0.433252512782031,-0.020064889944737863,0.43646009736377567,0.01106901852227297,0.4974436244447295,0.018256937422619367,0.46008705738150946
2025-07-17,-0.0027080904708775885,0.43137026953175994,-0.0031881531835403847,0.44632331169088035,-0.01907714608580629,0.4300217854090266,0.007832912988875406,0.4722885650225464,0.005156639178022162,0.40825244652863885
2025-07-18,-0.001072221863255269,0.44807365164739066,-0.003962861714717732,0.4690189437709676,-0.023974386223404205,0.41453590531148704,0.011337690529499511,0.4756359389719557,-0.0018690402086923533,0.406901978951152
2025-07-21,-0.001989612470733836,0.4158094567284258,-0.0027533482903561043,0.47356666477907006,-0.0212498743967701,0.4081941892673813,0.017836743488135836,0.5125213296553289,-0.005663587786601207,0.4099439777784587
2025-07-22,-0.002385467682941312,0.39558882541409013,-0.00380466868923561,0.4799083969617531,-0.01767250238683166,0.43479512276118687,0.012845202684103283,0.5196146030299951,-0.02406894908655179,0.35977293541662536
2025-07-23,-0.003390421827613729,0.4098505939166748,-0.005478201733214511,0.462829615486579,-0.018113955436830673,0.43539106434261976,0.011333365949069071,0.4769008830969684,-0.014298195611625064,0.39761370516815653
2025-07-24,-0.00572878033658805,0.3682598773663839,-0.006445404275602727,0.46493679782279596,-0.021455218567646556,0.43670533093462194,0.022822972732079137,0.5424480897478707,-0.005295634056193445,0.4139757755121148
2025-07-25,-0.00674079527315366,0.3765446454316678,-0.0077847692602312024,0.48045160657279784,-0.019910820129469573,0.4254018106096228,0.01717802477541448,0.5089890369851542,-0.011404354833739855,0.411252546669425
2025-07-28,-0.006650154825769183,0.3920120120982353,-0.01056435986551514,0.4517998995085504,-0.022890177988112673,0.41067533165395986,0.006404199050097331,0.4598036925217804,-0.0038770910760599735,0.4106921055758066
2025-07-29,-0.0029008506773505567,0.40077082629872884,-0.0047995627706839475,0.4463370880076635,-0.021845136137870466,0.44892056873376796,0.014747687421475232,0.5334500792453912,0.0016138926869402334,0.3939028375449858
2025-07-30,-0.005407040440267237,0.4090642023320136,-0.005271124678240606,0.4879013386481187,-0.020413944617093106,0.4485909110334808,0.020759722514395857,0.5064512102955354,0.02904679297826452,0.45839824658990186
2025-07-31,-0.0035943327370125773,0.43328135725180206,-0.006057519327982153,0.4318390830859089,-0.015434943180248583,0.4791096141221218,0.014471877673452298,0.4707551946696613,0.03883073270870017,0.4732263009324618
2025-08-01,-0.002042959764204492,0.4195480613290243,-0.006067013025753433,0.3992426348437578,-0.01981877722618694,0.45510745377018247,0.02578965941536955,0.49914262339218524,0.03265473157146533,0.48052750674328676
2025-08-04,-0.002343866446626915,0.4163173403178725,-0.0030923026424853365,0.41343061946948373,-0.007243295804292102,0.4585303184296108,0.01243556613199314,0.4594955888704541,0.032662063869589135,0.49200170113231373
2025-08-05,-0.004495399186692678,0.40019171758125843,0.0003453719059422554,0.43461952672559595,-0.000255576240512118,0.46194853401024655,0.01414662475854244,0.4596007986215386,0.03556382911934177,0.5026725436159546
2025-08-06,-0.0026259850680324407,0.39446692719078386,-0.0038370606606718313,0.3974813833363939,-0.008169678791873077,0.4238437576401136,0.020088392645037298,0.46882113130433517,0.01767074517063218,0.452722160223691
2025-08-07,-0.0007974069132070298,0.41789122263179795,-0.0005091513958751081,0.4185669498861363,0.0011455537575867818,0.4527732256091359,0.01727315386370266,0.4576724389205278,0.02069113397762691,0.45359908610738686
2025-08-08,-0.0013265720842906186,0.4343085130310628,0.0045740475578708775,0.42265459672228384,0.011562757956606289,0.47537770518956557,0.016672356620277086,0.44533137702553405,0.02718071438810881,0.44778823668296713
2025-08-11,-0.00045534229102863844,0.4084207713918344,0.002583356236274122,0.4265828722884439,0.0032075674093035977,0.4558803358701431,0.02623294713736024,0.5127177757423961,0.009147193383174504,0.4257176708095797
2025-08-12,-0.0010699425123112862,0.3928300048446432,0.0009910176035894218,0.44012887178770077,0.0017823127950195895,0.4249470591418946,0.015160065387701524,0.47507603773030294,-0.005444655297590505,0.41629528321587184
2025-08-13,5.021623858754941e-05,0.40955083882646076,0.002524757532408021,0.466427709411061,0.0024958703589182943,0.4406665057110844,0.019824005682186552,0.4717505653203033,-0.004054131244370425,0.37513003650995613
2025-08-14,0.0008692076107010209,0.4266154992990857,-0.0011126776977949827,0.45484135411022686,-0.005968989427565349,0.4496235970880133,0.011203567816928876,0.4415132662400359,-0.0012417713456477604,0.37890487576069015
2025-08-15,0.0008280379621084051,0.3865159564847862,0.004691237802242237,0.486375283442484,-0.0010049993290681515,0.48534951294691525,0.03348948482830383,0.537032333675419,0.001037569860139159,0.3945040102652126
2025-08-18,0.0014136323423208556,0.38508588426901896,0.007904653811532145,0.5137645933567557,0.00199042180095233,0.5175553226870354,0.040981113163838755,0.5470363609977017,-0.003057524092316443,0.35709903807526683
2025-08-19,0.00020231251247194274,0.3912503489558203,0.0019472647608621539,0.48474434102130803,-0.009723249798886125,0.47129136570679464,0.033411917587169895,0.5182467078711837,-0.0046248950480040595,0.3890864464823208
2025-08-20,-0.0014103439370081391,0.36038274167598416,0.003311205250877615,0.4940469965044384,-0.008800511120675583,0.4799018572262746,0.04031485836451208,0.5853414767222576,0.012451025103688475,0.409311536473148
2025-08-21,-0.0015700466685795247,0.3822368127689093,-0.002978893822015864,0.46646855437058965,-0.013981080998631426,0.45485579991866554,0.03138572962079246,0.5514008210499917,0.008926515643307743,0.41976578032250655
2025-08-22,-0.002767023735743873,0.363157649448327,0.002215280023011204,0.48108785250197234,-0.007824799668320065,0.48628347337845873,0.03793051834686599,0.6042202954367352,0.02239453634309331,0.43566852599499595
2025-08-25,0.001487561727809111,0.3721531742333581,0.0009910850523777506,0.4524028506466146,-0.004944724410036625,0.5400006895282417,0.04175571773211473,0.629351478496585,0.0362248521652699,0.4115258741973732
2025-08-26,-0.0019693655754440295,0.3770025167823092,0.0012707630521664806,0.4970689484679814,-0.009110507491393156,0.5051567721362306,0.03686595199107939,0.6163486649883327,0.04882240109766296,0.5320966674536535
2025-08-27,0.0023846135101385163,0.4018856201442654,0.0008353585450846333,0.4582160501657042,-0.01032227927485066,0.5216731758574699,0.04014299800726303,0.6206570442413403,0.04461805198859975,0.5130204744205062
2025-08-28,0.0029809641036861586,0.3706216512698066,0.0051361844797170875,0.5015054850949132,-0.00991540646923833,0.525557808425279,0.04817433723750954,0.6707072467772336,0.04489598162044589,0.5409001953858924
2025-08-29,0.0014978685810554456,0.4002994721625539,0.0049887900961042226,0.5058741023369603,-0.0029068238638494514,0.4945524941007059,0.03342604167901638,0.5897689230967449,0.048369989499868066,0.5499373172766505
2025-09-01,-0.0008700071002096825,0.37939752240416563,0.0021014037992695975,0.5019376372319592,-0.0074943516269343445,0.48954653249075886,0.031181695153551826,0.602512850637446,0.0473406429607071,0.5475073165447122
2025-09-02,0.002654404567497706,0.38819767816242123,-0.0020025418543221313,0.41054448355203155,-0.010012295243685042,0.4822186081868605,0.026980041065616564,0.5959313792563632,0.03887826176620909,0.5122107031893672
2025-09-03,-0.0008566124920619885,0.3975689354860382,0.0033475363076464954,0.47043668543589806,0.00038317956374648654,0.5150199222345827,0.02957809747993624,0.5984627098628496,0.06316231303583192,0.5846730841015629
2025-09-04,0.003056820817215143,0.4272644708397623,0.00975410175629893,0.48386822604145063,0.006279070407272751,0.5575554112191342,0.030636919254707365,0.6024665898401199,0.05477008434145609,0.532251306624359
2025-09-05,0.024738458774652642,0.47153493201849933,0.04360672404497457,0.5452883150657485,0.022592430817015924,0.6164765338299196,0.0355819350710122,0.711440818257904,0.0674171104717405,0.5921821795222337
2025-09-08,0.017417091285207655,0.44226738521822856,0.023500973486733426,0.39200191883793467,0.013050156340305825,0.4906670629650865,0.036362530747713714,0.6069344422245668,0.03961862225393561,0.4876804139749355
2025-09-09,0.009702476569871311,0.4496711784805504,0.02360277054000514,0.4543425255134927,0.028497822975827806,0.5620938589804532,0.04038270229942704,0.5587054639417189,0.08371260170047987,0.5628003510762355
2025-09-10,0.00253686720561105,0.3837392160742172,0.008990514456716985,0.3664417132858692,0.010104643999244765,0.48030222686177404,0.028000978905779884,0.5457991315689048,0.05598346411809198,0.5486961171205276
2025-09-11,0.001313746640816885,0.35800050116790594,0.004015192807914228,0.3895563269366832,0.013450593694664626,0.4930225399353754,0.01801113364077111,0.5210856781272143,0.034789667925804194,0.49239960283900197
2025-09-12,0.011257188030611305,0.45498605538357445,0.031484539190553815,0.565470145554542,0.030397482681299062,0.6297308487488138,0.04107765774689537,0.5895811387911384,0.015950583866097427,0.36484826747032995
2025-09-15,0.008325127949471642,0.464203388078187,0.030341739381558788,0.6114116198641034,0.015150962825207321,0.6081211274718871,0.033478674733685064,0.602023472836991,0.039897845629338034,0.4492660938062448
2025-09-16,0.0006070487634239107,0.42197222970522685,0.002995014939560026,0.3935708868142502,-0.014543814614706047,0.4372984998078392,0.03473534696896692,0.5531777246071045,0.03365563250321176,0.43878394686431804
2025-09-17,0.0018375094371407994,0.441289358344014,0.009644945702524402,0.4266063543385424,0.003975877373163551,0.4563771069469574,0.026114869632205055,0.5385268219972047,0.043275420745324845,0.48907901000015735
2025-09-18,0.004432174878564578,0.4649577436629075,0.01292089464083114,0.4431017347900136,0.01028691392105577,0.48342379290097093,0.025771439175186667,0.5712504755774548,0.03588473620697531,0.49443291819467106
2025-09-19,-0.0053409477595208685,0.42847618333455584,-0.004019570168682422,0.40429733372170085,0.008662278084273925,0.4680026708759758,-0.00509873633068228,0.44547664898659445,0.0016518970209423527,0.42235931794748477
2025-09-22,-0.0005323887945117927,0.44913968274079363,0.01080372773766329,0.5357643317368084,0.015534558996776485,0.5139536702818112,-5.1440815685845076e-05,0.500375913990374,-0.006611125072244902,0.39505045872680056
2025-09-23,0.0042925222685511145,0.49917029697756793,0.015201675565727053,0.5750303736644777,0.01638624638671174,0.5289120734389778,0.008238054678798238,0.5130905588756116,-0.011076612525546675,0.4040633860693384
2025-09-24,0.0030915913114143065,0.48523466756963957,0.013530876253993759,0.5740688524883895,0.0083583145824272,0.5131055910358144,0.004818313692282977,0.5376812974523313,-0.0018001146925731215,0.4364311384154473
2025-09-25,0.0030471228940158416,0.4837820853946746,0.011464711850692547,0.5733123662545225,0.003234423579277528,0.5081769187260593,-0.003127072129223427,0.5127581311314832,-0.010800596622386867,0.4009260206913901
2025-09-26,0.008346102291444146,0.49623779557465564,0.02064726594541093,0.6326208562791297,-0.00015869652930873427,0.5240633554521205,-0.0240172194905367,0.5090159775451112,0.005645057711290265,0.49103604001190804
2025-09-29,-2.5311925613159553e-05,0.46086082244244214,-0.004629550598033327,0.4465518200846647,-0.028295675692302607,0.3900622241329308,-0.03320388692781387,0.42091986890790684,0.003437709609881523,0.44356208906706246
2025-09-30,-0.007453027430645973,0.4129663596776599,-0.022188925305145164,0.27634572800565416,-0.04826644308981668,0.27766028457260694,-0.03435863291300577,0.3827444395331962,0.014427972797255186,0.4661927899920051
2025-10-09,-0.00805395557106729,0.3902726259982124,-0.03471649059552282,0.2706460773622446,-0.06421830530595717,0.2528910738386271,-0.036427930255888294,0.38400263465958423,-0.0032099927331344646,0.45572752605957856
2025-10-10,-0.007415978968705498,0.39244096238800824,-0.01793736330419418,0.4211334814624687,-0.010240758643238902,0.4961008069592006,0.030597905435599097,0.49620918434537864,0.06157928806755196,0.6027378882335622
2025-10-13,-0.01595926027647397,0.3469102012177654,-0.016439183155411603,0.466725265431919,-0.01933382266543235,0.4763685418337831,0.029562960840357134,0.5348010306727067,0.06713731240341246,0.6517506050989845
2025-10-14,-0.008720708016700402,0.39996864570648133,-0.008564398161518098,0.47637437856478465,-0.014094574617306664,0.4817942821901565,0.026363930056509374,0.5204836531791506,0.037807682234269155,0.5512052318424746
2025-10-15,-0.005153826589492238,0.42495407629385407,-0.0017495309742260124,0.5189684770359616,-0.004460485645271753,0.48581044065050516,0.028740146451270866,0.554049707397801,0.03854706464559872,0.5907905340545089
2025-10-16,-0.0033146486425895006,0.47549318515902733,0.00912773925622145,0.574949557077495,0.005374061097244694,0.48027392856373735,0.036969804459907364,0.5917932879216833,0.04385840864853481,0.5781514510457487
2025-10-17,0.005069413175905544,0.5419279681545038,0.003814983611279872,0.5345122029152468,-0.001984221023655348,0.5185307945934943,0.05279582980230061,0.70779619390575,0.0017540253277153334,0.5641073135399332
2025-10-20,-0.00523406682721222,0.4577186306434805,0.0009165331747785334,0.4943261670455683,-0.002157221742214387,0.48825419442393847,0.03518593832297057,0.6412535227497193,0.0068174493270442655,0.5746194440336932
2025-10-21,-0.0032121281818851114,0.4651085561589458,-0.0011503397947317177,0.5358676132014354,0.004679117210462018,0.5088607312178468,0.014075306782673158,0.570456192599996,0.006459404256924176,0.5828612214139489
2025-10-22,-0.005422290661905034,0.4444606851628112,-0.004334935523562608,0.5096946918229381,-0.0010460392584211485,0.46870643024546227,0.005019568951498764,0.5165467134912797,3.961491022040544e-05,0.5574289452711951
2025-10-23,-0.005739757610276642,0.47299741762583225,0.003327734274863262,0.5090086557658193,0.006579984663798547,0.4562571405970612,-0.004110668976584669,0.49299039082184637,0.019385236636175474,0.5215455896465577
2025-10-24,-0.002363380618714989,0.47627641503036516,-0.00016940835036846364,0.4065285100210506,-0.00319562318490123,0.4084110543610075,-0.013824727004809257,0.4989601441844688,-0.012375876549995148,0.43660728435293567
2025-10-27,0.0007443052453472142,0.4940155265425438,0.010730728797488162,0.4437221259979887,0.006760621673790647,0.4980556490928393,-0.004826368701858572,0.5296344168257134,0.024242241570147084,0.48649528531055236
2025-10-28,-0.001960818974404828,0.498652191355294,0.010108102409149304,0.4843695277001788,0.00848199624063851,0.49932954757070724,-0.007053125767323205,0.5189086024031445,0.01939180503517034,0.47880964098537043
2025-10-29,-0.0030169210778798875,0.47122694036508067,0.00014019790790231572,0.4525733378155649,-0.008015665480117314,0.4024412467325854,-0.012627393347183834,0.48549783563194754,0.009655975102639951,0.4727712824506079
2025-10-30,0.0022760050718945504,0.5387857321201084,0.009451533198376254,0.46639725148228417,0.003808690567782954,0.4540042401535343,0.011895690108265619,0.5082785488767867,0.03527619767968589,0.4885118962395632
2025-10-31,0.004858660012814909,0.5696775301242629,0.018140034364762733,0.4898382980544921,0.020504838189501055,0.49130961976054294,0.006697289023076529,0.5103989344995783,0.05159122465801669,0.48145813615167554
2025-11-03,0.00045115043466203834,0.5329634014998305,0.005837616118059722,0.4446739407327812,-0.005147195633112262,0.43352356822258753,0.00046796259921517286,0.5326600192906426,0.02787695030713973,0.4776772909703099
2025-11-04,0.0007373525436504933,0.5398200308173082,0.003000185044769968,0.4132856772934149,-0.003374630936881102,0.4577296212022842,-0.002633197858514992,0.5047228413327756,0.020123718980508163,0.4843833514109515
2025-11-05,-1.8346455169844392e-06,0.5289335665184599,0.008695502193701049,0.4660196917717601,0.0030467306979914664,0.44902511131637846,-0.0025458559024559902,0.524084668321396,0.026697964565150847,0.47779825047278784
2025-11-06,-0.00031010575781895275,0.4924018932256982,-3.452519483332882e-05,0.4217596121110886,-0.012683587433528957,0.4391496133999548,0.03119854517221908,0.5652249168675229,0.023790163673821037,0.4470802427827035
2025-11-07,-0.006320112866511359,0.465179569656421,-0.014210263169052582,0.3705949722902684,-0.02954432522425312,0.3424486070015018,-0.022154984823520227,0.42885589156032744,-0.028921552006387716,0.3728018973069145
2025-11-10,-0.003114153364653409,0.4816428563306892,0.0011594877296151112,0.4387662569975459,-0.014374302090271449,0.3864835284324941,-0.019128988247621638,0.429107999599281,-0.0036020153805826297,0.40156147850158064
2025-11-11,-0.0038277326277281194,0.4099182905483974,-0.01123082733758853,0.3552043740710986,-0.02562876285566426,0.34204164640432944,-0.003637426638773594,0.4589594687179723,-0.027942852789020114,0.3882792763129352
2025-11-12,-0.0011242285248984768,0.4383902807637461,0.0030349605769498514,0.4550171305385443,0.002658214604080367,0.5208969195301477,0.004662701361013811,0.4233044077748099,-0.0007402603864565178,0.41100202150901877
2025-11-13,-0.007614930026551456,0.4046218464144431,-0.004998206407376273,0.40345373214433633,0.0016587298832523977,0.46250158775063704,-0.00018465953855540974,0.40080551168756146,-0.004565781933645332,0.4346237138255375
2025-11-14,-0.007394607003651262,0.41722399898740686,-0.009367579508770107,0.4291566429290343,0.0017063140988495475,0.45034912882721134,-0.008428475181593646,0.36158718816880736,-0.009976296972932433,0.4074063906058062
2025-11-17,-0.004969743749857527,0.45601368509240026,-0.0054765942493318655,0.46758847052198615,0.006768496843366048,0.4839854400869998,-0.01161671887563353,0.3482651417793407,-0.025527903245059626,0.3676547444221904
2025-11-18,-0.0025606025793607485,0.4918858166148911,-0.0030247724806834004,0.4544872903670747,0.006207219168903551,0.4733411583038992,-0.013454265450223626,0.3817687666718831,-0.014255220893477449,0.3940374767446466
2025-11-19,-0.002021392991942612,0.506976799810999,-0.004208754443899305,0.43302401207899727,-0.002650305786409434,0.4688486254485061,-0.014065081579171676,0.4204130582734243,-0.03941099952077651,0.398049466217148
2025-11-20,-0.0028625743737087043,0.48223573715763507,-0.007827447457065876,0.42243870424330665,-0.00813677854370649,0.4345731193528339,-0.01194378520455791,0.4386098141822437,-0.045166846933019644,0.42520736975508944
2025-11-21,0.00018970012838423695,0.5178094144398808,-0.012120017478473057,0.4349113185316588,-0.018914304619421216,0.42013115115468697,-0.020234503057419653,0.4321976373189527,-0.0638701408033492,0.3980590460708966
2025-11-24,-0.006782189077625822,0.46538051137409236,-0.022164448145833248,0.41634849602170265,-0.031104251084002454,0.36281889872416356,-0.026712533118385635,0.4031280708216842,-0.0572967502294327,0.4030278747371976
2025-11-25,-0.0067050954688193075,0.5089733081795192,-0.01901317004412785,0.4225877146661948,-0.026046746554961607,0.36337689064884565,-0.030479692730056178,0.3754503011529147,-0.040095957259093505,0.3821251294664817
2025-11-26,-0.0033927032347682443,0.5352911161388478,-0.014550836558337513,0.41015236312807735,-0.027549776052007896,0.3546756216076573,-0.04420888573737436,0.3491938171281482,-0.03594369419381092,0.36638476020668836
2025-11-27,-0.0049892085813661455,0.5096658301217344,-0.014676167441120418,0.4263485558648844,-0.019657702901897636,0.3821569424408964,-0.05086606453285737,0.330632375908791,-0.03278072348996561,0.36056068339541814
2025-11-28,-0.004147711382355848,0.4885336349729946,-0.0192476418649328,0.3831136177573848,-0.03156407936693933,0.3377936324016871,-0.053631265529177366,0.33930086800991005,-0.041388567396132496,0.35121914149369826
2025-12-01,-0.006707719964158752,0.46294336279419046,-0.020932980463726547,0.3863893420351212,-0.02351193286229292,0.34263664793622167,-0.07208859224623637,0.3100810546081127,-0.049087929056267916,0.3403443442655564
2025-12-02,-0.007414623341267246,0.472433924385912,-0.023638143130724897,0.36212678428531453,-0.021132945024015026,0.3288878680220132,-0.06963623311301757,0.30715720671889213,-0.05193554427976727,0.3249609563435863
2025-12-03,-0.00568374634278808,0.5164729626060924,-0.024602152175385236,0.37583202939204413,-0.022804950550436714,0.3455016964797171,-0.07051846526145146,0.3077230807093432,-0.05342141764897183,0.3059550097761628
2025-12-04,-0.007910031643636238,0.4960824281348145,-0.02677748559468284,0.38420647990366485,-0.028683136931770013,0.33248817836555833,-0.06848048432884864,0.33138815328136084,-0.04421435404492523,0.32594374646812724
2025-12-05,-0.004859053627847827,0.5395608067378449,-0.02067285011502205,0.3994716428339255,-0.02231859112607235,0.35717544521135214,-0.06873575399356699,0.34772522947430756,-0.0394360540646088,0.3177757072996159
2025-12-08,-0.002827503935764291,0.5560059269302156,-0.01282594170693158,0.408525862578248,-0.025973448949272275,0.3439685084910074,-0.03313680079848995,0.39823523807996813,-0.007224914207220509,0.3951672241233705
2025-12-09,-0.0025562558223152254,0.5238449151546994,-0.005026650040108711,0.4362166305997733,-0.013957025397367963,0.4058588283004986,-0.014879494967440964,0.4796322536188282,0.034478884009173316,0.46381325104936044
2025-12-10,-0.00795232944718642,0.509899724408502,-0.018689609965240068,0.37320342547623486,-0.02699930575679417,0.34513150800141995,-0.047491704720015494,0.39951914584143705,0.007967467333534447,0.4306887117544499
2025-12-11,-0.0067544756419698915,0.5232001269838126,-0.015569157118141233,0.4044652119034957,-0.020401344111217044,0.38456072908904143,-0.026855769770610133,0.4045189560254415,0.010487668309102742,0.4440064894756298
2025-12-12,-0.009277585679286032,0.477946930360513,-0.017170699855819777,0.39012752944544254,-0.020288216842379195,0.39674576931478184,-0.01263064618676007,0.4495820511429085,0.028525823490864317,0.4749118042285877
2025-12-15,-0.003561349423651935,0.5162443028989618,-0.008319181396469973,0.44229770913688116,-0.00229929238820657,0.5018991829283187,-0.009945032012903605,0.4304006507210866,0.025200854701861057,0.4377789641037889
2025-12-16,-0.002646149822310983,0.5058426047164575,-0.01089723288868025,0.4189641861145047,-0.009274366213460655,0.47237862327323976,-0.018684221226777528,0.38233751719292886,0.0006732925465719962,0.4154084763739372
2025-12-17,-0.0038303086946854916,0.47253247401546117,-0.002332892928635864,0.46509965186714736,0.0028173640845879228,0.4823635852626704,-0.01017840687192441,0.42094125252452874,0.008761975006250389,0.4441822642164666
2025-12-18,-0.0015400142018632604,0.5015091554681975,-0.007135775444075073,0.44493532300330874,-0.008157816207994769,0.44839591809857177,-0.013222896548144365,0.3731310289397202,-0.008181516492651829,0.40610545359859523
2025-12-19,-0.00288245595641404,0.4937211810977078,-0.00651305913130786,0.4560048393347229,-0.005443392271141367,0.4293569532541001,-0.017805345094754423,0.3656021414534321,0.0026826568058915565,0.40731043755378016
2025-12-22,0.003970370666481495,0.5207915221276506,0.01022206664297848,0.48839511107791006,-0.0010070226871299957,0.44409692522022803,0.020558225193062624,0.4633658657875557,0.046392947784598564,0.5034655303457862
2025-12-23,0.004012796105387477,0.48495545693441067,0.006804024600372436,0.4516352297981553,-0.003500994617331458,0.443560580151783,0.018129803115365863,0.5004628296187839,0.035437827195890774,0.5179355234466123
2025-12-24,7.95163029396036e-05,0.4348268673024363,-0.004243540850945837,0.3916802039973317,-0.018525107316788327,0.38415819221824365,-0.002386738575499178,0.47686636532386373,0.044060793086665856,0.5521713234056776
2025-12-25,-0.006977711285374122,0.4030309108669041,-0.022567338017867873,0.3404779449522973,-0.027912255604710137,0.3609818454468408,-0.013240447593332393,0.4199132013778993,0.021750927309223147,0.49830217740570165
2025-12-26,-0.007159523700846385,0.4250725727034272,-0.015874125852699643,0.3421388305274158,-0.016270181349674156,0.3913365721275658,-0.010781221214446964,0.43024948024453596,0.03517831150251172,0.5164881148498774
2025-12-29,-0.0034424993482079403,0.4681602256823617,-0.003254726603613603,0.44216771895508705,-0.0016352608959175562,0.46526853059048134,0.009503501537896121,0.4769088443823275,0.045649550689692384,0.515754465612784
2025-12-30,-0.0005436117124227917,0.4889154807373754,-0.0028756078280897587,0.4442725819988965,-0.004109798287097283,0.45409194357141514,0.004273869293873291,0.47473198649242543,0.02652825244261587,0.4930364319728913
2025-12-31,0.0050343996947612305,0.5483938036056263,0.0015151697815802636,0.49006520808526255,-0.008613581184596457,0.48094176985326864,0.0167777894194935,0.510586920264692,0.02287904480827024,0.4628222280802073
2026-01-05,0.005982741155768577,0.5617058704632831,0.006983409525664447,0.5203876648325328,-0.009677943289761308,0.490124785290312,0.03657614260219542,0.5572492640547688,0.034832592789927834,0.51837029058486
2026-01-06,0.005289692872648836,0.5425762676535372,0.013693150881764614,0.49886178505558715,0.0044620184314871705,0.5046175004376142,0.0320187145286429,0.5733622605716718,0.06584514718054635,0.5556616131847065
2026-01-07,0.003869077529561777,0.49852545678075705,0.010254523196014335,0.5017954467345438,0.0024685326609740032,0.5174939325529345,0.030418023804211464,0.5776490429593498,0.06002416518863149,0.5621247684340809
2026-01-08,0.004354738180148218,0.4700761608255068,0.009082152540117336,0.5221555738457898,0.00019981965635476812,0.5125189853546781,0.028608606058109533,0.5738379648780821,0.038246069543518786,0.5442560793464318
2026-01-09,0.003858336461676253,0.4563321765880327,0.005571420459871137,0.5125026207805667,0.001395350328777043,0.5405252418207093,0.021117013236486765,0.5850427456208037,0.030155285753206883,0.5247860073189952
2026-01-12,0.01015474910344473,0.46013367657170806,0.02055745264448665,0.5669080940536406,0.018942888715105497,0.593839277798627,0.030767055091900912,0.6500064076909066,0.0716746289483062,0.6030393711300468
2026-01-13,0.005014515088718364,0.4641586537654783,0.01277238448099765,0.5901253815331889,0.02683804239134904,0.6689442531987787,0.04660485739860185,0.6349857581409345,0.11330776697729772,0.6312806645269994
2026-01-14,0.00021995660716471295,0.45726282211052965,0.006563912620545067,0.5691295884879192,0.024650515693316003,0.6262785479049144,0.03933258432357801,0.5950972927871219,0.10261061724268424,0.6235744714292406
2026-01-15,-0.0012409069835085961,0.45303355531014117,-0.0010703254649726403,0.5310896522113506,0.015104911127297007,0.5563332254155187,0.024548850119299807,0.5245469525220509,0.08286519030041009,0.6164719300868282
2026-01-16,0.007354006654818737,0.44100127390808375,0.0060881381469544,0.5215948122430083,0.01534780667847185,0.5742664728559217,0.05986858797571076,0.6318045227645859,0.08336785041900546,0.5984287794172072
2026-01-19,0.008289471448546273,0.48569230151080045,0.023782455994567166,0.6833389001098907,0.04469736687012954,0.69304809444058,0.06822120954551351,0.6566889678881452,0.11620797087947184,0.6093698725224952
2026-01-20,0.006637379845637731,0.512213074591299,0.016699636840994243,0.5787403085436021,0.024717211640993508,0.6134089545549689,0.06064735624333069,0.6143691635648741,0.06794906945102963,0.5793111245206366
2026-01-21,0.003878703535103894,0.4876329004919021,0.013377069361990592,0.5009821063002343,0.030705376394399207,0.6163890513633955,0.05430062688445024,0.5977757061785727,0.06288145554419661,0.5853774374099143
2026-01-22,0.0041258110401165326,0.4191114207172547,0.01482206402710836,0.475488459294917,0.027738785885236282,0.587955947746114,0.05624997666592184,0.6494401839907097,0.054899179110492816,0.5934852608169081
2026-01-23,0.0227562872856202,0.521418740484496,0.06560559199830998,0.7231470101633609,0.08867434980251865,0.7926791157921478,0.08033924384516547,0.7500918820461236,0.09224564615156054,0.5336750117850333
2026-01-26,0.015397233019754052,0.5457623207946637,0.025356490675513346,0.6144211229173158,0.056096938894616845,0.7656822365527789,0.1161558944035069,0.7059452640871368,0.13756107496014713,0.6099250421265844
2026-01-27,-0.0003753366514453741,0.4259358691699306,0.009190116851308168,0.4804739426909229,0.0392558131485844,0.6468068912892352,0.08821908339244434,0.647819684658784,0.10692408984679068,0.607724311891717
2026-01-28,0.0001016156583514232,0.4712535657378392,0.011000437315640994,0.42222274547087457,0.045445642539179605,0.6418958089307724,0.0827305790373964,0.601775035441818,0.09194112207406158,0.6329557501583695
2026-01-29,0.00539398282239251,0.4851624213492769,0.021489502779851146,0.5053904128789306,0.06451892962588468,0.7101999975488815,0.09835938097691352,0.6499517364600973,0.09364423283115086,0.6031106941283692
2026-01-30,0.017256857257928537,0.5875289363402695,0.058173405375510585,0.7793082780422713,0.08930577370218215,0.7979016290801367,0.13223366629975253,0.7867892041965316,0.13330774214090674,0.6221499754997274
2026-02-02,0.016841087550998685,0.5827373800391566,0.046654789874161794,0.6947180771010916,0.06332576984999913,0.7266163455125874,0.12892715677989305,0.8028884226473901,0.07266712021780605,0.5414902951480846
2026-02-03,0.026046795717643217,0.6049017960141242,0.053176899440575784,0.7472636859525207,0.06970700799220786,0.6848771050329071,0.10674736433790423,0.6998936783337939,0.04026015693900625,0.41311326174156093
2026-02-04,0.021099981351711313,0.5251071525346482,0.009022764383666093,0.5314713645739825,0.008052185772243474,0.4538888047200049,0.039027718342968046,0.46439846575156235,-0.0391548698709128,0.226976167041764
2026-02-05,0.004035181615212565,0.4825079021754565,-0.007017943371358381,0.3958330590719291,0.027047237043952004,0.6016298596635183,0.06995741305432301,0.4938788301111268,0.05137264836953906,0.39001701149747675
2026-02-06,-0.010441525070046025,0.4127618206262437,-0.019661593095777946,0.2767545569188557,0.022186579734070268,0.5363907892945996,0.025758162283459007,0.39554828898971295,0.008204104869123185,0.3535160331394823
2026-02-09,-0.005712754294461583,0.4429650017234264,-0.00498801621312028,0.31962964353288914,0.04131034149971212,0.5917658440658348,0.03196724813759091,0.4001013799513112,0.001844189472072509,0.3357215721516284
2026-02-10,0.0030642160871977827,0.5089461350517274,0.020128166913752753,0.4991349838030707,0.06272160570695862,0.643331965728621,0.04296240069586055,0.4741195389210412,-0.004545210062237741,0.3840230557568025
2026-02-11,0.010650646744061788,0.5864328573851364,0.04010984301604307,0.6759632878312016,0.06888231557563551,0.6669699441734306,0.07108343376944584,0.6044214860401729,0.00792666628259716,0.4092154194439341
2026-02-12,0.017065645325300745,0.602517309542371,0.04364483843693621,0.6284465626831591,0.05095961914185261,0.629032140357879,0.0849042656302007,0.736771082082027,-0.004547260616034162,0.47979972137938365
2026-02-13,0.020690497022097933,0.6537866559904041,0.04944146612046535,0.6473094149065515,0.05265614469506408,0.6351641344127035,0.10206602786298864,0.7612864560327887,0.01304509060418646,0.5329276032972056
2026-02-24,0.018922790282003752,0.6618430347660416,0.054451571115381854,0.6613230200047056,0.053839022161349996,0.6344569549884393,0.10216900962885452,0.7808707565702753,0.03752184602962318,0.5575885654127074
2026-02-25,0.01285228556210024,0.623930914462463,0.033547426267225754,0.5963246250618578,0.033860728598240034,0.5796185457918759,0.05649445990387849,0.688811455619137,0.0014921770629003745,0.4349680667930854
2026-02-26,0.010859567881305186,0.6023152498484824,0.027251198776316522,0.6286272541951279,0.031211769502064324,0.5292845635771023,0.02803532951836677,0.5725838764135566,-0.03659729368498245,0.3417875842505371
2026-02-27,0.01108699507087578,0.5902197732636111,0.03005973196255325,0.5885768793473806,0.03702429115950822,0.5445916585014323,0.011525007983303432,0.5317693621648866,-0.0434735133872121,0.29717077728606356
2026-03-02,0.008860470968905586,0.5400355648363623,0.01213697074339139,0.47214098419435524,0.009754747258171825,0.45117942155881846,-0.010587485628026933,0.5334184042069645,-0.06651564774121366,0.33286230275531536
2026-03-03,0.0018793387408626127,0.5341139219234178,0.0061620327270593325,0.546342868063415,0.01461938432532809,0.5495359594922833,0.01259670696732028,0.5259675823261422,0.020407663335180935,0.5281912361617997
2026-03-04,-0.0061051942228573675,0.5125521779266727,0.009481379906094118,0.5426110522869069,0.018544540129878335,0.554735816738853,0.017323306173006012,0.5604933499145214,0.053781823865595504,0.6007168695279304
2026-03-05,-0.0003020833435824847,0.5639282394714035,0.010701803204266641,0.5781666494840048,0.013828741821544867,0.5779649719361336,0.02799994414689424,0.6113328796020726,0.05067189267938422,0.6023274530227924
2026-03-06,-0.0005008761166089649,0.5614909707098049,0.009718653922705916,0.5955106249553124,0.004611142804822039,0.5321051307388109,0.024609447927776903,0.6189851823241922,0.034941670346060945,0.5989856227167843
2026-03-09,0.0022318926599406864,0.5700888890409698,0.01732654040604147,0.6549460218031207,0.010541057537467343,0.5397698534265001,0.040861365630652416,0.6677190230701073,0.058571411828150566,0.589945434850624
2026-03-10,0.0035698521990483356,0.5839383431837145,0.01801982880651268,0.6123588303458894,-0.001347230168713867,0.47953076334996675,0.03368780758957485,0.6909702457105266,0.03612084899312692,0.5591323440494546
2026-03-11,0.0004588477517288434,0.5798132991279402,-0.0005586231994141591,0.5232200710407202,-0.02538123830274775,0.39260384131588266,0.003360721100614982,0.608004656987824,0.019110584186263484,0.5424902149322145
2026-03-12,-0.006883383537779225,0.47506426291061954,-0.021239468480376836,0.44959377513694393,-0.04034326184398633,0.3772494906158777,0.002907142471607539,0.58669753042094,0.00988566794703475,0.5115632109192269
2026-03-13,-0.012810578263345054,0.41953915731757735,-0.03372249693609509,0.367492983713186,-0.054839662943191404,0.2905771390718682,-0.04445248206940888,0.45347011338748067,-0.03807584716729569,0.4555297234952155
2026-03-16,-0.01225274702348498,0.4410257630292663,-0.027178689940610623,0.4046341515017269,-0.036645433797891286,0.3236602183487327,-0.04782814138991206,0.4243314746545278,-0.04947692955897742,0.4311530063887882
2026-03-17,-0.006264103166990984,0.5138518416768927,-0.0245286281076305,0.44199748890840795,-0.031967856414450414,0.37878890324861675,-0.05397543960756675,0.3741334341924525,-0.06679911259744988,0.31850959339241414
2026-03-18,-0.00806373758828632,0.5022857973283856,-0.020980358876224334,0.44485003752900887,-0.03482301533275147,0.3479696265687324,-0.06221663372354485,0.360399434585699,-0.08162709313490561,0.29607061618742136
2026-03-19,-0.007818755777608646,0.5105665016127989,-0.023793601130899626,0.40453554089195226,-0.040518738244433826,0.3421107425888132,-0.07113487112564876,0.35311034070835784,-0.07930465446956718,0.31258185264422916
2026-03-20,-0.004307106326384833,0.5465170821639096,-0.01437226094083282,0.439525635041251,-0.04024133174166769,0.335834173397703,-0.0679261204876351,0.3458358671027077,-0.05572662301231565,0.32029514722160374
2026-03-23,-0.0061865661066810435,0.4962943242785961,-0.015237334383884612,0.42536845488662717,-0.04798501438435149,0.28520447582628866,-0.05272704871839615,0.3759035152581099,-0.044107672061041735,0.34483596062956845
2026-03-24,-0.005217465041746977,0.506201581748774,-0.01659990613181221,0.4646902098131126,-0.03523359630623644,0.3347888336659809,-0.0540366864811173,0.36676487809581954,-0.04796873875477513,0.3455389876775303
2026-03-25,-0.008597004915098905,0.496331804171746,-0.023273508330343376,0.3918463772279566,-0.03327766248313278,0.31560950555226547,-0.05536539351369713,0.3572038865936732,-0.049656173449301386,0.36248344872340577
2026-03-26,-0.011337270169474827,0.48268361332322235,-0.02868398419248963,0.3619742528917388,-0.02883391346886973,0.35148505061788704,-0.050106544464903355,0.3778537363278087,-0.038004254265123986,0.40087248212461163
2026-03-27,-0.011684888663270337,0.5028253372092509,-0.0229386508693218,0.4438231056552341,-0.01846145034670913,0.394623518253084,-0.04014267101139022,0.41583560103381306,-0.016362376746052232,0.39929962985158673
2026-03-30,-0.007952546896608284,0.5285293424513462,-0.022494793069786977,0.44596094556870525,-0.022302715975245663,0.42416780639712776,-0.03441447564566062,0.43841030342686216,-0.015071872182865197,0.3870048655350775
2026-03-31,-0.014760764093168007,0.5022556537626567,-0.04288740243713339,0.42835536277801645,-0.04431792877874734,0.3423031004714882,-0.031157572897040867,0.35637654526664936,-0.04110445226249334,0.3054158551382461
2026-04-01,-0.011274341594738191,0.4818064402457178,-0.02355605640091661,0.4405526957064989,-0.026198725261181163,0.3557446882658629,-0.046744136679995635,0.33525108653471686,-0.05778095227010398,0.2964243647915127
2026-04-02,-0.009960644705444324,0.4730123643076287,-0.02375206710198503,0.4323899435759766,-0.022935486693442433,0.35354549211954467,-0.04426019496968922,0.3216470080227234,-0.07141092482439357,0.2759125779011651
2026-04-03,-0.010253955042867354,0.483451257709587,-0.026199148878829688,0.3853729877506328,-0.018755453617875423,0.3535471014583016,-0.06147509970312426,0.2868492003530988,-0.08463956877066399,0.25498150099824485
2026-04-07,-0.011771042899866128,0.48650214185279267,-0.026956802420125405,0.3795061081269244,-0.021341946673027634,0.34711910159665105,-0.058495856270580474,0.2925714459925451,-0.08560414317989107,0.24044864029341018
2026-04-08,-0.012829909489259321,0.4513706530781426,-0.0289560963511215,0.34086223361040013,-0.030806380633378268,0.3045227609164766,-0.07367044967877469,0.26607565180624093,-0.10108290028934876,0.2210020679801624
2026-04-09,-0.005520827925491276,0.5037214901437047,-0.005341414850572834,0.43673896600484496,-0.010187606663874353,0.4106648542110337,-0.035511548877807296,0.3725415525720888,-0.037869644748790246,0.30087730686892256
2026-04-10,-0.01132075277820068,0.4227994647238412,-0.018138498868736794,0.40114827203547776,-0.027588173553765735,0.3119250871231874,-0.046600511343802296,0.3311770120931081,-0.06937379116386114,0.2925142174277623
2026-04-13,-0.012331118629272384,0.40569808935924284,-0.022848312733719213,0.38087327954970346,-0.023225800372567728,0.33598380266515765,-0.04514990080134191,0.32169487839828587,-0.07560272996095863,0.2706802296747979
2026-04-14,-0.010430939146180073,0.38269581481982917,-0.02000137325950021,0.35028883434879554,-0.025291872542681153,0.3266078347887606,-0.05093456855099437,0.3280728432520351,-0.07676877487423608,0.2936843864176671
2026-04-15,-0.009166651731230335,0.4054689677019487,-0.008376774396707356,0.4462809517987987,-0.012520366089269317,0.3998509801530251,-0.020979582540757807,0.4153493398460308,-0.03422451603940281,0.31319777794856946
2026-04-16,-0.0004655244607868609,0.4531603785134083,0.001206966828818645,0.5013857679471659,-0.011056250678961977,0.42618985028260353,-0.003745003426054185,0.5065141174141689,-0.03392068851102462,0.33300640227930844
2026-04-17,-0.005146085086569774,0.39112519646630123,-0.01662908075818665,0.4147191037715686,-0.03046479100023513,0.3328839161211498,-0.0344635391739521,0.42821148569993134,-0.08565336181917989,0.2770683283639065
2026-04-20,-0.006857366196169551,0.3984063250878661,-0.019517193572128493,0.35762523785241307,-0.022734245042945994,0.3546846210630737,-0.0359474230732407,0.38234670349441535,-0.07234646434152808,0.30199274801703374
2026-04-21,-0.009623996390457688,0.37814006548780815,-0.018625812457380472,0.36283804725329505,-0.014429372630712256,0.39434183635048664,-0.02549327198479581,0.41959605329706057,-0.05085993855097344,0.34749371803882473
2026-04-22,-0.009755303471326396,0.3839199331369711,-0.014537987497706871,0.37440416076755295,-0.004031216789458645,0.4310134201768228,-0.03101291150309557,0.42005312081554375,-0.041728541571506315,0.3639314883278019
2026-04-23,-0.002587673590146262,0.4520442049305473,-0.006299482402819347,0.4344943282521016,-0.0019288143107605237,0.5003134749786934,-0.022470572652128967,0.44303453138162474,-0.04443246053720434,0.3274575038111855
2026-04-24,-0.00544835663071471,0.4436762950675383,-0.010163381802732118,0.4309039020833673,-0.012909107116213025,0.4311911569145081,-0.030268682296944807,0.4358379701615575,-0.06432275524583708,0.30024684651336325
2026-04-27,-0.002713679487265024,0.4769805517534548,-0.011362233867062638,0.4062445983351848,-0.015182222646150502,0.44070040006104133,-0.027949678304382733,0.4333638258865745,-0.06719948824438153,0.2951806519313552
2026-04-28,0.0023051904789387428,0.4911156528667873,-0.002624681745085379,0.4934866328319692,0.00035971228233165967,0.5706363179850575,0.003365269915003793,0.5095229366994344,0.024629833599042014,0.5299609313298246
2026-04-29,-0.003101558481055065,0.4219717964516463,0.0014324817143959168,0.5239070060292489,0.00889772234563901,0.5085384055461641,-0.00013698010282602795,0.4963147649315353,0.011616855919352426,0.5277096702159574
2026-04-30,-0.008517329848508219,0.3873182158111196,-0.015326792739949299,0.46589707987546397,-0.011371007757696425,0.46513104509581926,-0.028153791117897387,0.4121630612942038,-0.025022962550404374,0.45130222684678756
2026-05-06,-0.007336458754173199,0.3763736676067374,-0.019998914309709594,0.43737809405396694,-0.02018145059143775,0.41515443521562767,-0.048200509633446555,0.3553927834025428,-0.061988378699574714,0.3838574738679267
2026-05-07,-0.0064455605120321705,0.3897548727056167,-0.014126353669560283,0.4471884526998806,-0.020860219998184444,0.4096316949463129,-0.039058292049575394,0.37430757322235003,-0.023987666544456127,0.40090727001859416
2026-05-08,-0.006567912119098974,0.37920895559598755,-0.017033361162568476,0.38369719225996546,-0.03727290121085072,0.36494429756560376,-0.05283237688651838,0.3890019697561121,-0.0709085510760644,0.35955669496091214
2026-05-11,-0.009144664780390414,0.354465066955003,-0.01980975815595811,0.32950381066832235,-0.044537253113026545,0.33694573355258284,-0.06460112964894217,0.3844078101422259,-0.038542351232318035,0.41634601359792156
2026-05-12,-0.009079034376512602,0.340719998670503,-0.02555299634406967,0.30297328437781273,-0.0383311601349814,0.3383565444963879,-0.047335238239243425,0.3957173676841883,0.008664525101662983,0.4939432110520493
2026-05-13,-0.0021286714260046677,0.41279244856931735,-0.010555510217338714,0.38920569550364936,-0.02964763414155101,0.3699234491612358,-0.0156641829657095,0.4558387979705417,0.07423181153289221,0.5907469239924965
2026-05-14,-0.00462008403386001,0.4483048613520583,-0.013086565317146468,0.3631783361712186,-0.028485931544556153,0.36614888811413027,-0.019937624223280295,0.41941737718264466,0.059111543621147004,0.502900646309368
2026-05-15,-0.005536023279474155,0.40094850613241834,-0.021131906498397825,0.3088993711151834,-0.030716064044972523,0.3505248779821257,-0.03046042436192039,0.35442492264127323,0.026425358202191322,0.47716389937273257
2026-05-18,-0.005624312512704517,0.4272482368080408,-0.013579808859898942,0.3369609094577354,-0.008945125757471528,0.4268621419384963,-0.013275716388407783,0.3906335032455844,0.03300551328406931,0.5273442947570802
2026-05-19,-0.009586563229041565,0.3833884425491982,-0.009076188826542358,0.32818035439481746,-0.009894314280591527,0.4045485596992012,-0.015526720714473878,0.4073110901654768,0.029014575904509073,0.549911982772545
2026-05-20,-0.001254264619268094,0.46894099166009673,0.004322541287971802,0.5200231501317305,-0.006975846762559629,0.4966063462291574,-0.009306181264001631,0.4200890914167083,-0.010322377192309473,0.3774777863732693
2026-05-21,0.007155510180084291,0.5589739619621178,0.025729690389803633,0.6160806821877803,0.016033746708215422,0.5925001412225133,0.03470057945150571,0.49822907941365835,0.014001120872876915,0.46742877606029243
2026-05-22,-0.00030904971415699167,0.48981816073662404,0.014978660939394494,0.5455138331165388,0.0010214157858386367,0.5053028847327445,0.022911604621242577,0.4764655836091694,-0.008202218161149797,0.42400806657946727
2026-05-25,-0.001502533888257689,0.4374259486039765,0.012297523673439982,0.5279765198341565,-0.012240392043182216,0.4600589142381858,0.013996985975557092,0.472107608292939,-0.017537206965637344,0.4373056774554093
2026-05-26,0.007921910018059733,0.4923846330987671,0.02814086357609858,0.5225383717159648,0.019081754121782597,0.5363631762358616,0.04605759233261812,0.5549448282454238,0.01926618077347274,0.546185014681233
2026-05-27,0.0017846391907904507,0.4940694992460799,0.021023381502457857,0.600860191664822,0.023897821053081657,0.5536463071519973,0.03148537779171727,0.5345145688697684,0.020747134501134298,0.48607636077005606
2026-05-28,0.004298978456174292,0.47354768148084675,0.016551704427793985,0.5593889710441089,0.0042589781047384576,0.48494965755163,0.025665882859912233,0.5552731714855536,-0.014055333029317147,0.48230945492194727
2026-05-29,0.014720811489869668,0.5715884806501393,0.031162163329701724,0.6776457967786522,0.03883535753076908,0.6636058528539831,0.05035681494685053,0.5807684140862387,0.004732371857770283,0.5577660291013372
2026-06-01,0.017982515563880048,0.6015080202872422,0.03927863259514907,0.7111746646129876,0.05227667973884735,0.7097247428766966,0.059621395714027026,0.6358596689844279,-0.015987591312840232,0.5694597624496417
2026-06-02,0.013730429588063534,0.5647956083823797,0.03612793695840104,0.7006426042803979,0.051197189747978114,0.688674189527388,0.05416226077886673,0.6428455378587399,-0.014430741357700026,0.5914240296837274
2026-06-03,0.011658665680426861,0.5765684314423979,0.02471740457918417,0.7015371092364666,0.04239950288946191,0.657674491762108,0.021514931183456664,0.5311143253894838,-0.06390471631391414,0.46252430314125653
2026-06-04,0.01011472816134956,0.5580606285444315,0.029513357793835418,0.7441201176006385,0.048282484922007575,0.6251484829090455,0.02310903888382219,0.5209812185116545,-0.04871484170483591,0.4376491462931379
2026-06-05,0.011759096958011096,0.5818543297622583,0.025199110306531245,0.6829648552437875,0.03407753713294971,0.5811800468479736,0.009163858501695116,0.4919804375458157,-0.0702355057734274,0.36918598797857477
2026-06-08,0.01040200448481431,0.5919660006248963,0.024154081602743835,0.6284658485271408,0.0348378717200161,0.6005072603135946,0.014094420393569104,0.5009770842702609,-0.0598288762984515,0.40545546022210127
2026-06-09,0.009587448811398199,0.5530664271132611,0.022612920944944912,0.5871798811116085,0.0235699096116313,0.4816342625575591,0.012856548974990636,0.4576628664272323,-0.05795591876827957,0.400588052803285
