date,close,pred_ret_5d,pred_ret_20d,prob_up_5d,prob_up_20d,risk_score,signal_score,signal_label,target_position,reason,risk_warning
2018-01-02,14.06,,,,,0.5,,no_trade,0.0,walk-forward prediction unavailable,data insufficient for model signal
2018-01-03,14.03,,,,,0.5,,no_trade,0.0,walk-forward prediction unavailable,data insufficient for model signal
2018-01-04,14.03,,,,,0.5,,no_trade,0.0,walk-forward prediction unavailable,data insufficient for model signal
2018-01-05,13.03,,,,,0.5,,no_trade,0.0,walk-forward prediction unavailable,data insufficient for model signal
2018-01-08,12.98,,,,,0.5,,no_trade,0.0,walk-forward prediction unavailable,data insufficient for model signal
2018-01-09,12.91,,,,,0.5,,no_trade,0.0,walk-forward prediction unavailable,data insufficient for model signal
2018-01-10,12.13,,,,,0.5,,no_trade,0.0,walk-forward prediction unavailable,data insufficient for model signal
2018-01-11,12.21,,,,,0.5,,no_trade,0.0,walk-forward prediction unavailable,data insufficient for model signal
2018-01-12,12.21,,,,,0.5,,no_trade,0.0,walk-forward prediction unavailable,data insufficient for model signal
2018-01-15,12.23,,,,,0.5,,no_trade,0.0,walk-forward prediction unavailable,data insufficient for model signal
2018-01-16,12.07,,,,,0.5,,no_trade,0.0,walk-forward prediction unavailable,data insufficient for model signal
2018-01-17,12.76,,,,,0.5,,no_trade,0.0,walk-forward prediction unavailable,data insufficient for model signal
2018-01-18,12.81,,,,,0.5,,no_trade,0.0,walk-forward prediction unavailable,data insufficient for model signal
2018-01-19,12.87,,,,,0.5,,no_trade,0.0,walk-forward prediction unavailable,data insufficient for model signal
2018-01-22,13.42,,,,,0.5,,no_trade,0.0,walk-forward prediction unavailable,data insufficient for model signal
2018-01-23,13.35,,,,,0.5,,no_trade,0.0,walk-forward prediction unavailable,data insufficient for model signal
2018-01-24,13.74,,,,,0.5,,no_trade,0.0,walk-forward prediction unavailable,data insufficient for model signal
2018-01-25,13.4,,,,,0.5,,no_trade,0.0,walk-forward prediction unavailable,data insufficient for model signal
2018-01-26,13.23,,,,,0.5,,no_trade,0.0,walk-forward prediction unavailable,data insufficient for model signal
2018-01-29,11.67,,,,,0.7250000000000001,,no_trade,0.0,walk-forward prediction unavailable,data insufficient for model signal
2018-01-30,11.36,,,,,0.9260278116183935,,no_trade,0.0,walk-forward prediction unavailable,data insufficient for model signal
2018-01-31,11.35,,,,,0.9262074522016741,,no_trade,0.0,walk-forward prediction unavailable,data insufficient for model signal
2018-02-01,10.89,,,,,0.9320463509458429,,no_trade,0.0,walk-forward prediction unavailable,data insufficient for model signal
2018-02-02,10.89,,,,,0.9010883861997695,,no_trade,0.0,walk-forward prediction unavailable,data insufficient for model signal
2018-02-05,11.01,,,,,0.9040586653628637,,no_trade,0.0,walk-forward prediction unavailable,data insufficient for model signal
2018-02-06,9.67,,,,,1.0,,no_trade,0.0,walk-forward prediction unavailable,data insufficient for model signal
2018-02-07,8.98,,,,,1.0,,no_trade,0.0,walk-forward prediction unavailable,data insufficient for model signal
2018-02-08,9.63,,,,,1.0,,no_trade,0.0,walk-forward prediction unavailable,data insufficient for model signal
2018-02-09,9.63,,,,,1.0,,no_trade,0.0,walk-forward prediction unavailable,data insufficient for model signal
2018-02-12,10.16,,,,,1.0,,no_trade,0.0,walk-forward prediction unavailable,data insufficient for model signal
2018-02-13,10.15,,,,,1.0,,no_trade,0.0,walk-forward prediction unavailable,data insufficient for model signal
2018-02-14,10.26,,,,,1.0,,no_trade,0.0,walk-forward prediction unavailable,data insufficient for model signal
2018-02-22,10.64,,,,,1.0,,no_trade,0.0,walk-forward prediction unavailable,data insufficient for model signal
2018-02-23,10.37,,,,,1.0,,no_trade,0.0,walk-forward prediction unavailable,data insufficient for model signal
2018-02-26,11.06,,,,,1.0,,no_trade,0.0,walk-forward prediction unavailable,data insufficient for model signal
2018-02-27,11.37,,,,,1.0,,no_trade,0.0,walk-forward prediction unavailable,data insufficient for model signal
2018-02-28,11.34,,,,,1.0,,no_trade,0.0,walk-forward prediction unavailable,data insufficient for model signal
2018-03-01,11.65,,,,,1.0,,no_trade,0.0,walk-forward prediction unavailable,data insufficient for model signal
2018-03-02,12.23,,,,,1.0,,no_trade,0.0,walk-forward prediction unavailable,data insufficient for model signal
2018-03-05,12.34,,,,,1.0,,no_trade,0.0,walk-forward prediction unavailable,data insufficient for model signal
2018-03-06,12.86,,,,,1.0,,no_trade,0.0,walk-forward prediction unavailable,data insufficient for model signal
2018-03-07,12.99,,,,,1.0,,no_trade,0.0,walk-forward prediction unavailable,data insufficient for model signal
2018-03-08,12.83,,,,,1.0,,no_trade,0.0,walk-forward prediction unavailable,data insufficient for model signal
2018-03-09,13.53,,,,,1.0,,no_trade,0.0,walk-forward prediction unavailable,data insufficient for model signal
2018-03-12,14.07,,,,,0.7640641158221303,,no_trade,0.0,walk-forward prediction unavailable,data insufficient for model signal
2018-03-13,14.04,,,,,0.4886905513133145,,no_trade,0.0,walk-forward prediction unavailable,data insufficient for model signal
2018-03-14,13.49,,,,,0.48599595464778694,,no_trade,0.0,walk-forward prediction unavailable,data insufficient for model signal
2018-03-15,14.39,,,,,0.4808233927073204,,no_trade,0.0,walk-forward prediction unavailable,data insufficient for model signal
2018-03-16,14.29,,,,,0.48421907695438915,,no_trade,0.0,walk-forward prediction unavailable,data insufficient for model signal
2018-03-19,13.88,,,,,0.4934109107482729,,no_trade,0.0,walk-forward prediction unavailable,data insufficient for model signal
2018-03-20,14.12,,,,,0.4904793988967507,,no_trade,0.0,walk-forward prediction unavailable,data insufficient for model signal
2018-03-21,13.39,,,,,0.6195185512820446,,no_trade,0.0,walk-forward prediction unavailable,data insufficient for model signal
2018-03-22,13.64,,,,,0.614761022503467,,no_trade,0.0,walk-forward prediction unavailable,data insufficient for model signal
2018-03-23,13.02,,,,,0.7098736012331104,,no_trade,0.0,walk-forward prediction unavailable,data insufficient for model signal
2018-03-26,14.16,,,,,0.7307681403259724,,no_trade,0.0,walk-forward prediction unavailable,data insufficient for model signal
2018-03-27,15.15,,,,,0.7531609827083952,,no_trade,0.0,walk-forward prediction unavailable,data insufficient for model signal
2018-03-28,15.02,,,,,0.7550504095993211,,no_trade,0.0,walk-forward prediction unavailable,data insufficient for model signal
2018-03-29,14.93,,,,,0.7564901324697882,,no_trade,0.0,walk-forward prediction unavailable,data insufficient for model signal
2018-03-30,15.96,,,,,0.7691983091282659,,no_trade,0.0,walk-forward prediction unavailable,data insufficient for model signal
2018-04-02,15.96,,,,,0.7703874362102322,,no_trade,0.0,walk-forward prediction unavailable,data insufficient for model signal
2018-04-03,15.52,,,,,0.7751337662480274,,no_trade,0.0,walk-forward prediction unavailable,data insufficient for model signal
2018-04-04,15.24,,,,,0.780609304593961,,no_trade,0.0,walk-forward prediction unavailable,data insufficient for model signal
2018-04-09,15.04,,,,,0.7808651432158689,,no_trade,0.0,walk-forward prediction unavailable,data insufficient for model signal
2018-04-10,14.99,,,,,0.7649771822165647,,no_trade,0.0,walk-forward prediction unavailable,data insufficient for model signal
2018-04-11,14.96,,,,,0.7556098650998833,,no_trade,0.0,walk-forward prediction unavailable,data insufficient for model signal
2018-04-12,15.12,,,,,0.7557855948548247,,no_trade,0.0,walk-forward prediction unavailable,data insufficient for model signal
2018-04-13,15.19,,,,,0.7395776827566514,,no_trade,0.0,walk-forward prediction unavailable,data insufficient for model signal
2018-04-16,15.78,,,,,0.7000459318525227,,no_trade,0.0,walk-forward prediction unavailable,data insufficient for model signal
2018-04-17,15.09,,,,,0.6859205355518824,,no_trade,0.0,walk-forward prediction unavailable,data insufficient for model signal
2018-04-18,16.54,,,,,0.7343766255225274,,no_trade,0.0,walk-forward prediction unavailable,data insufficient for model signal
2018-04-19,15.93,,,,,0.7028152955690986,,no_trade,0.0,walk-forward prediction unavailable,data insufficient for model signal
2018-04-20,15.69,,,,,0.6796898223404566,,no_trade,0.0,walk-forward prediction unavailable,data insufficient for model signal
2018-04-23,14.19,,,,,0.9762394195888755,,no_trade,0.0,walk-forward prediction unavailable,data insufficient for model signal
2018-04-24,15.55,,,,,0.9762394195888755,,no_trade,0.0,walk-forward prediction unavailable,data insufficient for model signal
2018-04-25,15.97,,,,,0.9762394195888755,,no_trade,0.0,walk-forward prediction unavailable,data insufficient for model signal
2018-04-26,16.15,,,,,0.9632897749002246,,no_trade,0.0,walk-forward prediction unavailable,data insufficient for model signal
2018-04-27,15.95,,,,,0.9640183357040429,,no_trade,0.0,walk-forward prediction unavailable,data insufficient for model signal
2018-05-02,15.83,,,,,0.9642270163396495,,no_trade,0.0,walk-forward prediction unavailable,data insufficient for model signal
2018-05-03,17.46,,,,,0.9762394195888755,,no_trade,0.0,walk-forward prediction unavailable,data insufficient for model signal
2018-05-04,16.95,,,,,0.9762394195888755,,no_trade,0.0,walk-forward prediction unavailable,data insufficient for model signal
2018-05-07,17.66,,,,,0.9762394195888755,,no_trade,0.0,walk-forward prediction unavailable,data insufficient for model signal
2018-05-08,17.59,,,,,0.9762394195888755,,no_trade,0.0,walk-forward prediction unavailable,data insufficient for model signal
2018-05-09,17.49,,,,,0.9762394195888755,,no_trade,0.0,walk-forward prediction unavailable,data insufficient for model signal
2018-05-10,17.07,,,,,0.9762394195888755,,no_trade,0.0,walk-forward prediction unavailable,data insufficient for model signal
2018-05-11,16.86,,,,,0.9762394195888755,,no_trade,0.0,walk-forward prediction unavailable,data insufficient for model signal
2018-05-14,16.79,,,,,0.9762394195888755,,no_trade,0.0,walk-forward prediction unavailable,data insufficient for model signal
2018-05-15,16.86,,,,,0.9762394195888755,,no_trade,0.0,walk-forward prediction unavailable,data insufficient for model signal
2018-05-16,16.5,,,,,0.9762394195888755,,no_trade,0.0,walk-forward prediction unavailable,data insufficient for model signal
2018-05-17,16.4,,,,,0.9762394195888755,,no_trade,0.0,walk-forward prediction unavailable,data insufficient for model signal
2018-05-18,15.84,,,,,0.8446110391038519,,no_trade,0.0,walk-forward prediction unavailable,data insufficient for model signal
2018-05-21,17.12,,,,,0.8573801607156706,,no_trade,0.0,walk-forward prediction unavailable,data insufficient for model signal
2018-05-22,16.86,,,,,0.8574116986357919,,no_trade,0.0,walk-forward prediction unavailable,data insufficient for model signal
2018-05-23,16.62,,,,,0.7774488478876509,,no_trade,0.0,walk-forward prediction unavailable,data insufficient for model signal
2018-05-24,15.66,,,,,0.7784643397356052,,no_trade,0.0,walk-forward prediction unavailable,data insufficient for model signal
2018-05-25,14.68,,,,,0.9144633942735059,,no_trade,0.0,walk-forward prediction unavailable,data insufficient for model signal
2018-05-28,13.92,,,,,0.9298942718634366,,no_trade,0.0,walk-forward prediction unavailable,data insufficient for model signal
2018-05-29,13.85,,,,,0.929720190953473,,no_trade,0.0,walk-forward prediction unavailable,data insufficient for model signal
2018-05-30,13.84,,,,,0.9300126142367715,,no_trade,0.0,walk-forward prediction unavailable,data insufficient for model signal
2018-05-31,13.46,,,,,0.8319910629288235,,no_trade,0.0,walk-forward prediction unavailable,data insufficient for model signal
2018-06-01,12.82,,,,,0.8414551569655333,,no_trade,0.0,walk-forward prediction unavailable,data insufficient for model signal
2018-06-04,11.31,,,,,0.9114421781683388,,no_trade,0.0,walk-forward prediction unavailable,data insufficient for model signal
2018-06-05,10.99,,,,,0.9088077872339462,,no_trade,0.0,walk-forward prediction unavailable,data insufficient for model signal
2018-06-06,10.54,,,,,0.9084166352050893,,no_trade,0.0,walk-forward prediction unavailable,data insufficient for model signal
2018-06-07,10.57,,,,,0.9145296498528321,,no_trade,0.0,walk-forward prediction unavailable,data insufficient for model signal
2018-06-08,10.36,,,,,0.9135476921331753,,no_trade,0.0,walk-forward prediction unavailable,data insufficient for model signal
2018-06-11,9.79,,,,,0.9175142363985826,,no_trade,0.0,walk-forward prediction unavailable,data insufficient for model signal
2018-06-12,10.63,,,,,0.9961343065143404,,no_trade,0.0,walk-forward prediction unavailable,data insufficient for model signal
2018-06-13,10.55,,,,,0.9976945646532209,,no_trade,0.0,walk-forward prediction unavailable,data insufficient for model signal
2018-06-14,10.41,,,,,0.9964198513150861,,no_trade,0.0,walk-forward prediction unavailable,data insufficient for model signal
2018-06-15,10.58,,,,,1.0,,no_trade,0.0,walk-forward prediction unavailable,data insufficient for model signal
2018-06-19,9.72,,,,,0.9575282872616171,,no_trade,0.0,walk-forward prediction unavailable,data insufficient for model signal
2018-06-20,10.49,,,,,1.0,,no_trade,0.0,walk-forward prediction unavailable,data insufficient for model signal
2018-06-21,9.94,,,,,1.0,,no_trade,0.0,walk-forward prediction unavailable,data insufficient for model signal
2018-06-22,10.01,,,,,1.0,,no_trade,0.0,walk-forward prediction unavailable,data insufficient for model signal
2018-06-25,9.52,,,,,1.0,,no_trade,0.0,walk-forward prediction unavailable,data insufficient for model signal
2018-06-26,10.02,,,,,1.0,,no_trade,0.0,walk-forward prediction unavailable,data insufficient for model signal
2018-06-27,10.33,,,,,1.0,,no_trade,0.0,walk-forward prediction unavailable,data insufficient for model signal
2018-06-28,10.49,,,,,1.0,,no_trade,0.0,walk-forward prediction unavailable,data insufficient for model signal
2018-06-29,10.98,,,,,1.0,,no_trade,0.0,walk-forward prediction unavailable,data insufficient for model signal
2018-07-02,10.59,,,,,1.0,,no_trade,0.0,walk-forward prediction unavailable,data insufficient for model signal
2018-07-03,11.21,,,,,0.9512738853503188,,no_trade,0.0,walk-forward prediction unavailable,data insufficient for model signal
2018-07-04,10.88,,,,,0.8632643461900285,,no_trade,0.0,walk-forward prediction unavailable,data insufficient for model signal
2018-07-05,10.06,,,,,0.8632643461900285,,no_trade,0.0,walk-forward prediction unavailable,data insufficient for model signal
2018-07-06,10.3,,,,,0.8632643461900285,,no_trade,0.0,walk-forward prediction unavailable,data insufficient for model signal
2018-07-09,10.6,,,,,0.8632643461900285,,no_trade,0.0,walk-forward prediction unavailable,data insufficient for model signal
2018-07-10,10.78,,,,,0.8632643461900285,,no_trade,0.0,walk-forward prediction unavailable,data insufficient for model signal
2018-07-11,10.48,,,,,0.846534353566759,,no_trade,0.0,walk-forward prediction unavailable,data insufficient for model signal
2018-07-12,11.76,,,,,0.8577609277430865,,no_trade,0.0,walk-forward prediction unavailable,data insufficient for model signal
2018-07-13,11.94,,,,,0.8577609277430865,,no_trade,0.0,walk-forward prediction unavailable,data insufficient for model signal
2018-07-16,12.35,,,,,0.8577609277430865,,no_trade,0.0,walk-forward prediction unavailable,data insufficient for model signal
2018-07-17,12.61,,,,,0.8577609277430865,,no_trade,0.0,walk-forward prediction unavailable,data insufficient for model signal
2018-07-18,12.22,,,,,0.8562766683663886,,no_trade,0.0,walk-forward prediction unavailable,data insufficient for model signal
2018-07-19,11.95,,,,,0.8359376937315722,,no_trade,0.0,walk-forward prediction unavailable,data insufficient for model signal
2018-07-20,12.41,,,,,0.8413106841491419,,no_trade,0.0,walk-forward prediction unavailable,data insufficient for model signal
2018-07-23,12.73,,,,,0.8141411797306796,,no_trade,0.0,walk-forward prediction unavailable,data insufficient for model signal
2018-07-24,12.57,,,,,0.8081382324033304,,no_trade,0.0,walk-forward prediction unavailable,data insufficient for model signal
2018-07-25,12.96,,,,,0.8081626964162352,,no_trade,0.0,walk-forward prediction unavailable,data insufficient for model signal
2018-07-26,12.33,,,,,0.8337301413083469,,no_trade,0.0,walk-forward prediction unavailable,data insufficient for model signal
2018-07-27,12.04,,,,,0.8291915845656825,,no_trade,0.0,walk-forward prediction unavailable,data insufficient for model signal
2018-07-30,11.51,,,,,0.8627517558712923,,no_trade,0.0,walk-forward prediction unavailable,data insufficient for model signal
2018-07-31,11.5,,,,,0.843940409305742,,no_trade,0.0,walk-forward prediction unavailable,data insufficient for model signal
2018-08-01,11.59,,,,,0.8365105587696223,,no_trade,0.0,walk-forward prediction unavailable,data insufficient for model signal
2018-08-02,11.37,,,,,0.816751140605934,,no_trade,0.0,walk-forward prediction unavailable,data insufficient for model signal
2018-08-03,10.69,,,,,0.9302731500382447,,no_trade,0.0,walk-forward prediction unavailable,data insufficient for model signal
2018-08-06,10.2,,,,,0.9408287465527685,,no_trade,0.0,walk-forward prediction unavailable,data insufficient for model signal
2018-08-07,10.76,,,,,0.960571486832662,,no_trade,0.0,walk-forward prediction unavailable,data insufficient for model signal
2018-08-08,10.23,,,,,0.9730424939226405,,no_trade,0.0,walk-forward prediction unavailable,data insufficient for model signal
2018-08-09,10.83,,,,,0.893098118886445,,no_trade,0.0,walk-forward prediction unavailable,data insufficient for model signal
2018-08-10,10.95,,,,,0.8918781759203154,,no_trade,0.0,walk-forward prediction unavailable,data insufficient for model signal
2018-08-13,11.39,,,,,0.8957437643066735,,no_trade,0.0,walk-forward prediction unavailable,data insufficient for model signal
2018-08-14,11.05,,,,,0.8952388639625739,,no_trade,0.0,walk-forward prediction unavailable,data insufficient for model signal
2018-08-15,10.39,,,,,0.9146285466358097,,no_trade,0.0,walk-forward prediction unavailable,data insufficient for model signal
2018-08-16,10.31,,,,,0.9129128765919277,,no_trade,0.0,walk-forward prediction unavailable,data insufficient for model signal
2018-08-17,9.98,,,,,0.8993769105922041,,no_trade,0.0,walk-forward prediction unavailable,data insufficient for model signal
2018-08-20,10.25,,,,,0.9001350695167343,,no_trade,0.0,walk-forward prediction unavailable,data insufficient for model signal
2018-08-21,10.26,,,,,0.901186579481885,,no_trade,0.0,walk-forward prediction unavailable,data insufficient for model signal
2018-08-22,10.4,,,,,0.8919067962729024,,no_trade,0.0,walk-forward prediction unavailable,data insufficient for model signal
2018-08-23,10.6,,,,,0.8847340024691193,,no_trade,0.0,walk-forward prediction unavailable,data insufficient for model signal
2018-08-24,10.41,,,,,0.8501425448948137,,no_trade,0.0,walk-forward prediction unavailable,data insufficient for model signal
2018-08-27,10.84,,,,,0.8543433725687866,,no_trade,0.0,walk-forward prediction unavailable,data insufficient for model signal
2018-08-28,10.83,,,,,0.8543414424558251,,no_trade,0.0,walk-forward prediction unavailable,data insufficient for model signal
2018-08-29,10.53,,,,,0.8127927368931603,,no_trade,0.0,walk-forward prediction unavailable,data insufficient for model signal
2018-08-30,10.12,,,,,0.8211052086311761,,no_trade,0.0,walk-forward prediction unavailable,data insufficient for model signal
2018-08-31,10.04,,,,,0.79317746297633,,no_trade,0.0,walk-forward prediction unavailable,data insufficient for model signal
2018-09-03,10.24,,,,,0.778613447764157,,no_trade,0.0,walk-forward prediction unavailable,data insufficient for model signal
2018-09-04,10.47,,,,,0.7559764660094432,,no_trade,0.0,walk-forward prediction unavailable,data insufficient for model signal
2018-09-05,10.85,,,,,0.741970186671634,,no_trade,0.0,walk-forward prediction unavailable,data insufficient for model signal
2018-09-06,10.92,,,,,0.709980230015544,,no_trade,0.0,walk-forward prediction unavailable,data insufficient for model signal
2018-09-07,11.19,,,,,0.7149625239912092,,no_trade,0.0,walk-forward prediction unavailable,data insufficient for model signal
2018-09-10,10.78,,,,,0.6309515688276507,,no_trade,0.0,walk-forward prediction unavailable,data insufficient for model signal
2018-09-11,10.97,,,,,0.5567242219151163,,no_trade,0.0,walk-forward prediction unavailable,data insufficient for model signal
2018-09-12,10.81,,,,,0.5132184536373064,,no_trade,0.0,walk-forward prediction unavailable,data insufficient for model signal
2018-09-13,10.99,,,,,0.5143362551444637,,no_trade,0.0,walk-forward prediction unavailable,data insufficient for model signal
2018-09-14,9.66,,,,,0.8610884629140658,,no_trade,0.0,walk-forward prediction unavailable,data insufficient for model signal
2018-09-17,8.89,,,,,0.9422961552141051,,no_trade,0.0,walk-forward prediction unavailable,data insufficient for model signal
2018-09-18,9.12,,,,,0.9496080662792474,,no_trade,0.0,walk-forward prediction unavailable,data insufficient for model signal
2018-09-19,9.23,,,,,0.9491707284004145,,no_trade,0.0,walk-forward prediction unavailable,data insufficient for model signal
2018-09-20,9.04,,,,,0.9455276419952822,,no_trade,0.0,walk-forward prediction unavailable,data insufficient for model signal
2018-09-21,9.27,,,,,0.9522544971313198,,no_trade,0.0,walk-forward prediction unavailable,data insufficient for model signal
2018-09-25,9.26,,,,,0.9355786638531067,,no_trade,0.0,walk-forward prediction unavailable,data insufficient for model signal
2018-09-26,9.32,,,,,0.9367648898521668,,no_trade,0.0,walk-forward prediction unavailable,data insufficient for model signal
2018-09-27,8.86,,,,,0.9474593840626171,,no_trade,0.0,walk-forward prediction unavailable,data insufficient for model signal
2018-09-28,8.93,,,,,0.9413648487553534,,no_trade,0.0,walk-forward prediction unavailable,data insufficient for model signal
2018-10-08,7.81,,,,,1.0,,no_trade,0.0,walk-forward prediction unavailable,data insufficient for model signal
2018-10-09,7.74,,,,,1.0,,no_trade,0.0,walk-forward prediction unavailable,data insufficient for model signal
2018-10-10,7.68,,,,,1.0,,no_trade,0.0,walk-forward prediction unavailable,data insufficient for model signal
2018-10-11,6.68,,,,,1.0,,no_trade,0.0,walk-forward prediction unavailable,data insufficient for model signal
2018-10-12,6.87,,,,,1.0,,no_trade,0.0,walk-forward prediction unavailable,data insufficient for model signal
2018-10-15,6.85,,,,,1.0,,no_trade,0.0,walk-forward prediction unavailable,data insufficient for model signal
2018-10-16,6.56,,,,,1.0,,no_trade,0.0,walk-forward prediction unavailable,data insufficient for model signal
2018-10-17,7.02,,,,,1.0,,no_trade,0.0,walk-forward prediction unavailable,data insufficient for model signal
2018-10-18,6.69,,,,,1.0,,no_trade,0.0,walk-forward prediction unavailable,data insufficient for model signal
2018-10-19,7.0,,,,,1.0,,no_trade,0.0,walk-forward prediction unavailable,data insufficient for model signal
2018-10-22,7.55,,,,,1.0,,no_trade,0.0,walk-forward prediction unavailable,data insufficient for model signal
2018-10-23,7.26,,,,,1.0,,no_trade,0.0,walk-forward prediction unavailable,data insufficient for model signal
2018-10-24,7.22,,,,,1.0,,no_trade,0.0,walk-forward prediction unavailable,data insufficient for model signal
2018-10-25,6.72,,,,,1.0,,no_trade,0.0,walk-forward prediction unavailable,data insufficient for model signal
2018-10-26,6.88,,,,,1.0,,no_trade,0.0,walk-forward prediction unavailable,data insufficient for model signal
2018-10-29,6.92,,,,,1.0,,no_trade,0.0,walk-forward prediction unavailable,data insufficient for model signal
2018-10-30,6.69,,,,,1.0,,no_trade,0.0,walk-forward prediction unavailable,data insufficient for model signal
2018-10-31,6.9,,,,,1.0,,no_trade,0.0,walk-forward prediction unavailable,data insufficient for model signal
2018-11-01,7.08,,,,,1.0,,no_trade,0.0,walk-forward prediction unavailable,data insufficient for model signal
2018-11-02,8.02,,,,,1.0,,no_trade,0.0,walk-forward prediction unavailable,data insufficient for model signal
2018-11-05,8.49,,,,,1.0,,no_trade,0.0,walk-forward prediction unavailable,data insufficient for model signal
2018-11-06,8.45,,,,,0.9875000000000003,,no_trade,0.0,walk-forward prediction unavailable,data insufficient for model signal
2018-11-07,8.39,,,,,0.8917218543046357,,no_trade,0.0,walk-forward prediction unavailable,data insufficient for model signal
2018-11-08,8.1,,,,,0.8917218543046357,,no_trade,0.0,walk-forward prediction unavailable,data insufficient for model signal
2018-11-09,8.08,,,,,0.8917218543046357,,no_trade,0.0,walk-forward prediction unavailable,data insufficient for model signal
2018-11-12,8.68,,,,,0.8917218543046357,,no_trade,0.0,walk-forward prediction unavailable,data insufficient for model signal
2018-11-13,8.85,,,,,0.8917218543046357,,no_trade,0.0,walk-forward prediction unavailable,data insufficient for model signal
2018-11-14,8.78,,,,,0.8917218543046357,,no_trade,0.0,walk-forward prediction unavailable,data insufficient for model signal
2018-11-15,8.89,,,,,0.8857190922252274,,no_trade,0.0,walk-forward prediction unavailable,data insufficient for model signal
2018-11-16,9.2,,,,,0.8817943149547716,,no_trade,0.0,walk-forward prediction unavailable,data insufficient for model signal
2018-11-19,9.03,,,,,0.7527142186459648,,no_trade,0.0,walk-forward prediction unavailable,data insufficient for model signal
2018-11-20,8.43,,,,,0.7941814849806118,,no_trade,0.0,walk-forward prediction unavailable,data insufficient for model signal
2018-11-21,8.56,,,,,0.7932921080765857,,no_trade,0.0,walk-forward prediction unavailable,data insufficient for model signal
2018-11-22,8.42,,,,,0.7537254184556946,,no_trade,0.0,walk-forward prediction unavailable,data insufficient for model signal
2018-11-23,7.79,,,,,1.0,,no_trade,0.0,walk-forward prediction unavailable,data insufficient for model signal
2018-11-26,7.57,,,,,1.0,,no_trade,0.0,walk-forward prediction unavailable,data insufficient for model signal
2018-11-27,7.59,,,,,0.9985045644457224,,no_trade,0.0,walk-forward prediction unavailable,data insufficient for model signal
2018-11-28,8.14,,,,,1.0,,no_trade,0.0,walk-forward prediction unavailable,data insufficient for model signal
2018-11-29,7.77,,,,,1.0,,no_trade,0.0,walk-forward prediction unavailable,data insufficient for model signal
2018-11-30,7.9,,,,,0.9330420035190837,,no_trade,0.0,walk-forward prediction unavailable,data insufficient for model signal
2018-12-03,8.37,,,,,0.9337965940633213,,no_trade,0.0,walk-forward prediction unavailable,data insufficient for model signal
2018-12-04,8.39,,,,,0.9337270108748096,,no_trade,0.0,walk-forward prediction unavailable,data insufficient for model signal
2018-12-05,8.67,,,,,0.9412010703336985,,no_trade,0.0,walk-forward prediction unavailable,data insufficient for model signal
2018-12-06,8.66,,,,,0.9303954059588085,,no_trade,0.0,walk-forward prediction unavailable,data insufficient for model signal
2018-12-07,8.59,,,,,0.9311403036414874,,no_trade,0.0,walk-forward prediction unavailable,data insufficient for model signal
2018-12-10,8.51,,,,,0.891678817672898,,no_trade,0.0,walk-forward prediction unavailable,data insufficient for model signal
2018-12-11,8.79,,,,,0.8974670096762679,,no_trade,0.0,walk-forward prediction unavailable,data insufficient for model signal
2018-12-12,8.67,,,,,0.8984695479982417,,no_trade,0.0,walk-forward prediction unavailable,data insufficient for model signal
2018-12-13,8.67,,,,,0.8969809206960224,,no_trade,0.0,walk-forward prediction unavailable,data insufficient for model signal
2018-12-14,8.16,,,,,0.9118751641783992,,no_trade,0.0,walk-forward prediction unavailable,data insufficient for model signal
2018-12-17,8.35,,,,,0.8136237480583377,,no_trade,0.0,walk-forward prediction unavailable,data insufficient for model signal
2018-12-18,8.29,,,,,0.7771211004326928,,no_trade,0.0,walk-forward prediction unavailable,data insufficient for model signal
2018-12-19,8.05,,,,,0.7369343708555206,,no_trade,0.0,walk-forward prediction unavailable,data insufficient for model signal
2018-12-20,8.29,,,,,0.6931989594864876,,no_trade,0.0,walk-forward prediction unavailable,data insufficient for model signal
2018-12-21,7.83,,,,,0.7440725685944864,,no_trade,0.0,walk-forward prediction unavailable,data insufficient for model signal
2018-12-24,8.4,,,,,0.775004271611657,,no_trade,0.0,walk-forward prediction unavailable,data insufficient for model signal
2018-12-25,8.52,,,,,0.7755670111195718,,no_trade,0.0,walk-forward prediction unavailable,data insufficient for model signal
2018-12-26,8.12,,,,,0.7593120653924376,,no_trade,0.0,walk-forward prediction unavailable,data insufficient for model signal
2018-12-27,7.87,,,,,0.7488551517661405,,no_trade,0.0,walk-forward prediction unavailable,data insufficient for model signal
2018-12-28,7.71,,,,,0.7909186388005496,,no_trade,0.0,walk-forward prediction unavailable,data insufficient for model signal
2019-01-02,7.49,,,,,0.8377411838040589,,no_trade,0.0,walk-forward prediction unavailable,data insufficient for model signal
2019-01-03,7.23,,,,,0.8511224700572275,,no_trade,0.0,walk-forward prediction unavailable,data insufficient for model signal
2019-01-04,7.55,,,,,0.8598571501403642,,no_trade,0.0,walk-forward prediction unavailable,data insufficient for model signal
2019-01-07,7.89,,,,,0.8817083678096453,,no_trade,0.0,walk-forward prediction unavailable,data insufficient for model signal
2019-01-08,7.81,,,,,0.8818679569350754,,no_trade,0.0,walk-forward prediction unavailable,data insufficient for model signal
2019-01-09,7.93,,,,,0.8848746566480019,,no_trade,0.0,walk-forward prediction unavailable,data insufficient for model signal
2019-01-10,8.03,,,,,0.8757559779329336,,no_trade,0.0,walk-forward prediction unavailable,data insufficient for model signal
2019-01-11,7.93,,,,,0.8755717018078208,,no_trade,0.0,walk-forward prediction unavailable,data insufficient for model signal
2019-01-14,7.78,,,,,0.8771140557836237,,no_trade,0.0,walk-forward prediction unavailable,data insufficient for model signal
2019-01-15,8.05,,,,,0.8598541563324305,,no_trade,0.0,walk-forward prediction unavailable,data insufficient for model signal
2019-01-16,7.84,,,,,0.8596676358084985,,no_trade,0.0,walk-forward prediction unavailable,data insufficient for model signal
2019-01-17,7.61,,,,,0.8657028967989318,,no_trade,0.0,walk-forward prediction unavailable,data insufficient for model signal
2019-01-18,7.88,,,,,0.8719089520600971,,no_trade,0.0,walk-forward prediction unavailable,data insufficient for model signal
2019-01-21,7.94,,,,,0.8640843275537211,,no_trade,0.0,walk-forward prediction unavailable,data insufficient for model signal
2019-01-22,7.07,,,,,0.9444916343895808,,no_trade,0.0,walk-forward prediction unavailable,data insufficient for model signal
2019-01-23,6.92,,,,,0.8982638852492915,,no_trade,0.0,walk-forward prediction unavailable,data insufficient for model signal
2019-01-24,7.26,,,,,0.9135462265120153,,no_trade,0.0,walk-forward prediction unavailable,data insufficient for model signal
2019-01-25,7.15,,,,,0.8783659744061714,,no_trade,0.0,walk-forward prediction unavailable,data insufficient for model signal
2019-01-28,7.26,,,,,0.8762286232321546,,no_trade,0.0,walk-forward prediction unavailable,data insufficient for model signal
2019-01-29,7.22,,,,,0.8739128153565281,,no_trade,0.0,walk-forward prediction unavailable,data insufficient for model signal
2019-01-30,8.17,,,,,0.9711180124223606,,no_trade,0.0,walk-forward prediction unavailable,data insufficient for model signal
2019-01-31,8.03,,,,,0.9711180124223606,,no_trade,0.0,walk-forward prediction unavailable,data insufficient for model signal
2019-02-01,8.92,,,,,0.9711180124223606,,no_trade,0.0,walk-forward prediction unavailable,data insufficient for model signal
2019-02-11,9.34,,,,,0.9711180124223606,,no_trade,0.0,walk-forward prediction unavailable,data insufficient for model signal
2019-02-12,9.36,,,,,0.9711180124223606,,no_trade,0.0,walk-forward prediction unavailable,data insufficient for model signal
2019-02-13,9.53,,,,,0.9711180124223606,,no_trade,0.0,walk-forward prediction unavailable,data insufficient for model signal
2019-02-14,10.04,,,,,0.9711180124223606,,no_trade,0.0,walk-forward prediction unavailable,data insufficient for model signal
2019-02-15,9.79,,,,,0.9711180124223606,,no_trade,0.0,walk-forward prediction unavailable,data insufficient for model signal
2019-02-18,10.3,,,,,0.9711180124223606,,no_trade,0.0,walk-forward prediction unavailable,data insufficient for model signal
2019-02-19,9.82,,,,,0.935390428211587,,no_trade,0.0,walk-forward prediction unavailable,data insufficient for model signal
2019-02-20,9.94,,,,,0.935390428211587,,no_trade,0.0,walk-forward prediction unavailable,data insufficient for model signal
2019-02-21,9.79,,,,,0.935390428211587,,no_trade,0.0,walk-forward prediction unavailable,data insufficient for model signal
2019-02-22,10.87,,,,,0.935390428211587,,no_trade,0.0,walk-forward prediction unavailable,data insufficient for model signal
2019-02-25,11.91,,,,,0.6985436893203888,,no_trade,0.0,walk-forward prediction unavailable,data insufficient for model signal
2019-02-26,11.54,,,,,0.6985436893203888,,no_trade,0.0,walk-forward prediction unavailable,data insufficient for model signal
2019-02-27,10.97,,,,,0.7867758186397984,,no_trade,0.0,walk-forward prediction unavailable,data insufficient for model signal
2019-02-28,11.11,,,,,0.7867758186397984,,no_trade,0.0,walk-forward prediction unavailable,data insufficient for model signal
2019-03-01,11.84,,,,,0.7867758186397984,,no_trade,0.0,walk-forward prediction unavailable,data insufficient for model signal
2019-03-04,12.2,,,,,0.7867758186397984,,no_trade,0.0,walk-forward prediction unavailable,data insufficient for model signal
2019-03-05,13.37,,,,,0.7867758186397984,,no_trade,0.0,walk-forward prediction unavailable,data insufficient for model signal
2019-03-06,13.26,,,,,0.7867758186397984,,no_trade,0.0,walk-forward prediction unavailable,data insufficient for model signal
2019-03-07,12.8,,,,,0.7867758186397984,,no_trade,0.0,walk-forward prediction unavailable,data insufficient for model signal
2019-03-08,12.54,,,,,0.7867758186397984,,no_trade,0.0,walk-forward prediction unavailable,data insufficient for model signal
2019-03-11,13.26,,,,,0.7867758186397984,,no_trade,0.0,walk-forward prediction unavailable,data insufficient for model signal
2019-03-12,13.17,,,,,0.7867758186397984,,no_trade,0.0,walk-forward prediction unavailable,data insufficient for model signal
2019-03-13,12.6,,,,,0.7867758186397984,,no_trade,0.0,walk-forward prediction unavailable,data insufficient for model signal
2019-03-14,12.2,,,,,0.812528047868362,,no_trade,0.0,walk-forward prediction unavailable,data insufficient for model signal
2019-03-15,12.46,,,,,0.812528047868362,,no_trade,0.0,walk-forward prediction unavailable,data insufficient for model signal
2019-03-18,12.51,,,,,0.812528047868362,,no_trade,0.0,walk-forward prediction unavailable,data insufficient for model signal
2019-03-19,13.99,,,,,0.812528047868362,,no_trade,0.0,walk-forward prediction unavailable,data insufficient for model signal
2019-03-20,13.32,,,,,0.812528047868362,,no_trade,0.0,walk-forward prediction unavailable,data insufficient for model signal
2019-03-21,13.51,,,,,0.812528047868362,,no_trade,0.0,walk-forward prediction unavailable,data insufficient for model signal
2019-03-22,13.15,,,,,0.812528047868362,,no_trade,0.0,walk-forward prediction unavailable,data insufficient for model signal
2019-03-25,12.73,,,,,0.8201929949964262,,no_trade,0.0,walk-forward prediction unavailable,data insufficient for model signal
2019-03-26,11.72,,,,,1.0,,no_trade,0.0,walk-forward prediction unavailable,data insufficient for model signal
2019-03-27,11.66,,,,,1.0,,no_trade,0.0,walk-forward prediction unavailable,data insufficient for model signal
2019-03-28,11.53,,,,,1.0,,no_trade,0.0,walk-forward prediction unavailable,data insufficient for model signal
2019-03-29,12.03,,,,,1.0,,no_trade,0.0,walk-forward prediction unavailable,data insufficient for model signal
2019-04-01,12.67,,,,,1.0,,no_trade,0.0,walk-forward prediction unavailable,data insufficient for model signal
2019-04-02,12.54,,,,,0.9730497417650157,,no_trade,0.0,walk-forward prediction unavailable,data insufficient for model signal
2019-04-03,12.42,,,,,0.973159946095401,,no_trade,0.0,walk-forward prediction unavailable,data insufficient for model signal
2019-04-04,12.36,,,,,0.965464067227559,,no_trade,0.0,walk-forward prediction unavailable,data insufficient for model signal
2019-04-08,11.58,,,,,0.9907251284685159,,no_trade,0.0,walk-forward prediction unavailable,data insufficient for model signal
2019-04-09,11.48,,,,,0.9640766724762861,,no_trade,0.0,walk-forward prediction unavailable,data insufficient for model signal
2019-04-10,11.55,,,,,0.9652961315481543,,no_trade,0.0,walk-forward prediction unavailable,data insufficient for model signal
2019-04-11,11.29,,,,,0.9566692251475759,,no_trade,0.0,walk-forward prediction unavailable,data insufficient for model signal
2019-04-12,11.46,,,,,0.9536337134316983,,no_trade,0.0,walk-forward prediction unavailable,data insufficient for model signal
2019-04-15,11.09,,,,,0.9547432206356519,,no_trade,0.0,walk-forward prediction unavailable,data insufficient for model signal
2019-04-16,11.41,,,,,0.9624385221423848,,no_trade,0.0,walk-forward prediction unavailable,data insufficient for model signal
2019-04-17,11.59,,,,,0.8512187546740189,,no_trade,0.0,walk-forward prediction unavailable,data insufficient for model signal
2019-04-18,11.76,,,,,0.8398770128351343,,no_trade,0.0,walk-forward prediction unavailable,data insufficient for model signal
2019-04-19,11.69,,,,,0.8356778357452483,,no_trade,0.0,walk-forward prediction unavailable,data insufficient for model signal
2019-04-22,11.37,,,,,0.7724575543395611,,no_trade,0.0,walk-forward prediction unavailable,data insufficient for model signal
2019-04-23,10.96,,,,,0.7931023844462166,,no_trade,0.0,walk-forward prediction unavailable,data insufficient for model signal
2019-04-24,11.16,,,,,0.7359279133624134,,no_trade,0.0,walk-forward prediction unavailable,data insufficient for model signal
2019-04-25,10.44,,,,,0.8227484949954726,,no_trade,0.0,walk-forward prediction unavailable,data insufficient for model signal
2019-04-26,10.53,,,,,0.8242200062974778,,no_trade,0.0,walk-forward prediction unavailable,data insufficient for model signal
2019-04-29,10.55,,,,,0.8010628472525323,,no_trade,0.0,walk-forward prediction unavailable,data insufficient for model signal
2019-04-30,10.49,,,,,0.7607132176591664,,no_trade,0.0,walk-forward prediction unavailable,data insufficient for model signal
2019-05-06,9.21,,,,,0.8971853774278586,,no_trade,0.0,walk-forward prediction unavailable,data insufficient for model signal
2019-05-07,8.98,,,,,0.8976116969096466,,no_trade,0.0,walk-forward prediction unavailable,data insufficient for model signal
2019-05-08,9.1,,,,,0.9036112592364433,,no_trade,0.0,walk-forward prediction unavailable,data insufficient for model signal
2019-05-09,9.69,,,,,0.9260845971496329,,no_trade,0.0,walk-forward prediction unavailable,data insufficient for model signal
2019-05-10,10.12,,,,,0.9460798607409142,,no_trade,0.0,walk-forward prediction unavailable,data insufficient for model signal
2019-05-13,9.57,,,,,0.9617357329803771,,no_trade,0.0,walk-forward prediction unavailable,data insufficient for model signal
2019-05-14,9.49,,,,,0.9603622679237005,,no_trade,0.0,walk-forward prediction unavailable,data insufficient for model signal
2019-05-15,9.91,,,,,0.9755353991300695,,no_trade,0.0,walk-forward prediction unavailable,data insufficient for model signal
2019-05-16,9.75,,,,,0.9713585643466378,,no_trade,0.0,walk-forward prediction unavailable,data insufficient for model signal
2019-05-17,9.54,,,,,0.9633610437873799,,no_trade,0.0,walk-forward prediction unavailable,data insufficient for model signal
2019-05-20,9.69,,,,,0.9633426083607854,,no_trade,0.0,walk-forward prediction unavailable,data insufficient for model signal
2019-05-21,9.7,,,,,0.9599677796478081,,no_trade,0.0,walk-forward prediction unavailable,data insufficient for model signal
2019-05-22,9.73,,,,,0.9610229126950722,,no_trade,0.0,walk-forward prediction unavailable,data insufficient for model signal
2019-05-23,9.79,,,,,0.9597947389330825,,no_trade,0.0,walk-forward prediction unavailable,data insufficient for model signal
2019-05-24,9.13,,,,,0.9811288177641773,,no_trade,0.0,walk-forward prediction unavailable,data insufficient for model signal
2019-05-27,9.92,,,,,0.9964454976303319,,no_trade,0.0,walk-forward prediction unavailable,data insufficient for model signal
2019-05-28,9.83,,,,,0.9964454976303319,,no_trade,0.0,walk-forward prediction unavailable,data insufficient for model signal
2019-05-29,9.72,,,,,0.9964454976303319,,no_trade,0.0,walk-forward prediction unavailable,data insufficient for model signal
2019-05-30,9.42,,,,,0.9818398474737844,,no_trade,0.0,walk-forward prediction unavailable,data insufficient for model signal
2019-05-31,10.25,,,,,0.8434782608695649,,no_trade,0.0,walk-forward prediction unavailable,data insufficient for model signal
2019-06-03,10.13,,,,,0.7862744683894629,,no_trade,0.0,walk-forward prediction unavailable,data insufficient for model signal
2019-06-04,9.91,,,,,0.7848342762510949,,no_trade,0.0,walk-forward prediction unavailable,data insufficient for model signal
2019-06-05,10.19,,,,,0.7882103034774767,,no_trade,0.0,walk-forward prediction unavailable,data insufficient for model signal
2019-06-06,9.64,,,,,0.7864780404454859,,no_trade,0.0,walk-forward prediction unavailable,data insufficient for model signal
2019-06-10,9.84,,,,,0.717615773341573,,no_trade,0.0,walk-forward prediction unavailable,data insufficient for model signal
2019-06-11,10.28,,,,,0.7064271302994046,,no_trade,0.0,walk-forward prediction unavailable,data insufficient for model signal
2019-06-12,10.44,,,,,0.7061811804585926,,no_trade,0.0,walk-forward prediction unavailable,data insufficient for model signal
2019-06-13,10.23,,,,,0.6638220290529878,,no_trade,0.0,walk-forward prediction unavailable,data insufficient for model signal
2019-06-14,9.82,,,,,0.6754565184746958,,no_trade,0.0,walk-forward prediction unavailable,data insufficient for model signal
2019-06-17,9.66,,,,,0.6956910630265141,,no_trade,0.0,walk-forward prediction unavailable,data insufficient for model signal
2019-06-18,9.79,,,,,0.6951986038242731,,no_trade,0.0,walk-forward prediction unavailable,data insufficient for model signal
2019-06-19,10.02,,,,,0.6990735504944777,,no_trade,0.0,walk-forward prediction unavailable,data insufficient for model signal
2019-06-20,10.28,,,,,0.7033648464219138,,no_trade,0.0,walk-forward prediction unavailable,data insufficient for model signal
2019-06-21,10.91,,,,,0.7266794853944839,,no_trade,0.0,walk-forward prediction unavailable,data insufficient for model signal
2019-06-24,10.77,,,,,0.6841360145468152,,no_trade,0.0,walk-forward prediction unavailable,data insufficient for model signal
2019-06-25,10.8,,,,,0.6336633519800896,,no_trade,0.0,walk-forward prediction unavailable,data insufficient for model signal
2019-06-26,10.6,,,,,0.6367807760868198,,no_trade,0.0,walk-forward prediction unavailable,data insufficient for model signal
2019-06-27,10.66,,,,,0.6346348875897667,,no_trade,0.0,walk-forward prediction unavailable,data insufficient for model signal
2019-06-28,10.48,,,,,0.6269639523182147,,no_trade,0.0,walk-forward prediction unavailable,data insufficient for model signal
2019-07-01,10.93,,,,,0.5775748200652117,,no_trade,0.0,walk-forward prediction unavailable,data insufficient for model signal
2019-07-02,10.57,,,,,0.5890016022414757,,no_trade,0.0,walk-forward prediction unavailable,data insufficient for model signal
2019-07-03,10.35,,,,,0.5885542437056785,,no_trade,0.0,walk-forward prediction unavailable,data insufficient for model signal
2019-07-04,10.24,,,,,0.582675789502867,,no_trade,0.0,walk-forward prediction unavailable,data insufficient for model signal
2019-07-05,10.28,,,,,0.5468356755618126,,no_trade,0.0,walk-forward prediction unavailable,data insufficient for model signal
2019-07-08,9.64,,,,,0.719079508554994,,no_trade,0.0,walk-forward prediction unavailable,data insufficient for model signal
2019-07-09,9.66,,,,,0.6971202263913616,,no_trade,0.0,walk-forward prediction unavailable,data insufficient for model signal
2019-07-10,9.49,,,,,0.7362722858735586,,no_trade,0.0,walk-forward prediction unavailable,data insufficient for model signal
2019-07-11,9.61,,,,,0.7363233925773864,,no_trade,0.0,walk-forward prediction unavailable,data insufficient for model signal
2019-07-12,9.86,,,,,0.7272358341862646,,no_trade,0.0,walk-forward prediction unavailable,data insufficient for model signal
2019-07-15,10.07,,,,,0.7282322248729187,,no_trade,0.0,walk-forward prediction unavailable,data insufficient for model signal
2019-07-16,9.93,,,,,0.7292805309791978,,no_trade,0.0,walk-forward prediction unavailable,data insufficient for model signal
2019-07-17,9.95,,,,,0.7233292162311786,,no_trade,0.0,walk-forward prediction unavailable,data insufficient for model signal
2019-07-18,9.66,,,,,0.723643763559048,,no_trade,0.0,walk-forward prediction unavailable,data insufficient for model signal
2019-07-19,9.7,,,,,0.6742315475451479,,no_trade,0.0,walk-forward prediction unavailable,data insufficient for model signal
2019-07-22,9.42,,,,,0.6998662433610447,,no_trade,0.0,walk-forward prediction unavailable,data insufficient for model signal
2019-07-23,9.41,,,,,0.7018401884791925,,no_trade,0.0,walk-forward prediction unavailable,data insufficient for model signal
2019-07-24,9.62,,,,,0.7098142239198835,,no_trade,0.0,walk-forward prediction unavailable,data insufficient for model signal
2019-07-25,9.87,,,,,0.719857893639797,,no_trade,0.0,walk-forward prediction unavailable,data insufficient for model signal
2019-07-26,10.28,,,,,0.7395103479326428,,no_trade,0.0,walk-forward prediction unavailable,data insufficient for model signal
2019-07-29,10.61,,,,,0.6421987667620639,,no_trade,0.0,walk-forward prediction unavailable,data insufficient for model signal
2019-07-30,10.91,,,,,0.5812217111854179,,no_trade,0.0,walk-forward prediction unavailable,data insufficient for model signal
2019-07-31,10.91,,,,,0.5561567173776937,,no_trade,0.0,walk-forward prediction unavailable,data insufficient for model signal
2019-08-01,10.99,,,,,0.5540269122292822,,no_trade,0.0,walk-forward prediction unavailable,data insufficient for model signal
2019-08-02,11.09,,,,,0.497120731719956,,no_trade,0.0,walk-forward prediction unavailable,data insufficient for model signal
2019-08-05,10.88,,,,,0.43920817220098674,,no_trade,0.0,walk-forward prediction unavailable,data insufficient for model signal
2019-08-06,10.76,,,,,0.4433195844868537,,no_trade,0.0,walk-forward prediction unavailable,data insufficient for model signal
2019-08-07,10.45,,,,,0.4530662688658349,,no_trade,0.0,walk-forward prediction unavailable,data insufficient for model signal
2019-08-08,10.47,,,,,0.4522311461193117,,no_trade,0.0,walk-forward prediction unavailable,data insufficient for model signal
2019-08-09,10.35,,,,,0.45170840070330254,,no_trade,0.0,walk-forward prediction unavailable,data insufficient for model signal
2019-08-12,11.0,,,,,0.4927944480226027,,no_trade,0.0,walk-forward prediction unavailable,data insufficient for model signal
2019-08-13,10.98,,,,,0.48884053106301656,,no_trade,0.0,walk-forward prediction unavailable,data insufficient for model signal
2019-08-14,10.86,,,,,0.4919154905661629,,no_trade,0.0,walk-forward prediction unavailable,data insufficient for model signal
2019-08-15,11.44,,,,,0.5017969745714084,,no_trade,0.0,walk-forward prediction unavailable,data insufficient for model signal
2019-08-16,11.34,,,,,0.5051222494884121,,no_trade,0.0,walk-forward prediction unavailable,data insufficient for model signal
2019-08-19,12.21,,,,,0.5339057841071229,,no_trade,0.0,walk-forward prediction unavailable,data insufficient for model signal
2019-08-20,12.23,,,,,0.5331346945324927,,no_trade,0.0,walk-forward prediction unavailable,data insufficient for model signal
2019-08-21,12.55,,,,,0.534039588197101,,no_trade,0.0,walk-forward prediction unavailable,data insufficient for model signal
2019-08-22,12.41,,,,,0.5382639651262969,,no_trade,0.0,walk-forward prediction unavailable,data insufficient for model signal
2019-08-23,12.09,,,,,0.5419221227545472,,no_trade,0.0,walk-forward prediction unavailable,data insufficient for model signal
2019-08-26,11.87,,,,,0.5421882085196834,,no_trade,0.0,walk-forward prediction unavailable,data insufficient for model signal
2019-08-27,11.87,,,,,0.5366460572385191,,no_trade,0.0,walk-forward prediction unavailable,data insufficient for model signal
2019-08-28,11.74,,,,,0.5389477651227854,,no_trade,0.0,walk-forward prediction unavailable,data insufficient for model signal
2019-08-29,11.56,,,,,0.5789992476628665,,no_trade,0.0,walk-forward prediction unavailable,data insufficient for model signal
2019-08-30,11.34,,,,,0.6358187573900783,,no_trade,0.0,walk-forward prediction unavailable,data insufficient for model signal
2019-09-02,11.75,,,,,0.6424886025742167,,no_trade,0.0,walk-forward prediction unavailable,data insufficient for model signal
2019-09-03,11.8,,,,,0.6399983677614747,,no_trade,0.0,walk-forward prediction unavailable,data insufficient for model signal
2019-09-04,12.03,,,,,0.6286613474166931,,no_trade,0.0,walk-forward prediction unavailable,data insufficient for model signal
2019-09-05,12.05,,,,,0.6286903191701168,,no_trade,0.0,walk-forward prediction unavailable,data insufficient for model signal
2019-09-06,12.05,,,,,0.6253563500949402,,no_trade,0.0,walk-forward prediction unavailable,data insufficient for model signal
2019-09-09,12.44,,,,,0.5988004503226947,,no_trade,0.0,walk-forward prediction unavailable,data insufficient for model signal
2019-09-10,12.02,,,,,0.6166649929305523,,no_trade,0.0,walk-forward prediction unavailable,data insufficient for model signal
2019-09-11,11.69,,,,,0.6255826238729166,,no_trade,0.0,walk-forward prediction unavailable,data insufficient for model signal
2019-09-12,11.81,,,,,0.5980002174474728,,no_trade,0.0,walk-forward prediction unavailable,data insufficient for model signal
2019-09-16,11.69,,,,,0.5983831486290939,,no_trade,0.0,walk-forward prediction unavailable,data insufficient for model signal
2019-09-17,11.19,,,,,0.5830368456612954,,no_trade,0.0,walk-forward prediction unavailable,data insufficient for model signal
2019-09-18,11.29,,,,,0.5850153438713492,,no_trade,0.0,walk-forward prediction unavailable,data insufficient for model signal
2019-09-19,11.53,,,,,0.5575393016391221,,no_trade,0.0,walk-forward prediction unavailable,data insufficient for model signal
2019-09-20,11.79,,,,,0.5661355498302754,,no_trade,0.0,walk-forward prediction unavailable,data insufficient for model signal
2019-09-23,12.28,,,,,0.5811568753213407,,no_trade,0.0,walk-forward prediction unavailable,data insufficient for model signal
2019-09-24,12.29,,,,,0.575969937775233,,no_trade,0.0,walk-forward prediction unavailable,data insufficient for model signal
2019-09-25,12.61,,,,,0.583197657019164,,no_trade,0.0,walk-forward prediction unavailable,data insufficient for model signal
2019-09-26,11.97,,,,,0.6176222647233898,,no_trade,0.0,walk-forward prediction unavailable,data insufficient for model signal
2019-09-27,13.07,,,,,0.6892950121719972,,no_trade,0.0,walk-forward prediction unavailable,data insufficient for model signal
2019-09-30,12.68,,,,,0.6957729949225663,,no_trade,0.0,walk-forward prediction unavailable,data insufficient for model signal
2019-10-08,12.52,,,,,0.6892994534900249,,no_trade,0.0,walk-forward prediction unavailable,data insufficient for model signal
2019-10-09,13.14,,,,,0.7075599791821816,,no_trade,0.0,walk-forward prediction unavailable,data insufficient for model signal
2019-10-10,13.42,,,,,0.7080435901157672,,no_trade,0.0,walk-forward prediction unavailable,data insufficient for model signal
2019-10-11,12.9,,,,,0.7253512855199824,,no_trade,0.0,walk-forward prediction unavailable,data insufficient for model signal
2019-10-14,13.28,,,,,0.7306291982809431,,no_trade,0.0,walk-forward prediction unavailable,data insufficient for model signal
2019-10-15,12.89,,,,,0.638793404275446,,no_trade,0.0,walk-forward prediction unavailable,data insufficient for model signal
2019-10-16,12.96,,,,,0.5771062981691418,,no_trade,0.0,walk-forward prediction unavailable,data insufficient for model signal
2019-10-17,12.54,,,,,0.6194153825905507,,no_trade,0.0,walk-forward prediction unavailable,data insufficient for model signal
2019-10-18,11.92,,,,,0.7813056079682514,,no_trade,0.0,walk-forward prediction unavailable,data insufficient for model signal
2019-10-21,12.08,,,,,0.7815059392612128,,no_trade,0.0,walk-forward prediction unavailable,data insufficient for model signal
2019-10-22,12.21,,,,,0.7633685048784845,,no_trade,0.0,walk-forward prediction unavailable,data insufficient for model signal
2019-10-23,11.97,,,,,0.767919537052159,,no_trade,0.0,walk-forward prediction unavailable,data insufficient for model signal
2019-10-24,12.09,,,,,0.7654573683120747,,no_trade,0.0,walk-forward prediction unavailable,data insufficient for model signal
2019-10-25,11.88,,,,,0.7736983779494957,,no_trade,0.0,walk-forward prediction unavailable,data insufficient for model signal
2019-10-28,12.12,,,,,0.7625632948707688,,no_trade,0.0,walk-forward prediction unavailable,data insufficient for model signal
2019-10-29,12.33,,,,,0.7652553780437719,,no_trade,0.0,walk-forward prediction unavailable,data insufficient for model signal
2019-10-30,12.7,,,,,0.7671272256663424,,no_trade,0.0,walk-forward prediction unavailable,data insufficient for model signal
2019-10-31,12.49,,,,,0.744225924989302,,no_trade,0.0,walk-forward prediction unavailable,data insufficient for model signal
2019-11-01,12.73,,,,,0.6688573048375717,,no_trade,0.0,walk-forward prediction unavailable,data insufficient for model signal
2019-11-04,12.61,,,,,0.6595804196674109,,no_trade,0.0,walk-forward prediction unavailable,data insufficient for model signal
2019-11-05,13.06,,,,,0.6709881674312139,,no_trade,0.0,walk-forward prediction unavailable,data insufficient for model signal
2019-11-06,12.89,,,,,0.6461085723401115,,no_trade,0.0,walk-forward prediction unavailable,data insufficient for model signal
2019-11-07,13.02,,,,,0.6134830044850333,,no_trade,0.0,walk-forward prediction unavailable,data insufficient for model signal
2019-11-08,12.88,,,,,0.5953487275281932,,no_trade,0.0,walk-forward prediction unavailable,data insufficient for model signal
2019-11-11,12.69,,,,,0.5192055463796121,,no_trade,0.0,walk-forward prediction unavailable,data insufficient for model signal
2019-11-12,12.6,,,,,0.5084410005364395,,no_trade,0.0,walk-forward prediction unavailable,data insufficient for model signal
2019-11-13,12.79,,,,,0.4193790656735531,,no_trade,0.0,walk-forward prediction unavailable,data insufficient for model signal
2019-11-14,12.98,,,,,0.3536838479198754,,no_trade,0.0,walk-forward prediction unavailable,data insufficient for model signal
2019-11-15,12.5,,,,,0.3577991969617865,,no_trade,0.0,walk-forward prediction unavailable,data insufficient for model signal
2019-11-18,12.35,,,,,0.3931728063774156,,no_trade,0.0,walk-forward prediction unavailable,data insufficient for model signal
2019-11-19,12.48,,,,,0.3931010892980811,,no_trade,0.0,walk-forward prediction unavailable,data insufficient for model signal
2019-11-20,12.21,,,,,0.42669299864271937,,no_trade,0.0,walk-forward prediction unavailable,data insufficient for model signal
2019-11-21,11.77,,,,,0.5468455507481349,,no_trade,0.0,walk-forward prediction unavailable,data insufficient for model signal
2019-11-22,11.44,,,,,0.6295090188049779,,no_trade,0.0,walk-forward prediction unavailable,data insufficient for model signal
2019-11-25,11.17,,,,,0.6901996241343047,,no_trade,0.0,walk-forward prediction unavailable,data insufficient for model signal
2019-11-26,11.06,,,,,0.6993278347420514,,no_trade,0.0,walk-forward prediction unavailable,data insufficient for model signal
2019-11-27,11.34,,,,,0.6947962183476963,,no_trade,0.0,walk-forward prediction unavailable,data insufficient for model signal
2019-11-28,11.46,,,,,0.6963759801205368,,no_trade,0.0,walk-forward prediction unavailable,data insufficient for model signal
2019-11-29,11.33,,,,,0.688043150230676,,no_trade,0.0,walk-forward prediction unavailable,data insufficient for model signal
2019-12-02,11.44,,,,,0.6912883303752593,,no_trade,0.0,walk-forward prediction unavailable,data insufficient for model signal
2019-12-03,11.63,,,,,0.6726705482019739,,no_trade,0.0,walk-forward prediction unavailable,data insufficient for model signal
2019-12-04,11.75,,,,,0.6756260371154281,,no_trade,0.0,walk-forward prediction unavailable,data insufficient for model signal
2019-12-05,11.84,,,,,0.6683067337682522,,no_trade,0.0,walk-forward prediction unavailable,data insufficient for model signal
2019-12-06,11.86,,,,,0.6682552201136396,,no_trade,0.0,walk-forward prediction unavailable,data insufficient for model signal
2019-12-09,12.14,,,,,0.6774783456731093,,no_trade,0.0,walk-forward prediction unavailable,data insufficient for model signal
2019-12-10,12.16,,,,,0.6772711877841852,,no_trade,0.0,walk-forward prediction unavailable,data insufficient for model signal
2019-12-11,12.04,,,,,0.6733184421345857,,no_trade,0.0,walk-forward prediction unavailable,data insufficient for model signal
2019-12-12,12.32,,,,,0.580902717415472,,no_trade,0.0,walk-forward prediction unavailable,data insufficient for model signal
2019-12-13,12.32,,,,,0.555123386607947,,no_trade,0.0,walk-forward prediction unavailable,data insufficient for model signal
2019-12-16,12.67,,,,,0.5656395817359496,,no_trade,0.0,walk-forward prediction unavailable,data insufficient for model signal
2019-12-17,12.74,,,,,0.5057164521409059,,no_trade,0.0,walk-forward prediction unavailable,data insufficient for model signal
2019-12-18,12.69,,,,,0.39532058149787364,,no_trade,0.0,walk-forward prediction unavailable,data insufficient for model signal
2019-12-19,13.0,,,,,0.292270246483733,,no_trade,0.0,walk-forward prediction unavailable,data insufficient for model signal
2019-12-20,12.46,,,,,0.3378558357128052,,no_trade,0.0,walk-forward prediction unavailable,data insufficient for model signal
2019-12-23,12.2,,,,,0.39521144676264774,,no_trade,0.0,walk-forward prediction unavailable,data insufficient for model signal
2019-12-24,12.87,,,,,0.4281205324236993,,no_trade,0.0,walk-forward prediction unavailable,data insufficient for model signal
2019-12-25,14.38,,,,,0.5507655866856107,,no_trade,0.0,walk-forward prediction unavailable,data insufficient for model signal
2019-12-26,14.41,,,,,0.5516873016794612,,no_trade,0.0,walk-forward prediction unavailable,data insufficient for model signal
2019-12-27,13.53,,,,,0.5984525398311811,,no_trade,0.0,walk-forward prediction unavailable,data insufficient for model signal
2019-12-30,13.38,,,,,0.631673902830917,,no_trade,0.0,walk-forward prediction unavailable,data insufficient for model signal
2019-12-31,13.51,,,,,0.6310147493341345,,no_trade,0.0,walk-forward prediction unavailable,data insufficient for model signal
2020-01-02,14.06,,,,,0.6398754836640776,,no_trade,0.0,walk-forward prediction unavailable,data insufficient for model signal
2020-01-03,13.99,,,,,0.6414985706731928,,no_trade,0.0,walk-forward prediction unavailable,data insufficient for model signal
2020-01-06,14.31,,,,,0.6426994895717866,,no_trade,0.0,walk-forward prediction unavailable,data insufficient for model signal
2020-01-07,14.95,,,,,0.6510379547210521,,no_trade,0.0,walk-forward prediction unavailable,data insufficient for model signal
2020-01-08,14.54,,,,,0.662356895196643,,no_trade,0.0,walk-forward prediction unavailable,data insufficient for model signal
2020-01-09,14.76,,,,,0.659432252181077,,no_trade,0.0,walk-forward prediction unavailable,data insufficient for model signal
2020-01-10,14.46,,,,,0.6651440177351631,,no_trade,0.0,walk-forward prediction unavailable,data insufficient for model signal
2020-01-13,15.29,,,,,0.6819447756200454,,no_trade,0.0,walk-forward prediction unavailable,data insufficient for model signal
2020-01-14,14.86,,,,,0.6905744290294322,,no_trade,0.0,walk-forward prediction unavailable,data insufficient for model signal
2020-01-15,15.24,,,,,0.6927109416243297,,no_trade,0.0,walk-forward prediction unavailable,data insufficient for model signal
2020-01-16,15.42,,,,,0.6913760117721207,,no_trade,0.0,walk-forward prediction unavailable,data insufficient for model signal
2020-01-17,16.67,,,,,0.7239325060590458,,no_trade,0.0,walk-forward prediction unavailable,data insufficient for model signal
2020-01-20,17.89,,,,,0.7220115885548409,,no_trade,0.0,walk-forward prediction unavailable,data insufficient for model signal
2020-01-21,17.58,,,,,0.7200190755035015,,no_trade,0.0,walk-forward prediction unavailable,data insufficient for model signal
2020-01-22,19.04,,,,,0.7382351323663359,,no_trade,0.0,walk-forward prediction unavailable,data insufficient for model signal
2020-01-23,17.34,,,,,0.8082016120298737,,no_trade,0.0,walk-forward prediction unavailable,data insufficient for model signal
2020-02-03,15.39,,,,,1.0,,no_trade,0.0,walk-forward prediction unavailable,data insufficient for model signal
2020-02-04,17.14,,,,,1.0,,no_trade,0.0,walk-forward prediction unavailable,data insufficient for model signal
2020-02-05,17.29,,,,,1.0,,no_trade,0.0,walk-forward prediction unavailable,data insufficient for model signal
2020-02-06,18.02,,,,,1.0,,no_trade,0.0,walk-forward prediction unavailable,data insufficient for model signal
2020-02-07,18.62,,,,,1.0,,no_trade,0.0,walk-forward prediction unavailable,data insufficient for model signal
2020-02-10,18.41,,,,,1.0,,no_trade,0.0,walk-forward prediction unavailable,data insufficient for model signal
2020-02-11,18.11,,,,,1.0,,no_trade,0.0,walk-forward prediction unavailable,data insufficient for model signal
2020-02-12,19.94,,,,,1.0,,no_trade,0.0,walk-forward prediction unavailable,data insufficient for model signal
2020-02-13,19.41,,,,,1.0,,no_trade,0.0,walk-forward prediction unavailable,data insufficient for model signal
2020-02-14,19.25,,,,,1.0,,no_trade,0.0,walk-forward prediction unavailable,data insufficient for model signal
2020-02-17,19.8,,,,,1.0,,no_trade,0.0,walk-forward prediction unavailable,data insufficient for model signal
2020-02-18,21.43,,,,,1.0,,no_trade,0.0,walk-forward prediction unavailable,data insufficient for model signal
2020-02-19,22.9,,,,,1.0,,no_trade,0.0,walk-forward prediction unavailable,data insufficient for model signal
2020-02-20,25.41,,,,,1.0,,no_trade,0.0,walk-forward prediction unavailable,data insufficient for model signal
2020-02-21,26.19,,,,,1.0,,no_trade,0.0,walk-forward prediction unavailable,data insufficient for model signal
2020-02-24,26.5,,,,,1.0,,no_trade,0.0,walk-forward prediction unavailable,data insufficient for model signal
2020-02-25,26.38,,,,,1.0,,no_trade,0.0,walk-forward prediction unavailable,data insufficient for model signal
2020-02-26,23.52,,,,,1.0,,no_trade,0.0,walk-forward prediction unavailable,data insufficient for model signal
2020-02-27,22.64,,,,,0.9869811320754718,,no_trade,0.0,walk-forward prediction unavailable,data insufficient for model signal
2020-02-28,21.39,,,,,1.0,,no_trade,0.0,walk-forward prediction unavailable,data insufficient for model signal
2020-03-02,21.99,,,,,1.0,,no_trade,0.0,walk-forward prediction unavailable,data insufficient for model signal
2020-03-03,21.8,,,,,1.0,,no_trade,0.0,walk-forward prediction unavailable,data insufficient for model signal
2020-03-04,21.23,,,,,1.0,,no_trade,0.0,walk-forward prediction unavailable,data insufficient for model signal
2020-03-05,21.61,,,,,1.0,,no_trade,0.0,walk-forward prediction unavailable,data insufficient for model signal
2020-03-06,21.17,,,,,1.0,,no_trade,0.0,walk-forward prediction unavailable,data insufficient for model signal
2020-03-09,19.31,,,,,1.0,,no_trade,0.0,walk-forward prediction unavailable,data insufficient for model signal
2020-03-10,20.82,,,,,1.0,,no_trade,0.0,walk-forward prediction unavailable,data insufficient for model signal
2020-03-11,19.78,,,,,1.0,,no_trade,0.0,walk-forward prediction unavailable,data insufficient for model signal
2020-03-12,19.42,,,,,1.0,,no_trade,0.0,walk-forward prediction unavailable,data insufficient for model signal
2020-03-13,21.19,,,,,1.0,,no_trade,0.0,walk-forward prediction unavailable,data insufficient for model signal
2020-03-16,20.41,,,,,1.0,,no_trade,0.0,walk-forward prediction unavailable,data insufficient for model signal
2020-03-17,21.81,,,,,1.0,,no_trade,0.0,walk-forward prediction unavailable,data insufficient for model signal
2020-03-18,21.48,,,,,1.0,,no_trade,0.0,walk-forward prediction unavailable,data insufficient for model signal
2020-03-19,22.86,,,,,1.0,,no_trade,0.0,walk-forward prediction unavailable,data insufficient for model signal
2020-03-20,22.39,,,,,1.0,,no_trade,0.0,walk-forward prediction unavailable,data insufficient for model signal
2020-03-23,19.94,,,,,1.0,,no_trade,0.0,walk-forward prediction unavailable,data insufficient for model signal
2020-03-24,18.86,,,,,1.0,,no_trade,0.0,walk-forward prediction unavailable,data insufficient for model signal
2020-03-25,20.04,,,,,1.0,,no_trade,0.0,walk-forward prediction unavailable,data insufficient for model signal
2020-03-26,19.15,,,,,1.0,,no_trade,0.0,walk-forward prediction unavailable,data insufficient for model signal
2020-03-27,18.39,,,,,1.0,,no_trade,0.0,walk-forward prediction unavailable,data insufficient for model signal
2020-03-30,17.3,,,,,1.0,,no_trade,0.0,walk-forward prediction unavailable,data insufficient for model signal
2020-03-31,16.9,,,,,1.0,,no_trade,0.0,walk-forward prediction unavailable,data insufficient for model signal
2020-04-01,17.09,,,,,1.0,,no_trade,0.0,walk-forward prediction unavailable,data insufficient for model signal
2020-04-02,18.29,,,,,1.0,,no_trade,0.0,walk-forward prediction unavailable,data insufficient for model signal
2020-04-03,17.79,,,,,1.0,,no_trade,0.0,walk-forward prediction unavailable,data insufficient for model signal
2020-04-07,18.19,,,,,1.0,,no_trade,0.0,walk-forward prediction unavailable,data insufficient for model signal
2020-04-08,18.14,,,,,1.0,,no_trade,0.0,walk-forward prediction unavailable,data insufficient for model signal
2020-04-09,18.17,,,,,1.0,,no_trade,0.0,walk-forward prediction unavailable,data insufficient for model signal
2020-04-10,17.77,,,,,1.0,,no_trade,0.0,walk-forward prediction unavailable,data insufficient for model signal
2020-04-13,17.19,,,,,1.0,,no_trade,0.0,walk-forward prediction unavailable,data insufficient for model signal
2020-04-14,17.89,,,,,1.0,,no_trade,0.0,walk-forward prediction unavailable,data insufficient for model signal
2020-04-15,18.04,,,,,0.9979622960074854,,no_trade,0.0,walk-forward prediction unavailable,data insufficient for model signal
2020-04-16,18.27,,,,,1.0,,no_trade,0.0,walk-forward prediction unavailable,data insufficient for model signal
2020-04-17,18.87,,,,,0.9775177162830455,,no_trade,0.0,walk-forward prediction unavailable,data insufficient for model signal
2020-04-20,18.92,,,,,0.9774982312866893,,no_trade,0.0,walk-forward prediction unavailable,data insufficient for model signal
2020-04-21,19.13,,,,,0.8845156363645834,,no_trade,0.0,walk-forward prediction unavailable,data insufficient for model signal
2020-04-22,18.94,,,,,0.8586851737463705,,no_trade,0.0,walk-forward prediction unavailable,data insufficient for model signal
2020-04-23,18.09,,,,,0.741525271388234,,no_trade,0.0,walk-forward prediction unavailable,data insufficient for model signal
2020-04-24,17.83,,,,,0.6165856993712364,,no_trade,0.0,walk-forward prediction unavailable,data insufficient for model signal
2020-04-27,18.12,,,,,0.5658560450906645,,no_trade,0.0,walk-forward prediction unavailable,data insufficient for model signal
2020-04-28,19.25,,,,,0.5592646313452251,,no_trade,0.0,walk-forward prediction unavailable,data insufficient for model signal
2020-04-29,19.74,,,,,0.553421629742539,,no_trade,0.0,walk-forward prediction unavailable,data insufficient for model signal
2020-04-30,21.26,,,,,0.5957393511997221,,no_trade,0.0,walk-forward prediction unavailable,data insufficient for model signal
2020-05-06,21.88,,,,,0.566009088158469,,no_trade,0.0,walk-forward prediction unavailable,data insufficient for model signal
2020-05-07,21.23,,,,,0.5679080878335052,,no_trade,0.0,walk-forward prediction unavailable,data insufficient for model signal
2020-05-08,21.25,,,,,0.5664713826927511,,no_trade,0.0,walk-forward prediction unavailable,data insufficient for model signal
2020-05-11,21.36,,,,,0.5653663497690565,,no_trade,0.0,walk-forward prediction unavailable,data insufficient for model signal
2020-05-12,21.23,,,,,0.5669978420926517,,no_trade,0.0,walk-forward prediction unavailable,data insufficient for model signal
2020-05-13,21.79,,,,,0.5598731154373292,,no_trade,0.0,walk-forward prediction unavailable,data insufficient for model signal
2020-05-14,21.44,,,,,0.5470550679476152,,no_trade,0.0,walk-forward prediction unavailable,data insufficient for model signal
2020-05-15,22.17,,,,,0.5434222689167986,,no_trade,0.0,walk-forward prediction unavailable,data insufficient for model signal
2020-05-18,21.04,,,,,0.5827648586149747,,no_trade,0.0,walk-forward prediction unavailable,data insufficient for model signal
2020-05-19,22.02,,,,,0.5958706413540206,,no_trade,0.0,walk-forward prediction unavailable,data insufficient for model signal
2020-05-20,21.8,,,,,0.5935555782993817,,no_trade,0.0,walk-forward prediction unavailable,data insufficient for model signal
2020-05-21,21.78,,,,,0.5939832211461047,,no_trade,0.0,walk-forward prediction unavailable,data insufficient for model signal
2020-05-22,20.52,,,,,0.6514890417578708,,no_trade,0.0,walk-forward prediction unavailable,data insufficient for model signal
2020-05-25,19.72,,,,,0.7738684173723149,,no_trade,0.0,walk-forward prediction unavailable,data insufficient for model signal
2020-05-26,20.42,,,,,0.7606336757600394,,no_trade,0.0,walk-forward prediction unavailable,data insufficient for model signal
2020-05-27,19.11,,,,,0.8821405861984133,,no_trade,0.0,walk-forward prediction unavailable,data insufficient for model signal
2020-05-28,19.0,,,,,0.8962342523050706,,no_trade,0.0,walk-forward prediction unavailable,data insufficient for model signal
2020-05-29,19.19,,,,,0.8678072541324965,,no_trade,0.0,walk-forward prediction unavailable,data insufficient for model signal
2020-06-01,20.26,,,,,0.8867901489884116,,no_trade,0.0,walk-forward prediction unavailable,data insufficient for model signal
2020-06-02,20.64,,,,,0.8424966212439794,,no_trade,0.0,walk-forward prediction unavailable,data insufficient for model signal
2020-06-03,20.18,,,,,0.8370275907099125,,no_trade,0.0,walk-forward prediction unavailable,data insufficient for model signal
2020-06-04,19.9,,,,,0.8315319850481566,,no_trade,0.0,walk-forward prediction unavailable,data insufficient for model signal
2020-06-05,20.28,,,,,0.8357496996650278,,no_trade,0.0,walk-forward prediction unavailable,data insufficient for model signal
2020-06-08,20.29,,,,,0.8352966171439093,,no_trade,0.0,walk-forward prediction unavailable,data insufficient for model signal
2020-06-09,20.31,,,,,0.8352747983710418,,no_trade,0.0,walk-forward prediction unavailable,data insufficient for model signal
2020-06-10,19.94,,,,,0.8293930573729258,,no_trade,0.0,walk-forward prediction unavailable,data insufficient for model signal
2020-06-11,20.78,,,,,0.8457094944218437,,no_trade,0.0,walk-forward prediction unavailable,data insufficient for model signal
2020-06-12,20.26,,,,,0.820638023204125,,no_trade,0.0,walk-forward prediction unavailable,data insufficient for model signal
2020-06-15,19.58,,,,,0.8074278245983962,,no_trade,0.0,walk-forward prediction unavailable,data insufficient for model signal
2020-06-16,20.32,,,,,0.7740655301509143,,no_trade,0.0,walk-forward prediction unavailable,data insufficient for model signal
2020-06-17,19.91,,,,,0.773831717350864,,no_trade,0.0,walk-forward prediction unavailable,data insufficient for model signal
2020-06-18,20.16,,,,,0.6156799512673128,,no_trade,0.0,walk-forward prediction unavailable,data insufficient for model signal
2020-06-19,20.71,,,,,0.5772584301784226,,no_trade,0.0,walk-forward prediction unavailable,data insufficient for model signal
2020-06-22,21.81,,,,,0.5832251272498687,,no_trade,0.0,walk-forward prediction unavailable,data insufficient for model signal
2020-06-23,21.58,,,,,0.5403007388919312,,no_trade,0.0,walk-forward prediction unavailable,data insufficient for model signal
2020-06-24,22.19,,,,,0.4902617661368589,,no_trade,0.0,walk-forward prediction unavailable,data insufficient for model signal
2020-06-29,22.47,,,,,0.48829430709753346,,no_trade,0.0,walk-forward prediction unavailable,data insufficient for model signal
2020-06-30,22.63,,,,,0.48828028791673017,,no_trade,0.0,walk-forward prediction unavailable,data insufficient for model signal
2020-07-01,22.07,,,,,0.47218678068354175,,no_trade,0.0,walk-forward prediction unavailable,data insufficient for model signal
2020-07-02,22.78,,,,,0.4788191109331394,,no_trade,0.0,walk-forward prediction unavailable,data insufficient for model signal
2020-07-03,23.4,,,,,0.473938540477495,,no_trade,0.0,walk-forward prediction unavailable,data insufficient for model signal
2020-07-06,25.05,,,,,0.5079664813057325,,no_trade,0.0,walk-forward prediction unavailable,data insufficient for model signal
2020-07-07,25.09,,,,,0.5082829452781378,,no_trade,0.0,walk-forward prediction unavailable,data insufficient for model signal
2020-07-08,25.36,,,,,0.5070746322110855,,no_trade,0.0,walk-forward prediction unavailable,data insufficient for model signal
2020-07-09,26.01,,,,,0.5078281844814287,,no_trade,0.0,walk-forward prediction unavailable,data insufficient for model signal
2020-07-10,26.19,,,,,0.4970759595213715,,no_trade,0.0,walk-forward prediction unavailable,data insufficient for model signal
2020-07-13,27.18,,,,,0.42205277516537903,,no_trade,0.0,walk-forward prediction unavailable,data insufficient for model signal
2020-07-14,25.3,,,,,0.5887402162785382,,no_trade,0.0,walk-forward prediction unavailable,data insufficient for model signal
2020-07-15,24.73,,,,,0.642684054929296,,no_trade,0.0,walk-forward prediction unavailable,data insufficient for model signal
2020-07-16,22.29,,,,,0.9254637400469972,,no_trade,0.0,walk-forward prediction unavailable,data insufficient for model signal
2020-07-17,21.56,,,,,0.9317410083485917,,no_trade,0.0,walk-forward prediction unavailable,data insufficient for model signal
2020-07-20,22.39,,,,,0.9397203409715118,,no_trade,0.0,walk-forward prediction unavailable,data insufficient for model signal
2020-07-21,22.61,,,,,0.9361708987044481,,no_trade,0.0,walk-forward prediction unavailable,data insufficient for model signal
2020-07-22,22.4,,,,,0.9186357440310997,,no_trade,0.0,walk-forward prediction unavailable,data insufficient for model signal
2020-07-23,23.09,,,,,0.923510978497172,,no_trade,0.0,walk-forward prediction unavailable,data insufficient for model signal
2020-07-24,21.27,,,,,0.9694181633930801,,no_trade,0.0,walk-forward prediction unavailable,data insufficient for model signal
2020-07-27,21.56,,,,,0.9696363276452826,,no_trade,0.0,walk-forward prediction unavailable,data insufficient for model signal
2020-07-28,22.27,,,,,0.9772848208269811,,no_trade,0.0,walk-forward prediction unavailable,data insufficient for model signal
2020-07-29,22.99,,,,,0.9795043551758631,,no_trade,0.0,walk-forward prediction unavailable,data insufficient for model signal
2020-07-30,22.44,,,,,0.9770713295264433,,no_trade,0.0,walk-forward prediction unavailable,data insufficient for model signal
2020-07-31,22.72,,,,,0.9728063708051466,,no_trade,0.0,walk-forward prediction unavailable,data insufficient for model signal
2020-08-03,23.81,,,,,0.954393252121579,,no_trade,0.0,walk-forward prediction unavailable,data insufficient for model signal
2020-08-04,23.96,,,,,0.9548341913546463,,no_trade,0.0,walk-forward prediction unavailable,data insufficient for model signal
2020-08-05,23.66,,,,,0.9541653173828715,,no_trade,0.0,walk-forward prediction unavailable,data insufficient for model signal
2020-08-06,23.19,,,,,0.9492849256366465,,no_trade,0.0,walk-forward prediction unavailable,data insufficient for model signal
2020-08-07,22.23,,,,,0.9571122608646272,,no_trade,0.0,walk-forward prediction unavailable,data insufficient for model signal
2020-08-10,22.49,,,,,0.9444980560957837,,no_trade,0.0,walk-forward prediction unavailable,data insufficient for model signal
2020-08-11,22.26,,,,,0.8825748771770134,,no_trade,0.0,walk-forward prediction unavailable,data insufficient for model signal
2020-08-12,21.79,,,,,0.734177827887652,,no_trade,0.0,walk-forward prediction unavailable,data insufficient for model signal
2020-08-13,22.04,,,,,0.646124808932609,,no_trade,0.0,walk-forward prediction unavailable,data insufficient for model signal
2020-08-14,23.17,,,,,0.6573101844864482,,no_trade,0.0,walk-forward prediction unavailable,data insufficient for model signal
2020-08-17,23.19,,,,,0.645223114960656,,no_trade,0.0,walk-forward prediction unavailable,data insufficient for model signal
2020-08-18,23.01,,,,,0.6453366793750994,,no_trade,0.0,walk-forward prediction unavailable,data insufficient for model signal
2020-08-19,22.36,,,,,0.6527522100156182,,no_trade,0.0,walk-forward prediction unavailable,data insufficient for model signal
2020-08-20,21.5,,,,,0.6926085266810424,,no_trade,0.0,walk-forward prediction unavailable,data insufficient for model signal
2020-08-21,21.65,,,,,0.6237837211626078,,no_trade,0.0,walk-forward prediction unavailable,data insufficient for model signal
2020-08-24,23.81,,,,,0.7109147864936844,,no_trade,0.0,walk-forward prediction unavailable,data insufficient for model signal
2020-08-25,23.54,,,,,0.7054943028170677,,no_trade,0.0,walk-forward prediction unavailable,data insufficient for model signal
2020-08-26,21.99,,,,,0.738700757050508,,no_trade,0.0,walk-forward prediction unavailable,data insufficient for model signal
2020-08-27,24.27,,,,,0.8102569761328777,,no_trade,0.0,walk-forward prediction unavailable,data insufficient for model signal
2020-08-28,24.87,,,,,0.8127874011402828,,no_trade,0.0,walk-forward prediction unavailable,data insufficient for model signal
2020-08-31,23.95,,,,,0.8100574241923787,,no_trade,0.0,walk-forward prediction unavailable,data insufficient for model signal
2020-09-01,23.98,,,,,0.7756547624229284,,no_trade,0.0,walk-forward prediction unavailable,data insufficient for model signal
2020-09-02,23.86,,,,,0.7300687872118818,,no_trade,0.0,walk-forward prediction unavailable,data insufficient for model signal
2020-09-03,23.14,,,,,0.7340768020529546,,no_trade,0.0,walk-forward prediction unavailable,data insufficient for model signal
2020-09-04,23.59,,,,,0.7221529902683801,,no_trade,0.0,walk-forward prediction unavailable,data insufficient for model signal
2020-09-07,24.94,,,,,0.7415010692621863,,no_trade,0.0,walk-forward prediction unavailable,data insufficient for model signal
2020-09-08,25.84,,,,,0.7456669768793658,,no_trade,0.0,walk-forward prediction unavailable,data insufficient for model signal
2020-09-09,23.66,,,,,0.8030959752321982,,no_trade,0.0,walk-forward prediction unavailable,data insufficient for model signal
2020-09-10,24.63,,,,,0.8030959752321982,,no_trade,0.0,walk-forward prediction unavailable,data insufficient for model signal
2020-09-11,27.04,,,,,0.8030959752321982,,no_trade,0.0,walk-forward prediction unavailable,data insufficient for model signal
2020-09-14,28.8,,,,,0.8030959752321982,,no_trade,0.0,walk-forward prediction unavailable,data insufficient for model signal
2020-09-15,28.46,,,,,0.8030959752321982,,no_trade,0.0,walk-forward prediction unavailable,data insufficient for model signal
2020-09-16,27.83,,,,,0.8030959752321982,,no_trade,0.0,walk-forward prediction unavailable,data insufficient for model signal
2020-09-17,30.66,,,,,0.8030959752321982,,no_trade,0.0,walk-forward prediction unavailable,data insufficient for model signal
2020-09-18,30.04,,,,,0.8030959752321982,,no_trade,0.0,walk-forward prediction unavailable,data insufficient for model signal
2020-09-21,30.5,,,,,0.8030959752321982,,no_trade,0.0,walk-forward prediction unavailable,data insufficient for model signal
2020-09-22,28.29,,,,,0.8030959752321982,,no_trade,0.0,walk-forward prediction unavailable,data insufficient for model signal
2020-09-23,30.19,,,,,0.8030959752321982,,no_trade,0.0,walk-forward prediction unavailable,data insufficient for model signal
2020-09-24,28.13,,,,,0.8030959752321982,,no_trade,0.0,walk-forward prediction unavailable,data insufficient for model signal
2020-09-25,27.7,,,,,0.839628180039139,,no_trade,0.0,walk-forward prediction unavailable,data insufficient for model signal
2020-09-28,28.35,,,,,0.839628180039139,,no_trade,0.0,walk-forward prediction unavailable,data insufficient for model signal
2020-09-29,28.09,,,,,0.839628180039139,,no_trade,0.0,walk-forward prediction unavailable,data insufficient for model signal
2020-09-30,28.54,,,,,0.839628180039139,,no_trade,0.0,walk-forward prediction unavailable,data insufficient for model signal
2020-10-09,29.81,,,,,0.839628180039139,,no_trade,0.0,walk-forward prediction unavailable,data insufficient for model signal
2020-10-12,30.72,,,,,0.839628180039139,,no_trade,0.0,walk-forward prediction unavailable,data insufficient for model signal
2020-10-13,32.31,,,,,0.839628180039139,,no_trade,0.0,walk-forward prediction unavailable,data insufficient for model signal
2020-10-14,31.69,,,,,0.839628180039139,,no_trade,0.0,walk-forward prediction unavailable,data insufficient for model signal
2020-10-15,30.81,,,,,0.839628180039139,,no_trade,0.0,walk-forward prediction unavailable,data insufficient for model signal
2020-10-16,29.05,,,,,0.8526926648096566,,no_trade,0.0,walk-forward prediction unavailable,data insufficient for model signal
2020-10-19,28.01,,,,,0.9492571959145777,,no_trade,0.0,walk-forward prediction unavailable,data insufficient for model signal
2020-10-20,28.63,,,,,0.935095305888666,,no_trade,0.0,walk-forward prediction unavailable,data insufficient for model signal
2020-10-21,26.99,,,,,1.0,,no_trade,0.0,walk-forward prediction unavailable,data insufficient for model signal
2020-10-22,26.99,,,,,1.0,,no_trade,0.0,walk-forward prediction unavailable,data insufficient for model signal
2020-10-23,26.2,,,,,0.9354283827197377,,no_trade,0.0,walk-forward prediction unavailable,data insufficient for model signal
2020-10-26,26.77,,,,,0.9401548482916093,,no_trade,0.0,walk-forward prediction unavailable,data insufficient for model signal
2020-10-27,26.97,,,,,0.9381093591117418,,no_trade,0.0,walk-forward prediction unavailable,data insufficient for model signal
2020-10-28,27.56,,,,,0.9026418835842639,,no_trade,0.0,walk-forward prediction unavailable,data insufficient for model signal
2020-10-29,27.42,,,,,0.8626928382958893,,no_trade,0.0,walk-forward prediction unavailable,data insufficient for model signal
2020-10-30,26.89,,,,,0.8222278931205036,,no_trade,0.0,walk-forward prediction unavailable,data insufficient for model signal
2020-11-02,27.88,,,,,0.8337814468685918,,no_trade,0.0,walk-forward prediction unavailable,data insufficient for model signal
2020-11-03,27.92,,,,,0.8284358073337279,,no_trade,0.0,walk-forward prediction unavailable,data insufficient for model signal
2020-11-04,26.87,,,,,0.8410316482768814,,no_trade,0.0,walk-forward prediction unavailable,data insufficient for model signal
2020-11-05,28.57,,,,,0.8741044943590975,,no_trade,0.0,walk-forward prediction unavailable,data insufficient for model signal
2020-11-06,27.96,,,,,0.8594550385013684,,no_trade,0.0,walk-forward prediction unavailable,data insufficient for model signal
2020-11-09,29.72,,,,,0.8857266593477533,,no_trade,0.0,walk-forward prediction unavailable,data insufficient for model signal
2020-11-10,30.01,,,,,0.8622066172137441,,no_trade,0.0,walk-forward prediction unavailable,data insufficient for model signal
2020-11-11,28.55,,,,,0.877435221135822,,no_trade,0.0,walk-forward prediction unavailable,data insufficient for model signal
2020-11-12,27.46,,,,,0.7281072292318593,,no_trade,0.0,walk-forward prediction unavailable,data insufficient for model signal
2020-11-13,27.45,,,,,0.6634433018305981,,no_trade,0.0,walk-forward prediction unavailable,data insufficient for model signal
2020-11-16,26.57,,,,,0.7491512352950739,,no_trade,0.0,walk-forward prediction unavailable,data insufficient for model signal
2020-11-17,25.15,,,,,0.8718538154513911,,no_trade,0.0,walk-forward prediction unavailable,data insufficient for model signal
2020-11-18,25.97,,,,,0.8566661061464838,,no_trade,0.0,walk-forward prediction unavailable,data insufficient for model signal
2020-11-19,26.13,,,,,0.8572121548371643,,no_trade,0.0,walk-forward prediction unavailable,data insufficient for model signal
2020-11-20,26.89,,,,,0.8568279643258059,,no_trade,0.0,walk-forward prediction unavailable,data insufficient for model signal
2020-11-23,27.21,,,,,0.8540390918023997,,no_trade,0.0,walk-forward prediction unavailable,data insufficient for model signal
2020-11-24,27.16,,,,,0.8536581450324175,,no_trade,0.0,walk-forward prediction unavailable,data insufficient for model signal
2020-11-25,26.43,,,,,0.8554015430923761,,no_trade,0.0,walk-forward prediction unavailable,data insufficient for model signal
2020-11-26,26.72,,,,,0.8567566516807736,,no_trade,0.0,walk-forward prediction unavailable,data insufficient for model signal
2020-11-27,26.3,,,,,0.8556430961797334,,no_trade,0.0,walk-forward prediction unavailable,data insufficient for model signal
2020-11-30,25.93,,,,,0.8430679812212054,,no_trade,0.0,walk-forward prediction unavailable,data insufficient for model signal
2020-12-01,26.89,,,,,0.8571782524922057,,no_trade,0.0,walk-forward prediction unavailable,data insufficient for model signal
2020-12-02,28.04,,,,,0.8595937395716235,,no_trade,0.0,walk-forward prediction unavailable,data insufficient for model signal
2020-12-03,27.69,,,,,0.8256977095738282,,no_trade,0.0,walk-forward prediction unavailable,data insufficient for model signal
2020-12-04,27.73,,,,,0.8215175681996494,,no_trade,0.0,walk-forward prediction unavailable,data insufficient for model signal
2020-12-07,27.74,,,,,0.7793062703925044,,no_trade,0.0,walk-forward prediction unavailable,data insufficient for model signal
2020-12-08,26.99,,,,,0.6903197184733703,,no_trade,0.0,walk-forward prediction unavailable,data insufficient for model signal
2020-12-09,26.37,,,,,0.5657737928402422,,no_trade,0.0,walk-forward prediction unavailable,data insufficient for model signal
2020-12-10,27.54,,,,,0.5728247631945085,,no_trade,0.0,walk-forward prediction unavailable,data insufficient for model signal
2020-12-11,27.03,,,,,0.5040327069988506,,no_trade,0.0,walk-forward prediction unavailable,data insufficient for model signal
2020-12-14,28.86,,,,,0.535770772179497,,no_trade,0.0,walk-forward prediction unavailable,data insufficient for model signal
2020-12-15,29.52,,,,,0.49769038508600694,,no_trade,0.0,walk-forward prediction unavailable,data insufficient for model signal
2020-12-16,29.87,,,,,0.4907564388634288,,no_trade,0.0,walk-forward prediction unavailable,data insufficient for model signal
2020-12-17,29.67,,,,,0.4928920020083314,,no_trade,0.0,walk-forward prediction unavailable,data insufficient for model signal
2020-12-18,30.04,,,,,0.48719680795646536,,no_trade,0.0,walk-forward prediction unavailable,data insufficient for model signal
2020-12-21,30.79,,,,,0.49102016248795655,,no_trade,0.0,walk-forward prediction unavailable,data insufficient for model signal
2020-12-22,29.82,,,,,0.5067500025881113,,no_trade,0.0,walk-forward prediction unavailable,data insufficient for model signal
2020-12-23,31.16,,,,,0.5098210980064874,,no_trade,0.0,walk-forward prediction unavailable,data insufficient for model signal
2020-12-24,30.74,,,,,0.5147264106110541,,no_trade,0.0,walk-forward prediction unavailable,data insufficient for model signal
2020-12-25,31.54,,,,,0.5118320245722202,,no_trade,0.0,walk-forward prediction unavailable,data insufficient for model signal
2020-12-28,30.88,,,,,0.5159636285724486,,no_trade,0.0,walk-forward prediction unavailable,data insufficient for model signal
2020-12-29,27.89,,,,,0.7856535875697325,,no_trade,0.0,walk-forward prediction unavailable,data insufficient for model signal
2020-12-30,28.27,,,,,0.7726223150830265,,no_trade,0.0,walk-forward prediction unavailable,data insufficient for model signal
2020-12-31,27.97,,,,,0.7722211795347901,,no_trade,0.0,walk-forward prediction unavailable,data insufficient for model signal
2021-01-04,30.19,,,,,0.8178777022623902,,no_trade,0.0,walk-forward prediction unavailable,data insufficient for model signal
2021-01-05,30.71,,,,,0.8189511749567151,,no_trade,0.0,walk-forward prediction unavailable,data insufficient for model signal
2021-01-06,29.99,,,,,0.8171542607355995,,no_trade,0.0,walk-forward prediction unavailable,data insufficient for model signal
2021-01-07,32.55,,,,,0.8517104241367872,,no_trade,0.0,walk-forward prediction unavailable,data insufficient for model signal
2021-01-08,32.25,,,,,0.8455392158598638,,no_trade,0.0,walk-forward prediction unavailable,data insufficient for model signal
2021-01-11,31.99,,,,,0.8421042708881306,,no_trade,0.0,walk-forward prediction unavailable,data insufficient for model signal
2021-01-12,34.69,,,,,0.8569767674038938,,no_trade,0.0,walk-forward prediction unavailable,data insufficient for model signal
2021-01-13,34.85,,,,,0.8556935497808101,,no_trade,0.0,walk-forward prediction unavailable,data insufficient for model signal
2021-01-14,35.49,,,,,0.8563083517771504,,no_trade,0.0,walk-forward prediction unavailable,data insufficient for model signal
2021-01-15,34.09,,,,,0.8714610295491393,,no_trade,0.0,walk-forward prediction unavailable,data insufficient for model signal
2021-01-18,36.39,,,,,0.894017303502776,,no_trade,0.0,walk-forward prediction unavailable,data insufficient for model signal
2021-01-19,36.87,,,,,0.8925026519509215,,no_trade,0.0,walk-forward prediction unavailable,data insufficient for model signal
2021-01-20,40.29,,,,,0.8971781864299302,,no_trade,0.0,walk-forward prediction unavailable,data insufficient for model signal
2021-01-21,40.76,,,,,0.8971781864299302,,no_trade,0.0,walk-forward prediction unavailable,data insufficient for model signal
2021-01-22,42.89,,,,,0.8971781864299302,,no_trade,0.0,walk-forward prediction unavailable,data insufficient for model signal
2021-01-25,41.12,,,,,0.8404792746113987,,no_trade,0.0,walk-forward prediction unavailable,data insufficient for model signal
2021-01-26,39.19,,,,,0.8088015854511542,,no_trade,0.0,walk-forward prediction unavailable,data insufficient for model signal
2021-01-27,41.89,,,,,0.7892285437454947,,no_trade,0.0,walk-forward prediction unavailable,data insufficient for model signal
2021-01-28,39.71,,,,,0.8088015854511542,,no_trade,0.0,walk-forward prediction unavailable,data insufficient for model signal
2021-01-29,38.03,,,,,0.8899393798088131,,no_trade,0.0,walk-forward prediction unavailable,data insufficient for model signal
2021-02-01,39.09,,,,,0.8899393798088131,,no_trade,0.0,walk-forward prediction unavailable,data insufficient for model signal
2021-02-02,40.49,,,,,0.8899393798088131,,no_trade,0.0,walk-forward prediction unavailable,data insufficient for model signal
2021-02-03,39.21,,,,,0.8899393798088131,,no_trade,0.0,walk-forward prediction unavailable,data insufficient for model signal
2021-02-04,37.98,,,,,0.8888256638592786,,no_trade,0.0,walk-forward prediction unavailable,data insufficient for model signal
2021-02-05,38.17,,,,,0.8868305457788919,,no_trade,0.0,walk-forward prediction unavailable,data insufficient for model signal
2021-02-08,38.39,,,,,0.8849348275264293,,no_trade,0.0,walk-forward prediction unavailable,data insufficient for model signal
2021-02-09,39.61,0.012317579359328173,-0.11360958745462686,0.5340528118793196,0.43597615830966857,0.8507268420396954,-0.987529348929818,neutral,0.0,no clear model edge,observe only unless independent thesis exists
2021-02-10,39.58,-0.005480154571033079,-0.15546852863382268,0.43853669128378975,0.34071385230737045,0.8510877629088983,-2.0601233373348973,negative,0.0,short horizon expected return is weak,risk/reward is unfavorable under current model
2021-02-18,41.24,-0.017580160522152447,-0.12982743087390777,0.3596715877930132,0.27612084676446513,0.8586768567890287,-2.3913244411859984,negative,0.0,short horizon expected return is weak,risk/reward is unfavorable under current model
2021-02-19,39.99,-0.024854276559686837,-0.12951621859605486,0.37826512421537484,0.27456053884243886,0.8527052750901617,-2.4914426050037926,negative,0.0,short horizon expected return is weak,risk/reward is unfavorable under current model
2021-02-22,38.13,-0.02240568908306926,-0.08391870043261546,0.45968213037602434,0.38160306113523434,0.8465862872875292,-1.70717184623683,negative,0.0,short horizon expected return is weak,risk/reward is unfavorable under current model
2021-02-23,37.7,-0.013786023029745346,-0.07333242337314719,0.4923789117978455,0.3864957148325926,0.8664770099802994,-1.3726031488238954,neutral,0.0,no clear model edge,observe only unless independent thesis exists
2021-02-24,36.24,-0.025319026539474057,-0.07449700680211675,0.5342718375821716,0.3958696284677834,0.8998233942768801,-1.5108777713986172,neutral,0.0,no clear model edge,observe only unless independent thesis exists
2021-02-25,35.09,-0.027472936060939354,-0.06696995958670789,0.5401775038417773,0.3509695477405142,0.9026766534725553,-1.5557918047628405,no_trade,0.0,risk filter triggered,recent volatility or drawdown is extreme
2021-02-26,35.28,-0.045831054383971025,-0.11677887572458291,0.41330427232349515,0.27368542550028596,0.8741289154125476,-2.7362782026151766,negative,0.0,short horizon expected return is weak,risk/reward is unfavorable under current model
2021-03-01,35.57,-0.042596103071290886,-0.09881854370020494,0.4488269251294058,0.32929428199899274,0.8665530210331599,-2.349677339755462,negative,0.0,short horizon expected return is weak,risk/reward is unfavorable under current model
2021-03-02,34.97,-0.03374747580381102,-0.10766724227086824,0.4623251893438581,0.37020392298180915,0.8517714130436114,-2.1386421353697465,negative,0.0,short horizon expected return is weak,risk/reward is unfavorable under current model
2021-03-03,34.75,-0.039034067934660764,-0.09420887354323501,0.4416411054258761,0.37888079531215546,0.7969426643493055,-2.151318374714049,negative,0.0,short horizon expected return is weak,risk/reward is unfavorable under current model
2021-03-04,32.99,-0.030365298567836936,-0.01650276584212398,0.5188950727034263,0.5732305476198095,0.7955673052082686,-0.8516372392422809,neutral,0.0,no clear model edge,observe only unless independent thesis exists
2021-03-05,33.06,-0.023008038654222872,-0.02226684891692766,0.518119625325294,0.5909359744490849,0.7831738320633514,-0.718567322467891,neutral,0.0,no clear model edge,observe only unless independent thesis exists
2021-03-08,31.04,-0.014604319986196893,0.03188158446218166,0.5931137544391658,0.7611492704027137,0.8000245764273808,0.33547188525317534,positive,0.5,one primary horizon has positive edge,"confirm liquidity, limit status, and cost assumptions"
2021-03-09,29.63,-0.014859823874199908,0.0692956898727503,0.5909909819728524,0.8116292978722381,0.7859355116042619,0.7137860668268985,positive,0.5,one primary horizon has positive edge,"confirm liquidity, limit status, and cost assumptions"
2021-03-10,29.99,0.019832135213392204,0.10025165514075755,0.6665010264235313,0.8675789295759134,0.7903146178350509,1.9231797734330656,strong_positive,1.0,5d and 20d expected return/probability both positive,"model output is probabilistic, not a price forecast"
2021-03-11,30.9,0.0022534669560500507,0.11454775764166944,0.6198452982738678,0.870215644837042,0.804743064095681,1.576456431854963,positive,0.5,one primary horizon has positive edge,"confirm liquidity, limit status, and cost assumptions"
2021-03-12,31.1,0.009320007858612218,0.1260462378609804,0.6392459847341853,0.9027392890861746,0.8052350513884117,1.9090772382642003,positive,0.5,one primary horizon has positive edge,"confirm liquidity, limit status, and cost assumptions"
2021-03-15,30.75,0.019046449163785305,0.14015525618578165,0.6498894037342885,0.9148619327631662,0.8023950913199711,2.2625112474519193,strong_positive,1.0,5d and 20d expected return/probability both positive,"model output is probabilistic, not a price forecast"
2021-03-16,29.35,0.021442531537039188,0.15372199936264563,0.6878798220381727,0.9409677449341305,0.7933891771024053,2.554272906635394,strong_positive,1.0,5d and 20d expected return/probability both positive,"model output is probabilistic, not a price forecast"
2021-03-17,29.79,0.023361255025822175,0.13863032551914278,0.6685798735323892,0.9473098687777118,0.8006792242325129,2.434899462393301,strong_positive,1.0,5d and 20d expected return/probability both positive,"model output is probabilistic, not a price forecast"
2021-03-18,31.24,0.015641829201110128,0.17842046060270014,0.6539228239646319,0.9486441132521171,0.8085960716460217,2.564085088438699,strong_positive,1.0,5d and 20d expected return/probability both positive,"model output is probabilistic, not a price forecast"
2021-03-19,30.12,0.056014907911918765,0.16630823008712387,0.7554828282404891,0.9591117793352877,0.8109298924313253,3.5282514347043565,strong_positive,1.0,5d and 20d expected return/probability both positive,"model output is probabilistic, not a price forecast"
2021-03-22,30.36,0.05305905814027976,0.1550440817721224,0.7460130359016642,0.9499921530125175,0.8027150896910292,3.344600874382126,strong_positive,1.0,5d and 20d expected return/probability both positive,"model output is probabilistic, not a price forecast"
2021-03-23,30.55,0.04196898430200261,0.13802853745089277,0.7354471543562897,0.939134061491459,0.8058295767948481,2.942834429752772,strong_positive,1.0,5d and 20d expected return/probability both positive,"model output is probabilistic, not a price forecast"
2021-03-24,29.57,0.0540190849811555,0.12406259885687519,0.7735483541292644,0.9452952219127777,0.8020906550015962,3.1725889573837995,strong_positive,1.0,5d and 20d expected return/probability both positive,"model output is probabilistic, not a price forecast"
2021-03-25,29.66,0.059760840463477634,0.0977021814583744,0.7796891412039916,0.9259750031957765,0.7980884991758422,3.0600696210272775,strong_positive,1.0,5d and 20d expected return/probability both positive,"model output is probabilistic, not a price forecast"
2021-03-26,30.59,0.01699931649085468,0.08171277380785703,0.6509706869902933,0.8917573573685954,0.8119719555262477,1.7146922011041066,strong_positive,1.0,5d and 20d expected return/probability both positive,"model output is probabilistic, not a price forecast"
2021-03-29,30.23,0.004391323305927121,0.05070150279533782,0.6144274276405818,0.8628124420517282,0.8095645843665233,1.0817756185338663,positive,0.5,one primary horizon has positive edge,"confirm liquidity, limit status, and cost assumptions"
2021-03-30,31.48,-0.0012741949444632149,0.05908494441332839,0.5237292569647066,0.8065890321513346,0.8309733961021755,0.722704954284808,positive,0.5,one primary horizon has positive edge,"confirm liquidity, limit status, and cost assumptions"
2021-03-31,30.83,0.0018766065617510717,0.011063527530652272,0.5556338029531052,0.7950744701796091,0.7199003826884292,0.4956782080625499,neutral,0.0,no clear model edge,observe only unless independent thesis exists
2021-04-01,31.46,-0.004005288937859781,-0.011650528180457927,0.4991814778550244,0.7316477816062983,0.7030754878677825,-0.03521667394902869,neutral,0.0,no clear model edge,observe only unless independent thesis exists
2021-04-02,32.74,0.006411992002132137,-0.03587672932760024,0.5028675081388981,0.5823971613075744,0.5521020375035103,-0.20799025320100153,neutral,0.0,no clear model edge,observe only unless independent thesis exists
2021-04-06,32.4,-0.014393911640158642,-0.037355619924785935,0.4754924887601939,0.6192801575326431,0.5114259625621995,-0.6241062094367058,negative,0.0,short horizon expected return is weak,risk/reward is unfavorable under current model
2021-04-07,31.67,-0.006319297635729446,-0.03045889970310626,0.5040361400496632,0.5840277204476393,0.49153732341872913,-0.3926313526740478,neutral,0.0,no clear model edge,observe only unless independent thesis exists
2021-04-08,31.63,-0.012163475183677963,-0.049078276683656996,0.4863506178929246,0.6076951606914186,0.4907921338383906,-0.6600295877503968,neutral,0.0,no clear model edge,observe only unless independent thesis exists
2021-04-09,30.81,-0.00982966059855915,-0.006704474157655918,0.5467577736951009,0.6938054074269113,0.4981064199228639,0.007544232127988354,neutral,0.0,no clear model edge,observe only unless independent thesis exists
2021-04-12,29.24,-0.004767219489349852,0.004642835615081621,0.6451605033350468,0.6598438696305974,0.6698655330687066,0.3124596490590469,neutral,0.0,no clear model edge,observe only unless independent thesis exists
2021-04-13,29.08,-0.0006650592310127076,-0.016160735934972487,0.6666577385715003,0.6369202202818447,0.683844208033731,0.23513587889140208,neutral,0.0,no clear model edge,observe only unless independent thesis exists
2021-04-14,29.59,-0.0036729189597002184,-0.015653753851583033,0.679344291899045,0.619573860741585,0.6649359881255075,0.18634377648315054,neutral,0.0,no clear model edge,observe only unless independent thesis exists
2021-04-15,30.07,-0.002143629646215829,-0.02586289294381464,0.666050317966024,0.6193544969110532,0.6653488464615003,0.10372707070278583,neutral,0.0,no clear model edge,observe only unless independent thesis exists
2021-04-16,31.33,-0.006415576516140895,-0.03336614451381515,0.5934696644971406,0.5573368860122545,0.6588350682845634,-0.31217559981918414,neutral,0.0,no clear model edge,observe only unless independent thesis exists
2021-04-19,32.72,-0.026991490684850874,-0.060893576691390394,0.4640622756493547,0.4662836686776875,0.6612406862391997,-1.3984612431005539,negative,0.0,short horizon expected return is weak,risk/reward is unfavorable under current model
2021-04-20,33.29,-0.039117938298425387,-0.06478936348265912,0.41961975835769316,0.5599469272439765,0.6629967528924754,-1.6203648891009022,negative,0.0,short horizon expected return is weak,risk/reward is unfavorable under current model
2021-04-21,33.99,-0.06048678529634761,-0.0657423241886981,0.3365844610997799,0.538233233093484,0.6658257016607123,-2.286294163962493,negative,0.0,short horizon expected return is weak,risk/reward is unfavorable under current model
2021-04-22,34.0,-0.04953845975989644,-0.03865475008011387,0.3560134616700015,0.617471889630601,0.6487954391608524,-1.667267706264133,negative,0.0,short horizon expected return is weak,risk/reward is unfavorable under current model
2021-04-23,33.95,-0.02341104154531016,-0.012979743908175473,0.39662517723720986,0.6381210420259092,0.6494486953666379,-0.810372008619925,negative,0.0,short horizon expected return is weak,risk/reward is unfavorable under current model
2021-04-26,34.28,-0.017126239260491467,0.005199400985415704,0.44758646855151707,0.6331702118776111,0.6422838185409139,-0.42607680073293186,negative,0.0,short horizon expected return is weak,risk/reward is unfavorable under current model
2021-04-27,34.13,-0.02095700868912116,0.012191512519614676,0.44722455673643585,0.6452895068485497,0.6397352799676225,-0.42650894448157384,negative,0.0,short horizon expected return is weak,risk/reward is unfavorable under current model
2021-04-28,35.38,-0.019342940921268807,-0.00206021220281413,0.424987471273618,0.5592043235453532,0.6361100759479976,-0.702334403748991,negative,0.0,short horizon expected return is weak,risk/reward is unfavorable under current model
2021-04-29,36.34,-0.031062552996567502,0.01064908955262515,0.4431456610101722,0.5679706457188292,0.6312478568583286,-0.7763708081889801,negative,0.0,short horizon expected return is weak,risk/reward is unfavorable under current model
2021-04-30,36.57,-0.042219094200523874,0.041640204974865216,0.41603166950888004,0.7011699422463549,0.6293459076997237,-0.5921741793084808,positive,0.5,one primary horizon has positive edge,"confirm liquidity, limit status, and cost assumptions"
2021-05-06,35.96,-0.015750494165641435,0.08011881086280137,0.5062545137130697,0.7563966577961251,0.5934662803090217,0.5601490338054625,positive,0.5,one primary horizon has positive edge,"confirm liquidity, limit status, and cost assumptions"
2021-05-07,35.76,-0.0014659504917849155,0.09147470305444551,0.565126286169967,0.8312227233761534,0.5297693310668169,1.2210585554166584,positive,0.5,one primary horizon has positive edge,"confirm liquidity, limit status, and cost assumptions"
2021-05-10,34.09,0.03588647996918003,0.12353712577251173,0.7517523950809541,0.8805897836074043,0.5512375324601477,2.7348320304038762,strong_positive,1.0,5d and 20d expected return/probability both positive,"model output is probabilistic, not a price forecast"
2021-05-11,33.97,0.060689045487362064,0.11834268976552971,0.8101298237537892,0.8716163642120807,0.5229967790371874,3.320470417654106,strong_positive,1.0,5d and 20d expected return/probability both positive,"model output is probabilistic, not a price forecast"
2021-05-12,34.42,0.06224426340869601,0.09425234742710832,0.790042098503669,0.8497578004344098,0.5122486548592472,3.0793115822892947,strong_positive,1.0,5d and 20d expected return/probability both positive,"model output is probabilistic, not a price forecast"
2021-05-13,33.89,0.05782778773842659,0.07283499895290525,0.7779132136014901,0.8378207804496722,0.479070630875392,2.783059824738317,strong_positive,1.0,5d and 20d expected return/probability both positive,"model output is probabilistic, not a price forecast"
2021-05-14,34.79,0.06392898114984975,0.08749331092514429,0.762039477784149,0.8417182663324143,0.4810631139214387,2.9911099125760177,strong_positive,1.0,5d and 20d expected return/probability both positive,"model output is probabilistic, not a price forecast"
2021-05-17,37.02,0.03450830937621331,0.1051730582692292,0.6191379394302231,0.7706702181069318,0.5166094911398046,2.079842887294575,positive,0.5,one primary horizon has positive edge,"confirm liquidity, limit status, and cost assumptions"
2021-05-18,37.71,0.015068114289928278,0.07970447354645802,0.5644382356377969,0.7906350238342771,0.5169691289610385,1.3928064685791877,positive,0.5,one primary horizon has positive edge,"confirm liquidity, limit status, and cost assumptions"
2021-05-19,37.98,0.021487406719461383,0.09177475332548092,0.5770997474065824,0.8475270969470833,0.5051218936672339,1.746264737070041,positive,0.5,one primary horizon has positive edge,"confirm liquidity, limit status, and cost assumptions"
2021-05-20,38.7,-0.01878590047052208,0.0659651264524508,0.39231193113080043,0.766373647266508,0.4905037498751795,0.17301060783556632,positive,0.5,one primary horizon has positive edge,"confirm liquidity, limit status, and cost assumptions"
2021-05-21,38.34,0.000773931946368477,0.09729419377588108,0.4552679546993946,0.8041120775965611,0.4932551995464317,1.023671559586023,positive,0.5,one primary horizon has positive edge,"confirm liquidity, limit status, and cost assumptions"
2021-05-24,38.39,-0.004543880443471631,0.09865351160311342,0.4517989499919474,0.7704760036727792,0.49085621001485413,0.8648750332194519,positive,0.5,one primary horizon has positive edge,"confirm liquidity, limit status, and cost assumptions"
2021-05-25,39.5,-0.020125243143558746,0.07615568594438736,0.38717848066095123,0.6859296724181189,0.49670745799905874,0.07952558995667108,positive,0.5,one primary horizon has positive edge,"confirm liquidity, limit status, and cost assumptions"
2021-05-26,38.68,-0.022800113848319748,0.08498371159082264,0.4006063452005228,0.7008750756262948,0.506142457370025,0.14959082052572203,positive,0.5,one primary horizon has positive edge,"confirm liquidity, limit status, and cost assumptions"
2021-05-27,40.57,-0.022263615162867824,0.08319702177344823,0.3735100690183985,0.6499196391297654,0.526473474190585,-0.009238952110603244,positive,0.5,one primary horizon has positive edge,"confirm liquidity, limit status, and cost assumptions"
2021-05-28,39.3,-0.012867552001451578,0.08304855012708434,0.46689145849010116,0.7019691892929503,0.5432675733597788,0.47625576227687383,positive,0.5,one primary horizon has positive edge,"confirm liquidity, limit status, and cost assumptions"
2021-05-31,40.96,-0.016129526911427928,0.08169826859919295,0.4221671986200642,0.7073465198744279,0.5471714286871399,0.3034532737620157,positive,0.5,one primary horizon has positive edge,"confirm liquidity, limit status, and cost assumptions"
2021-06-01,40.96,-0.011348814351377896,0.05902334569463656,0.4497470172411489,0.708071457992766,0.543031894139236,0.2846781191314261,positive,0.5,one primary horizon has positive edge,"confirm liquidity, limit status, and cost assumptions"
2021-06-02,40.75,-0.007608784329436895,0.07429026418108335,0.46298914747261194,0.7456309289924627,0.49722159146259753,0.5911450956048856,positive,0.5,one primary horizon has positive edge,"confirm liquidity, limit status, and cost assumptions"
2021-06-03,39.77,0.016468711089405254,0.07438177437646597,0.5662946760901552,0.7691097340371011,0.4858459881546578,1.3575861218845668,positive,0.5,one primary horizon has positive edge,"confirm liquidity, limit status, and cost assumptions"
2021-06-04,41.31,0.006440380238622617,0.08535406944522725,0.5018822154033378,0.7479652805151412,0.4327058749227086,1.0778604075776792,positive,0.5,one primary horizon has positive edge,"confirm liquidity, limit status, and cost assumptions"
2021-06-07,40.56,-0.007994017854793858,0.04369773777838895,0.46219055353304034,0.7408183876988899,0.4048783344222962,0.3611360658253413,positive,0.5,one primary horizon has positive edge,"confirm liquidity, limit status, and cost assumptions"
2021-06-08,40.09,0.014436955583691497,0.060244024494472,0.543966980816104,0.7461304017075188,0.4080016656212959,1.1406976827455928,positive,0.5,one primary horizon has positive edge,"confirm liquidity, limit status, and cost assumptions"
2021-06-09,40.49,0.0193048724072573,0.05255520692654528,0.5507739765374217,0.7880896318591961,0.4077446789197453,1.2624504642882415,positive,0.5,one primary horizon has positive edge,"confirm liquidity, limit status, and cost assumptions"
2021-06-10,42.15,-0.0030178272143651643,0.037445122073240814,0.45709092865694506,0.7239878719463368,0.4114577140754614,0.368386185815645,positive,0.5,one primary horizon has positive edge,"confirm liquidity, limit status, and cost assumptions"
2021-06-11,41.69,0.007329567774560195,0.041806342991734795,0.4955100009659024,0.7442550616042153,0.413513247888505,0.7329275675915701,positive,0.5,one primary horizon has positive edge,"confirm liquidity, limit status, and cost assumptions"
2021-06-15,41.83,-0.004247984600104457,0.051113173331402924,0.4441984650170459,0.7646923999982009,0.37684559960254427,0.5030001531583523,positive,0.5,one primary horizon has positive edge,"confirm liquidity, limit status, and cost assumptions"
2021-06-16,39.49,0.029796912528616788,0.08996292374389292,0.6605705945221984,0.8264166228843917,0.5164850395278772,2.0535643020478376,strong_positive,1.0,5d and 20d expected return/probability both positive,"model output is probabilistic, not a price forecast"
2021-06-17,41.38,0.023177575786012337,0.07870691241741914,0.6011688440090233,0.8056584142566765,0.5372143866251295,1.6506731061896531,positive,0.5,one primary horizon has positive edge,"confirm liquidity, limit status, and cost assumptions"
2021-06-18,42.1,0.006593781180092308,0.06847801185886591,0.5208052412801291,0.742293377151273,0.5367619367300551,0.9442008988563436,positive,0.5,one primary horizon has positive edge,"confirm liquidity, limit status, and cost assumptions"
2021-06-21,47.79,0.014556147488999836,0.062035857449014256,0.5232117283864145,0.7078578034650093,0.6632561981420944,0.9558605120323604,positive,0.5,one primary horizon has positive edge,"confirm liquidity, limit status, and cost assumptions"
2021-06-22,45.59,0.007111880722361412,-0.003961658553649938,0.5667568349306804,0.6548415569391903,0.6876033720937317,0.2837183755221275,neutral,0.0,no clear model edge,observe only unless independent thesis exists
2021-06-23,45.89,-0.005607934111671352,-0.027681872854986172,0.4841384692018059,0.5904149349838458,0.6844733545862951,-0.4594980194012296,neutral,0.0,no clear model edge,observe only unless independent thesis exists
2021-06-24,45.14,0.02156396210020639,-0.013939584288313548,0.551254902434623,0.6337040924269461,0.6826824510725564,0.4232586362145888,neutral,0.0,no clear model edge,observe only unless independent thesis exists
2021-06-25,45.1,0.022481734574808974,-0.03377364133102491,0.5178717863863374,0.5985701271378672,0.6700872383298713,0.15089940756375775,neutral,0.0,no clear model edge,observe only unless independent thesis exists
2021-06-28,45.21,0.003923686334318606,-0.0778315999949665,0.4443967556617404,0.390485770025314,0.6588742703113255,-1.0870496879627396,neutral,0.0,no clear model edge,observe only unless independent thesis exists
2021-06-29,46.43,-0.02379218456598066,-0.08297527721324081,0.37711601808827183,0.35883513393462274,0.6524122105262383,-1.8899942506127176,negative,0.0,short horizon expected return is weak,risk/reward is unfavorable under current model
2021-06-30,48.39,-0.026452562796777178,-0.08876078991525056,0.3508406578154834,0.33111528137208235,0.6612459566071065,-2.10008665621377,negative,0.0,short horizon expected return is weak,risk/reward is unfavorable under current model
2021-07-01,45.68,-0.01648532559542231,-0.07347795894487312,0.4730693409806751,0.45641106485656935,0.6921446058936331,-1.2952672251476787,negative,0.0,short horizon expected return is weak,risk/reward is unfavorable under current model
2021-07-02,45.3,-0.0025564509427090203,-0.11453975373313267,0.5114010770559198,0.44492087813361325,0.6890265094880004,-1.2738023503535405,neutral,0.0,no clear model edge,observe only unless independent thesis exists
2021-07-05,46.19,-0.0283104095508475,-0.20692212961736753,0.41787443834279225,0.28503616788084585,0.682674699215757,-3.0104207367468137,negative,0.0,short horizon expected return is weak,risk/reward is unfavorable under current model
2021-07-06,45.22,-0.008556554616406744,-0.189127839066268,0.4961395057264784,0.3054105133273914,0.6887488977409089,-2.2585395501601617,neutral,0.0,no clear model edge,observe only unless independent thesis exists
2021-07-07,47.72,-0.013242422144019498,-0.19101128196496933,0.43180251906702,0.28312074708757756,0.7024687832060132,-2.55939564975324,negative,0.0,short horizon expected return is weak,risk/reward is unfavorable under current model
2021-07-08,48.22,-0.046373017085043766,-0.22288783665926476,0.33963791436229285,0.2602997436751168,0.7024793983765192,-3.7301094514362303,negative,0.0,short horizon expected return is weak,risk/reward is unfavorable under current model
2021-07-09,48.4,-0.06258729221298613,-0.21245056758103797,0.29130801136351947,0.2648395259852217,0.6948183035201001,-4.073418887983147,negative,0.0,short horizon expected return is weak,risk/reward is unfavorable under current model
2021-07-12,51.22,-0.07191561749130303,-0.2315456120820346,0.23329635336138083,0.2576410659006805,0.7090305772531583,-4.565078014176587,negative,0.0,short horizon expected return is weak,risk/reward is unfavorable under current model
2021-07-13,50.62,-0.0782250580237782,-0.24650105428697125,0.2278081469321717,0.24702478525388738,0.712138155136951,-4.842497630804387,negative,0.0,short horizon expected return is weak,risk/reward is unfavorable under current model
2021-07-14,48.84,-0.06617362604791369,-0.24455826248059467,0.2695464495950907,0.26301185738875793,0.693916133811329,-4.455514456267188,negative,0.0,short horizon expected return is weak,risk/reward is unfavorable under current model
2021-07-15,51.16,-0.07254334744325276,-0.20779575801429073,0.25163858093044617,0.28989377389483234,0.6937314756712114,-4.285726050801878,negative,0.0,short horizon expected return is weak,risk/reward is unfavorable under current model
2021-07-16,49.52,-0.038631573044216376,-0.15666198346035076,0.3574457985349654,0.37100157990521004,0.7063189048132692,-2.8207627821615087,negative,0.0,short horizon expected return is weak,risk/reward is unfavorable under current model
2021-07-19,49.04,-0.04792287495867552,-0.1495998997987511,0.3435669973320838,0.3476473725541842,0.5840276567078855,-2.9785977627127767,negative,0.0,short horizon expected return is weak,risk/reward is unfavorable under current model
2021-07-20,49.81,-0.043533800915441234,-0.1368506094487598,0.3468968119099047,0.3826324034524125,0.5608104629057181,-2.7146179890387727,negative,0.0,short horizon expected return is weak,risk/reward is unfavorable under current model
2021-07-21,52.87,-0.07352294362477245,-0.13964351115453583,0.2614598199103943,0.2879933263738437,0.5894275277344087,-3.7038448060247857,negative,0.0,short horizon expected return is weak,risk/reward is unfavorable under current model
2021-07-22,53.34,-0.07244732699479103,-0.14911344232310655,0.2525623244875813,0.2631365522834937,0.5838375532157074,-3.818324211162658,negative,0.0,short horizon expected return is weak,risk/reward is unfavorable under current model
2021-07-23,57.22,-0.07189109552251242,-0.20343141215463562,0.2590834108867358,0.20056346083195745,0.616142164194321,-4.3421225716997,negative,0.0,short horizon expected return is weak,risk/reward is unfavorable under current model
2021-07-26,56.51,-0.09354379689493222,-0.2706474873997394,0.25450780955102087,0.1820212604201198,0.6205160007412669,-5.356016114370087,negative,0.0,short horizon expected return is weak,risk/reward is unfavorable under current model
2021-07-27,56.08,-0.08042871689589547,-0.2753388246544603,0.2854080164980361,0.22592175247671037,0.6210009023421713,-4.986146958350084,negative,0.0,short horizon expected return is weak,risk/reward is unfavorable under current model
2021-07-28,54.02,-0.05187481545120827,-0.26286924330909506,0.35351106308690106,0.217928377398785,0.5998176302694354,-4.16231331655715,negative,0.0,short horizon expected return is weak,risk/reward is unfavorable under current model
2021-07-29,62.34,-0.014762151418904319,-0.19636680587270974,0.4338423606581719,0.2510270826990816,0.7002562476082845,-2.6805898493217932,negative,0.0,short horizon expected return is weak,risk/reward is unfavorable under current model
2021-07-30,61.88,-0.02604907682996707,-0.20792885077188927,0.40950669572313847,0.19607594311758184,0.6999445537703545,-3.147084074710787,negative,0.0,short horizon expected return is weak,risk/reward is unfavorable under current model
2021-08-02,65.42,-0.05337753041599713,-0.2563541013675725,0.36079622510239495,0.1327054243952264,0.710524240435919,-4.304033337515462,negative,0.0,short horizon expected return is weak,risk/reward is unfavorable under current model
2021-08-03,63.1,-0.04942158143363527,-0.2811243759806807,0.34032843583825156,0.17024216962238142,0.7177735057672142,-4.410810730543453,negative,0.0,short horizon expected return is weak,risk/reward is unfavorable under current model
2021-08-04,65.22,-0.07246557407951651,-0.30376031871760556,0.24731404891861228,0.1280300019137393,0.7120833922025666,-5.3381737679357455,negative,0.0,short horizon expected return is weak,risk/reward is unfavorable under current model
2021-08-05,63.35,-0.05599942119577821,-0.3220428576023258,0.25947604383071565,0.11584063041453069,0.7177735057672142,-5.149040192123476,negative,0.0,short horizon expected return is weak,risk/reward is unfavorable under current model
2021-08-06,63.51,-0.06256107378976618,-0.3184771002402982,0.23116672004825944,0.11117408487938192,0.7177735057672142,-5.325579849824658,negative,0.0,short horizon expected return is weak,risk/reward is unfavorable under current model
2021-08-09,59.77,-0.04061401069333299,-0.26307850556037704,0.3023335183374735,0.12515805598008894,0.809095077957811,-4.286049899547324,negative,0.0,short horizon expected return is weak,risk/reward is unfavorable under current model
2021-08-10,59.76,-0.037336623199083374,-0.25434868785008413,0.2970690216892015,0.13068023529271952,0.8095536533170287,-4.153904302680631,negative,0.0,short horizon expected return is weak,risk/reward is unfavorable under current model
2021-08-11,62.4,-0.02457327007390156,-0.2185562558935144,0.32545479854900816,0.12503225827703696,0.8095536533170287,-3.555477600211026,negative,0.0,short horizon expected return is weak,risk/reward is unfavorable under current model
2021-08-12,63.07,-0.06730099153522526,-0.25282386282083835,0.23675858134462535,0.08572732030696811,0.8095536533170287,-4.956638954949766,negative,0.0,short horizon expected return is weak,risk/reward is unfavorable under current model
2021-08-13,60.02,-0.03308543426128361,-0.253417016222322,0.31063164410953703,0.10918860981678544,0.8095536533170287,-4.065600407714979,negative,0.0,short horizon expected return is weak,risk/reward is unfavorable under current model
2021-08-16,58.96,-0.040963656097686436,-0.2618149179892943,0.2627826738157321,0.08927311961205499,0.8462396820544178,-4.448028249663663,negative,0.0,short horizon expected return is weak,risk/reward is unfavorable under current model
2021-08-17,57.4,-0.03986206231585252,-0.2309463422967424,0.24793843659271889,0.0989283642412895,0.9177774380923267,-4.222630462238143,no_trade,0.0,risk filter triggered,recent volatility or drawdown is extreme
2021-08-18,57.02,-0.036366989500062175,-0.10398352843145098,0.3348671700688492,0.15041259710668076,0.9352033017425863,-2.85448478105764,no_trade,0.0,risk filter triggered,recent volatility or drawdown is extreme
2021-08-19,58.51,-0.03166009733003299,-0.09976313647718212,0.30053203145778196,0.13355607225263225,0.9352033017425863,-2.8347933335388102,no_trade,0.0,risk filter triggered,recent volatility or drawdown is extreme
2021-08-20,58.98,-0.04967155813439909,-0.06840056718840647,0.2757359302157382,0.16026004048584175,0.9208993717015435,-2.952466575644315,no_trade,0.0,risk filter triggered,recent volatility or drawdown is extreme
2021-08-23,61.01,-0.05557658176759474,-0.05588644465394055,0.23191745769856367,0.14098170792765105,0.9260444208828688,-3.1066284920496896,no_trade,0.0,risk filter triggered,recent volatility or drawdown is extreme
2021-08-24,60.8,-0.056371073632841995,-0.04877789178203372,0.2399063665290014,0.16039885752767136,0.9254955954553982,-3.01445511420871,no_trade,0.0,risk filter triggered,recent volatility or drawdown is extreme
2021-08-25,62.12,-0.0695111757615027,-0.0854693588221433,0.17045906076043196,0.12924954148339815,0.9143997634850353,-3.7808645921136246,no_trade,0.0,risk filter triggered,recent volatility or drawdown is extreme
2021-08-26,66.42,-0.12028855554930631,-0.12807740453751199,0.1085788872267063,0.11877968125354293,0.7926691505635646,-5.2565076776985835,negative,0.0,short horizon expected return is weak,risk/reward is unfavorable under current model
2021-08-27,69.78,-0.11645471042691068,-0.10342141205029794,0.12116758492537331,0.15150148230260074,0.809371037787969,-4.90451853283618,negative,0.0,short horizon expected return is weak,risk/reward is unfavorable under current model
2021-08-30,74.82,-0.11988835631152783,-0.048960889543303056,0.14796201069326334,0.1976686213137074,0.8151204481597013,-4.4000540056257496,negative,0.0,short horizon expected return is weak,risk/reward is unfavorable under current model
2021-08-31,75.69,-0.12532287401817385,-0.09925692790065027,0.14207591744283507,0.17551523362285754,0.7983966988490294,-4.955915884761128,negative,0.0,short horizon expected return is weak,risk/reward is unfavorable under current model
2021-09-01,74.88,-0.11965316500223043,-0.06488155723506873,0.16500151205015787,0.2443880181882425,0.725330018313002,-4.3736643725706035,negative,0.0,short horizon expected return is weak,risk/reward is unfavorable under current model
2021-09-02,75.47,-0.08925603317983911,-0.11223239690224844,0.19022387672045196,0.17539540186876987,0.7129916342497167,-4.196345528673167,negative,0.0,short horizon expected return is weak,risk/reward is unfavorable under current model
2021-09-03,73.02,-0.0723944485419345,-0.1133896066229308,0.22389719234729055,0.17429216601242023,0.7090151380001403,-3.790247396624474,negative,0.0,short horizon expected return is weak,risk/reward is unfavorable under current model
2021-09-06,71.88,-0.08902891246734065,-0.17719385940092433,0.1526205753459333,0.10629375379720342,0.6703165710700085,-4.89946899229286,negative,0.0,short horizon expected return is weak,risk/reward is unfavorable under current model
2021-09-07,72.13,-0.08920289449288908,-0.2060583978806456,0.14519889095119962,0.11143640773166813,0.6697716424005903,-5.142420389304241,negative,0.0,short horizon expected return is weak,risk/reward is unfavorable under current model
2021-09-08,68.53,-0.09009953690964034,-0.18549438701694393,0.17257666691108645,0.09559075859533914,0.689622403819319,-4.965316855213686,negative,0.0,short horizon expected return is weak,risk/reward is unfavorable under current model
2021-09-09,67.95,-0.08560620679985832,-0.22136271639061325,0.1641622440320649,0.08546032068303447,0.7097337022236396,-5.20595355902047,negative,0.0,short horizon expected return is weak,risk/reward is unfavorable under current model
2021-09-10,73.31,-0.06379986745207794,-0.16147784030788553,0.18139738334516145,0.09056741631179432,0.724164882970566,-4.2470715255526414,negative,0.0,short horizon expected return is weak,risk/reward is unfavorable under current model
2021-09-13,68.97,-0.026608885213171587,-0.1196125223955026,0.33858242037095393,0.1489147832692764,0.7600041129186592,-2.7168623699679633,negative,0.0,short horizon expected return is weak,risk/reward is unfavorable under current model
2021-09-14,68.62,-0.01765831758202795,-0.12659569727355977,0.3344882599144409,0.1843624401144413,0.7512051630852342,-2.5411103969177713,negative,0.0,short horizon expected return is weak,risk/reward is unfavorable under current model
2021-09-15,69.54,-0.030106327774267395,-0.10631408631222872,0.30828615975044205,0.20973608027336635,0.7491581675386859,-2.6459500980817423,negative,0.0,short horizon expected return is weak,risk/reward is unfavorable under current model
2021-09-16,67.52,-0.018936071670564106,-0.09839438975823095,0.3486455672518035,0.21843714814378484,0.7757887272049941,-2.2598343688383613,negative,0.0,short horizon expected return is weak,risk/reward is unfavorable under current model
2021-09-17,65.74,-0.021047811308713284,-0.08098728335291605,0.2939372629244546,0.19957742092808733,0.8552316773552429,-2.3497029317013896,negative,0.0,short horizon expected return is weak,risk/reward is unfavorable under current model
2021-09-22,66.26,-0.04855295715013215,-0.11623117704553797,0.20975491083333642,0.19445908263803194,0.8484146149394698,-3.38432707825459,negative,0.0,short horizon expected return is weak,risk/reward is unfavorable under current model
2021-09-23,66.02,-0.05132393023233779,-0.08653901366812687,0.22804062377473075,0.19423952131275002,0.8484373846955875,-3.159916474306271,negative,0.0,short horizon expected return is weak,risk/reward is unfavorable under current model
2021-09-24,66.23,-0.0453960764607218,-0.0814483244267134,0.2362456653413827,0.1950424136524471,0.8458207670451269,-2.979234817876633,negative,0.0,short horizon expected return is weak,risk/reward is unfavorable under current model
2021-09-27,65.76,-0.05011807072562903,-0.06950316612202928,0.234711688366172,0.2211441364566294,0.8093674970006823,-2.92543120049027,negative,0.0,short horizon expected return is weak,risk/reward is unfavorable under current model
2021-09-28,64.44,-0.07188691259328017,-0.13850544036643275,0.19220847014068265,0.1670496491427903,0.839309433463426,-4.112637564276354,negative,0.0,short horizon expected return is weak,risk/reward is unfavorable under current model
2021-09-29,61.97,-0.09378464804687359,-0.15459741937328195,0.14466437646432176,0.1594822633587656,0.7949112446145248,-4.787337267524118,negative,0.0,short horizon expected return is weak,risk/reward is unfavorable under current model
2021-09-30,62.37,-0.10889055783537485,-0.1431360592436544,0.1229456009844622,0.1655955390310547,0.7928458870986497,-5.037530057125757,negative,0.0,short horizon expected return is weak,risk/reward is unfavorable under current model
2021-10-08,60.73,-0.08193810272859643,-0.12850730284795125,0.18502959783329237,0.19725164075104143,0.7958191665995626,-4.1848687228026344,negative,0.0,short horizon expected return is weak,risk/reward is unfavorable under current model
2021-10-11,60.52,-0.08160754707389056,-0.0965715127770221,0.18921901531560328,0.24635141216783396,0.7926411313046946,-3.8300507169678335,negative,0.0,short horizon expected return is weak,risk/reward is unfavorable under current model
2021-10-12,59.32,-0.06189696880350179,-0.07826342411364863,0.2341548950292117,0.32148490260496465,0.7881426799581304,-3.0577271142214686,negative,0.0,short horizon expected return is weak,risk/reward is unfavorable under current model
2021-10-13,61.54,-0.04346287239469104,0.002947836473316499,0.28283444557098525,0.4577054709436912,0.8101242290346253,-1.7064287450309568,negative,0.0,short horizon expected return is weak,risk/reward is unfavorable under current model
2021-10-14,69.25,-0.037602115949562885,0.10423651887206893,0.2647750676445465,0.602903015234504,0.9419867792683203,-0.6251986908638367,no_trade,0.0,risk filter triggered,recent volatility or drawdown is extreme
2021-10-15,70.25,-0.03989120655211104,0.09461198464552446,0.3161511668028369,0.625620682526569,0.9237068471345071,-0.583838456957535,no_trade,0.0,risk filter triggered,recent volatility or drawdown is extreme
2021-10-18,74.11,-0.03335099020787037,0.1352605549114607,0.34542089843505736,0.7833196051006663,0.9425915646856888,0.19667235901053143,no_trade,0.0,risk filter triggered,recent volatility or drawdown is extreme
2021-10-19,74.35,-0.048209302769297545,0.14832232942385254,0.3655715025508775,0.8729987364250588,0.8907931349574494,0.218613049430241,positive,0.5,one primary horizon has positive edge,"confirm liquidity, limit status, and cost assumptions"
2021-10-20,73.7,-0.013456329393239895,0.1298568054179938,0.42210934603201633,0.873966619599502,0.8575474153102487,0.9111191001944401,positive,0.5,one primary horizon has positive edge,"confirm liquidity, limit status, and cost assumptions"
2021-10-21,73.02,-0.006196893056544469,0.1423183250383299,0.44520717963749457,0.8645524936192586,0.8583256263971878,1.1939323451229855,positive,0.5,one primary horizon has positive edge,"confirm liquidity, limit status, and cost assumptions"
2021-10-22,71.52,-0.0025514525592045863,0.1455708526422145,0.4814118117302964,0.868523957025361,0.785391800163133,1.4094847956428211,positive,0.5,one primary horizon has positive edge,"confirm liquidity, limit status, and cost assumptions"
2021-10-25,72.98,-0.01677511336638956,0.13724475514719195,0.4187641629768265,0.8172210756715746,0.7288050188865933,0.8465255236379898,positive,0.5,one primary horizon has positive edge,"confirm liquidity, limit status, and cost assumptions"
2021-10-26,72.24,-0.008307922881953015,0.1252638885871887,0.4222866285176366,0.8228473325380546,0.7219744057230107,0.9400092964933056,positive,0.5,one primary horizon has positive edge,"confirm liquidity, limit status, and cost assumptions"
2021-10-27,72.97,-0.005377894004937871,0.11886546910821935,0.45194310624147027,0.797830348336487,0.720925100619493,0.9752932493410837,positive,0.5,one primary horizon has positive edge,"confirm liquidity, limit status, and cost assumptions"
2021-10-28,73.03,-0.022052000574117006,0.045421156802421314,0.3960449707638371,0.6416216762398264,0.7204083069473277,-0.3363392723125372,positive,0.5,one primary horizon has positive edge,"confirm liquidity, limit status, and cost assumptions"
2021-10-29,74.43,-0.040305320394735306,0.03412759314997417,0.3242814161225144,0.6525941254122816,0.7028359514677851,-0.9347647324023014,positive,0.5,one primary horizon has positive edge,"confirm liquidity, limit status, and cost assumptions"
2021-11-01,73.67,-0.020098182644179723,0.09031612588371639,0.4157426663833546,0.6957741077702041,0.6482297298682526,0.22337468324374926,positive,0.5,one primary horizon has positive edge,"confirm liquidity, limit status, and cost assumptions"
2021-11-02,74.77,-0.028234687040241315,0.08627955173535318,0.3909208791471868,0.669579661760077,0.5505914106982919,-0.03904949972283889,positive,0.5,one primary horizon has positive edge,"confirm liquidity, limit status, and cost assumptions"
2021-11-03,74.63,-0.01980264944709942,0.08892195512185498,0.41453840514191187,0.683436514528571,0.5302300545734955,0.23605926914420747,positive,0.5,one primary horizon has positive edge,"confirm liquidity, limit status, and cost assumptions"
2021-11-04,74.38,-0.02406530390335169,0.08572680354198395,0.41624428408300795,0.6599411946725472,0.49914378549019617,0.10094667932853305,positive,0.5,one primary horizon has positive edge,"confirm liquidity, limit status, and cost assumptions"
2021-11-05,77.03,-0.03103311298644445,0.0935840247581975,0.3522082031526366,0.6253197627222364,0.4916957680850907,-0.1800648352665445,positive,0.5,one primary horizon has positive edge,"confirm liquidity, limit status, and cost assumptions"
2021-11-08,77.52,-0.045799168561993835,0.06840019466023461,0.30169984917059084,0.5981159630763688,0.4896153666466664,-0.8393209390923396,positive,0.5,one primary horizon has positive edge,"confirm liquidity, limit status, and cost assumptions"
2021-11-09,75.65,-0.03515100925466201,0.07290119530251193,0.3915746210329169,0.575546118683362,0.4926166150298625,-0.4193087910511872,positive,0.5,one primary horizon has positive edge,"confirm liquidity, limit status, and cost assumptions"
2021-11-10,77.7,-0.04265955208437344,0.05617249000844127,0.3431660373815792,0.6341374483118944,0.48868087855561626,-0.7172329280375622,positive,0.5,one primary horizon has positive edge,"confirm liquidity, limit status, and cost assumptions"
2021-11-11,79.13,-0.06276070321317143,0.03247883004537385,0.32826605575132856,0.6680980424959887,0.3429373413077377,-1.2359606257783982,positive,0.5,one primary horizon has positive edge,"confirm liquidity, limit status, and cost assumptions"
2021-11-12,80.75,-0.045900065273416474,0.04413477125568822,0.40204707462148764,0.685740873849115,0.3449581440613664,-0.6046471886456393,positive,0.5,one primary horizon has positive edge,"confirm liquidity, limit status, and cost assumptions"
2021-11-15,73.82,0.0297777113439557,0.16204921876385203,0.7583227288745322,0.864134067495306,0.5725158920520359,2.90121056130447,strong_positive,1.0,5d and 20d expected return/probability both positive,"model output is probabilistic, not a price forecast"
2021-11-16,72.17,0.042048481081213625,0.11973134656178183,0.7474534189394214,0.8286978410446322,0.6391879331685426,2.700325663442574,strong_positive,1.0,5d and 20d expected return/probability both positive,"model output is probabilistic, not a price forecast"
2021-11-17,72.02,0.04402878540593748,0.10726427966647607,0.7405082444678611,0.8239000550114117,0.6441180863432355,2.614267944007788,strong_positive,1.0,5d and 20d expected return/probability both positive,"model output is probabilistic, not a price forecast"
2021-11-18,69.58,0.03814306425750144,0.09502104747722132,0.6935406799598487,0.7650405479919155,0.7463781849666387,2.155126466788982,strong_positive,1.0,5d and 20d expected return/probability both positive,"model output is probabilistic, not a price forecast"
2021-11-19,70.06,0.044193077831738564,0.07649521850498232,0.6294337697841144,0.6638715929666034,0.7431120876889583,1.810865525090767,strong_positive,1.0,5d and 20d expected return/probability both positive,"model output is probabilistic, not a price forecast"
2021-11-22,74.5,0.036477728389619025,0.12102718738437022,0.5882498855604009,0.7075595890474425,0.7794282503886907,1.9768212272846404,positive,0.5,one primary horizon has positive edge,"confirm liquidity, limit status, and cost assumptions"
2021-11-23,69.26,0.05926321298157552,0.1501375908490146,0.731448608446368,0.7611030109991134,0.8407182448231655,3.0673320387755676,strong_positive,1.0,5d and 20d expected return/probability both positive,"model output is probabilistic, not a price forecast"
2021-11-24,65.96,0.08902953493540863,0.266147155452839,0.7648330464046403,0.9464790227420028,0.8803104258590704,4.963734772794376,strong_positive,1.0,5d and 20d expected return/probability both positive,"model output is probabilistic, not a price forecast"
2021-11-25,64.84,0.08616310145073261,0.263286557136777,0.75895794015935,0.9418011092206473,0.8811361975302874,4.86172719271283,strong_positive,1.0,5d and 20d expected return/probability both positive,"model output is probabilistic, not a price forecast"
2021-11-26,66.23,0.09178325865125483,0.2582723108322091,0.7736304244878401,0.9456665170860294,0.8821356061488852,4.974344716479002,strong_positive,1.0,5d and 20d expected return/probability both positive,"model output is probabilistic, not a price forecast"
2021-11-29,68.57,0.09588840282557647,0.25222595486566224,0.7705480267143653,0.9212783226786827,0.8951127133317038,4.955695512568721,strong_positive,1.0,5d and 20d expected return/probability both positive,"model output is probabilistic, not a price forecast"
2021-11-30,69.85,0.07446329808494846,0.23160744811224243,0.7136343691886291,0.8928241462192262,0.896353410130714,4.181588958190003,strong_positive,1.0,5d and 20d expected return/probability both positive,"model output is probabilistic, not a price forecast"
2021-12-01,66.94,0.0909989303942486,0.2490426008239628,0.7965681797125034,0.9012605223730521,0.9083056308287679,4.855172400304201,no_trade,0.0,risk filter triggered,recent volatility or drawdown is extreme
2021-12-02,66.96,0.09033028956173994,0.22098916078911235,0.7878870620270242,0.8930697974595905,0.9085329245725443,4.583385361109681,no_trade,0.0,risk filter triggered,recent volatility or drawdown is extreme
2021-12-03,66.22,0.1037853039495801,0.24396296195811745,0.8164007591722455,0.90225679736299,0.8945294576703995,5.123020898145459,strong_positive,1.0,5d and 20d expected return/probability both positive,"model output is probabilistic, not a price forecast"
2021-12-06,66.03,0.1048267770773963,0.19832316406392833,0.8343328565771045,0.8707636516785253,0.8930523454142456,4.7686019513084865,strong_positive,1.0,5d and 20d expected return/probability both positive,"model output is probabilistic, not a price forecast"
2021-12-07,66.05,0.10042843975485759,0.17264563570593486,0.8004055961223241,0.8556583960911298,0.8911082474355521,4.371556378579493,strong_positive,1.0,5d and 20d expected return/probability both positive,"model output is probabilistic, not a price forecast"
2021-12-08,68.9,0.0742172094415912,0.1727412813082744,0.7308663241977841,0.8210176937578432,0.9017165357513292,3.624391231176289,no_trade,0.0,risk filter triggered,recent volatility or drawdown is extreme
2021-12-09,68.82,0.05899219039009585,0.1501053390672531,0.6828538495387876,0.8113498917281284,0.8968687819123947,3.0123579151413225,strong_positive,1.0,5d and 20d expected return/probability both positive,"model output is probabilistic, not a price forecast"
2021-12-10,73.31,0.03045073876793291,0.15786954864293176,0.6890340536563532,0.743026534761006,0.8688354456324907,2.414002441663908,strong_positive,1.0,5d and 20d expected return/probability both positive,"model output is probabilistic, not a price forecast"
2021-12-13,73.12,0.033832595834650696,0.11024965325234425,0.6663976041746393,0.6550287035309289,0.80566943298761,1.9233070901251446,strong_positive,1.0,5d and 20d expected return/probability both positive,"model output is probabilistic, not a price forecast"
2021-12-14,71.67,0.05893220382910824,0.08855533864968808,0.7577687440535142,0.7482291070864858,0.8047031388628425,2.620616268446684,strong_positive,1.0,5d and 20d expected return/probability both positive,"model output is probabilistic, not a price forecast"
2021-12-15,70.32,0.07387938889368426,0.11556164924123637,0.8015580887270776,0.7924458950514173,0.8076676206440265,3.3104426700270433,strong_positive,1.0,5d and 20d expected return/probability both positive,"model output is probabilistic, not a price forecast"
2021-12-16,70.75,0.06461888693965337,0.11035235472546266,0.7717841131899493,0.8193292287795175,0.7974073671564835,3.0624823101677436,strong_positive,1.0,5d and 20d expected return/probability both positive,"model output is probabilistic, not a price forecast"
2021-12-17,68.75,0.06552716323129659,0.11639913321113031,0.8115908373886597,0.7823165496643052,0.8043987723759656,3.1577696299974347,strong_positive,1.0,5d and 20d expected return/probability both positive,"model output is probabilistic, not a price forecast"
2021-12-20,66.77,0.05936814042116553,0.13149569437428743,0.8201717220646704,0.8145018365923088,0.6502402272792417,3.2829813630079543,strong_positive,1.0,5d and 20d expected return/probability both positive,"model output is probabilistic, not a price forecast"
2021-12-21,66.22,0.055963745713199224,0.09863462604533481,0.7730558950127776,0.7869692858105474,0.6231570172745258,2.805659531294639,strong_positive,1.0,5d and 20d expected return/probability both positive,"model output is probabilistic, not a price forecast"
2021-12-22,67.58,0.04423095612071776,0.057079594617251844,0.7232493189345548,0.7014847676522161,0.6011363036212021,1.9875811966859376,strong_positive,1.0,5d and 20d expected return/probability both positive,"model output is probabilistic, not a price forecast"
2021-12-23,68.5,0.043434970691411126,0.039326320732470846,0.6996929448512239,0.7023400624268388,0.598340416182281,1.7770744760551112,strong_positive,1.0,5d and 20d expected return/probability both positive,"model output is probabilistic, not a price forecast"
2021-12-24,67.44,0.038609987605630454,0.022780913324109645,0.6677051770042385,0.6447920528052814,0.5974629682643939,1.3779671874983073,positive,0.5,one primary horizon has positive edge,"confirm liquidity, limit status, and cost assumptions"
2021-12-27,66.06,0.04385046619363809,0.02945633705139471,0.6998335329406197,0.6717160291891593,0.5937371890486798,1.6573236296269265,strong_positive,1.0,5d and 20d expected return/probability both positive,"model output is probabilistic, not a price forecast"
2021-12-28,66.7,0.03800237354337276,0.02976473685304643,0.6848015054476317,0.6763655162792334,0.5901190329254562,1.5167697440111134,strong_positive,1.0,5d and 20d expected return/probability both positive,"model output is probabilistic, not a price forecast"
2021-12-29,66.02,0.03087093677543442,0.002871085480236329,0.6584587137399482,0.620878210411312,0.5705102048116285,1.0119095304119083,positive,0.5,one primary horizon has positive edge,"confirm liquidity, limit status, and cost assumptions"
2021-12-30,64.72,0.034626979915610936,0.009426918293845652,0.7013916565162194,0.6765051008605136,0.6284305614068819,1.3120932814759434,positive,0.5,one primary horizon has positive edge,"confirm liquidity, limit status, and cost assumptions"
2021-12-31,67.52,0.018288589210421827,0.016070029861587117,0.6135481763969872,0.6900335120807481,0.6505962731171021,0.8482915925710315,positive,0.5,one primary horizon has positive edge,"confirm liquidity, limit status, and cost assumptions"
2022-01-04,62.65,0.03661623236412153,0.0872160807808834,0.7277499395022072,0.774759924689427,0.7972723526311573,2.1403577034294545,strong_positive,1.0,5d and 20d expected return/probability both positive,"model output is probabilistic, not a price forecast"
2022-01-05,59.68,0.029060485639158674,0.09474525481291828,0.6612130451057066,0.8171339438608571,0.8309972071364459,1.9530430738035076,strong_positive,1.0,5d and 20d expected return/probability both positive,"model output is probabilistic, not a price forecast"
2022-01-06,58.46,0.02162258542521872,0.08434226739037799,0.612820921401187,0.8178025872110194,0.8088510565743522,1.6170117731141769,positive,0.5,one primary horizon has positive edge,"confirm liquidity, limit status, and cost assumptions"
2022-01-07,56.76,0.03271838733833353,0.1334925183457176,0.6557745643642494,0.8953272646924358,0.8126147479920534,2.4602454897391675,strong_positive,1.0,5d and 20d expected return/probability both positive,"model output is probabilistic, not a price forecast"
2022-01-10,54.69,0.026650900775210783,0.13880694748005984,0.603201762592273,0.893107650712875,0.7562028463330879,2.2747861296982093,positive,0.5,one primary horizon has positive edge,"confirm liquidity, limit status, and cost assumptions"
2022-01-11,54.47,0.026842624275631687,0.14667830022668482,0.6036584197837974,0.9078429565470765,0.7558042733326575,2.3673552987336706,positive,0.5,one primary horizon has positive edge,"confirm liquidity, limit status, and cost assumptions"
2022-01-12,57.11,0.04235414119072658,0.1863053804841134,0.687606057696222,0.9289530396648957,0.7969448428204351,3.2112643734329644,strong_positive,1.0,5d and 20d expected return/probability both positive,"model output is probabilistic, not a price forecast"
2022-01-13,57.48,0.04151401183660483,0.15198541546997435,0.7194723146535605,0.9072007062616209,0.7993705945963777,2.9571537636775025,strong_positive,1.0,5d and 20d expected return/probability both positive,"model output is probabilistic, not a price forecast"
2022-01-14,59.27,0.04464761892807211,0.12912835260298092,0.7405161450681916,0.8818049256036579,0.8137044315150936,2.8387285295202176,strong_positive,1.0,5d and 20d expected return/probability both positive,"model output is probabilistic, not a price forecast"
2022-01-17,60.87,0.03183302068121047,0.0740757079092483,0.7168778234666787,0.847427463272813,0.8209591440178025,2.0270244033689035,strong_positive,1.0,5d and 20d expected return/probability both positive,"model output is probabilistic, not a price forecast"
2022-01-18,60.49,0.026221350299346514,0.04539847248972654,0.6990773720095408,0.8515749091656609,0.8152615273637248,1.652745301292469,strong_positive,1.0,5d and 20d expected return/probability both positive,"model output is probabilistic, not a price forecast"
2022-01-19,59.01,0.03627919061169714,0.05571181853310722,0.7372813574256445,0.8620606457409699,0.8190110255061951,2.0417154117997525,strong_positive,1.0,5d and 20d expected return/probability both positive,"model output is probabilistic, not a price forecast"
2022-01-20,58.32,0.0427544017466957,0.06647806772655042,0.7476988211879755,0.876518857182682,0.8118947286791168,2.308244766451706,strong_positive,1.0,5d and 20d expected return/probability both positive,"model output is probabilistic, not a price forecast"
2022-01-21,57.37,0.035229291945944576,0.06877920524871575,0.7541143079301095,0.8770765504432346,0.8077511428291027,2.1935008834940777,strong_positive,1.0,5d and 20d expected return/probability both positive,"model output is probabilistic, not a price forecast"
2022-01-24,59.42,0.03726956143358449,0.08222681208846039,0.7496730739044415,0.8749613690524226,0.8256743887778728,2.3217258101715186,strong_positive,1.0,5d and 20d expected return/probability both positive,"model output is probabilistic, not a price forecast"
2022-01-25,58.79,0.03660592468163465,0.07269954536532097,0.7598975609321236,0.8569602635577876,0.8237604170064707,2.2267601253742644,strong_positive,1.0,5d and 20d expected return/probability both positive,"model output is probabilistic, not a price forecast"
2022-01-26,59.52,0.031408049349103406,0.061031086040036625,0.7162398080465069,0.8301664061076534,0.8246629578602556,1.8826145356725434,strong_positive,1.0,5d and 20d expected return/probability both positive,"model output is probabilistic, not a price forecast"
2022-01-27,56.22,0.07053940525338712,0.11569563835106074,0.8411472318700965,0.85605853511679,0.8488620380773728,3.428692598107356,strong_positive,1.0,5d and 20d expected return/probability both positive,"model output is probabilistic, not a price forecast"
2022-01-28,55.31,0.07708991191719078,0.1099128910774782,0.8430226658795164,0.8596284842500531,0.8481826315165657,3.5240044734018037,strong_positive,1.0,5d and 20d expected return/probability both positive,"model output is probabilistic, not a price forecast"
2022-02-07,57.45,0.07530050195532155,0.13345825646054574,0.8527061561832718,0.8549775164909361,0.785897705080854,3.7132221192583597,strong_positive,1.0,5d and 20d expected return/probability both positive,"model output is probabilistic, not a price forecast"
2022-02-08,53.83,0.08842826628680497,0.1612011904345297,0.8796206199348806,0.8782046089482828,0.7294829169973468,4.318978289691793,strong_positive,1.0,5d and 20d expected return/probability both positive,"model output is probabilistic, not a price forecast"
2022-02-09,55.25,0.09079793558197602,0.12093240885719951,0.848271745226155,0.8580305026568301,0.7213208725184943,3.9403072537380566,strong_positive,1.0,5d and 20d expected return/probability both positive,"model output is probabilistic, not a price forecast"
2022-02-10,55.12,0.08063547794068077,0.12101176528080196,0.8578637468990139,0.8454106772965091,0.7183496296024325,3.7400811822910613,strong_positive,1.0,5d and 20d expected return/probability both positive,"model output is probabilistic, not a price forecast"
2022-02-11,52.06,0.09749026186946097,0.16429106347784495,0.8944710440892452,0.8911650533221775,0.8269979821824761,4.5470586431933135,strong_positive,1.0,5d and 20d expected return/probability both positive,"model output is probabilistic, not a price forecast"
2022-02-14,52.32,0.096893528545105,0.09758027872162076,0.8692755445374272,0.8718415734816244,0.8165922048969319,3.9140844220178437,strong_positive,1.0,5d and 20d expected return/probability both positive,"model output is probabilistic, not a price forecast"
2022-02-15,55.07,0.07723309997554101,0.09513126486535148,0.8432712128483735,0.8600407734891256,0.8421104004574786,3.4120075974015958,strong_positive,1.0,5d and 20d expected return/probability both positive,"model output is probabilistic, not a price forecast"
2022-02-16,54.96,0.07219200824374757,0.09972629285867157,0.8531220940653246,0.8560538251257098,0.8204437733319905,3.3718697817734014,strong_positive,1.0,5d and 20d expected return/probability both positive,"model output is probabilistic, not a price forecast"
2022-02-17,57.2,0.056379910691095436,0.08243304120633012,0.7858796434069921,0.8116429218667234,0.8358635717122205,2.6809676644341263,strong_positive,1.0,5d and 20d expected return/probability both positive,"model output is probabilistic, not a price forecast"
2022-02-18,55.12,0.044771856475193286,0.09254598846364519,0.7899671113832832,0.8189738519040656,0.8374351914545077,2.5509157332717196,strong_positive,1.0,5d and 20d expected return/probability both positive,"model output is probabilistic, not a price forecast"
2022-02-21,55.33,0.04927258178696764,0.07695542171332882,0.7848922816595264,0.8254953989327236,0.8130171885003898,2.523779982230948,strong_positive,1.0,5d and 20d expected return/probability both positive,"model output is probabilistic, not a price forecast"
2022-02-22,58.12,0.03868804928536716,0.05662598896376055,0.7724158437685189,0.7697039562786884,0.7961963824301153,2.033243726157912,strong_positive,1.0,5d and 20d expected return/probability both positive,"model output is probabilistic, not a price forecast"
2022-02-23,60.59,0.017327321458021766,0.009980395725354856,0.7395042218980662,0.7336775774433766,0.8064138841409542,1.0924505490150558,positive,0.5,one primary horizon has positive edge,"confirm liquidity, limit status, and cost assumptions"
2022-02-24,60.58,0.03566898416014022,0.036996434489534546,0.7821223734441743,0.7516475799001677,0.8048868271320051,1.805338940826232,strong_positive,1.0,5d and 20d expected return/probability both positive,"model output is probabilistic, not a price forecast"
2022-02-25,61.62,0.01833207150182528,0.0309179758731405,0.7430086111135535,0.746350724499428,0.80346438307876,1.3103773363747353,strong_positive,1.0,5d and 20d expected return/probability both positive,"model output is probabilistic, not a price forecast"
2022-02-28,63.02,0.015418109405899808,0.03554938238239481,0.7185702388052516,0.7681935958655298,0.7977862731652464,1.2705186018907886,strong_positive,1.0,5d and 20d expected return/probability both positive,"model output is probabilistic, not a price forecast"
2022-03-01,62.3,0.008271866033229207,-0.004941771945163121,0.6511468379364173,0.6692770810298869,0.7979923265580742,0.4814102543760717,neutral,0.0,no clear model edge,observe only unless independent thesis exists
2022-03-02,61.4,0.01737328799783896,0.01876428848293898,0.6524679407487075,0.7197939526091831,0.7050297571660027,0.9729014355744796,positive,0.5,one primary horizon has positive edge,"confirm liquidity, limit status, and cost assumptions"
2022-03-03,60.16,0.004438570379482421,0.006136412808937777,0.6391863346475788,0.7261996684317888,0.6775241418766281,0.6024968219683294,neutral,0.0,no clear model edge,observe only unless independent thesis exists
2022-03-04,60.2,0.008366928693705838,0.01570813530760713,0.6498655700313105,0.7506191730001857,0.6737788354845324,0.8245660156554214,neutral,0.0,no clear model edge,observe only unless independent thesis exists
2022-03-07,58.76,0.017275647264152844,0.03030449364979737,0.7130086240118291,0.7519971050975504,0.5901139183847277,1.298424320903633,strong_positive,1.0,5d and 20d expected return/probability both positive,"model output is probabilistic, not a price forecast"
2022-03-08,58.46,0.007453102882852801,0.015444030959429339,0.6941602687859453,0.7090196326912214,0.5579872132136467,0.8787254623602891,neutral,0.0,no clear model edge,observe only unless independent thesis exists
2022-03-09,58.7,0.005350055900792423,0.004827777288974202,0.6286850936865667,0.747427536345202,0.5524184661102536,0.6649213190330455,neutral,0.0,no clear model edge,observe only unless independent thesis exists
2022-03-10,60.95,0.004732631071871246,0.017521683238009175,0.6187140158716475,0.7420640415775543,0.5643160394417328,0.7177549131999934,neutral,0.0,no clear model edge,observe only unless independent thesis exists
2022-03-11,60.85,0.0017444552272747361,-0.001358792281830429,0.5187196096501733,0.7042223116409271,0.5185971925068016,0.22655935749875353,neutral,0.0,no clear model edge,observe only unless independent thesis exists
2022-03-14,57.68,0.024818335154871862,0.06592339869035461,0.6503636916300857,0.7885217181551336,0.5972038264374726,1.6464506974292483,strong_positive,1.0,5d and 20d expected return/probability both positive,"model output is probabilistic, not a price forecast"
2022-03-15,55.45,0.03537361289606499,0.09161100544179811,0.7035442559876495,0.8128403431285859,0.6968059322904345,2.1928153943395245,strong_positive,1.0,5d and 20d expected return/probability both positive,"model output is probabilistic, not a price forecast"
2022-03-16,57.47,0.04021264464181944,0.10609507829333521,0.673720045559105,0.8238128014307272,0.7096474291144551,2.3496716943488014,strong_positive,1.0,5d and 20d expected return/probability both positive,"model output is probabilistic, not a price forecast"
2022-03-17,59.32,0.01908505997821691,0.08598688384747023,0.6258922338416057,0.7647974142625166,0.7036236863399024,1.5584055495264084,strong_positive,1.0,5d and 20d expected return/probability both positive,"model output is probabilistic, not a price forecast"
2022-03-18,58.17,0.026103085342152353,0.08451083796553754,0.5952465213057552,0.7873249137233612,0.6918049530619195,1.6571334162480398,positive,0.5,one primary horizon has positive edge,"confirm liquidity, limit status, and cost assumptions"
2022-03-21,61.04,0.01258238988130653,0.06746134470821515,0.5459127429210235,0.7421928776116288,0.7132796007384302,1.0524752245351707,positive,0.5,one primary horizon has positive edge,"confirm liquidity, limit status, and cost assumptions"
2022-03-22,60.02,-0.0004201027407685059,0.05194800719155589,0.5089922971284104,0.7119219304916947,0.6947445699444238,0.5382066473556442,positive,0.5,one primary horizon has positive edge,"confirm liquidity, limit status, and cost assumptions"
2022-03-23,59.81,0.007554226215066986,0.058970302631579374,0.5144229242706775,0.7091415324590145,0.6754635426213764,0.7686574161664312,positive,0.5,one primary horizon has positive edge,"confirm liquidity, limit status, and cost assumptions"
2022-03-24,59.82,0.010131317121786438,0.05339842175046428,0.48282386755804024,0.6973626129299615,0.6754685875883986,0.6822597566355332,positive,0.5,one primary horizon has positive edge,"confirm liquidity, limit status, and cost assumptions"
2022-03-25,57.84,0.019104022232987607,0.07246920448375069,0.5672232777612664,0.7471617241484008,0.6830896629236913,1.2915432201967552,positive,0.5,one primary horizon has positive edge,"confirm liquidity, limit status, and cost assumptions"
2022-03-28,57.04,0.01851683071232567,0.04498780247538903,0.5599357914317251,0.6724740792407828,0.6454771351014281,0.9316290155061225,positive,0.5,one primary horizon has positive edge,"confirm liquidity, limit status, and cost assumptions"
2022-03-29,57.12,0.021343413618649647,0.06350837691536647,0.6066366912433852,0.7079150631183443,0.6062216662744336,1.3181017559316788,positive,0.5,one primary horizon has positive edge,"confirm liquidity, limit status, and cost assumptions"
2022-03-30,58.82,0.02801033670204109,0.06646645075054912,0.6238121528605083,0.7252489477824998,0.5970756085377182,1.5472718133690324,strong_positive,1.0,5d and 20d expected return/probability both positive,"model output is probabilistic, not a price forecast"
2022-03-31,58.02,0.03514463859345955,0.05883782219789357,0.6553432821766029,0.726142588283931,0.5947538918287267,1.7048034595309103,strong_positive,1.0,5d and 20d expected return/probability both positive,"model output is probabilistic, not a price forecast"
2022-04-01,57.0,0.042542241089847624,0.06807013888979775,0.7105608485036038,0.7495982780552396,0.5974003264013348,2.093621595275342,strong_positive,1.0,5d and 20d expected return/probability both positive,"model output is probabilistic, not a price forecast"
2022-04-06,55.01,0.04812669838043409,0.08387828235749854,0.7108062177550338,0.7705581418576146,0.629931980248884,2.355895444572664,strong_positive,1.0,5d and 20d expected return/probability both positive,"model output is probabilistic, not a price forecast"
2022-04-07,53.9,0.055765478102504935,0.08905106465565482,0.7146423503246683,0.7927267214575874,0.6875733502108804,2.5757774265750673,strong_positive,1.0,5d and 20d expected return/probability both positive,"model output is probabilistic, not a price forecast"
2022-04-08,53.12,0.06081998213074568,0.07138613791760386,0.7346294508691877,0.7398943624251594,0.7262039474785439,2.480610020408291,strong_positive,1.0,5d and 20d expected return/probability both positive,"model output is probabilistic, not a price forecast"
2022-04-11,50.62,0.04789344014308769,0.08772756762633142,0.6821486296638013,0.7478223854690423,0.7834254800379299,2.223541204189737,strong_positive,1.0,5d and 20d expected return/probability both positive,"model output is probabilistic, not a price forecast"
2022-04-12,50.13,0.028599208525606608,0.09556386585730647,0.5784963035570956,0.7627182471075872,0.7827360015978349,1.6835592836238766,positive,0.5,one primary horizon has positive edge,"confirm liquidity, limit status, and cost assumptions"
2022-04-13,49.73,0.022434936876276634,0.0642741824453425,0.5553536412864937,0.7205480249443659,0.7592324668051607,1.1938993716155615,positive,0.5,one primary horizon has positive edge,"confirm liquidity, limit status, and cost assumptions"
2022-04-14,50.28,0.009312456475794012,0.05541763199336979,0.5128307375489342,0.715425923979939,0.7492536246867649,0.7563330110698823,positive,0.5,one primary horizon has positive edge,"confirm liquidity, limit status, and cost assumptions"
2022-04-15,49.3,0.02387081516221965,0.07677807124344782,0.562416155740257,0.7659546069616334,0.7287116692361707,1.4254871639559714,positive,0.5,one primary horizon has positive edge,"confirm liquidity, limit status, and cost assumptions"
2022-04-18,52.29,0.028892727787671334,0.10437726746732916,0.5960861553611645,0.8051706603139088,0.7645098368476503,1.878113048961281,positive,0.5,one primary horizon has positive edge,"confirm liquidity, limit status, and cost assumptions"
2022-04-19,52.72,0.017753548862326527,0.07956062486372635,0.6030936765662458,0.7548934377704636,0.764456681877471,1.3893704457712395,positive,0.5,one primary horizon has positive edge,"confirm liquidity, limit status, and cost assumptions"
2022-04-20,50.92,0.02779809567523141,0.09474739823558848,0.6495055238907894,0.8058838692161447,0.7362090145418264,1.9149206154051133,strong_positive,1.0,5d and 20d expected return/probability both positive,"model output is probabilistic, not a price forecast"
2022-04-21,49.12,0.04270368502887968,0.10549894808388964,0.70751877978496,0.8494800351156769,0.744518123998227,2.504161153207033,strong_positive,1.0,5d and 20d expected return/probability both positive,"model output is probabilistic, not a price forecast"
2022-04-22,47.45,0.028671392021190196,0.10467173197098208,0.6735134132657493,0.8605546555289622,0.750951296624337,2.153757799208161,strong_positive,1.0,5d and 20d expected return/probability both positive,"model output is probabilistic, not a price forecast"
2022-04-25,42.72,0.036240496728835836,0.15950739250971646,0.6747733468807332,0.8204662707531533,0.8380931336439967,2.649451405189349,strong_positive,1.0,5d and 20d expected return/probability both positive,"model output is probabilistic, not a price forecast"
2022-04-26,42.05,0.01000857536418322,0.06415784107942214,0.5649198406434082,0.7538404694535398,0.8352149394943342,0.9956560843532101,positive,0.5,one primary horizon has positive edge,"confirm liquidity, limit status, and cost assumptions"
2022-04-27,45.32,0.02026390247040249,0.10470847106272668,0.5864434763039887,0.8141085848645356,0.9050115047385565,1.651407544068235,no_trade,0.0,risk filter triggered,recent volatility or drawdown is extreme
2022-04-28,46.61,-0.0007876093211158708,0.05919632126019946,0.5382082121764586,0.709648640799999,0.9160685307708291,0.5757612943012234,no_trade,0.0,risk filter triggered,recent volatility or drawdown is extreme
2022-04-29,48.57,-0.00038826738633273954,0.05406545449424565,0.5414025594520087,0.6140045079514259,0.9245710143330609,0.38777191851780257,no_trade,0.0,risk filter triggered,recent volatility or drawdown is extreme
2022-05-05,49.37,-0.01571255073278821,-0.00376546003372501,0.49100650068492635,0.5419057123356519,0.9293417797800078,-0.6207862956909858,no_trade,0.0,risk filter triggered,recent volatility or drawdown is extreme
2022-05-06,48.94,-0.013648361655943159,-0.02706231864381753,0.46754154674439385,0.555115549134566,0.9285855982923192,-0.7983478840438529,no_trade,0.0,risk filter triggered,recent volatility or drawdown is extreme
2022-05-09,47.6,-0.0006449431297070778,-0.04096144943077296,0.5208879878291156,0.4801384673998042,0.9256379010101723,-0.6489276394596089,no_trade,0.0,risk filter triggered,recent volatility or drawdown is extreme
2022-05-10,48.41,-0.020572999114667506,-0.0735045010029082,0.4361135223208,0.44983338394660094,0.9282909913485768,-1.557077311962416,no_trade,0.0,risk filter triggered,recent volatility or drawdown is extreme
2022-05-11,50.42,-0.024731343031539812,-0.07654031173724272,0.4644112716834996,0.4480015658152746,0.9427777199770091,-1.6066259795670677,no_trade,0.0,risk filter triggered,recent volatility or drawdown is extreme
2022-05-12,50.02,-0.024983715204669986,-0.09119147210171731,0.44530649953104506,0.45370998950618346,0.9263501314486732,-1.758196812164763,no_trade,0.0,risk filter triggered,recent volatility or drawdown is extreme
2022-05-13,50.32,-0.027917721313084773,-0.09329457803310154,0.44199232013484285,0.4759344998201974,0.9259386147414339,-1.8042499856710472,no_trade,0.0,risk filter triggered,recent volatility or drawdown is extreme
2022-05-16,49.53,-0.01695163387576318,-0.08548923103517336,0.5212758536605189,0.49686776935720084,0.927396850822775,-1.3031121494480764,no_trade,0.0,risk filter triggered,recent volatility or drawdown is extreme
2022-05-17,51.22,-0.017705593035552553,-0.07747642328533445,0.49490264329323214,0.4622235931876719,0.9350671421989358,-1.3760512570996926,no_trade,0.0,risk filter triggered,recent volatility or drawdown is extreme
2022-05-18,52.99,-0.013889393792761268,-0.07362712532353037,0.5199711248962322,0.45741346903151175,0.9390802726523726,-1.219861234061404,no_trade,0.0,risk filter triggered,recent volatility or drawdown is extreme
2022-05-19,54.22,-0.03378290363121705,-0.09108882048105352,0.46035574524072115,0.4752026851964453,0.9176452374080697,-1.859376588676502,no_trade,0.0,risk filter triggered,recent volatility or drawdown is extreme
2022-05-20,54.07,-0.02311236665407277,-0.05613547061088211,0.487034792188921,0.5740663537630638,0.9174401243414827,-1.1392433701087759,no_trade,0.0,risk filter triggered,recent volatility or drawdown is extreme
2022-05-23,54.51,-0.0224206037491168,-0.04151932726707689,0.4692671618106808,0.6265126333554062,0.8883984575486484,-0.9523617201103793,negative,0.0,short horizon expected return is weak,risk/reward is unfavorable under current model
2022-05-24,53.0,0.0011329304176591554,0.006017098198148263,0.5877954689924472,0.6986399230012804,0.7933825925122732,0.32903411921025105,neutral,0.0,no clear model edge,observe only unless independent thesis exists
2022-05-25,52.52,0.0007737915339005638,0.028751491936084842,0.5827013521613438,0.747116739282582,0.5502806962909994,0.6577205763122791,positive,0.5,one primary horizon has positive edge,"confirm liquidity, limit status, and cost assumptions"
2022-05-26,52.62,-0.03568656372110766,-0.03868944359517265,0.41193421587775025,0.5778534266162246,0.4250507783116926,-1.2477457141841684,negative,0.0,short horizon expected return is weak,risk/reward is unfavorable under current model
2022-05-27,52.11,-0.026917133482969716,-0.01731599257550448,0.4675540854660017,0.6440560241329192,0.4442436742852818,-0.667969656621076,negative,0.0,short horizon expected return is weak,risk/reward is unfavorable under current model
2022-05-30,52.18,-0.0167081431372305,-0.007704953812186183,0.5213539828447511,0.6924263641608509,0.38768164326764654,-0.16095450147993837,neutral,0.0,no clear model edge,observe only unless independent thesis exists
2022-05-31,53.34,-0.01886375957171963,0.0035662582193061836,0.5300696488983885,0.7044442190082798,0.3844399338615246,-0.07239622342143723,neutral,0.0,no clear model edge,observe only unless independent thesis exists
2022-06-01,52.22,-0.006481450266810052,0.018519183633001937,0.6224085441884091,0.7429748623117761,0.3754082970603575,0.5777096000492707,neutral,0.0,no clear model edge,observe only unless independent thesis exists
2022-06-02,55.04,-0.010414706905383504,0.02429561172233085,0.5430892980901593,0.7720076084364503,0.4067131838896537,0.3976088509140535,neutral,0.0,no clear model edge,observe only unless independent thesis exists
2022-06-06,58.06,-0.019541312988993607,-0.03221518780422993,0.4482063193922529,0.5959149693677885,0.43153456860462014,-0.7605785003637575,negative,0.0,short horizon expected return is weak,risk/reward is unfavorable under current model
2022-06-07,58.3,-0.039219682201722054,-0.020175958861863276,0.3917467708358949,0.6244808477394515,0.4142031667637513,-1.1358952117804864,negative,0.0,short horizon expected return is weak,risk/reward is unfavorable under current model
2022-06-08,57.42,-0.01908843674389441,0.0023102757561510538,0.4419747202972977,0.6591415270001778,0.4213365845562026,-0.38091077439602644,negative,0.0,short horizon expected return is weak,risk/reward is unfavorable under current model
2022-06-09,56.1,-0.01793680045657802,0.030474334125542207,0.4657512630973289,0.7076546754972872,0.4183885324543315,0.004800083903007346,positive,0.5,one primary horizon has positive edge,"confirm liquidity, limit status, and cost assumptions"
2022-06-10,57.6,-0.01502907679352666,0.00310180104236122,0.44203915211846456,0.6054734445303515,0.42107760112654635,-0.3825971920989316,negative,0.0,short horizon expected return is weak,risk/reward is unfavorable under current model
2022-06-13,58.14,-0.025107013041647593,-0.027801302644924447,0.3962783213061941,0.48926753372988346,0.42112235965556766,-1.1318482019408707,negative,0.0,short horizon expected return is weak,risk/reward is unfavorable under current model
2022-06-14,58.08,-0.04046606288891256,-0.0369595947055441,0.33745624407577446,0.4898517842738147,0.41493241712499557,-1.6464068181165208,negative,0.0,short horizon expected return is weak,risk/reward is unfavorable under current model
2022-06-15,58.42,-0.043556583924306745,-0.027079172470393667,0.36360145463486926,0.5256858228629574,0.4056880169318917,-1.5052094319224891,negative,0.0,short horizon expected return is weak,risk/reward is unfavorable under current model
2022-06-16,60.16,-0.04780601919601793,-0.03206136566444008,0.316441813762792,0.531255083436266,0.4024883814585449,-1.729692871572745,negative,0.0,short horizon expected return is weak,risk/reward is unfavorable under current model
2022-06-17,61.44,-0.04368725496918049,-0.03774337710958678,0.33314794836984113,0.4573973902962828,0.4016659879039766,-1.7766010153365952,negative,0.0,short horizon expected return is weak,risk/reward is unfavorable under current model
2022-06-20,63.44,-0.053741231937332753,-0.05545696469709742,0.3187901776221518,0.39943864209390756,0.40881395487415567,-2.251990422587856,negative,0.0,short horizon expected return is weak,risk/reward is unfavorable under current model
2022-06-21,62.1,-0.0425795794529913,0.004362172779934217,0.3547203530208438,0.5473165731005994,0.4007554247536665,-1.217083493267834,negative,0.0,short horizon expected return is weak,risk/reward is unfavorable under current model
2022-06-22,64.13,-0.05390147173118226,-0.02322284928024556,0.3131415069527264,0.48875198024797734,0.39122561514246956,-1.855491044195817,negative,0.0,short horizon expected return is weak,risk/reward is unfavorable under current model
2022-06-23,65.59,-0.05612246696091743,-0.04454697352799569,0.2759426101869783,0.45034883436363565,0.38813891901222125,-2.2202262680542497,negative,0.0,short horizon expected return is weak,risk/reward is unfavorable under current model
2022-06-24,64.8,-0.04699069816881976,0.005125019832354063,0.31343705520173587,0.573513750631726,0.39411798878954885,-1.3495457209369777,negative,0.0,short horizon expected return is weak,risk/reward is unfavorable under current model
2022-06-27,63.91,-0.03951116012276227,0.02146078891420206,0.3459203760617265,0.5908781335075065,0.3965105787060919,-0.965371160365555,negative,0.0,short horizon expected return is weak,risk/reward is unfavorable under current model
2022-06-28,67.1,-0.04834293845170176,-0.004947582959701064,0.27219521864592794,0.5775143904451175,0.41305480767413905,-1.5533624544818982,negative,0.0,short horizon expected return is weak,risk/reward is unfavorable under current model
2022-06-29,64.99,-0.02825165473684683,0.058409756906517424,0.37740177811172604,0.695859752665056,0.43409285030966377,-0.20931713372405888,positive,0.5,one primary horizon has positive edge,"confirm liquidity, limit status, and cost assumptions"
2022-06-30,65.89,-0.02502996667105393,0.049190193966428424,0.3568700083645247,0.7188045280377477,0.4220753846356399,-0.22409993339865455,positive,0.5,one primary horizon has positive edge,"confirm liquidity, limit status, and cost assumptions"
2022-07-01,63.8,-0.012352336202063465,0.0874495746482438,0.4613549947032122,0.8149278772399795,0.45502060635391517,0.7280007772949384,positive,0.5,one primary horizon has positive edge,"confirm liquidity, limit status, and cost assumptions"
2022-07-04,67.05,-0.02099144697128371,0.0654282786402516,0.44128802119448207,0.7607614675843896,0.45098239103697535,0.24336128159450462,positive,0.5,one primary horizon has positive edge,"confirm liquidity, limit status, and cost assumptions"
2022-07-05,67.29,-0.028185920820309424,0.06252619328239892,0.43554997083623254,0.7361632161913368,0.4510277129548865,0.021853389255563294,positive,0.5,one primary horizon has positive edge,"confirm liquidity, limit status, and cost assumptions"
2022-07-06,67.24,-0.03182063276343003,0.04991411313613734,0.38349583591344755,0.7352661792375641,0.44545511967552653,-0.27274179287195177,positive,0.5,one primary horizon has positive edge,"confirm liquidity, limit status, and cost assumptions"
2022-07-07,68.52,-0.042878700484126675,0.020193223910870105,0.3181664029747188,0.7098944726961461,0.4334439175515606,-0.9221878614373645,negative,0.0,short horizon expected return is weak,risk/reward is unfavorable under current model
2022-07-08,68.16,-0.05592767651152307,0.027804703303655077,0.31384539393136,0.745963875376765,0.43232420169189506,-1.071850329592269,positive,0.5,one primary horizon has positive edge,"confirm liquidity, limit status, and cost assumptions"
2022-07-11,66.65,-0.026314089646621158,0.022749562996254125,0.4075991863404672,0.6917322811654426,0.4438747214290098,-0.3956895380590491,negative,0.0,short horizon expected return is weak,risk/reward is unfavorable under current model
2022-07-12,65.63,-0.027190775925696162,0.016732523024766306,0.403588747184441,0.6853293167977711,0.44915834263546217,-0.48323814947822363,negative,0.0,short horizon expected return is weak,risk/reward is unfavorable under current model
2022-07-13,65.8,-0.028809615174513113,-0.016120869596799987,0.3551814157268288,0.6274082200704375,0.44930457446368155,-0.9879788578469543,negative,0.0,short horizon expected return is weak,risk/reward is unfavorable under current model
2022-07-14,68.1,-0.036741721696963665,-0.024838671790488855,0.3391076059355912,0.5799404093890717,0.4524834264407484,-1.3340945780192806,negative,0.0,short horizon expected return is weak,risk/reward is unfavorable under current model
2022-07-15,66.77,-0.01379189596007389,0.0034242804629800467,0.4045540663583522,0.6273448880553273,0.4569590463555706,-0.4188450401270531,negative,0.0,short horizon expected return is weak,risk/reward is unfavorable under current model
2022-07-18,66.09,-0.02333682306925091,-0.027955529018975744,0.35137291725200553,0.5465600367801344,0.44889967930626146,-1.1166920464057788,negative,0.0,short horizon expected return is weak,risk/reward is unfavorable under current model
2022-07-19,65.3,-0.01914025947986625,-0.022271119343795165,0.39012719881010377,0.565231027041137,0.44448474464455223,-0.8641952960144758,negative,0.0,short horizon expected return is weak,risk/reward is unfavorable under current model
2022-07-20,67.88,-0.032124185568779634,-0.034665269213627295,0.34747042011225165,0.4959819294740457,0.44986414080180737,-1.4398574516465803,negative,0.0,short horizon expected return is weak,risk/reward is unfavorable under current model
2022-07-21,66.16,-0.026913103070044672,-0.03371101737669824,0.3502664538094668,0.5014887036056008,0.4536659606188298,-1.3136303883996459,negative,0.0,short horizon expected return is weak,risk/reward is unfavorable under current model
2022-07-22,67.49,-0.046713010300476726,-0.04941311991152163,0.28543958944008574,0.56070974911393,0.45573693220481887,-1.888531134356644,negative,0.0,short horizon expected return is weak,risk/reward is unfavorable under current model
2022-07-25,66.97,-0.05883464837850909,-0.07045934315723511,0.271553077068338,0.4966628133006991,0.4538153389663036,-2.437807879472315,negative,0.0,short horizon expected return is weak,risk/reward is unfavorable under current model
2022-07-26,68.32,-0.06804024034409836,-0.07264174100794464,0.24127804597900843,0.4808953797190178,0.42338863540636795,-2.725650350521704,negative,0.0,short horizon expected return is weak,risk/reward is unfavorable under current model
2022-07-27,72.95,-0.06110817182407055,-0.036078774786892046,0.2692524163631735,0.41655959355983996,0.45622635800661254,-2.347951232631724,negative,0.0,short horizon expected return is weak,risk/reward is unfavorable under current model
2022-07-28,71.26,-0.05230919558815811,0.015944849018350582,0.30071892699438596,0.5172779905897537,0.4646527226608118,-1.5174460919111514,negative,0.0,short horizon expected return is weak,risk/reward is unfavorable under current model
2022-07-29,71.32,-0.03962430556949888,0.014446422170846046,0.30029800253549793,0.5488514622580151,0.44865643815442585,-1.2184967110310712,negative,0.0,short horizon expected return is weak,risk/reward is unfavorable under current model
2022-08-01,69.85,-0.03810158002837821,0.012203324057407683,0.3119847111996731,0.554008627298983,0.42990451359636955,-1.1635595495694901,negative,0.0,short horizon expected return is weak,risk/reward is unfavorable under current model
2022-08-02,69.3,-0.031299987917477075,0.05055589367971981,0.36424805837629953,0.6584246135279512,0.4401888243053652,-0.42833220532737665,positive,0.5,one primary horizon has positive edge,"confirm liquidity, limit status, and cost assumptions"
2022-08-03,69.42,-0.019922738196152617,0.02704043066502889,0.41316455243778877,0.522815216919786,0.44012257624268664,-0.500764903066611,negative,0.0,short horizon expected return is weak,risk/reward is unfavorable under current model
2022-08-04,68.75,-0.011304661704564428,0.0350651048056286,0.4019069112007541,0.5289989670698731,0.460008282450455,-0.28712755658570416,negative,0.0,short horizon expected return is weak,risk/reward is unfavorable under current model
2022-08-05,69.99,-0.009536859367707484,0.0458532208253125,0.39652303440700554,0.5886855081238872,0.4633331745529291,-0.07971510468901657,positive,0.5,one primary horizon has positive edge,"confirm liquidity, limit status, and cost assumptions"
2022-08-08,68.35,0.0023841378325923784,0.06708150929572647,0.4837387201570749,0.6383025377595984,0.4806001782850394,0.6086860119170678,positive,0.5,one primary horizon has positive edge,"confirm liquidity, limit status, and cost assumptions"
2022-08-09,70.24,-0.0036245946781495487,0.066851042038399,0.4724701713413713,0.6404352334292763,0.484513866526295,0.4625590449719914,positive,0.5,one primary horizon has positive edge,"confirm liquidity, limit status, and cost assumptions"
2022-08-10,69.53,0.002501343120842903,0.04605164592826263,0.4729058008853498,0.6176026991981065,0.48671763629256587,0.3808735578698881,positive,0.5,one primary horizon has positive edge,"confirm liquidity, limit status, and cost assumptions"
2022-08-11,68.3,0.00890959734087786,0.05852705601090745,0.4767639079196278,0.6156056675861116,0.4797213260991507,0.6169644952260982,positive,0.5,one primary horizon has positive edge,"confirm liquidity, limit status, and cost assumptions"
2022-08-12,65.93,0.023539403405074898,0.07104711641653944,0.5643823213946855,0.6821989829460154,0.5879943984474285,1.2872573481415053,positive,0.5,one primary horizon has positive edge,"confirm liquidity, limit status, and cost assumptions"
2022-08-15,74.02,0.02561989086606178,0.1103400349426522,0.6020536738237156,0.6993948079508805,0.7177852289526945,1.7143431855691476,positive,0.5,one primary horizon has positive edge,"confirm liquidity, limit status, and cost assumptions"
2022-08-16,74.5,0.023230621297458436,0.08528446776621755,0.5575374111920891,0.6232724959865709,0.7149083612391995,1.2363783610710153,positive,0.5,one primary horizon has positive edge,"confirm liquidity, limit status, and cost assumptions"
2022-08-17,74.4,0.014458291408863816,0.0955843168738133,0.5047190547360056,0.6721910748646923,0.7055919982292401,1.1048794162793825,positive,0.5,one primary horizon has positive edge,"confirm liquidity, limit status, and cost assumptions"
2022-08-18,82.31,0.016841156145231437,0.06265312887312025,0.4913686476683959,0.4931128851113294,0.7687531819087663,0.5373661932999954,neutral,0.0,no clear model edge,observe only unless independent thesis exists
2022-08-19,80.36,-0.006771172257415621,0.0722203550696848,0.4503156450561957,0.5725486644379046,0.7767830468542462,0.17544960820447753,positive,0.5,one primary horizon has positive edge,"confirm liquidity, limit status, and cost assumptions"
2022-08-22,79.99,0.012479262064722847,0.07088719018414383,0.4766863284232817,0.5245801760339631,0.7760673800857385,0.5316275727818616,neutral,0.0,no clear model edge,observe only unless independent thesis exists
2022-08-23,81.41,0.003539451006697905,0.0650179490925197,0.4496494674711519,0.558119604495816,0.7757070617183708,0.2988165728650672,neutral,0.0,no clear model edge,observe only unless independent thesis exists
2022-08-24,78.8,0.009901325258270331,0.09605121813073532,0.481015757729033,0.6892447237777078,0.6981631662413631,0.9931904496907356,positive,0.5,one primary horizon has positive edge,"confirm liquidity, limit status, and cost assumptions"
2022-08-25,77.7,0.010986882837113833,0.051116730471565286,0.4904578034256311,0.5219933144750856,0.694756119605894,0.3998972574376847,neutral,0.0,no clear model edge,observe only unless independent thesis exists
2022-08-26,75.21,0.019186834554345465,0.07129557383251443,0.5061216297904868,0.6037054945500305,0.7370186320741586,0.8832710542822559,positive,0.5,one primary horizon has positive edge,"confirm liquidity, limit status, and cost assumptions"
2022-08-29,78.46,0.01560791476369279,0.0588808536282947,0.48137482670467885,0.5553942883580243,0.7433903602843113,0.5718835744416623,neutral,0.0,no clear model edge,observe only unless independent thesis exists
2022-08-30,78.7,0.017782471945041876,0.05201084324634975,0.5059603972429443,0.5127242468747529,0.7419505363664725,0.5471681688348284,neutral,0.0,no clear model edge,observe only unless independent thesis exists
2022-08-31,74.3,0.033697563382455095,0.06422503966912764,0.5808104034734813,0.5768406624478742,0.8042679687082777,1.2228831748054727,positive,0.5,one primary horizon has positive edge,"confirm liquidity, limit status, and cost assumptions"
2022-09-01,72.77,0.051794199786301585,0.09723211955764502,0.5836316529995118,0.7099294939867201,0.8629995956125952,2.056714107366178,positive,0.5,one primary horizon has positive edge,"confirm liquidity, limit status, and cost assumptions"
2022-09-02,72.43,0.052732876444502086,0.11457879373951926,0.5880157469564556,0.7402988313559687,0.8739776109606936,2.2712638434616306,positive,0.5,one primary horizon has positive edge,"confirm liquidity, limit status, and cost assumptions"
2022-09-05,72.5,0.05274554004647653,0.09787785845579633,0.6263207059689683,0.6824846343078163,0.8690390479116998,2.132659372914093,strong_positive,1.0,5d and 20d expected return/probability both positive,"model output is probabilistic, not a price forecast"
2022-09-06,76.21,0.0557872170362955,0.09399197975596948,0.5840345927390166,0.6681852585984647,0.8805586249630695,2.0358741407584047,positive,0.5,one primary horizon has positive edge,"confirm liquidity, limit status, and cost assumptions"
2022-09-07,77.13,0.03194359497505554,0.07238437663521143,0.5411170511960426,0.5774854097765365,0.8793765982918642,1.13524723893231,positive,0.5,one primary horizon has positive edge,"confirm liquidity, limit status, and cost assumptions"
2022-09-08,81.2,0.00538058744072144,0.019409398025678717,0.44346756999050635,0.4811072332935865,0.8891182676767249,-0.21170140853316946,neutral,0.0,no clear model edge,observe only unless independent thesis exists
2022-09-09,79.9,0.016806738077138048,0.010382054599110157,0.45411538406501617,0.4521009986451484,0.8795946828027288,-0.07556271341836102,neutral,0.0,no clear model edge,observe only unless independent thesis exists
2022-09-13,78.89,0.008914825506145245,0.04068271759313704,0.44535379846768375,0.4953092194624983,0.7882382910243664,0.09254907787156558,neutral,0.0,no clear model edge,observe only unless independent thesis exists
2022-09-14,78.87,0.021091289553586842,0.04467612529461533,0.4656093593697263,0.5320194260930495,0.7882280836897486,0.4764758461550248,neutral,0.0,no clear model edge,observe only unless independent thesis exists
2022-09-15,71.3,0.05087535605822105,0.11525551618883786,0.6534989199136634,0.5218890135573553,0.9110565819776864,2.015327282710407,no_trade,0.0,risk filter triggered,recent volatility or drawdown is extreme
2022-09-16,72.05,0.0379979331964061,0.12161035068095968,0.5898364191354183,0.5913483483253597,0.7950409287380872,1.8164427028423775,positive,0.5,one primary horizon has positive edge,"confirm liquidity, limit status, and cost assumptions"
2022-09-19,70.99,0.0388275381311975,0.09854417093391454,0.5842466879162154,0.5513920503216732,0.804360015665102,1.5656071469531052,positive,0.5,one primary horizon has positive edge,"confirm liquidity, limit status, and cost assumptions"
2022-09-20,72.08,0.033663692782751095,0.1170429918824012,0.5945078215252846,0.57585533816261,0.8082271938453434,1.6736820866983755,positive,0.5,one primary horizon has positive edge,"confirm liquidity, limit status, and cost assumptions"
2022-09-21,69.64,0.052453035975652394,0.12439717885985734,0.617954203696716,0.5845821582094421,0.8530877335015669,2.1618541826410995,positive,0.5,one primary horizon has positive edge,"confirm liquidity, limit status, and cost assumptions"
2022-09-22,70.11,0.037301795198971345,0.08759111403223943,0.5728057523830618,0.47166655255884365,0.8488593180274917,1.2723217314196036,positive,0.5,one primary horizon has positive edge,"confirm liquidity, limit status, and cost assumptions"
2022-09-23,69.3,0.03524354378423151,0.06911507234974724,0.5763757709140377,0.48480044779597203,0.861116167270458,1.1092783410639893,positive,0.5,one primary horizon has positive edge,"confirm liquidity, limit status, and cost assumptions"
2022-09-26,70.18,0.022208354263968534,0.062323579299008364,0.5401954729061599,0.5015158105828318,0.856780883885641,0.7391981980638893,neutral,0.0,no clear model edge,observe only unless independent thesis exists
2022-09-27,69.46,0.035220892273153045,0.08204092978363478,0.5774486991057238,0.5566239364661808,0.836727419819226,1.3429775454857338,positive,0.5,one primary horizon has positive edge,"confirm liquidity, limit status, and cost assumptions"
2022-09-28,67.2,0.048673542986515675,0.10434710938101598,0.6328240124625982,0.6161046788825761,0.852483946188877,2.013308847496024,strong_positive,1.0,5d and 20d expected return/probability both positive,"model output is probabilistic, not a price forecast"
2022-09-29,68.47,0.036906080140381235,0.08104321634005988,0.5664267681451239,0.6986622443831622,0.8330335412295141,1.581005127075,positive,0.5,one primary horizon has positive edge,"confirm liquidity, limit status, and cost assumptions"
2022-09-30,65.92,0.046055768612329157,0.10014993934776471,0.6317545985292093,0.7365654924384624,0.8412593954175643,2.1295773159314795,strong_positive,1.0,5d and 20d expected return/probability both positive,"model output is probabilistic, not a price forecast"
2022-10-10,64.2,0.046877546957550066,0.1143124601876863,0.635043641051998,0.7584721765334561,0.8454210936879225,2.3020420278721407,strong_positive,1.0,5d and 20d expected return/probability both positive,"model output is probabilistic, not a price forecast"
2022-10-11,63.36,0.04527558467668734,0.10016630645621319,0.6116985931499473,0.7885617072689405,0.8453457750399188,2.152537353384259,positive,0.5,one primary horizon has positive edge,"confirm liquidity, limit status, and cost assumptions"
2022-10-12,64.8,0.02565172128933601,0.13335644147899609,0.5985220336866776,0.8235805601225042,0.8220556720592936,2.0613521512043578,positive,0.5,one primary horizon has positive edge,"confirm liquidity, limit status, and cost assumptions"
2022-10-13,65.4,0.014422009277095645,0.0807109448445723,0.5389672625237328,0.7905800906317849,0.8210045736164783,1.2219999071410754,positive,0.5,one primary horizon has positive edge,"confirm liquidity, limit status, and cost assumptions"
2022-10-14,66.65,0.00030491992114125514,0.08012661202257959,0.5030111718624449,0.759750701648978,0.7908420854007914,0.8102604684738529,positive,0.5,one primary horizon has positive edge,"confirm liquidity, limit status, and cost assumptions"
2022-10-17,68.82,-0.005339526462226946,0.06342266753958359,0.4992265454762614,0.7355484631099982,0.8079578142974775,0.508581620695953,positive,0.5,one primary horizon has positive edge,"confirm liquidity, limit status, and cost assumptions"
2022-10-18,68.82,-0.015626961168816587,0.03988430105849115,0.46301243448008234,0.7231263566533458,0.808166220023144,0.009249949625932175,positive,0.5,one primary horizon has positive edge,"confirm liquidity, limit status, and cost assumptions"
2022-10-19,68.26,-0.014688254042197521,0.07061092105817023,0.5288268921342231,0.7563082307838978,0.7206314234943085,0.5133444223514203,positive,0.5,one primary horizon has positive edge,"confirm liquidity, limit status, and cost assumptions"
2022-10-20,68.15,-0.027846426255124783,0.01498743264969113,0.45515683981123706,0.679702074189173,0.6057341040383091,-0.4541665837768668,negative,0.0,short horizon expected return is weak,risk/reward is unfavorable under current model
2022-10-21,68.11,-0.03246891368880581,0.011544630230294586,0.4418617807285747,0.7145829736478261,0.603179859748117,-0.5461517383992163,negative,0.0,short horizon expected return is weak,risk/reward is unfavorable under current model
2022-10-24,67.03,-0.03153931847878403,0.01031847520649456,0.4693520476149005,0.6453225339023062,0.6036334087783196,-0.5888179267241912,negative,0.0,short horizon expected return is weak,risk/reward is unfavorable under current model
2022-10-25,68.48,-0.037869620093428265,0.01647845209831193,0.4404681543081952,0.6447544749964773,0.5362296859760651,-0.710895356793775,negative,0.0,short horizon expected return is weak,risk/reward is unfavorable under current model
2022-10-26,75.11,-0.048010432443154796,0.04666487921506289,0.455173378905909,0.6216632569753885,0.6286536872542683,-0.7087417599421517,positive,0.5,one primary horizon has positive edge,"confirm liquidity, limit status, and cost assumptions"
2022-10-27,74.76,-0.022854052284606456,0.046430314884844774,0.5201518138328807,0.6486850695994464,0.629276311630482,-0.011055887408240733,positive,0.5,one primary horizon has positive edge,"confirm liquidity, limit status, and cost assumptions"
2022-10-28,72.6,-0.030198084214677023,0.019978373207434168,0.4438381719830734,0.6660813485293927,0.6382518645576719,-0.5217648690530932,negative,0.0,short horizon expected return is weak,risk/reward is unfavorable under current model
2022-10-31,69.56,-0.00726788061403518,0.03479732773628934,0.5316684060369063,0.6344108790851072,0.6287934421630519,0.21085438408050303,positive,0.5,one primary horizon has positive edge,"confirm liquidity, limit status, and cost assumptions"
2022-11-01,71.3,-0.0006803654503600492,0.045386930335156374,0.5344114003063606,0.6598925181612275,0.5940381372028768,0.48835558330326373,positive,0.5,one primary horizon has positive edge,"confirm liquidity, limit status, and cost assumptions"
2022-11-02,73.3,0.0009190315412074884,0.0016129356523627257,0.5615775590124273,0.48054686431895627,0.5871935034578064,-0.06297453193992308,neutral,0.0,no clear model edge,observe only unless independent thesis exists
2022-11-03,74.62,-0.01524341642122844,-0.01668604428795676,0.4879938159143563,0.3978827476261896,0.5847235862740955,-0.8412197880803423,neutral,0.0,no clear model edge,observe only unless independent thesis exists
2022-11-04,76.0,-0.03808622930939555,-0.0629231407828297,0.3898467230024668,0.3342291438930521,0.5662831198210343,-1.9966178775604013,negative,0.0,short horizon expected return is weak,risk/reward is unfavorable under current model
2022-11-07,74.95,-0.04178722629274974,-0.08572000346555717,0.40329047136940754,0.29525577682058185,0.5587054408809295,-2.2839473966581902,negative,0.0,short horizon expected return is weak,risk/reward is unfavorable under current model
2022-11-08,73.78,-0.0334307143116709,-0.08401678321191174,0.40626757768952926,0.3652104698628667,0.5599600605588526,-1.980092775410631,negative,0.0,short horizon expected return is weak,risk/reward is unfavorable under current model
2022-11-09,71.68,-0.016383868656179447,-0.06779284768461691,0.4413690028603894,0.3847238869887892,0.57059807364105,-1.3986619953860011,negative,0.0,short horizon expected return is weak,risk/reward is unfavorable under current model
2022-11-10,70.4,-0.011622153409790312,-0.05312673011033901,0.47281953292153583,0.3632810787320349,0.5756714144590428,-1.150227862768875,negative,0.0,short horizon expected return is weak,risk/reward is unfavorable under current model
2022-11-11,69.95,-0.01162004752629845,-0.08266094776975916,0.47580086268635585,0.2898183485566607,0.591091416981727,-1.5073379347650484,negative,0.0,short horizon expected return is weak,risk/reward is unfavorable under current model
2022-11-14,68.43,-0.017831836541290176,-0.0828469106259112,0.4602294962762196,0.2762379001829436,0.6465168121899267,-1.7114275751501489,negative,0.0,short horizon expected return is weak,risk/reward is unfavorable under current model
2022-11-15,69.71,-0.005682359576663261,-0.023506999384109696,0.4477747734818565,0.4601151906981814,0.650115791420242,-0.7175772576485933,negative,0.0,short horizon expected return is weak,risk/reward is unfavorable under current model
2022-11-16,70.68,-0.0011906583464727895,-0.026224254355358845,0.47628014692050497,0.4511154647774818,0.6508779657343915,-0.5982350390023823,negative,0.0,short horizon expected return is weak,risk/reward is unfavorable under current model
2022-11-17,66.57,0.02304377939549867,0.01566728121668197,0.5915382392162464,0.49882376000320544,0.760802390535071,0.5315618257994049,positive,0.5,one primary horizon has positive edge,"confirm liquidity, limit status, and cost assumptions"
2022-11-18,65.7,0.04642510865729677,0.06783222529162394,0.6500150329368867,0.6411708618386751,0.7964430372557356,1.7777247590232805,strong_positive,1.0,5d and 20d expected return/probability both positive,"model output is probabilistic, not a price forecast"
2022-11-21,66.66,0.04948363522850608,0.06981042149646657,0.6458439396342657,0.6815207426380698,0.7966183548601263,1.912176749217546,strong_positive,1.0,5d and 20d expected return/probability both positive,"model output is probabilistic, not a price forecast"
2022-11-22,64.7,0.05223998586257434,0.08424559196403611,0.6767391375716856,0.7043317878028602,0.8386969391459983,2.1781648249347096,strong_positive,1.0,5d and 20d expected return/probability both positive,"model output is probabilistic, not a price forecast"
2022-11-23,67.32,0.054217801335423595,0.10546651943091231,0.6424754791089939,0.7584422910617326,0.7605038793772035,2.425091760730956,strong_positive,1.0,5d and 20d expected return/probability both positive,"model output is probabilistic, not a price forecast"
2022-11-24,66.98,0.04253247611506522,0.06853632485842882,0.6358969970654617,0.6774618857497802,0.7604981200947121,1.7456285818712964,strong_positive,1.0,5d and 20d expected return/probability both positive,"model output is probabilistic, not a price forecast"
2022-11-25,65.05,0.04656670657864113,0.08678925128503663,0.6659379490287762,0.7357586230219266,0.7604528058887442,2.1396092458957443,strong_positive,1.0,5d and 20d expected return/probability both positive,"model output is probabilistic, not a price forecast"
2022-11-28,63.57,0.03216107079089212,0.07362250578946056,0.6272255989653372,0.7511473292333516,0.7510184472939891,1.684783618555337,strong_positive,1.0,5d and 20d expected return/probability both positive,"model output is probabilistic, not a price forecast"
2022-11-29,62.95,0.03358446122612715,0.08439622438727544,0.6292261160548664,0.7746633454181766,0.7398355845821429,1.8472164115086458,strong_positive,1.0,5d and 20d expected return/probability both positive,"model output is probabilistic, not a price forecast"
2022-11-30,62.8,0.03542504913538968,0.07586266151386262,0.6412426250597651,0.7758931540237418,0.7242227310212734,1.8513123674736036,strong_positive,1.0,5d and 20d expected return/probability both positive,"model output is probabilistic, not a price forecast"
2022-12-01,63.05,0.027200119750999757,0.05429744383688467,0.5767155068231284,0.7728617845641403,0.7169505157086998,1.361221755411228,positive,0.5,one primary horizon has positive edge,"confirm liquidity, limit status, and cost assumptions"
2022-12-02,62.02,0.027683641238218665,0.06280046479505738,0.5959619642289463,0.7928278416637241,0.7068071892972401,1.5206516795112133,positive,0.5,one primary horizon has positive edge,"confirm liquidity, limit status, and cost assumptions"
2022-12-05,63.69,0.022318691999836823,0.06865270713117738,0.6323327390214092,0.8016700597120735,0.7244302533271372,1.5536047322850681,strong_positive,1.0,5d and 20d expected return/probability both positive,"model output is probabilistic, not a price forecast"
2022-12-06,65.71,0.01811795002116289,0.05427663264902509,0.651665184113159,0.7965358457418694,0.6969245326688995,1.400760314348497,strong_positive,1.0,5d and 20d expected return/probability both positive,"model output is probabilistic, not a price forecast"
2022-12-07,68.3,0.015883740662664788,0.10076781115153145,0.6426666188306922,0.8076012717085346,0.6753145375617033,1.7330147777714573,strong_positive,1.0,5d and 20d expected return/probability both positive,"model output is probabilistic, not a price forecast"
2022-12-08,68.96,0.010082938091532111,0.07101579431124189,0.5623185799998633,0.7745116642826246,0.6736488934021133,1.1369374641005598,positive,0.5,one primary horizon has positive edge,"confirm liquidity, limit status, and cost assumptions"
2022-12-09,69.08,0.00582902500703244,0.0718416194857917,0.530259278576998,0.7912888142499961,0.6733489033610042,1.0117276802802861,positive,0.5,one primary horizon has positive edge,"confirm liquidity, limit status, and cost assumptions"
2022-12-12,68.79,0.02071293469372782,0.06661752215334452,0.571412572074287,0.7689387565430679,0.6676968244799859,1.3283655782784334,positive,0.5,one primary horizon has positive edge,"confirm liquidity, limit status, and cost assumptions"
2022-12-13,67.77,0.019363949395434385,0.07766580439482387,0.5803112160698326,0.7616042827315711,0.6657150339214092,1.3990051365770135,positive,0.5,one primary horizon has positive edge,"confirm liquidity, limit status, and cost assumptions"
2022-12-14,67.56,0.01215196438704287,0.08106908503256272,0.5673334629720378,0.7476361735147369,0.5312635353677522,1.2754881000819622,positive,0.5,one primary horizon has positive edge,"confirm liquidity, limit status, and cost assumptions"
2022-12-15,68.43,-0.007538135557562244,0.04379418335005885,0.4839770300112776,0.7184340536616063,0.48511203399581115,0.35647136987968364,positive,0.5,one primary horizon has positive edge,"confirm liquidity, limit status, and cost assumptions"
2022-12-16,67.8,0.0021569216992997145,0.04105230601156285,0.5114951430319116,0.6952830360347224,0.48362175392027085,0.5545829953387333,positive,0.5,one primary horizon has positive edge,"confirm liquidity, limit status, and cost assumptions"
2022-12-19,67.95,-0.0016606594517864122,0.03251663464548442,0.47967077802944064,0.6922218964679938,0.48097512502002404,0.33151357055315656,positive,0.5,one primary horizon has positive edge,"confirm liquidity, limit status, and cost assumptions"
2022-12-20,66.5,0.009063386484802361,0.02756680696642228,0.5865216516022741,0.678486489211899,0.47409452419526477,0.7352304377175541,positive,0.5,one primary horizon has positive edge,"confirm liquidity, limit status, and cost assumptions"
2022-12-21,63.82,0.014304203299467324,0.045797170994078824,0.6190615113884406,0.6815527029211587,0.46651962165324995,1.0695775978049653,positive,0.5,one primary horizon has positive edge,"confirm liquidity, limit status, and cost assumptions"
2022-12-22,58.9,0.027398025549221904,0.1082319937095217,0.6794327949502397,0.7449039394199964,0.7574689755180088,1.9755520731465284,strong_positive,1.0,5d and 20d expected return/probability both positive,"model output is probabilistic, not a price forecast"
2022-12-23,58.45,0.020359616979464687,0.08349495727283127,0.6074043518944292,0.7473771487305495,0.7588876628355652,1.4724467180840801,positive,0.5,one primary horizon has positive edge,"confirm liquidity, limit status, and cost assumptions"
2022-12-26,59.02,0.010552685929505999,0.07160445200169903,0.550346804744002,0.7621812950225708,0.7572028597752105,1.0733130364560113,positive,0.5,one primary horizon has positive edge,"confirm liquidity, limit status, and cost assumptions"
2022-12-27,60.33,0.0049614133059720745,0.07552362664984258,0.5467001465760061,0.7821214951436746,0.7640710532326862,1.0151619112702137,positive,0.5,one primary horizon has positive edge,"confirm liquidity, limit status, and cost assumptions"
2022-12-28,61.3,0.009946009949557926,0.0817257925029466,0.5632875367460763,0.7714856676233532,0.7677341916162679,1.1841666037288046,positive,0.5,one primary horizon has positive edge,"confirm liquidity, limit status, and cost assumptions"
2022-12-29,62.6,0.008574697667315043,0.07143437019587404,0.5483990981625485,0.772658482657081,0.7729946496350446,1.0397828210154425,positive,0.5,one primary horizon has positive edge,"confirm liquidity, limit status, and cost assumptions"
2022-12-30,61.86,0.008826121542794186,0.06175167445269003,0.5605895209692212,0.7754639618251198,0.771515226344675,1.000987649226817,positive,0.5,one primary horizon has positive edge,"confirm liquidity, limit status, and cost assumptions"
2023-01-03,62.29,0.012530470486973798,0.07574532760313142,0.5728093552180644,0.806420827478348,0.7634888156427102,1.2699408197289759,positive,0.5,one primary horizon has positive edge,"confirm liquidity, limit status, and cost assumptions"
2023-01-04,60.12,0.024485856109584207,0.09456987454504197,0.6230298087043536,0.8441133287687376,0.7624368988078949,1.8400149722273114,strong_positive,1.0,5d and 20d expected return/probability both positive,"model output is probabilistic, not a price forecast"
2023-01-05,60.38,0.028553937690241872,0.09952970724043493,0.6204791327507168,0.8756362973317621,0.739607044685142,2.015632418059793,strong_positive,1.0,5d and 20d expected return/probability both positive,"model output is probabilistic, not a price forecast"
2023-01-06,62.88,0.020937960202986362,0.07279050574293561,0.6026520250631705,0.8135119602772246,0.7629967150224064,1.496075725354809,positive,0.5,one primary horizon has positive edge,"confirm liquidity, limit status, and cost assumptions"
2023-01-09,62.35,0.00916170734027208,0.05482319042422429,0.5553877666984846,0.7878851239100968,0.7626295569609219,0.9639459874095386,positive,0.5,one primary horizon has positive edge,"confirm liquidity, limit status, and cost assumptions"
2023-01-10,63.81,0.008393716385886428,0.06387685269880282,0.5532318031945659,0.7628719922974432,0.7591193228441209,0.9755249142624347,positive,0.5,one primary horizon has positive edge,"confirm liquidity, limit status, and cost assumptions"
2023-01-11,63.6,0.0030340582022594753,0.06052354911738506,0.5092655434680103,0.7813365950642668,0.7575875862579304,0.770227828326463,positive,0.5,one primary horizon has positive edge,"confirm liquidity, limit status, and cost assumptions"
2023-01-12,64.97,0.011062538892858777,0.08509516454625313,0.5598052015937941,0.8225372100194891,0.764168821756053,1.31166049369725,positive,0.5,one primary horizon has positive edge,"confirm liquidity, limit status, and cost assumptions"
2023-01-13,64.5,0.020457963449971514,0.09759387815846948,0.588681884248806,0.8362807304876321,0.7436631944116862,1.697020456949697,positive,0.5,one primary horizon has positive edge,"confirm liquidity, limit status, and cost assumptions"
2023-01-16,64.99,0.013988765913286901,0.10202189103058236,0.5571723417988748,0.8496380023418756,0.7443197226633382,1.5515706783453955,positive,0.5,one primary horizon has positive edge,"confirm liquidity, limit status, and cost assumptions"
2023-01-17,65.3,0.022375444190235454,0.11907479622960317,0.5880909696288814,0.8729413598661353,0.6883758357262301,1.986290240048303,positive,0.5,one primary horizon has positive edge,"confirm liquidity, limit status, and cost assumptions"
2023-01-18,66.95,0.019796456645176458,0.1272200816791728,0.5872606553660343,0.8703063540698477,0.5803259052806905,2.0313611721258296,positive,0.5,one primary horizon has positive edge,"confirm liquidity, limit status, and cost assumptions"
2023-01-19,64.91,0.03996760987086767,0.19693995368875467,0.7002412502055197,0.9042839151111566,0.43813015617498907,3.362562381264285,strong_positive,1.0,5d and 20d expected return/probability both positive,"model output is probabilistic, not a price forecast"
2023-01-20,65.25,0.006040977643752081,0.08636595649970268,0.6161356206063343,0.8262037260686925,0.34304548810434016,1.5063372755654116,positive,0.5,one primary horizon has positive edge,"confirm liquidity, limit status, and cost assumptions"
2023-01-30,66.8,0.010726950447581318,0.08692426480002083,0.6533691156898369,0.8282736390328759,0.3451173474353147,1.6941260574138455,strong_positive,1.0,5d and 20d expected return/probability both positive,"model output is probabilistic, not a price forecast"
2023-01-31,67.06,0.015820696653949612,0.09657708525835147,0.6478355133873681,0.8515860378143932,0.3450666985444937,1.8991835315830787,strong_positive,1.0,5d and 20d expected return/probability both positive,"model output is probabilistic, not a price forecast"
2023-02-01,66.97,0.0331729444125937,0.11698702988734415,0.686874032802207,0.8656683265467338,0.3415770015137097,2.5252897976038686,strong_positive,1.0,5d and 20d expected return/probability both positive,"model output is probabilistic, not a price forecast"
2023-02-02,68.0,0.028060010552089044,0.12975750638623415,0.664363371091956,0.8905924794666611,0.34133706061142016,2.5142942892433227,strong_positive,1.0,5d and 20d expected return/probability both positive,"model output is probabilistic, not a price forecast"
2023-02-03,67.7,0.03838630029508299,0.14074032178918502,0.69738052020745,0.9089690184135225,0.32379320047937765,2.9224905378872794,strong_positive,1.0,5d and 20d expected return/probability both positive,"model output is probabilistic, not a price forecast"
2023-02-06,67.64,0.045910770415356524,0.14911836828234076,0.7231335945740268,0.9177790811491843,0.3197907197935955,3.2161791252261347,strong_positive,1.0,5d and 20d expected return/probability both positive,"model output is probabilistic, not a price forecast"
2023-02-07,66.82,0.04319309771179122,0.15570571054175852,0.7345428952255744,0.9307732839088154,0.31104167362871576,3.2658652815075415,strong_positive,1.0,5d and 20d expected return/probability both positive,"model output is probabilistic, not a price forecast"
2023-02-08,66.71,0.038870828821259557,0.137041567197589,0.7247456709498749,0.9298569578152754,0.2828978404794559,3.015569698413261,strong_positive,1.0,5d and 20d expected return/probability both positive,"model output is probabilistic, not a price forecast"
2023-02-09,67.55,0.04227618735069602,0.13506850141154114,0.733386894364391,0.9200792805086497,0.28385752036542056,3.071423180543014,strong_positive,1.0,5d and 20d expected return/probability both positive,"model output is probabilistic, not a price forecast"
2023-02-10,66.9,0.04092634226328156,0.1202399389009963,0.721995178122047,0.9168785004852499,0.26084591041088867,2.9019365375899837,strong_positive,1.0,5d and 20d expected return/probability both positive,"model output is probabilistic, not a price forecast"
2023-02-13,66.4,0.04265623349531705,0.11919420288918635,0.736212712861819,0.9141722278063138,0.2603740060788568,2.956997433913666,strong_positive,1.0,5d and 20d expected return/probability both positive,"model output is probabilistic, not a price forecast"
2023-02-14,65.85,0.05095903674687865,0.1279645779143996,0.7743685710407082,0.9148351958322581,0.2566329048536242,3.284661167036085,strong_positive,1.0,5d and 20d expected return/probability both positive,"model output is probabilistic, not a price forecast"
2023-02-15,65.41,0.05841509568114343,0.13543476275271257,0.7868329853843488,0.9197200698150342,0.2770623544712777,3.5236186071681597,strong_positive,1.0,5d and 20d expected return/probability both positive,"model output is probabilistic, not a price forecast"
2023-02-16,65.7,0.06585332837351114,0.13153113259561416,0.8140924559450351,0.9098300884704058,0.2675753746029671,3.6915967917798556,strong_positive,1.0,5d and 20d expected return/probability both positive,"model output is probabilistic, not a price forecast"
2023-02-17,64.96,0.055975654137498825,0.11721636191091968,0.7745112830465778,0.9053241226775532,0.2893482380497136,3.2720386262912045,strong_positive,1.0,5d and 20d expected return/probability both positive,"model output is probabilistic, not a price forecast"
2023-02-20,66.65,0.05672978895494665,0.12780062057878225,0.7323939391626301,0.8984139155241453,0.302572138795526,3.2573762124038024,strong_positive,1.0,5d and 20d expected return/probability both positive,"model output is probabilistic, not a price forecast"
2023-02-21,65.14,0.04861726420096174,0.14998838592465516,0.7212376258056935,0.8970243604001733,0.3140219270607073,3.2402730911588025,strong_positive,1.0,5d and 20d expected return/probability both positive,"model output is probabilistic, not a price forecast"
2023-02-22,64.8,0.045958017662009104,0.14463018080855733,0.7059746089189765,0.8925682168310958,0.30707827565163726,3.1036121854266727,strong_positive,1.0,5d and 20d expected return/probability both positive,"model output is probabilistic, not a price forecast"
2023-02-23,67.12,0.03755980453745435,0.1445734035434344,0.6872876232356558,0.8617397492187134,0.3132018996476691,2.8380666904675977,strong_positive,1.0,5d and 20d expected return/probability both positive,"model output is probabilistic, not a price forecast"
2023-02-24,66.01,0.03010941747963671,0.11958233129126619,0.6334559329913505,0.8333462095283445,0.31959862520127563,2.3139616739628095,strong_positive,1.0,5d and 20d expected return/probability both positive,"model output is probabilistic, not a price forecast"
2023-02-27,66.31,0.025293889109778936,0.1183152017157013,0.6039253480449331,0.8233238593242967,0.30821271540341677,2.125890523175332,positive,0.5,one primary horizon has positive edge,"confirm liquidity, limit status, and cost assumptions"
2023-02-28,66.9,0.013272881952616309,0.10440350327639723,0.5453719967611381,0.7819687593138046,0.30967750388343873,1.5681144635366304,positive,0.5,one primary horizon has positive edge,"confirm liquidity, limit status, and cost assumptions"
2023-03-01,65.92,0.010972672417278926,0.1060773703953313,0.5547034581714138,0.7869051968268701,0.31413472802707415,1.5639419871435019,positive,0.5,one primary horizon has positive edge,"confirm liquidity, limit status, and cost assumptions"
2023-03-02,62.4,0.0356625910205701,0.19477517513039136,0.7188159071099323,0.8325727334306822,0.4539539767377699,3.1774276685706253,strong_positive,1.0,5d and 20d expected return/probability both positive,"model output is probabilistic, not a price forecast"
2023-03-03,62.82,0.02015405567564777,0.1527789159844967,0.5932442325727362,0.837766251907416,0.45345115418143633,2.247118166607504,positive,0.5,one primary horizon has positive edge,"confirm liquidity, limit status, and cost assumptions"
2023-03-06,66.12,0.022720794908704836,0.15584416156473457,0.6019178397057591,0.8054426696925996,0.49391787833035805,2.275177342077452,positive,0.5,one primary horizon has positive edge,"confirm liquidity, limit status, and cost assumptions"
2023-03-07,65.69,0.02610610777231402,0.1353288209930185,0.5943008957561179,0.7710513836097443,0.4925778814336538,2.1041381943358317,positive,0.5,one primary horizon has positive edge,"confirm liquidity, limit status, and cost assumptions"
2023-03-08,65.16,0.02931776811005456,0.14551955547029083,0.5680375747223906,0.7774351175847973,0.4932820995372339,2.1990092747856265,positive,0.5,one primary horizon has positive edge,"confirm liquidity, limit status, and cost assumptions"
2023-03-09,66.88,0.023919309523827044,0.14670342780908935,0.5618100118579727,0.7686178000633018,0.4831112865548756,2.074844357095822,positive,0.5,one primary horizon has positive edge,"confirm liquidity, limit status, and cost assumptions"
2023-03-10,67.45,0.017563080992646606,0.13694593349260648,0.51444750621623,0.7716288282451479,0.4828387202908165,1.7642610972717814,positive,0.5,one primary horizon has positive edge,"confirm liquidity, limit status, and cost assumptions"
2023-03-13,66.75,0.021597471480763925,0.14638828080369537,0.5252333487090984,0.781589599122949,0.48358665428725583,1.9619941592371135,positive,0.5,one primary horizon has positive edge,"confirm liquidity, limit status, and cost assumptions"
2023-03-14,65.49,0.0016672151315415677,0.11430907956464997,0.4903696612907212,0.7399750311048947,0.48758287021288427,1.1546505294266955,positive,0.5,one primary horizon has positive edge,"confirm liquidity, limit status, and cost assumptions"
2023-03-15,64.51,0.005464906143570241,0.12015668902701945,0.5259726730571468,0.7752521768381416,0.48992586833138013,1.4184341130351559,positive,0.5,one primary horizon has positive edge,"confirm liquidity, limit status, and cost assumptions"
2023-03-16,62.08,0.017820121984196014,0.12787523582062618,0.6320329270149927,0.7508621754200723,0.5347430394979893,1.9184247178264038,strong_positive,1.0,5d and 20d expected return/probability both positive,"model output is probabilistic, not a price forecast"
2023-03-17,62.17,0.030966746051799412,0.13075966676740916,0.6540945412181044,0.7787898645900709,0.5339599888582327,2.302729962900575,strong_positive,1.0,5d and 20d expected return/probability both positive,"model output is probabilistic, not a price forecast"
2023-03-20,61.54,0.02367712878127057,0.09850680538738887,0.6255151746847153,0.7421921172598509,0.5479667367067809,1.7663309305745696,strong_positive,1.0,5d and 20d expected return/probability both positive,"model output is probabilistic, not a price forecast"
2023-03-21,60.81,0.02632690853961578,0.08144363499848856,0.6360403358902987,0.7182196399709732,0.5764624693080072,1.6574522368847404,strong_positive,1.0,5d and 20d expected return/probability both positive,"model output is probabilistic, not a price forecast"
2023-03-22,60.53,0.027612678906961004,0.08508949876495597,0.6121141888587299,0.7498388097367242,0.5888915003457525,1.7048553333694314,positive,0.5,one primary horizon has positive edge,"confirm liquidity, limit status, and cost assumptions"
2023-03-23,60.65,0.028019575078776296,0.07620171726936599,0.6291845731986222,0.7268828349072085,0.567989434177868,1.650777666743666,strong_positive,1.0,5d and 20d expected return/probability both positive,"model output is probabilistic, not a price forecast"
2023-03-24,60.49,0.04017553760872396,0.09972549678938696,0.6628186285779955,0.8062968973131398,0.5677702067703589,2.2930001163238383,strong_positive,1.0,5d and 20d expected return/probability both positive,"model output is probabilistic, not a price forecast"
2023-03-27,61.4,0.05404291455708542,0.1105810389370624,0.7115325758606571,0.8236792180220974,0.5718996038954418,2.798383114986499,strong_positive,1.0,5d and 20d expected return/probability both positive,"model output is probabilistic, not a price forecast"
2023-03-28,60.35,0.057689650182394046,0.11685903027707163,0.7219672045510157,0.8481300438537012,0.5779004458494008,2.9845403068590355,strong_positive,1.0,5d and 20d expected return/probability both positive,"model output is probabilistic, not a price forecast"
2023-03-29,62.15,0.04989337782819992,0.13510036824504168,0.7039146532794434,0.8783091088374831,0.5918273204280065,2.977846979422369,strong_positive,1.0,5d and 20d expected return/probability both positive,"model output is probabilistic, not a price forecast"
2023-03-30,62.85,0.020334003005713853,0.09805453876915655,0.6222791944585722,0.8221379370418131,0.5522570044067503,1.8200411008648574,strong_positive,1.0,5d and 20d expected return/probability both positive,"model output is probabilistic, not a price forecast"
2023-03-31,63.59,0.007058089061385162,0.10016756663513815,0.5894512641729108,0.828141230638884,0.5536297777007918,1.5043535595817965,positive,0.5,one primary horizon has positive edge,"confirm liquidity, limit status, and cost assumptions"
2023-04-03,66.55,0.0033411933654812786,0.07861024180087714,0.6292084039509594,0.7717249531550807,0.544897984415698,1.259352704981855,positive,0.5,one primary horizon has positive edge,"confirm liquidity, limit status, and cost assumptions"
2023-04-04,66.67,-0.007486413801359932,0.058190549408448394,0.5715525712856774,0.7781704327262334,0.5441111505828471,0.7559306040800284,positive,0.5,one primary horizon has positive edge,"confirm liquidity, limit status, and cost assumptions"
2023-04-06,67.6,0.0037496848924423237,0.05746068045191838,0.5306001632139848,0.7537243741784166,0.545247877305882,0.8381167222037939,positive,0.5,one primary horizon has positive edge,"confirm liquidity, limit status, and cost assumptions"
2023-04-07,67.74,0.005566586980673998,0.06405096382270542,0.5083590008715286,0.7744572520854426,0.5350077913346689,0.9134198120706268,positive,0.5,one primary horizon has positive edge,"confirm liquidity, limit status, and cost assumptions"
2023-04-10,69.3,0.01414556858880791,0.0786154691465916,0.5365344935451609,0.785450144249234,0.5138663259174131,1.2929793028985617,positive,0.5,one primary horizon has positive edge,"confirm liquidity, limit status, and cost assumptions"
2023-04-11,69.35,0.019468463124604374,0.1006907756001969,0.5913823019886144,0.7998962163108,0.4592799969320789,1.7471998668588689,positive,0.5,one primary horizon has positive edge,"confirm liquidity, limit status, and cost assumptions"
2023-04-12,69.17,0.019485570742920743,0.10811591418670875,0.6202686651949652,0.8269717149858344,0.4099400799310604,1.9367394441408563,strong_positive,1.0,5d and 20d expected return/probability both positive,"model output is probabilistic, not a price forecast"
2023-04-13,68.05,0.012821921747111036,0.1281251943499601,0.5930568966552744,0.8645789973302699,0.3050959473950111,1.9994208292330706,positive,0.5,one primary horizon has positive edge,"confirm liquidity, limit status, and cost assumptions"
2023-04-14,70.11,-0.004850209256722946,0.09922303103048713,0.55238869554785,0.8409285403900788,0.2837281108546173,1.2879297479054368,positive,0.5,one primary horizon has positive edge,"confirm liquidity, limit status, and cost assumptions"
2023-04-17,68.05,0.03082072991623034,0.11887039074690577,0.7148614252725963,0.855451327221407,0.3060504911482132,2.5540222567363813,strong_positive,1.0,5d and 20d expected return/probability both positive,"model output is probabilistic, not a price forecast"
2023-04-18,69.32,0.026512024124684848,0.11352899006148699,0.6565642621809538,0.8611148930966229,0.30498371902022225,2.298902868245112,strong_positive,1.0,5d and 20d expected return/probability both positive,"model output is probabilistic, not a price forecast"
2023-04-19,67.4,0.05269913912010534,0.14313918392629427,0.739409654659524,0.9038543375859432,0.3465822887196113,3.3095055429427247,strong_positive,1.0,5d and 20d expected return/probability both positive,"model output is probabilistic, not a price forecast"
2023-04-20,66.7,0.05866108729783935,0.14265103661071252,0.7631820083827824,0.9114268749035431,0.3788863833867373,3.48162261572286,strong_positive,1.0,5d and 20d expected return/probability both positive,"model output is probabilistic, not a price forecast"
2023-04-21,65.78,0.07377563732737347,0.15453005525235236,0.8065426170432711,0.9188996353246309,0.4234910645568878,3.9769634812800616,strong_positive,1.0,5d and 20d expected return/probability both positive,"model output is probabilistic, not a price forecast"
2023-04-24,64.07,0.06731873553622242,0.15103103521052155,0.7903535221268838,0.9175087742313275,0.5096513872548216,3.7495845155510414,strong_positive,1.0,5d and 20d expected return/probability both positive,"model output is probabilistic, not a price forecast"
2023-04-25,62.94,0.057290128233393446,0.13837958715463644,0.7697297622028282,0.9084613737234805,0.5613754626950453,3.366496251307428,strong_positive,1.0,5d and 20d expected return/probability both positive,"model output is probabilistic, not a price forecast"
2023-04-26,65.26,0.051742799256894186,0.14575621479077175,0.7298199731368403,0.913623790357694,0.5719740306485763,3.226334380652507,strong_positive,1.0,5d and 20d expected return/probability both positive,"model output is probabilistic, not a price forecast"
2023-04-27,65.3,0.04392185569727184,0.13605183013193714,0.7121981078887585,0.8988650633981107,0.5622219753456035,2.9299780877005936,strong_positive,1.0,5d and 20d expected return/probability both positive,"model output is probabilistic, not a price forecast"
2023-04-28,66.72,0.021386659856363222,0.11341461776305024,0.645135088355318,0.8693527010453783,0.5662987817561836,2.0910819401883747,strong_positive,1.0,5d and 20d expected return/probability both positive,"model output is probabilistic, not a price forecast"
2023-05-04,65.71,0.007133387446701635,0.09887651618079271,0.5630443216158775,0.8442222317380511,0.569451699266005,1.4551789203044052,positive,0.5,one primary horizon has positive edge,"confirm liquidity, limit status, and cost assumptions"
2023-05-05,65.32,-0.0008184176147203339,0.09298729701083824,0.5422183885268609,0.8311764127436978,0.5393100128996126,1.18924178041294,positive,0.5,one primary horizon has positive edge,"confirm liquidity, limit status, and cost assumptions"
2023-05-08,66.16,-0.004378169483022175,0.07629503424338037,0.5180383646904246,0.7906935282760943,0.5420958393837693,0.8596420719067615,positive,0.5,one primary horizon has positive edge,"confirm liquidity, limit status, and cost assumptions"
2023-05-09,66.3,-0.013242092682557384,0.07155046456525478,0.48745489757377947,0.7720801014885692,0.5388459848268887,0.5431606983345802,positive,0.5,one primary horizon has positive edge,"confirm liquidity, limit status, and cost assumptions"
2023-05-10,66.03,-0.00974347664906793,0.0824349277164014,0.5024723244348844,0.7733042743759211,0.538822483521201,0.737297900492031,positive,0.5,one primary horizon has positive edge,"confirm liquidity, limit status, and cost assumptions"
2023-05-11,66.85,-0.021749719310667544,0.0745925604892089,0.435182110066027,0.7563544726289432,0.5323228646096788,0.2514488062892343,positive,0.5,one primary horizon has positive edge,"confirm liquidity, limit status, and cost assumptions"
2023-05-12,67.19,-0.024634272933563742,0.06377537754117356,0.44837627089957144,0.7219038891172948,0.5329831901712663,0.08035789239266172,positive,0.5,one primary horizon has positive edge,"confirm liquidity, limit status, and cost assumptions"
2023-05-15,69.2,-0.025830001223407856,0.0371862946400476,0.41052706460439664,0.6472703045846957,0.5475736717646645,-0.37408012741399055,positive,0.5,one primary horizon has positive edge,"confirm liquidity, limit status, and cost assumptions"
2023-05-16,69.62,-0.031675899072500485,0.030250368958103357,0.3883926610024404,0.6304914871101722,0.5435714972758536,-0.6246963663090837,positive,0.5,one primary horizon has positive edge,"confirm liquidity, limit status, and cost assumptions"
2023-05-17,70.11,-0.02762323720642212,0.04125030923237817,0.4019678435621941,0.6391014431721693,0.49966779892710456,-0.3942519596285018,positive,0.5,one primary horizon has positive edge,"confirm liquidity, limit status, and cost assumptions"
2023-05-18,70.88,-0.031195504670049067,0.039755475183272354,0.3749851114530848,0.6421850486863314,0.48493093788279595,-0.5303184456593644,positive,0.5,one primary horizon has positive edge,"confirm liquidity, limit status, and cost assumptions"
2023-05-19,71.25,-0.0187733303183908,0.05028644118839305,0.39611024106420095,0.6662426046075558,0.402459826730332,-0.07937444605389257,positive,0.5,one primary horizon has positive edge,"confirm liquidity, limit status, and cost assumptions"
2023-05-22,70.73,-0.006245158381224567,0.07291406193999185,0.5050619414327076,0.7152865040574085,0.3575669504811547,0.7038829319990377,positive,0.5,one primary horizon has positive edge,"confirm liquidity, limit status, and cost assumptions"
2023-05-23,69.63,-0.001038468450029145,0.09817797596927567,0.5225292403574666,0.7602718600010518,0.3211295987181586,1.138613740038109,positive,0.5,one primary horizon has positive edge,"confirm liquidity, limit status, and cost assumptions"
2023-05-24,71.84,0.013311131627361689,0.1165924958245197,0.5465498681398897,0.7840185151777184,0.2690946975448534,1.6867600059586327,positive,0.5,one primary horizon has positive edge,"confirm liquidity, limit status, and cost assumptions"
2023-05-25,71.75,0.010453530423250318,0.11976220450674642,0.5476584294783398,0.8014530361829172,0.2506880636129304,1.6930521513421068,positive,0.5,one primary horizon has positive edge,"confirm liquidity, limit status, and cost assumptions"
2023-05-26,70.75,0.013601209836348922,0.11885684093327759,0.5412063775100067,0.8286388988169381,0.2473229014098441,1.7801956209179994,positive,0.5,one primary horizon has positive edge,"confirm liquidity, limit status, and cost assumptions"
2023-05-29,69.38,0.02365790263561259,0.1291744652619352,0.6122969598187398,0.8478186360598199,0.2726126431634037,2.2528633160439684,positive,0.5,one primary horizon has positive edge,"confirm liquidity, limit status, and cost assumptions"
2023-05-30,68.4,0.030081892561228594,0.12511419996764667,0.6368572861281621,0.8461382014162283,0.31962335852013124,2.386913945476458,strong_positive,1.0,5d and 20d expected return/probability both positive,"model output is probabilistic, not a price forecast"
2023-05-31,67.7,0.0355614683228565,0.13592539762019615,0.6908704300188815,0.857150712549581,0.34324657052159047,2.7191117720295006,strong_positive,1.0,5d and 20d expected return/probability both positive,"model output is probabilistic, not a price forecast"
2023-06-01,66.6,0.03603735563460404,0.14104572237798582,0.6782162983121031,0.86158613712081,0.38999692183333695,2.731095560337223,strong_positive,1.0,5d and 20d expected return/probability both positive,"model output is probabilistic, not a price forecast"
2023-06-02,66.62,0.04308356224737239,0.1568096470811723,0.6919980711331887,0.8810967209540483,0.3889966598911936,3.0631562915357624,strong_positive,1.0,5d and 20d expected return/probability both positive,"model output is probabilistic, not a price forecast"
2023-06-05,65.32,0.04016770581842164,0.16097590706836662,0.7001507087935314,0.8889062013153454,0.44755839135200837,3.049711258652645,strong_positive,1.0,5d and 20d expected return/probability both positive,"model output is probabilistic, not a price forecast"
2023-06-06,64.46,0.037435418835496816,0.15590511954084385,0.6926225221857649,0.8865260173216735,0.4864239078209403,2.9193635459355987,strong_positive,1.0,5d and 20d expected return/probability both positive,"model output is probabilistic, not a price forecast"
2023-06-07,63.75,0.035724949630374446,0.13818876771255642,0.6659160484103378,0.8726197102982167,0.5178221513455625,2.6469416781248096,strong_positive,1.0,5d and 20d expected return/probability both positive,"model output is probabilistic, not a price forecast"
2023-06-08,63.75,0.03724441163694273,0.14041923973104242,0.6775843757435199,0.8767531738261872,0.5135529525086516,2.7307841169876914,strong_positive,1.0,5d and 20d expected return/probability both positive,"model output is probabilistic, not a price forecast"
2023-06-09,63.53,0.042717801228210145,0.14194848914864466,0.6972461959291761,0.876650419749828,0.5215045689405434,2.895409162041961,strong_positive,1.0,5d and 20d expected return/probability both positive,"model output is probabilistic, not a price forecast"
2023-06-12,64.14,0.03575097574712779,0.14073441464203137,0.6732770663631967,0.8888847924785066,0.5008239022161562,2.718060941948122,strong_positive,1.0,5d and 20d expected return/probability both positive,"model output is probabilistic, not a price forecast"
2023-06-13,63.72,0.04139425756963218,0.15332166213255485,0.6868257483069194,0.9096419614941842,0.4984440994840087,2.998666362173465,strong_positive,1.0,5d and 20d expected return/probability both positive,"model output is probabilistic, not a price forecast"
2023-06-14,63.43,0.03931470059961695,0.1674001606116627,0.696941343303458,0.9281517878036599,0.4991879225386166,3.123895638044627,strong_positive,1.0,5d and 20d expected return/probability both positive,"model output is probabilistic, not a price forecast"
2023-06-15,66.6,0.028437023886650092,0.1369640895155358,0.6769124525237631,0.8566302896698796,0.5538527224892896,2.4777842796579503,strong_positive,1.0,5d and 20d expected return/probability both positive,"model output is probabilistic, not a price forecast"
2023-06-16,67.22,0.016748978830704364,0.127718214089462,0.6351320125168375,0.8323770453157613,0.5553804983952608,2.0316118862903316,strong_positive,1.0,5d and 20d expected return/probability both positive,"model output is probabilistic, not a price forecast"
2023-06-19,65.57,0.014987697421517579,0.14558430748351625,0.636847184364796,0.8579672052873768,0.5633914197642291,2.183163517044487,strong_positive,1.0,5d and 20d expected return/probability both positive,"model output is probabilistic, not a price forecast"
2023-06-20,65.55,0.010584627009486633,0.14172973627869145,0.6071362372533251,0.8720132549265285,0.5608955807758788,2.019223622283013,positive,0.5,one primary horizon has positive edge,"confirm liquidity, limit status, and cost assumptions"
2023-06-21,65.17,0.008802978511587609,0.15807315821662998,0.6062390389510718,0.8940762964239899,0.5342865291126713,2.1583294690345074,positive,0.5,one primary horizon has positive edge,"confirm liquidity, limit status, and cost assumptions"
2023-06-26,65.83,0.012362322110441137,0.13119945468531508,0.6414359436674074,0.8400532604718187,0.5008426847446652,2.0183197760410256,strong_positive,1.0,5d and 20d expected return/probability both positive,"model output is probabilistic, not a price forecast"
2023-06-27,66.4,0.01664967492149287,0.13030481349341674,0.6073389201977782,0.8431381192416533,0.44864772727557556,2.040759647694978,positive,0.5,one primary horizon has positive edge,"confirm liquidity, limit status, and cost assumptions"
2023-06-28,68.05,0.02129492581380811,0.11205853651914355,0.6172597234457087,0.8115666673040535,0.4170556785792546,1.9692811211399808,positive,0.5,one primary horizon has positive edge,"confirm liquidity, limit status, and cost assumptions"
2023-06-29,68.87,0.0237266557708484,0.09515866908207644,0.6050397942178857,0.7930186155236091,0.38749118314348907,1.8336377663544399,positive,0.5,one primary horizon has positive edge,"confirm liquidity, limit status, and cost assumptions"
2023-06-30,69.65,0.016097565843379222,0.07999279937588738,0.5583164670307729,0.7636136891262744,0.34160498891574875,1.4177598707030987,positive,0.5,one primary horizon has positive edge,"confirm liquidity, limit status, and cost assumptions"
2023-07-03,69.46,0.009319288171285467,0.10459832695130433,0.5377694900055527,0.7862810927271955,0.3356875386616883,1.4709457050628354,positive,0.5,one primary horizon has positive edge,"confirm liquidity, limit status, and cost assumptions"
2023-07-04,68.4,0.014135969276556012,0.14530101387026104,0.558499983365417,0.8390560917941399,0.2890874045698443,2.0455403524033025,positive,0.5,one primary horizon has positive edge,"confirm liquidity, limit status, and cost assumptions"
2023-07-05,67.55,0.011835770946936025,0.1304709502937146,0.5491864176300841,0.8178570504100873,0.28423551655957036,1.8255306489795964,positive,0.5,one primary horizon has positive edge,"confirm liquidity, limit status, and cost assumptions"
2023-07-06,67.56,0.007442059075142407,0.12323448895931793,0.5261198395438946,0.8026750788988971,0.2797343221787797,1.6022148375154013,positive,0.5,one primary horizon has positive edge,"confirm liquidity, limit status, and cost assumptions"
2023-07-07,65.85,0.023516171077335682,0.14681862161069603,0.6128775990919639,0.845083605471717,0.3633254995919658,2.356228876575871,positive,0.5,one primary horizon has positive edge,"confirm liquidity, limit status, and cost assumptions"
2023-07-10,67.06,0.03700155772209206,0.14500613388848418,0.6296661462032386,0.8449852731389591,0.3680571584492709,2.6487900164649583,strong_positive,1.0,5d and 20d expected return/probability both positive,"model output is probabilistic, not a price forecast"
2023-07-11,66.55,0.03525098923310685,0.1374881610243155,0.6352135714041789,0.8425066305361341,0.3692705541838879,2.562023096395608,strong_positive,1.0,5d and 20d expected return/probability both positive,"model output is probabilistic, not a price forecast"
2023-07-12,66.44,0.03261687085191871,0.12997738519459062,0.6294482009185266,0.8306393249004007,0.36849160300675976,2.41629578118663,strong_positive,1.0,5d and 20d expected return/probability both positive,"model output is probabilistic, not a price forecast"
2023-07-13,67.68,0.03509679627176468,0.12047355846263869,0.6374802244097473,0.8068048221378998,0.37173120733244486,2.3677470310892907,strong_positive,1.0,5d and 20d expected return/probability both positive,"model output is probabilistic, not a price forecast"
2023-07-14,66.46,0.029822247011377007,0.13224577149835276,0.630985622908677,0.8278455297244425,0.37849548597037186,2.373980028452382,strong_positive,1.0,5d and 20d expected return/probability both positive,"model output is probabilistic, not a price forecast"
2023-07-17,65.16,0.0322677085775287,0.14828317918937753,0.682047231876283,0.8565798563198966,0.37209473879585386,2.7204630813982,strong_positive,1.0,5d and 20d expected return/probability both positive,"model output is probabilistic, not a price forecast"
2023-07-18,64.05,0.03356267466491114,0.15358937685669555,0.6988312475715852,0.8693065078345662,0.4223248341459274,2.8316052402586886,strong_positive,1.0,5d and 20d expected return/probability both positive,"model output is probabilistic, not a price forecast"
2023-07-19,62.86,0.03481358677140757,0.1603823089911631,0.7177291077433713,0.8771216681798131,0.46859821257258916,2.951891531324605,strong_positive,1.0,5d and 20d expected return/probability both positive,"model output is probabilistic, not a price forecast"
2023-07-20,62.44,0.04237241846344135,0.15732998983734806,0.7445057423988871,0.860314376247701,0.4870232214162984,3.1066675198154785,strong_positive,1.0,5d and 20d expected return/probability both positive,"model output is probabilistic, not a price forecast"
2023-07-21,62.25,0.03611999154171283,0.13340567875156506,0.6934639884950338,0.8505736153874215,0.49496450771310585,2.652113015281305,strong_positive,1.0,5d and 20d expected return/probability both positive,"model output is probabilistic, not a price forecast"
2023-07-24,61.07,0.04037418062605537,0.17205646247090775,0.7187018620596747,0.882086925972263,0.5476478353706419,3.1393744580016576,strong_positive,1.0,5d and 20d expected return/probability both positive,"model output is probabilistic, not a price forecast"
2023-07-25,61.55,0.04752733043455648,0.17035371733588303,0.7506388580180433,0.8806676841573599,0.5472487058488946,3.3411094426354477,strong_positive,1.0,5d and 20d expected return/probability both positive,"model output is probabilistic, not a price forecast"
2023-07-26,61.75,0.04747534462913304,0.16936520755111376,0.7405758447472149,0.8851574379576654,0.5301075417028033,3.3221636144018665,strong_positive,1.0,5d and 20d expected return/probability both positive,"model output is probabilistic, not a price forecast"
2023-07-27,59.83,0.0554366251391734,0.20675916205829115,0.7847895353135281,0.9129922665051942,0.5911548283086625,3.9087309692486554,strong_positive,1.0,5d and 20d expected return/probability both positive,"model output is probabilistic, not a price forecast"
2023-07-28,60.44,0.05357974153214061,0.18763229319694855,0.7552867930133594,0.9163335659416962,0.5832211183574464,3.6580842450606266,strong_positive,1.0,5d and 20d expected return/probability both positive,"model output is probabilistic, not a price forecast"
2023-07-31,60.53,0.055231520153679214,0.20328270712037896,0.7639863389488407,0.925590371007088,0.5443701589553871,3.865647913628006,strong_positive,1.0,5d and 20d expected return/probability both positive,"model output is probabilistic, not a price forecast"
2023-08-01,60.15,0.06852748819578137,0.21591753439767422,0.8079658301354051,0.9316329494969602,0.5147611130214934,4.355698835683711,strong_positive,1.0,5d and 20d expected return/probability both positive,"model output is probabilistic, not a price forecast"
2023-08-02,59.95,0.0768548275560206,0.21815264448206567,0.796973241235254,0.9434399962218075,0.5140528307388285,4.534403439470287,strong_positive,1.0,5d and 20d expected return/probability both positive,"model output is probabilistic, not a price forecast"
2023-08-03,60.24,0.07600487035317052,0.21930767896140457,0.795282418433274,0.9439533637160488,0.515797557917998,4.522944276021068,strong_positive,1.0,5d and 20d expected return/probability both positive,"model output is probabilistic, not a price forecast"
2023-08-04,60.36,0.07669255596184456,0.21654502750914545,0.8146349753113579,0.9445387476284852,0.5072438808346263,4.56372216945858,strong_positive,1.0,5d and 20d expected return/probability both positive,"model output is probabilistic, not a price forecast"
2023-08-07,59.87,0.07730403812342274,0.23256202728219716,0.801414464380171,0.9553569580912253,0.49430837275824935,4.695797730633086,strong_positive,1.0,5d and 20d expected return/probability both positive,"model output is probabilistic, not a price forecast"
2023-08-08,59.28,0.08585918905650616,0.2519523283605794,0.8266776686883068,0.9631973417380072,0.5190396585753182,5.085381990682793,strong_positive,1.0,5d and 20d expected return/probability both positive,"model output is probabilistic, not a price forecast"
2023-08-09,59.06,0.09028935016982517,0.25620560180411406,0.8281592555067256,0.9674641316497204,0.5284601092948313,5.215282595174785,strong_positive,1.0,5d and 20d expected return/probability both positive,"model output is probabilistic, not a price forecast"
2023-08-10,59.1,0.09865136158283781,0.26881351125157765,0.8434861977850346,0.971292511985227,0.4651378760519742,5.547692379858312,strong_positive,1.0,5d and 20d expected return/probability both positive,"model output is probabilistic, not a price forecast"
2023-08-11,58.5,0.1019283952141872,0.2813568619480564,0.8412715203736235,0.9738592863062597,0.43421853536397126,5.723512003873026,strong_positive,1.0,5d and 20d expected return/probability both positive,"model output is probabilistic, not a price forecast"
2023-08-14,58.35,0.09794994386524254,0.2622271392341122,0.8294389325191268,0.9696086413159744,0.3892112248336065,5.471963973890573,strong_positive,1.0,5d and 20d expected return/probability both positive,"model output is probabilistic, not a price forecast"
2023-08-15,56.35,0.09906716515597913,0.3036371796884529,0.8760332354229501,0.9765977115989197,0.45297676273305687,5.923639275655718,strong_positive,1.0,5d and 20d expected return/probability both positive,"model output is probabilistic, not a price forecast"
2023-08-16,55.33,0.08235255277827844,0.2699859468501762,0.8243899544939665,0.9737325329766322,0.48358413215438445,5.1841482995599195,strong_positive,1.0,5d and 20d expected return/probability both positive,"model output is probabilistic, not a price forecast"
2023-08-17,55.14,0.088791940446576,0.26419987786876364,0.8353082817873145,0.9721607715303802,0.4848372032266313,5.289065420806676,strong_positive,1.0,5d and 20d expected return/probability both positive,"model output is probabilistic, not a price forecast"
2023-08-18,54.72,0.09409198962293862,0.281398267868408,0.8509046575030766,0.9757617219608333,0.48348700512432785,5.5755192210544235,strong_positive,1.0,5d and 20d expected return/probability both positive,"model output is probabilistic, not a price forecast"
2023-08-21,54.1,0.09875861803074201,0.2749459458472665,0.8494611624338188,0.9756270914898604,0.5098874836216322,5.604400506287413,strong_positive,1.0,5d and 20d expected return/probability both positive,"model output is probabilistic, not a price forecast"
2023-08-22,53.75,0.10420610791197875,0.26579940561624,0.8844977353895626,0.9689098921119507,0.5212948816548866,5.706742064019182,strong_positive,1.0,5d and 20d expected return/probability both positive,"model output is probabilistic, not a price forecast"
2023-08-23,53.3,0.08107556053175526,0.23678964985415704,0.832008688200466,0.9644613578155568,0.48798938630001887,4.893821326423704,strong_positive,1.0,5d and 20d expected return/probability both positive,"model output is probabilistic, not a price forecast"
2023-08-24,54.42,0.07825864398528827,0.21815863247649117,0.8241731504833495,0.9563275633100659,0.48994409113189263,4.655911464266125,strong_positive,1.0,5d and 20d expected return/probability both positive,"model output is probabilistic, not a price forecast"
2023-08-25,54.5,0.07225538706163841,0.20963792711280022,0.8108061738883204,0.9500199631805589,0.4845344744112569,4.427871769798243,strong_positive,1.0,5d and 20d expected return/probability both positive,"model output is probabilistic, not a price forecast"
2023-08-28,53.16,0.07309547648922694,0.19475804640886676,0.8456999163563329,0.9468964743786173,0.4929093668612702,4.398916218116501,strong_positive,1.0,5d and 20d expected return/probability both positive,"model output is probabilistic, not a price forecast"
2023-08-29,54.75,0.08491248810977012,0.19105706671569744,0.8432864727826553,0.9332904890873425,0.5234492688203931,4.566651636805611,strong_positive,1.0,5d and 20d expected return/probability both positive,"model output is probabilistic, not a price forecast"
2023-08-30,56.0,0.06431754326375144,0.1526004705675803,0.7969532900020773,0.9018130934450813,0.5387257324336799,3.681180122543866,strong_positive,1.0,5d and 20d expected return/probability both positive,"model output is probabilistic, not a price forecast"
2023-08-31,55.08,0.06090489060290248,0.14793980439648421,0.7624444188768332,0.890483134168557,0.5404199105760192,3.47564481285519,strong_positive,1.0,5d and 20d expected return/probability both positive,"model output is probabilistic, not a price forecast"
2023-09-01,54.55,0.058354979137507215,0.14848363460548492,0.7462703536013523,0.8846608225658533,0.5183516133165259,3.3892777909461507,strong_positive,1.0,5d and 20d expected return/probability both positive,"model output is probabilistic, not a price forecast"
2023-09-04,54.0,0.0633224971409043,0.1613694424246372,0.7782257466083092,0.8895077993306453,0.4921672880460041,3.683520005702879,strong_positive,1.0,5d and 20d expected return/probability both positive,"model output is probabilistic, not a price forecast"
2023-09-05,54.4,0.06292397338650207,0.1472209816848431,0.7612432390841296,0.869778678938432,0.4864094856811496,3.491869357314073,strong_positive,1.0,5d and 20d expected return/probability both positive,"model output is probabilistic, not a price forecast"
2023-09-06,53.76,0.06403307534106153,0.13609101548787866,0.7407827523329775,0.8489114571842371,0.48748119076033647,3.342116731375485,strong_positive,1.0,5d and 20d expected return/probability both positive,"model output is probabilistic, not a price forecast"
2023-09-07,52.24,0.046541845804711046,0.14459517250254353,0.6982471731535947,0.8557644139705648,0.5168256106541956,2.96222675969493,strong_positive,1.0,5d and 20d expected return/probability both positive,"model output is probabilistic, not a price forecast"
2023-09-08,51.37,0.0377619746834601,0.1381053190345306,0.6909376444748714,0.8422064617174353,0.556461906866044,2.68118565184609,strong_positive,1.0,5d and 20d expected return/probability both positive,"model output is probabilistic, not a price forecast"
2023-09-11,51.86,0.04627992099684587,0.14820143260527396,0.7351150946680343,0.8446422772593141,0.46707776928796696,3.070738344519257,strong_positive,1.0,5d and 20d expected return/probability both positive,"model output is probabilistic, not a price forecast"
2023-09-12,51.83,0.03334407554769671,0.12898335123370222,0.6600567723391332,0.8041994593173247,0.4331889371168731,2.4275970938194984,strong_positive,1.0,5d and 20d expected return/probability both positive,"model output is probabilistic, not a price forecast"
2023-09-13,51.05,0.03118385158805971,0.13082592952172614,0.6544378991238049,0.8135518504953956,0.4487460564392529,2.3961648636291355,strong_positive,1.0,5d and 20d expected return/probability both positive,"model output is probabilistic, not a price forecast"
2023-09-14,50.27,0.002603120470248483,-0.01753690258463879,0.45351128870002766,0.434378997036343,0.4929936388175452,-0.47862258283097864,neutral,0.0,no clear model edge,observe only unless independent thesis exists
2023-09-15,49.75,0.0031784813663889317,-0.008360607368174415,0.47249802972029575,0.46008027743659385,0.521328577277447,-0.31648436858970996,neutral,0.0,no clear model edge,observe only unless independent thesis exists
2023-09-18,50.07,0.002948793999768509,-0.0047909853601016015,0.47585078845654905,0.47484135616177,0.5226247957615141,-0.26054991473374145,neutral,0.0,no clear model edge,observe only unless independent thesis exists
2023-09-19,49.31,-0.0006505131587139657,0.008128137408816977,0.4661592768522303,0.5288494298756121,0.5485631887448543,-0.17086158418321826,negative,0.0,short horizon expected return is weak,risk/reward is unfavorable under current model
2023-09-20,48.55,0.017084594519525365,0.03032501934398503,0.5269235805525165,0.5723447280925764,0.5913596930909802,0.5607123873373772,positive,0.5,one primary horizon has positive edge,"confirm liquidity, limit status, and cost assumptions"
2023-09-21,47.46,0.02085986517395954,0.044250685227395226,0.5763560539383854,0.6133423553111168,0.633963262721331,0.9163836947206473,positive,0.5,one primary horizon has positive edge,"confirm liquidity, limit status, and cost assumptions"
2023-09-22,47.64,0.018659045800027023,0.04434945572993852,0.5760576691879756,0.6358050041776315,0.6348463343655745,0.9095899132134266,positive,0.5,one primary horizon has positive edge,"confirm liquidity, limit status, and cost assumptions"
2023-09-25,47.25,0.013921978687212873,0.03256042769129022,0.5668068681531137,0.6363973349123764,0.6278077464973334,0.7024018678784051,positive,0.5,one primary horizon has positive edge,"confirm liquidity, limit status, and cost assumptions"
2023-09-26,46.49,0.010807079901980392,0.02129639165379258,0.5562234935160278,0.6330663830741838,0.5993020424422292,0.5297224730762065,neutral,0.0,no clear model edge,observe only unless independent thesis exists
2023-09-27,47.4,0.016762988242668794,0.03526402218300885,0.6209162655159799,0.654516025398493,0.5945620570609593,0.9489398842142189,strong_positive,1.0,5d and 20d expected return/probability both positive,"model output is probabilistic, not a price forecast"
2023-09-28,46.46,0.028882344067405044,0.03883990746781079,0.6622675872612989,0.6730521277591097,0.5912323778827574,1.3484793920398357,strong_positive,1.0,5d and 20d expected return/probability both positive,"model output is probabilistic, not a price forecast"
2023-10-09,46.96,0.030252345412513218,0.04349668123095678,0.661749523900876,0.6982872673182812,0.592792880870924,1.4534371844256078,strong_positive,1.0,5d and 20d expected return/probability both positive,"model output is probabilistic, not a price forecast"
2023-10-10,46.2,0.035572633616470346,0.047499963404291745,0.6678455879846389,0.7157670277773052,0.6065794810848346,1.6304009794437149,strong_positive,1.0,5d and 20d expected return/probability both positive,"model output is probabilistic, not a price forecast"
2023-10-11,45.91,0.038068731948693896,0.051954856319608354,0.6908150398363092,0.7233003384357106,0.588865705638463,1.7883128162348554,strong_positive,1.0,5d and 20d expected return/probability both positive,"model output is probabilistic, not a price forecast"
2023-10-12,46.34,0.050812015479251835,0.06292826435520828,0.7347745559773349,0.7372315407539143,0.5211858082248019,2.2804445900849943,strong_positive,1.0,5d and 20d expected return/probability both positive,"model output is probabilistic, not a price forecast"
2023-10-13,45.17,0.04919666466046911,0.06439730251210031,0.7202239321223876,0.7395441063196693,0.5417345521913918,2.2226006388575508,strong_positive,1.0,5d and 20d expected return/probability both positive,"model output is probabilistic, not a price forecast"
2023-10-16,44.14,0.04925653494065105,0.0574332749728903,0.7278186315243809,0.7527217150684277,0.6050585707287709,2.185606064178675,strong_positive,1.0,5d and 20d expected return/probability both positive,"model output is probabilistic, not a price forecast"
2023-10-17,43.98,0.038591094414791166,0.05123517960714729,0.6750157894450683,0.7485425465502952,0.6016154330537886,1.7937456765398272,strong_positive,1.0,5d and 20d expected return/probability both positive,"model output is probabilistic, not a price forecast"
2023-10-18,43.17,0.036591288195233634,0.05330503460628451,0.6850745182381754,0.7420142976111919,0.602405708952483,1.7826217478626423,strong_positive,1.0,5d and 20d expected return/probability both positive,"model output is probabilistic, not a price forecast"
2023-10-19,42.73,0.036006248217348685,0.05081462866093615,0.6924095664969874,0.720108932566042,0.6014846980100568,1.7319262254339836,strong_positive,1.0,5d and 20d expected return/probability both positive,"model output is probabilistic, not a price forecast"
2023-10-20,42.47,0.029148516308331984,0.044009010821917695,0.6581581606888622,0.7116552110303893,0.6005551964548355,1.4466424873074495,strong_positive,1.0,5d and 20d expected return/probability both positive,"model output is probabilistic, not a price forecast"
2023-10-23,41.15,0.030826225291140662,0.049940593715247256,0.6801014654792487,0.7175062088468366,0.6126994609338627,1.5843515450809138,strong_positive,1.0,5d and 20d expected return/probability both positive,"model output is probabilistic, not a price forecast"
2023-10-24,41.56,0.020755265317880616,0.04198737677233237,0.6416611613574255,0.7117485511058821,0.6154997483059463,1.2190363703063196,strong_positive,1.0,5d and 20d expected return/probability both positive,"model output is probabilistic, not a price forecast"
2023-10-25,40.81,0.021243277970000238,0.054576487269063924,0.671471410323488,0.729394639850408,0.6164662632601707,1.4281386225836086,strong_positive,1.0,5d and 20d expected return/probability both positive,"model output is probabilistic, not a price forecast"
2023-10-26,40.2,0.02910965919067663,0.05246098651288729,0.7184952655843415,0.731609782463853,0.6163422175729366,1.6819998902359883,strong_positive,1.0,5d and 20d expected return/probability both positive,"model output is probabilistic, not a price forecast"
2023-10-27,42.01,0.03624799347148924,0.030509968206215085,0.7860436122206617,0.7021057622000595,0.6645942908710271,1.740709645456289,strong_positive,1.0,5d and 20d expected return/probability both positive,"model output is probabilistic, not a price forecast"
2023-10-30,42.69,0.020771696387299025,0.024387578491932255,0.7163400399382682,0.689186324999946,0.6712040347566881,1.1957171117058003,positive,0.5,one primary horizon has positive edge,"confirm liquidity, limit status, and cost assumptions"
2023-10-31,42.24,0.01941389548737881,0.04527072296949457,0.6515874808380856,0.7175525194482971,0.671513923660491,1.2317054745917226,strong_positive,1.0,5d and 20d expected return/probability both positive,"model output is probabilistic, not a price forecast"
2023-11-01,41.5,0.01656511649426649,0.0606421297962777,0.6333348730689441,0.7222604618999358,0.6720692586138124,1.2627639347348127,strong_positive,1.0,5d and 20d expected return/probability both positive,"model output is probabilistic, not a price forecast"
2023-11-02,40.28,0.030739257856263552,0.08633970504039254,0.6990701589199486,0.7518630904695903,0.6511252955957445,1.9618777989190976,strong_positive,1.0,5d and 20d expected return/probability both positive,"model output is probabilistic, not a price forecast"
2023-11-03,41.6,0.03889120903077329,0.07466849100771722,0.7392989174904353,0.7061083160198176,0.6730676058873659,2.0414764474606706,strong_positive,1.0,5d and 20d expected return/probability both positive,"model output is probabilistic, not a price forecast"
2023-11-06,44.2,0.03898624067217137,0.04948788738605649,0.7760730339555408,0.6314163011728501,0.6940899741391693,1.7958940027675157,strong_positive,1.0,5d and 20d expected return/probability both positive,"model output is probabilistic, not a price forecast"
2023-11-07,45.57,0.004397291679239461,0.0008817318344836108,0.6656698473124862,0.5751321542688924,0.7044793566625203,0.36021514760606455,neutral,0.0,no clear model edge,observe only unless independent thesis exists
2023-11-08,45.49,-0.0015101541444622977,-0.0019886031175947888,0.566493617932187,0.5709549968159183,0.7040976104023674,-0.019135968269199277,neutral,0.0,no clear model edge,observe only unless independent thesis exists
2023-11-09,45.7,0.0007089185415825091,0.004450535736904477,0.5449767570057361,0.5715740746761424,0.635819382831194,0.051481763542923026,neutral,0.0,no clear model edge,observe only unless independent thesis exists
2023-11-10,45.14,0.012531461794370974,0.023759713577497912,0.5655307586996883,0.5980288176932221,0.5674437696002339,0.5583880916019638,positive,0.5,one primary horizon has positive edge,"confirm liquidity, limit status, and cost assumptions"
2023-11-13,45.06,0.01438458378825721,0.01740777254963465,0.5771104684279621,0.5515561213777548,0.5505668542440939,0.5001067524716247,positive,0.5,one primary horizon has positive edge,"confirm liquidity, limit status, and cost assumptions"
2023-11-14,44.66,0.008917875555495385,0.013698335279239098,0.5580701022948086,0.5165756725827851,0.5000815095736821,0.2760386913188937,neutral,0.0,no clear model edge,observe only unless independent thesis exists
2023-11-15,45.09,-0.004146491136218729,0.010761161235318744,0.5062338232474903,0.502611811905088,0.4670026859266224,-0.14139286549685176,neutral,0.0,no clear model edge,observe only unless independent thesis exists
2023-11-16,43.95,-0.006793178337512235,0.035360604091285164,0.500160408628604,0.5474807625800717,0.46645238741450334,0.063271821485156,neutral,0.0,no clear model edge,observe only unless independent thesis exists
2023-11-17,43.74,-0.005995709501478726,0.03153596984125396,0.4883403258221226,0.5413158583540599,0.46622484481436405,0.010848730523815742,neutral,0.0,no clear model edge,observe only unless independent thesis exists
2023-11-20,43.73,-0.006737744584419382,-0.0033216053729690706,0.48658053158385794,0.472074451658834,0.4515411719772474,-0.3972218184037849,neutral,0.0,no clear model edge,observe only unless independent thesis exists
2023-11-21,42.88,-0.002993985857270033,-0.017807281122180288,0.518402931752092,0.44610944830163696,0.4728449881995018,-0.41471112406839244,neutral,0.0,no clear model edge,observe only unless independent thesis exists
2023-11-22,41.65,0.0032195656620775323,-0.024650553237348195,0.5287536652584205,0.43787347197302634,0.5605594644272995,-0.36546125298209803,neutral,0.0,no clear model edge,observe only unless independent thesis exists
2023-11-23,41.95,-0.002018016360132331,-0.028340909816962526,0.48837052158183947,0.4335288888723401,0.5574339179378015,-0.6001101118717185,neutral,0.0,no clear model edge,observe only unless independent thesis exists
2023-11-24,41.35,-0.005378347913892824,-0.017050272504527023,0.5091367824703317,0.47857487138815297,0.5551138524273851,-0.4526483752526286,neutral,0.0,no clear model edge,observe only unless independent thesis exists
2023-11-27,40.42,0.0019413843503347118,-0.0012876058412723457,0.5739368683338449,0.5225560545648764,0.6178614458246903,0.022388117958306142,neutral,0.0,no clear model edge,observe only unless independent thesis exists
2023-11-28,40.41,0.004528483984486707,0.008468440801426827,0.5613836151716441,0.5508420072428383,0.6176761807278501,0.17009565698496806,neutral,0.0,no clear model edge,observe only unless independent thesis exists
2023-11-29,42.18,0.011665877097849319,0.011724540961191899,0.6682110183411265,0.554354845530952,0.6390685095309854,0.5865236766582252,positive,0.5,one primary horizon has positive edge,"confirm liquidity, limit status, and cost assumptions"
2023-11-30,41.92,0.0018319970067844533,0.003260909541387855,0.5857037824090457,0.5647474377016977,0.6270662396506157,0.151141921046346,neutral,0.0,no clear model edge,observe only unless independent thesis exists
2023-12-01,41.51,-0.0049650284025087536,0.007394650913899864,0.551235860251848,0.5640819952598052,0.6152898212725157,-0.02914113216370265,neutral,0.0,no clear model edge,observe only unless independent thesis exists
2023-12-04,40.58,-0.005086956992088135,0.012619184904382628,0.5562003433245376,0.5679384193405751,0.5605617107548554,0.047382573953978546,neutral,0.0,no clear model edge,observe only unless independent thesis exists
2023-12-05,39.65,-0.007353774609240282,0.013715493293126987,0.5573852706024935,0.576890206306802,0.592208389289366,0.017424826492753703,neutral,0.0,no clear model edge,observe only unless independent thesis exists
2023-12-06,39.73,0.004576222555775953,0.003072197651188637,0.6112734441676099,0.5089833158016742,0.593216031985866,0.18308665052385512,neutral,0.0,no clear model edge,observe only unless independent thesis exists
2023-12-07,38.4,0.0025512687926988586,0.016402375210046814,0.6217929454988937,0.5310504461027383,0.654031376312761,0.289267678826868,neutral,0.0,no clear model edge,observe only unless independent thesis exists
2023-12-08,39.01,0.009985556632610373,0.01087446950214881,0.6844916037118639,0.5320339442675053,0.6608653684332106,0.5392743254912988,neutral,0.0,no clear model edge,observe only unless independent thesis exists
2023-12-11,40.76,0.0012311854646119835,0.017343383202327655,0.598233393223783,0.5944945441949523,0.7002748960364686,0.30497671914517765,neutral,0.0,no clear model edge,observe only unless independent thesis exists
2023-12-12,39.91,-0.0022401240206749076,0.02457493677356875,0.5546795105406159,0.5990203943060538,0.7036957149027948,0.19812302866393383,neutral,0.0,no clear model edge,observe only unless independent thesis exists
2023-12-13,39.09,0.003280435627131789,0.034635577725435504,0.5631617951717645,0.6099773808623796,0.6367303433029414,0.45051087102817344,positive,0.5,one primary horizon has positive edge,"confirm liquidity, limit status, and cost assumptions"
2023-12-14,38.95,0.0035659768438013398,0.024836084391926923,0.5445566701381673,0.5906509715580535,0.6189867380420949,0.30841336994918844,neutral,0.0,no clear model edge,observe only unless independent thesis exists
2023-12-15,39.9,0.01445268521686131,0.02395847128705743,0.6141433219266879,0.5498808521832808,0.630857292685793,0.6093905936613977,positive,0.5,one primary horizon has positive edge,"confirm liquidity, limit status, and cost assumptions"
2023-12-18,39.19,0.004247092601366374,0.026395405261498223,0.5396030678469573,0.528994115829021,0.5806535748054158,0.2336070276286865,neutral,0.0,no clear model edge,observe only unless independent thesis exists
2023-12-19,39.46,-0.00924578150096006,0.03645091756306119,0.506875975210793,0.5213850408274943,0.5349083653570573,-0.02884054051867435,neutral,0.0,no clear model edge,observe only unless independent thesis exists
2023-12-20,38.67,-0.025814916812043343,-0.04724696058858908,0.36711793832066325,0.40244390953993764,0.5296890026734138,-1.5523167999038305,negative,0.0,short horizon expected return is weak,risk/reward is unfavorable under current model
2023-12-21,40.1,-0.03366198994386412,-0.047320149358583544,0.36399622639237944,0.43729906505281413,0.5495621251054998,-1.6659914341959665,negative,0.0,short horizon expected return is weak,risk/reward is unfavorable under current model
2023-12-22,40.49,-0.020853681869764894,-0.028944067876707655,0.406852087488699,0.4168096994215452,0.5491063315093185,-1.1968090265943474,negative,0.0,short horizon expected return is weak,risk/reward is unfavorable under current model
2023-12-25,40.38,-0.0316292631811385,-0.023656446186789557,0.3612001986430269,0.4294264574285922,0.5425259982191626,-1.4532097066124101,negative,0.0,short horizon expected return is weak,risk/reward is unfavorable under current model
2023-12-26,39.18,-0.018811524180674662,-0.016978520658369613,0.39158473809043076,0.4365928306705329,0.554050615525363,-1.0646239243191007,negative,0.0,short horizon expected return is weak,risk/reward is unfavorable under current model
2023-12-27,39.21,-0.024593118860290343,-0.03178462965153145,0.33687192767078245,0.42821326158129125,0.5087830259325397,-1.424490206293803,negative,0.0,short horizon expected return is weak,risk/reward is unfavorable under current model
2023-12-28,43.4,0.016306686792131413,0.02822448254049664,0.5398517229130713,0.519178769028103,0.6045429056875267,0.4652915476866384,neutral,0.0,no clear model edge,observe only unless independent thesis exists
2023-12-29,42.84,0.008466536178889164,0.06532220764072309,0.49377192615300636,0.5610393738668268,0.5417515673601686,0.5894954535959018,positive,0.5,one primary horizon has positive edge,"confirm liquidity, limit status, and cost assumptions"
2024-01-02,41.46,0.013540907544220803,0.08819027500715662,0.5033417615335621,0.6114081756697524,0.540117314327176,0.9807770272883898,positive,0.5,one primary horizon has positive edge,"confirm liquidity, limit status, and cost assumptions"
2024-01-03,41.42,0.009643393278690354,0.08212328704860325,0.4679173464164232,0.6433537013399686,0.5341846876588143,0.8269528318203165,positive,0.5,one primary horizon has positive edge,"confirm liquidity, limit status, and cost assumptions"
2024-01-04,39.81,0.01608523268937248,0.09267716837471042,0.5038872103986766,0.6634678539074232,0.6445050939789926,1.1190617986684364,positive,0.5,one primary horizon has positive edge,"confirm liquidity, limit status, and cost assumptions"
2024-01-05,38.36,0.017296076488486106,0.06417127767494622,0.571949329519874,0.5367665068962937,0.7467789645230904,0.8270783939597393,positive,0.5,one primary horizon has positive edge,"confirm liquidity, limit status, and cost assumptions"
2024-01-08,37.4,0.009845648631920398,0.06229917199794307,0.5307379674188718,0.5287581776786839,0.8159890505644647,0.5293624010328974,neutral,0.0,no clear model edge,observe only unless independent thesis exists
2024-01-09,37.8,0.0012051717332649224,0.04816005861071111,0.5525794676157004,0.5422553038225957,0.7968433832617905,0.32359965021698783,neutral,0.0,no clear model edge,observe only unless independent thesis exists
2024-01-10,38.59,-0.0012027218996643017,0.029355194057266897,0.49894094872197947,0.5355239232980245,0.7989034631476684,-0.012093678455508572,neutral,0.0,no clear model edge,observe only unless independent thesis exists
2024-01-11,38.53,-0.004437871920063676,0.040287518517319404,0.4781272913595448,0.5195675739878952,0.7951676599954136,-0.0631896681090165,negative,0.0,short horizon expected return is weak,risk/reward is unfavorable under current model
2024-01-12,38.46,-0.0033440923683089926,-0.004059497081946764,0.47585930616662664,0.4496807331538737,0.7950972690216647,-0.517835598534085,negative,0.0,short horizon expected return is weak,risk/reward is unfavorable under current model
2024-01-15,37.9,-0.002809456840496813,-0.01179109497171437,0.44831114823056284,0.4727765514730523,0.7902575846985034,-0.5930877862350603,negative,0.0,short horizon expected return is weak,risk/reward is unfavorable under current model
2024-01-16,38.55,0.0012592275931530075,-0.010788592369741671,0.46318465730635877,0.47537944908822455,0.7911066482072862,-0.46494823177221195,neutral,0.0,no clear model edge,observe only unless independent thesis exists
2024-01-17,37.08,0.01354527377753309,0.009984330635029928,0.5107513512993682,0.5054465152400401,0.8257629782116358,0.09592709002208816,neutral,0.0,no clear model edge,observe only unless independent thesis exists
2024-01-18,38.38,0.012530519327805741,0.039397959794890344,0.5443430361799697,0.5426221954473632,0.8349603671055088,0.448062013260511,neutral,0.0,no clear model edge,observe only unless independent thesis exists
2024-01-19,38.09,0.010256851404922124,0.02535712479059267,0.5511332475370463,0.5381159401081876,0.8216954714381102,0.3032380891865994,neutral,0.0,no clear model edge,observe only unless independent thesis exists
2024-01-22,36.98,0.0154562351073263,0.037330831809236034,0.5295415034055388,0.5617472888330531,0.8334498622903276,0.4879062274868122,positive,0.5,one primary horizon has positive edge,"confirm liquidity, limit status, and cost assumptions"
2024-01-23,37.63,0.02032363448047644,0.030024519817590918,0.5362749132778982,0.5653236645119412,0.8378203964781563,0.546945947884566,positive,0.5,one primary horizon has positive edge,"confirm liquidity, limit status, and cost assumptions"
2024-01-24,36.13,0.013911032381433304,0.028390988972350543,0.561677057714879,0.5487219084186276,0.8502939505494683,0.4328619920809201,positive,0.5,one primary horizon has positive edge,"confirm liquidity, limit status, and cost assumptions"
2024-01-25,37.13,0.021197239031211488,0.028461629676683732,0.5476718939091373,0.5569170507406738,0.8588295043033711,0.5571436618872964,neutral,0.0,no clear model edge,observe only unless independent thesis exists
2024-01-26,35.73,0.004148215814792823,0.011320757130260742,0.48960290816313773,0.5717958380993394,0.7469350276743492,0.007502962864807283,neutral,0.0,no clear model edge,observe only unless independent thesis exists
2024-01-29,33.86,0.005692250983435718,0.0526488275725819,0.5205347119550087,0.6106664805876998,0.7692991858180548,0.4981393874209037,positive,0.5,one primary horizon has positive edge,"confirm liquidity, limit status, and cost assumptions"
2024-01-30,32.39,0.003649416503589806,0.05497713119197954,0.5206975035859117,0.6447205246766408,0.7764388626725294,0.530546827167109,positive,0.5,one primary horizon has positive edge,"confirm liquidity, limit status, and cost assumptions"
2024-01-31,31.49,0.004861569303979138,0.047770933938808414,0.5324991427917005,0.6317344134205682,0.7774014490689956,0.5026970392974833,positive,0.5,one primary horizon has positive edge,"confirm liquidity, limit status, and cost assumptions"
2024-02-01,32.27,-0.002122301253550986,0.030917991849079327,0.5153563608396923,0.6303400469070835,0.7839371200407355,0.18358483784511193,positive,0.5,one primary horizon has positive edge,"confirm liquidity, limit status, and cost assumptions"
2024-02-02,30.5,0.006496947551031123,0.046000761694064016,0.5786642201232653,0.6595795206598456,0.7990456439530098,0.6677947839102764,positive,0.5,one primary horizon has positive edge,"confirm liquidity, limit status, and cost assumptions"
2024-02-05,29.9,-0.0032166232598023845,0.03849403362604157,0.514844153530716,0.6799541502049133,0.7977213989493254,0.29897725609321396,positive,0.5,one primary horizon has positive edge,"confirm liquidity, limit status, and cost assumptions"
2024-02-06,31.99,-0.005418480574522674,0.02798028819111383,0.50392809828867,0.7013521271867554,0.8530727203872204,0.1616496832210858,positive,0.5,one primary horizon has positive edge,"confirm liquidity, limit status, and cost assumptions"
2024-02-07,32.11,-0.011136994670688828,0.018896825029827896,0.49563840305295565,0.6355878891783419,0.8464316879213625,-0.15201362819349734,neutral,0.0,no clear model edge,observe only unless independent thesis exists
2024-02-08,33.04,-0.0071580422902634095,0.014054728910572505,0.4952800498982359,0.6194155074868871,0.8586857131441153,-0.14325038521376632,neutral,0.0,no clear model edge,observe only unless independent thesis exists
2024-02-19,32.83,-0.0008917637922494425,0.029158937811623868,0.47604310828953755,0.6672733436325918,0.8583771816630686,0.13789370512916876,positive,0.5,one primary horizon has positive edge,"confirm liquidity, limit status, and cost assumptions"
2024-02-20,32.87,0.00014639090094369913,0.055816950387435386,0.4401909690506845,0.7161082821684505,0.8586071312313321,0.3695769899197388,positive,0.5,one primary horizon has positive edge,"confirm liquidity, limit status, and cost assumptions"
2024-02-21,33.34,-0.005234952725287526,0.03303721246809736,0.45129427840846126,0.664934904985582,0.857435827590064,0.02074093017821904,positive,0.5,one primary horizon has positive edge,"confirm liquidity, limit status, and cost assumptions"
2024-02-22,33.46,-0.010785352675931755,0.04715418795417784,0.4152630750325881,0.6687950778342949,0.8484255870724875,-0.05181686722738588,positive,0.5,one primary horizon has positive edge,"confirm liquidity, limit status, and cost assumptions"
2024-02-23,33.97,-0.012162710674229839,0.05979780399834374,0.4129989491441181,0.6836145531418745,0.8372471549093057,0.0451135175232959,positive,0.5,one primary horizon has positive edge,"confirm liquidity, limit status, and cost assumptions"
2024-02-26,34.1,-0.011987217093445957,0.0486024687493398,0.43690973035412656,0.6458656080203361,0.8381118073538327,-0.04836500692118667,positive,0.5,one primary horizon has positive edge,"confirm liquidity, limit status, and cost assumptions"
2024-02-27,35.25,-0.016466162886884343,0.031442616104643314,0.38607962047909056,0.6226481469681393,0.8450067389658686,-0.43493532814048425,positive,0.5,one primary horizon has positive edge,"confirm liquidity, limit status, and cost assumptions"
2024-02-28,34.45,-0.007284694662367322,0.008403567657900776,0.4521928935441272,0.557154223872225,0.8445185000636533,-0.3903397022830804,negative,0.0,short horizon expected return is weak,risk/reward is unfavorable under current model
2024-02-29,35.75,-0.010113972195096892,-0.0019729069372820852,0.3874725470519544,0.5554241701012848,0.8454785315782457,-0.684170625495879,negative,0.0,short horizon expected return is weak,risk/reward is unfavorable under current model
2024-03-01,35.67,0.00043538370192626463,-0.000561982514200074,0.41037141192741494,0.5583881387417913,0.8377036894478147,-0.40080428498152343,neutral,0.0,no clear model edge,observe only unless independent thesis exists
2024-03-04,35.78,0.004214756396280228,0.010738855834459405,0.4214205477719591,0.5472993574412724,0.7249576169412635,-0.1880489841248038,neutral,0.0,no clear model edge,observe only unless independent thesis exists
2024-03-05,35.11,0.000774118454090705,0.013667011027894286,0.39248509244386665,0.5555741001793228,0.5778250626180613,-0.23566493194345944,neutral,0.0,no clear model edge,observe only unless independent thesis exists
2024-03-06,35.88,-0.0043171908478123145,0.001446565534281684,0.3937769309798062,0.5204878155948642,0.5457940791865497,-0.479506688786297,negative,0.0,short horizon expected return is weak,risk/reward is unfavorable under current model
2024-03-07,34.76,-0.006893142238140512,0.010621445420468337,0.4053810092470446,0.5468900392450254,0.5486175564469263,-0.38753500583734124,negative,0.0,short horizon expected return is weak,risk/reward is unfavorable under current model
2024-03-08,35.57,-0.010615709278227779,0.0046415463650525905,0.3885001854520078,0.5375621525507734,0.42131963059076016,-0.5202063317115936,negative,0.0,short horizon expected return is weak,risk/reward is unfavorable under current model
2024-03-11,37.8,-0.022690108341907354,-0.019858576662453144,0.4008741711061801,0.49392912533239736,0.40599573643999226,-0.9961810130900204,negative,0.0,short horizon expected return is weak,risk/reward is unfavorable under current model
2024-03-12,37.75,-0.035346135692997584,-0.01056797788233596,0.3684735877600847,0.5020165925202104,0.3961792885312397,-1.2336632622640251,negative,0.0,short horizon expected return is weak,risk/reward is unfavorable under current model
2024-03-13,37.43,-0.018908954921564344,0.02458168082225612,0.37783767747314345,0.5449823292198763,0.3564322760976708,-0.5163518190169609,negative,0.0,short horizon expected return is weak,risk/reward is unfavorable under current model
2024-03-14,37.06,-0.019207796161013018,0.02359691219505431,0.37999903054921114,0.5635174573547097,0.3605236596055431,-0.4957037396490905,negative,0.0,short horizon expected return is weak,risk/reward is unfavorable under current model
2024-03-15,36.5,-0.010038322882593782,0.02546849902099617,0.4141874278380784,0.5668334846103604,0.36933059910095967,-0.21512436919645858,positive,0.5,one primary horizon has positive edge,"confirm liquidity, limit status, and cost assumptions"
2024-03-18,37.45,-0.0053118362747216,0.023589247945866483,0.4550242084334767,0.527311669391191,0.37279792601233896,-0.1074260807017215,negative,0.0,short horizon expected return is weak,risk/reward is unfavorable under current model
2024-03-19,36.66,0.0017208862665190226,0.04670109937657491,0.46539716172962703,0.5604447390037408,0.3826519392378746,0.2940996173184214,positive,0.5,one primary horizon has positive edge,"confirm liquidity, limit status, and cost assumptions"
2024-03-20,36.47,-0.0074020270101003635,0.0425468977798944,0.4437060730325849,0.5597289554657414,0.3852768151620169,0.025683519582709202,negative,0.0,short horizon expected return is weak,risk/reward is unfavorable under current model
2024-03-21,35.83,0.0006590747024477508,0.027453456276790116,0.4726006350307866,0.5168938055324674,0.4422631043707038,0.04224154869281074,neutral,0.0,no clear model edge,observe only unless independent thesis exists
2024-03-22,34.35,0.0021004663838137317,0.01914710743723685,0.4990880046668455,0.46983737435029893,0.5820810822919129,-0.060941223488195695,neutral,0.0,no clear model edge,observe only unless independent thesis exists
2024-03-25,33.57,0.0039696971023797795,-0.0207810877669533,0.485651858310787,0.3864015668915467,0.6500668910983733,-0.5371878910947139,neutral,0.0,no clear model edge,observe only unless independent thesis exists
2024-03-26,34.18,-0.003410974161614248,-0.023276450931088353,0.4604988305006173,0.39783756993743835,0.6402786916262126,-0.7409687450196619,negative,0.0,short horizon expected return is weak,risk/reward is unfavorable under current model
2024-03-27,33.03,-0.00579163631856712,-0.06270623032932839,0.4722355412869054,0.34878038401930095,0.690444915844263,-1.1759547198498475,negative,0.0,short horizon expected return is weak,risk/reward is unfavorable under current model
2024-03-28,33.27,-0.013699180344262426,-0.05233079306984372,0.41721879143755974,0.3331807018049572,0.672067384934285,-1.3990418531417634,negative,0.0,short horizon expected return is weak,risk/reward is unfavorable under current model
2024-03-29,33.02,-0.019715607268530007,-0.0457989642725031,0.4121247652512256,0.3321570734642844,0.6730180892616419,-1.481040616098866,negative,0.0,short horizon expected return is weak,risk/reward is unfavorable under current model
2024-04-01,33.91,-0.01902151687200728,-0.04114547300187109,0.4293064943764228,0.3552574777643544,0.6836580360948281,-1.3550634842693938,negative,0.0,short horizon expected return is weak,risk/reward is unfavorable under current model
2024-04-02,33.7,-0.011604536160527576,-0.035297959883797365,0.42628098579672574,0.37264472760136125,0.6804667182978362,-1.136907574157211,negative,0.0,short horizon expected return is weak,risk/reward is unfavorable under current model
2024-04-03,33.25,-0.016361179007302648,-0.049478089242619074,0.4103071977490577,0.3634802042356631,0.674254877881897,-1.3958536995384299,negative,0.0,short horizon expected return is weak,risk/reward is unfavorable under current model
2024-04-08,31.58,-0.006133013151821277,-0.011690733216002253,0.4981269963649181,0.47218889188407337,0.7630630555657734,-0.533980386887533,neutral,0.0,no clear model edge,observe only unless independent thesis exists
2024-04-09,32.27,0.004858565864382304,-0.01265087225879265,0.48643448401438405,0.5010464406083545,0.7621408067870521,-0.3006937461106764,neutral,0.0,no clear model edge,observe only unless independent thesis exists
2024-04-10,31.51,0.0037066642466927046,-0.003912855250322117,0.48890088793008524,0.5510991233103615,0.7053961746978039,-0.1447909408588195,neutral,0.0,no clear model edge,observe only unless independent thesis exists
2024-04-11,31.2,0.005409374318775464,-0.0010738012604242292,0.49315336649347385,0.5631986383111468,0.7044656075435047,-0.057610300678094195,neutral,0.0,no clear model edge,observe only unless independent thesis exists
2024-04-12,30.33,0.010815297336305776,0.009233844734518108,0.5121475690403993,0.607369041946966,0.709279099090292,0.24922175092653312,neutral,0.0,no clear model edge,observe only unless independent thesis exists
2024-04-15,31.07,0.025980170697612055,0.03127777351048964,0.5902142108611481,0.6343663467950837,0.7252155541542791,0.950443894749979,positive,0.5,one primary horizon has positive edge,"confirm liquidity, limit status, and cost assumptions"
2024-04-16,30.69,0.02529778985088494,0.03602731136849785,0.5751770582505218,0.6735805062586683,0.7248171060726984,1.0052022805225684,positive,0.5,one primary horizon has positive edge,"confirm liquidity, limit status, and cost assumptions"
2024-04-17,31.42,0.021247813158003115,0.048773145609952634,0.5538354852228751,0.6920465181203146,0.7228294076433512,1.0078447977517433,positive,0.5,one primary horizon has positive edge,"confirm liquidity, limit status, and cost assumptions"
2024-04-18,30.76,0.02870885047325439,0.05937199937475433,0.5774207475185382,0.7111292901543361,0.7227982741919273,1.3287041696297641,positive,0.5,one primary horizon has positive edge,"confirm liquidity, limit status, and cost assumptions"
2024-04-19,29.84,0.040271486065576706,0.07495124309397387,0.6223912017163755,0.7332283772238247,0.7285119285109745,1.8243539237957347,strong_positive,1.0,5d and 20d expected return/probability both positive,"model output is probabilistic, not a price forecast"
2024-04-22,29.73,0.041068894920054,0.06696069914536501,0.6241769100792092,0.7172655615875378,0.6816229424953106,1.770350854521359,strong_positive,1.0,5d and 20d expected return/probability both positive,"model output is probabilistic, not a price forecast"
2024-04-23,29.11,0.046901589508398844,0.04768088988981404,0.6686675655491556,0.6898584860208719,0.709871648593722,1.7810122952615028,strong_positive,1.0,5d and 20d expected return/probability both positive,"model output is probabilistic, not a price forecast"
2024-04-24,28.72,0.04673620705687223,0.030667237942947442,0.6499703078074449,0.6733075807779911,0.7121361404658391,1.5695910816986705,strong_positive,1.0,5d and 20d expected return/probability both positive,"model output is probabilistic, not a price forecast"
2024-04-25,28.7,0.04280230761067146,0.03883751665879179,0.6293248531053154,0.6750924685755084,0.7029550221089265,1.5142907992838892,strong_positive,1.0,5d and 20d expected return/probability both positive,"model output is probabilistic, not a price forecast"
2024-04-26,32.45,0.06448954277568622,0.12309929768786314,0.7900840704078513,0.7309876857569451,0.8732770098313924,3.0307805907888703,strong_positive,1.0,5d and 20d expected return/probability both positive,"model output is probabilistic, not a price forecast"
2024-04-29,33.72,0.0493295135161754,0.052703185366891336,0.6919675152083684,0.6647476177540976,0.8856949370585218,1.8207260903645117,strong_positive,1.0,5d and 20d expected return/probability both positive,"model output is probabilistic, not a price forecast"
2024-04-30,32.67,0.049246660962088525,0.030296110355076733,0.6650298433935589,0.6236295898479881,0.8937392739706,1.5056123071909586,strong_positive,1.0,5d and 20d expected return/probability both positive,"model output is probabilistic, not a price forecast"
2024-05-06,32.95,0.030955328283994266,0.030554643647488715,0.6006109288374917,0.618955581560085,0.8831671348157779,0.987453354228562,positive,0.5,one primary horizon has positive edge,"confirm liquidity, limit status, and cost assumptions"
2024-05-07,32.65,0.03695909775707301,0.03577972218904755,0.5655367637926547,0.6204851342589486,0.848898171876002,1.0820330451116817,positive,0.5,one primary horizon has positive edge,"confirm liquidity, limit status, and cost assumptions"
2024-05-08,31.79,0.04006687321370554,0.037631634489855306,0.6360682469916471,0.5298863560605296,0.7743385338174331,1.198675223104911,positive,0.5,one primary horizon has positive edge,"confirm liquidity, limit status, and cost assumptions"
2024-05-09,32.6,0.030684889935795885,0.025535919891951878,0.6106805270110387,0.4557020512997661,0.7573674713022068,0.7373311914211276,positive,0.5,one primary horizon has positive edge,"confirm liquidity, limit status, and cost assumptions"
2024-05-10,31.54,0.02497037569165713,0.025909848574465294,0.5958627588164872,0.466991553021004,0.6986806858847003,0.6308137546426967,positive,0.5,one primary horizon has positive edge,"confirm liquidity, limit status, and cost assumptions"
2024-05-13,31.26,0.016727126442955143,0.037922699337590404,0.534291613957295,0.48776531028938647,0.6868026693883373,0.45716580565657366,neutral,0.0,no clear model edge,observe only unless independent thesis exists
2024-05-14,31.1,0.006964465870173051,0.03554737499399975,0.48481593428702285,0.5016638132176676,0.6862009974158332,0.15084150362575013,neutral,0.0,no clear model edge,observe only unless independent thesis exists
2024-05-15,31.26,0.00028272848785085986,-0.01236226892224284,0.47520306048738215,0.4087019442303876,0.6789720382789501,-0.5409067468306871,neutral,0.0,no clear model edge,observe only unless independent thesis exists
2024-05-16,32.38,0.01285546359395356,-0.019946847849536358,0.5357563353568922,0.3422503307269029,0.6844447995103149,-0.32150585703490997,neutral,0.0,no clear model edge,observe only unless independent thesis exists
2024-05-17,31.9,0.011842353549223208,-0.04163646518762366,0.4881441149002943,0.3340277177673296,0.6851663300160391,-0.6403370683092361,neutral,0.0,no clear model edge,observe only unless independent thesis exists
2024-05-20,31.98,0.001901679738069621,-0.04102983234828413,0.44913530798143664,0.3501188757947272,0.6542571679287585,-0.8876812278520486,neutral,0.0,no clear model edge,observe only unless independent thesis exists
2024-05-21,31.58,-0.003479111813086501,-0.012992972160440883,0.4307594228093722,0.39446114695320217,0.6514879391783854,-0.7390062274471533,negative,0.0,short horizon expected return is weak,risk/reward is unfavorable under current model
2024-05-22,33.85,-0.01786004571224719,0.0068246128043896,0.4828590165197052,0.35133904532634935,0.6786019377455511,-0.8278785759308754,neutral,0.0,no clear model edge,observe only unless independent thesis exists
2024-05-23,32.76,0.02398953955105585,0.022017156589245277,0.5685143839915834,0.38973342003489814,0.6900370993835908,0.3905043216560139,positive,0.5,one primary horizon has positive edge,"confirm liquidity, limit status, and cost assumptions"
2024-05-24,32.98,0.010862948995985111,0.010663425701202395,0.5216839417223907,0.3796447781961457,0.6842184998745382,-0.08690626174761237,neutral,0.0,no clear model edge,observe only unless independent thesis exists
2024-05-27,31.85,0.012305465467086966,0.026524983789438503,0.5232552823772124,0.44394619549922465,0.6946732834977014,0.17601284847858858,neutral,0.0,no clear model edge,observe only unless independent thesis exists
2024-05-28,31.34,0.014900838808304919,0.01753440617353854,0.48764767988603125,0.468304956235644,0.6979620773060343,0.11235814529077429,neutral,0.0,no clear model edge,observe only unless independent thesis exists
2024-05-29,32.24,0.003536948595942547,-0.006499904312305783,0.532833030261263,0.36406856882915767,0.5682444523359954,-0.3300878022389838,neutral,0.0,no clear model edge,observe only unless independent thesis exists
2024-05-30,31.83,0.0054983041907632774,-0.023540818515409054,0.5212469601094057,0.3783571284050017,0.5407486254816184,-0.42078436229629046,neutral,0.0,no clear model edge,observe only unless independent thesis exists
2024-05-31,31.54,0.008956025353855488,-0.014704596111218821,0.48266991207763976,0.40227940830843034,0.5310680498287874,-0.3276946038908397,neutral,0.0,no clear model edge,observe only unless independent thesis exists
2024-06-03,31.3,0.00645625175328521,-0.020506798670740973,0.47867610871074406,0.41289470857990446,0.5335889977692159,-0.4166167355612056,neutral,0.0,no clear model edge,observe only unless independent thesis exists
2024-06-04,31.8,-0.0007246774469841536,-0.02888703777995756,0.45496415883073843,0.4316323522941401,0.536785910346044,-0.6524946287051692,negative,0.0,short horizon expected return is weak,risk/reward is unfavorable under current model
2024-06-05,31.03,0.010394788332115386,-0.05127017555645711,0.49553025778991405,0.3558040449840141,0.5594365285769124,-0.6488244129947789,neutral,0.0,no clear model edge,observe only unless independent thesis exists
2024-06-06,30.6,0.0015059997735526898,-0.07511591789519409,0.47041513309441685,0.30769278127655175,0.5901024233109886,-1.1668865831681194,neutral,0.0,no clear model edge,observe only unless independent thesis exists
2024-06-07,30.67,-0.0016909126867788553,-0.07411775690234408,0.43811489542315407,0.3160125460456976,0.5784263317681628,-1.2802538590096646,negative,0.0,short horizon expected return is weak,risk/reward is unfavorable under current model
2024-06-11,30.87,-0.0016779733911274509,-0.07688182912847653,0.44020072021963735,0.3206222495960251,0.5783487790361703,-1.2895307436738253,negative,0.0,short horizon expected return is weak,risk/reward is unfavorable under current model
2024-06-12,31.58,-0.011579337806142929,-0.08020868608574118,0.43335003152407126,0.2954688602665361,0.584545937157371,-1.5742491488134749,negative,0.0,short horizon expected return is weak,risk/reward is unfavorable under current model
2024-06-13,33.1,-0.023768039369583625,-0.09062465891239994,0.44988373107068996,0.26035600470591586,0.60911736568887,-1.929893756340507,negative,0.0,short horizon expected return is weak,risk/reward is unfavorable under current model
2024-06-14,33.08,-0.009331267332315474,-0.07628894466808335,0.45160414603267085,0.29271330738641677,0.5960804321041402,-1.4639665355071654,negative,0.0,short horizon expected return is weak,risk/reward is unfavorable under current model
2024-06-17,33.12,-0.01828805299880006,-0.0653429483372645,0.417760609830236,0.32874028706417596,0.5927999397472934,-1.5733093908748261,negative,0.0,short horizon expected return is weak,risk/reward is unfavorable under current model
2024-06-18,33.27,-0.024909582473154897,-0.04772596780653172,0.400823247450589,0.3602793090083744,0.5928781567035257,-1.551786987696254,negative,0.0,short horizon expected return is weak,risk/reward is unfavorable under current model
2024-06-19,32.19,-0.008835765756685751,-0.020769171678202736,0.48135975659280716,0.3648340291106367,0.6047800126902536,-0.8233122124333144,neutral,0.0,no clear model edge,observe only unless independent thesis exists
2024-06-20,30.54,-0.0051409065926496765,0.02411581701718517,0.5648565618421357,0.4082012384083258,0.5311232593843176,-0.09745069485449698,neutral,0.0,no clear model edge,observe only unless independent thesis exists
2024-06-21,30.35,-0.009970446967054953,0.011160573342903699,0.5027421159386065,0.4395585952988327,0.5376409160106579,-0.39263607718013005,neutral,0.0,no clear model edge,observe only unless independent thesis exists
2024-06-24,29.4,-0.013933243476044405,-0.014722361725660146,0.5142983512101901,0.4162615864769656,0.6313311072886976,-0.7236108539251607,neutral,0.0,no clear model edge,observe only unless independent thesis exists
2024-06-25,28.65,-0.011131269063437097,-0.02863466544507709,0.5299396623796584,0.39264885629993224,0.692969298819071,-0.8033013200302769,neutral,0.0,no clear model edge,observe only unless independent thesis exists
2024-06-26,29.23,-0.010156902447310424,-0.019970072262744158,0.4766176589139818,0.4289093979715277,0.6991006643873541,-0.780626992165232,negative,0.0,short horizon expected return is weak,risk/reward is unfavorable under current model
2024-06-27,28.18,-0.013687494541436869,-0.04451098854380349,0.48808946020971955,0.3945918988143844,0.7308361673555319,-1.0891018859069486,neutral,0.0,no clear model edge,observe only unless independent thesis exists
2024-06-28,28.18,-0.014601391203594934,-0.035188405165551884,0.4409783722656252,0.4207491934757498,0.7308397297226363,-1.0991307797198613,negative,0.0,short horizon expected return is weak,risk/reward is unfavorable under current model
2024-07-01,28.01,-0.02278859429115522,-0.01939997809019403,0.4487659610743215,0.4362187757496458,0.730708576723146,-1.092567843641598,negative,0.0,short horizon expected return is weak,risk/reward is unfavorable under current model
2024-07-02,26.98,-0.012349186950918125,-0.0423668501004677,0.48298273718186596,0.37524012082131136,0.7430344894203924,-1.0936206896593685,neutral,0.0,no clear model edge,observe only unless independent thesis exists
2024-07-03,27.38,-0.010945121022232444,-0.009374888780799825,0.4472336452286702,0.4621116014159874,0.7423781640519953,-0.7400027135490364,negative,0.0,short horizon expected return is weak,risk/reward is unfavorable under current model
2024-07-04,27.45,-0.012405376368864258,0.0017314533035610266,0.4455773627140658,0.48155630697841056,0.7394783986715042,-0.6507989825203191,negative,0.0,short horizon expected return is weak,risk/reward is unfavorable under current model
2024-07-05,29.08,-0.020939589797331324,0.002603891481083767,0.4668282262328748,0.4780734799839977,0.7844244055897973,-0.7864542115376814,negative,0.0,short horizon expected return is weak,risk/reward is unfavorable under current model
2024-07-08,28.07,0.007897971611550479,0.012728051930069513,0.5328460943617965,0.47687088103270253,0.7952141288041652,0.019551257822137347,neutral,0.0,no clear model edge,observe only unless independent thesis exists
2024-07-09,28.5,-0.006644395300820148,0.028959075105871923,0.4860682120517077,0.5239030710712048,0.7980388633766275,-0.17319796077858787,neutral,0.0,no clear model edge,observe only unless independent thesis exists
2024-07-10,28.12,0.00012973797272000046,0.03583854030990865,0.4939308965049151,0.5807464945677822,0.7905419252539623,0.1330296575525547,positive,0.5,one primary horizon has positive edge,"confirm liquidity, limit status, and cost assumptions"
2024-07-11,28.88,-0.0016200706998453916,0.03189752444917066,0.48757716266095996,0.5513134739739564,0.7707139312422153,0.009564741827182643,neutral,0.0,no clear model edge,observe only unless independent thesis exists
2024-07-12,28.92,0.010745405436826783,0.03137202858330288,0.5356432658305628,0.5292715335331248,0.7710453100261313,0.32797198838700053,neutral,0.0,no clear model edge,observe only unless independent thesis exists
2024-07-15,28.48,-0.0003598026528448834,0.02594592082225758,0.487793455554131,0.5387841456740026,0.7710176640558069,-0.03332656314872609,neutral,0.0,no clear model edge,observe only unless independent thesis exists
2024-07-16,28.79,0.004406079928047455,0.0398420074133263,0.49606854947760454,0.5615644751118903,0.773220397267887,0.2296645927913602,positive,0.5,one primary horizon has positive edge,"confirm liquidity, limit status, and cost assumptions"
2024-07-17,29.0,-0.0013914624652582625,0.03945126233474592,0.5216944483016764,0.5399586000348683,0.666685275648811,0.1716590489910771,neutral,0.0,no clear model edge,observe only unless independent thesis exists
2024-07-18,29.58,0.003115395081411756,0.024615472784918074,0.546410971049578,0.5259129442296528,0.627072449102613,0.1912368328867687,neutral,0.0,no clear model edge,observe only unless independent thesis exists
2024-07-19,29.92,0.005626800092444808,0.01517756349367685,0.5469080309927582,0.518443534033509,0.5425759828338466,0.18424621151208206,neutral,0.0,no clear model edge,observe only unless independent thesis exists
2024-07-22,29.53,0.0021282544002514054,-0.0024131987111133592,0.5287555396742676,0.48203333058044284,0.5158866888057307,-0.12014903255852208,neutral,0.0,no clear model edge,observe only unless independent thesis exists
2024-07-23,28.37,0.0032044859319669623,0.03507310845511576,0.5268147007651143,0.5378097289640295,0.5278794522696402,0.2855006280445404,neutral,0.0,no clear model edge,observe only unless independent thesis exists
2024-07-24,28.03,0.004304595362236157,0.04185021420948572,0.489163446690141,0.5423302191999064,0.48215863572361145,0.2974031726941846,neutral,0.0,no clear model edge,observe only unless independent thesis exists
2024-07-25,28.65,0.0024170890222868675,0.029466924539453113,0.4910009286971251,0.5056899920280975,0.4719571962087832,0.10737764509507586,neutral,0.0,no clear model edge,observe only unless independent thesis exists
2024-07-26,28.85,0.005194655021191057,0.012931806989590539,0.48657951198613547,0.46471608829347455,0.47241255215393757,-0.048117828456559014,neutral,0.0,no clear model edge,observe only unless independent thesis exists
2024-07-29,27.78,0.007089359523310135,0.023876705832206798,0.47864397227107436,0.46472516134653535,0.5155911961284313,0.04372178935563856,neutral,0.0,no clear model edge,observe only unless independent thesis exists
2024-07-30,27.7,-0.000781337267869886,0.0030574665340695646,0.42599819146025336,0.4460753155876208,0.5053596122791664,-0.4305882379959235,negative,0.0,short horizon expected return is weak,risk/reward is unfavorable under current model
2024-07-31,29.33,-0.01636959517012269,-0.013712277106495625,0.41447344483433374,0.42957815160372104,0.5407911889628665,-0.943298745771775,negative,0.0,short horizon expected return is weak,risk/reward is unfavorable under current model
2024-08-01,28.95,7.444635017234374e-05,-0.029766532367331733,0.47543400175331874,0.3597988526503275,0.5438126980596437,-0.7179670177477927,neutral,0.0,no clear model edge,observe only unless independent thesis exists
2024-08-02,28.28,-0.005024068918804782,-0.013261260049363205,0.45790815975462,0.3956161156421006,0.5110201103159941,-0.6576159318839849,negative,0.0,short horizon expected return is weak,risk/reward is unfavorable under current model
2024-08-05,27.16,0.0002236206161015065,0.00035668848771879674,0.4938484529007686,0.4418130295108098,0.5698902071370617,-0.30346754632104794,neutral,0.0,no clear model edge,observe only unless independent thesis exists
2024-08-06,28.14,-0.0026960035256746407,-0.006976610673819899,0.44355665695131763,0.4630082029177994,0.5832375236331441,-0.5072202180929122,negative,0.0,short horizon expected return is weak,risk/reward is unfavorable under current model
2024-08-07,28.17,0.004750152754777785,-0.014895224275569073,0.4892731565671545,0.4153021045631215,0.5811453564266069,-0.3937520742630797,neutral,0.0,no clear model edge,observe only unless independent thesis exists
2024-08-08,27.88,-0.004720060944804903,-0.013054408842767101,0.44971304797670547,0.4031525754531072,0.5728613399420968,-0.6780865542504773,negative,0.0,short horizon expected return is weak,risk/reward is unfavorable under current model
2024-08-09,27.28,0.00025363437510916246,0.0003429514793076927,0.4581119767106695,0.4314922975163859,0.5774054717409778,-0.4061938409204921,neutral,0.0,no clear model edge,observe only unless independent thesis exists
2024-08-12,27.22,0.008080601590297463,-0.003123781604152364,0.4689940174055168,0.44191926168810725,0.5753843669745257,-0.2339112727086356,neutral,0.0,no clear model edge,observe only unless independent thesis exists
2024-08-13,26.65,0.004138481357635268,-0.01013796485397731,0.4880036247993039,0.43163235317489557,0.6282010391197843,-0.36014207554783584,neutral,0.0,no clear model edge,observe only unless independent thesis exists
2024-08-14,26.24,-0.003779077928718692,-0.05625633583984112,0.45090919397066836,0.36060410316739405,0.6691333401209574,-1.1067006231248881,negative,0.0,short horizon expected return is weak,risk/reward is unfavorable under current model
2024-08-15,26.29,0.0005702138035762142,-0.043510384412098736,0.4546825775731071,0.411503235317981,0.6617826171450101,-0.8215379753588009,neutral,0.0,no clear model edge,observe only unless independent thesis exists
2024-08-16,26.31,0.003987030172693109,-0.04507715022235758,0.46852217373137944,0.3996200077770158,0.6236802398271066,-0.7399129305962407,neutral,0.0,no clear model edge,observe only unless independent thesis exists
2024-08-19,25.64,0.006555373560095168,-0.038135843026987054,0.4717626468001141,0.3970916681665269,0.6710015825637003,-0.6462308707668105,neutral,0.0,no clear model edge,observe only unless independent thesis exists
2024-08-20,25.16,0.015376888143126492,-0.043589228619440555,0.49938932733641683,0.3972866777701177,0.7074595701011672,-0.4614006888932343,neutral,0.0,no clear model edge,observe only unless independent thesis exists
2024-08-21,23.78,0.016480883775325552,-0.01069229680529644,0.5571617182736573,0.48619181437138653,0.7612769099728856,0.08799608249780766,neutral,0.0,no clear model edge,observe only unless independent thesis exists
2024-08-22,22.82,0.030949654815050093,-0.02385788957533262,0.6415933305939304,0.4913511055187361,0.7610741076709133,0.4777236559305858,positive,0.5,one primary horizon has positive edge,"confirm liquidity, limit status, and cost assumptions"
2024-08-23,22.6,0.007654520810653195,-0.03482694338646958,0.5309860530306407,0.5230388484781637,0.7568790387856628,-0.27973392325190677,neutral,0.0,no clear model edge,observe only unless independent thesis exists
2024-08-26,22.72,0.009876095331941247,-0.005853104880368904,0.5526302667261258,0.5407029210912361,0.7514635157518184,0.07832699459575765,neutral,0.0,no clear model edge,observe only unless independent thesis exists
2024-08-27,22.33,0.010270628111614544,0.01681811556318733,0.522089179875463,0.5809243290889785,0.7513508435266035,0.26339999302785616,neutral,0.0,no clear model edge,observe only unless independent thesis exists
2024-08-28,22.12,0.01174906304776845,0.04289717665535543,0.49533002995419556,0.6452475038381605,0.6838322325468112,0.5699999690968858,positive,0.5,one primary horizon has positive edge,"confirm liquidity, limit status, and cost assumptions"
2024-08-29,22.81,0.008725709255100075,0.06862474927076341,0.5383101462470061,0.6822051249293078,0.7126031443541019,0.8671666282027006,positive,0.5,one primary horizon has positive edge,"confirm liquidity, limit status, and cost assumptions"
2024-08-30,23.13,0.005942911423340521,0.06594495993712864,0.5450392129800737,0.6904235592381288,0.7191529669005483,0.8171784652323676,positive,0.5,one primary horizon has positive edge,"confirm liquidity, limit status, and cost assumptions"
2024-09-02,21.96,0.018602329867404913,0.07544315607841959,0.5854219100035161,0.6943328966144977,0.7303496877822322,1.2431754062840406,positive,0.5,one primary horizon has positive edge,"confirm liquidity, limit status, and cost assumptions"
2024-09-03,22.25,0.012258245143681911,0.07777833732819489,0.5228937740696724,0.7194976025336944,0.7083920160709145,1.0387025395931035,positive,0.5,one primary horizon has positive edge,"confirm liquidity, limit status, and cost assumptions"
2024-09-04,22.45,0.011797104888054317,0.05787023443572669,0.5175493439899773,0.6902837155464647,0.7121366964680578,0.8077441247038013,positive,0.5,one primary horizon has positive edge,"confirm liquidity, limit status, and cost assumptions"
2024-09-05,22.71,0.02396908880662135,0.06150060074154805,0.5687929754561121,0.6672501781517459,0.7191355457663764,1.1589563806970844,positive,0.5,one primary horizon has positive edge,"confirm liquidity, limit status, and cost assumptions"
2024-09-06,22.12,0.029183703953938482,0.07209372158558414,0.5539689655425081,0.6707904482414325,0.7208627759588173,1.318700213512763,positive,0.5,one primary horizon has positive edge,"confirm liquidity, limit status, and cost assumptions"
2024-09-09,21.92,0.01851610743045225,0.06447597056658999,0.5173419946410355,0.6669369731864216,0.7199098573326093,0.952854405881804,positive,0.5,one primary horizon has positive edge,"confirm liquidity, limit status, and cost assumptions"
2024-09-10,21.92,0.018492499479424426,0.06493310021640167,0.5163391991989977,0.6826572381749776,0.7197441497392438,0.9799578673335906,positive,0.5,one primary horizon has positive edge,"confirm liquidity, limit status, and cost assumptions"
2024-09-11,22.17,0.014357651282364856,0.041778230048666876,0.5166530613572051,0.633197115866567,0.7249102460157626,0.6285126162088722,positive,0.5,one primary horizon has positive edge,"confirm liquidity, limit status, and cost assumptions"
2024-09-12,21.98,0.007283206713291461,0.01530029120228812,0.48945989278169294,0.5566791508709004,0.7233815309137356,0.0847545960064442,neutral,0.0,no clear model edge,observe only unless independent thesis exists
2024-09-13,21.42,0.004184329502424013,0.0010082880255842912,0.47459057412668315,0.5209976993643619,0.7254833853096981,-0.18645878536904253,neutral,0.0,no clear model edge,observe only unless independent thesis exists
2024-09-18,21.37,0.0006559989291872945,-0.009306192570436753,0.43848491437677345,0.49401452971447485,0.7226888319506524,-0.4677816367592137,neutral,0.0,no clear model edge,observe only unless independent thesis exists
2024-09-19,21.6,-0.007395512137271019,-0.01709763015271288,0.4577205908545016,0.45864116173888636,0.5801678717810628,-0.655333390865181,negative,0.0,short horizon expected return is weak,risk/reward is unfavorable under current model
2024-09-20,21.09,-0.013497437631137543,-0.033713728082187124,0.44895582742715445,0.38091396339647415,0.5096529787922288,-1.0356169168667106,negative,0.0,short horizon expected return is weak,risk/reward is unfavorable under current model
2024-09-23,20.85,-0.015362043384076464,-0.055755684026942656,0.4068109492397557,0.32200154135707504,0.5208604446784146,-1.449692711713294,negative,0.0,short horizon expected return is weak,risk/reward is unfavorable under current model
2024-09-24,22.39,-0.022506359787551965,-0.0436498474019862,0.42629875500381004,0.33653605239795537,0.5972618211778837,-1.4527770967070393,negative,0.0,short horizon expected return is weak,risk/reward is unfavorable under current model
2024-09-25,22.73,-0.032854576483673764,-0.07969207725961665,0.3930589601758554,0.2927894665545749,0.5997710259565119,-2.0994279888339,negative,0.0,short horizon expected return is weak,risk/reward is unfavorable under current model
2024-09-26,23.94,-0.017893313025394125,-0.05092036065199091,0.4390794906693028,0.30066048795241535,0.6250976748876698,-1.4583937071187623,negative,0.0,short horizon expected return is weak,risk/reward is unfavorable under current model
2024-09-27,26.44,-0.03480729218419431,-0.02057916249398021,0.3718636718823304,0.3525877844481317,0.7097700549906356,-1.6538704544101264,negative,0.0,short horizon expected return is weak,risk/reward is unfavorable under current model
2024-09-30,31.84,-0.09410792131065449,-0.012347900873204226,0.14949944416136146,0.4502225364182113,0.8457198443579763,-3.1777406483171533,negative,0.0,short horizon expected return is weak,risk/reward is unfavorable under current model
2024-10-08,38.32,-0.05521833922471714,0.09224177619029125,0.24260265964137404,0.3509140776550709,0.7957067371202113,-1.4940002643757624,negative,0.0,short horizon expected return is weak,risk/reward is unfavorable under current model
2024-10-09,38.25,-0.10954383291274211,0.024338684235580346,0.11621394968723966,0.2865216859376712,0.7957067371202113,-3.5259625165292623,negative,0.0,short horizon expected return is weak,risk/reward is unfavorable under current model
2024-10-10,36.22,-0.06303620875746366,0.020543712660665236,0.1777070881215775,0.3916864597208435,0.7957067371202113,-2.307411193370939,negative,0.0,short horizon expected return is weak,risk/reward is unfavorable under current model
2024-10-11,32.45,0.014103866173784188,0.037082490497593046,0.44643628640976313,0.5155213580899655,1.0,0.12962417922915126,no_trade,0.0,risk filter triggered,recent volatility or drawdown is extreme
2024-10-14,33.38,0.026851347857694365,0.031841289568717554,0.45230937316815306,0.5184118605665202,1.0,0.36116557870685184,no_trade,0.0,risk filter triggered,recent volatility or drawdown is extreme
2024-10-15,32.83,0.008349865206860888,-0.02089738425112944,0.47292602557086494,0.4199984785241334,1.0,-0.5466902459995773,no_trade,0.0,risk filter triggered,recent volatility or drawdown is extreme
2024-10-16,32.2,0.006838955061636648,-0.023796605213609538,0.4591406358980147,0.46586039367726406,1.0,-0.5558316005853357,no_trade,0.0,risk filter triggered,recent volatility or drawdown is extreme
2024-10-17,31.36,0.006146833483207621,-0.021918361637039224,0.4578050381989947,0.49957416598465026,1.0,-0.5015748576600899,no_trade,0.0,risk filter triggered,recent volatility or drawdown is extreme
2024-10-18,34.16,-0.007899846947999212,-0.053057346841583766,0.4484506983550635,0.4465400824184122,1.0,-1.1418372801668193,no_trade,0.0,risk filter triggered,recent volatility or drawdown is extreme
2024-10-21,36.13,-0.006566049691145812,-0.07116804073888601,0.4234840211993676,0.40054953196780074,1.0,-1.3949533836558121,no_trade,0.0,risk filter triggered,recent volatility or drawdown is extreme
2024-10-22,36.53,0.004456273769976057,-0.0693253030160981,0.4259894532959914,0.41256082790953347,1.0,-1.1339001778560611,no_trade,0.0,risk filter triggered,recent volatility or drawdown is extreme
2024-10-23,37.24,-0.02080599562438576,-0.11191115147719671,0.3449090120122886,0.3511802144859279,1.0,-2.2713210721334023,no_trade,0.0,risk filter triggered,recent volatility or drawdown is extreme
2024-10-24,35.15,0.006678856534549048,-0.07098406982976838,0.43759403862684254,0.4213878371409955,1.0,-1.0609296092495408,no_trade,0.0,risk filter triggered,recent volatility or drawdown is extreme
2024-10-25,36.6,0.0102069966084749,-0.07960674404329665,0.5024429729023688,0.29191594289856854,1.0,-1.123820511907067,no_trade,0.0,risk filter triggered,recent volatility or drawdown is extreme
2024-10-28,35.86,0.0261232662652563,-0.01825929165692447,0.5382455563207423,0.37868177548886095,1.0,-0.08656641738710269,no_trade,0.0,risk filter triggered,recent volatility or drawdown is extreme
2024-10-29,34.48,0.01921097926215229,-0.025806901163030742,0.5441062377619471,0.37360462429941493,1.0,-0.2799800287842986,no_trade,0.0,risk filter triggered,recent volatility or drawdown is extreme
2024-10-30,34.36,0.022919026205878157,0.03258396359358091,0.5066412594885296,0.43626494320165277,1.0,0.27832341034220065,no_trade,0.0,risk filter triggered,recent volatility or drawdown is extreme
2024-10-31,35.45,0.0003577309721597543,0.01944874951902093,0.4609613931069488,0.4082269193411689,1.0,-0.43130060158647543,no_trade,0.0,risk filter triggered,recent volatility or drawdown is extreme
2024-11-01,33.43,0.038653575957960054,0.017395149418244445,0.5885232319938506,0.41740356838777914,1.0,0.6311262031371067,no_trade,0.0,risk filter triggered,recent volatility or drawdown is extreme
2024-11-04,33.75,0.022194346516932868,0.0019101663551976608,0.5212359023438988,0.4578986021700398,1.0,0.08854970359940223,no_trade,0.0,risk filter triggered,recent volatility or drawdown is extreme
2024-11-05,35.03,-0.024431701523195008,-0.048762915803422555,0.4307626526778066,0.41491735009305164,1.0,-1.5320955838213126,no_trade,0.0,risk filter triggered,recent volatility or drawdown is extreme
2024-11-06,35.1,-0.03287142877781951,-0.05843978971454939,0.42974065946897066,0.385234705603142,0.9525400331308671,-1.8135498567690873,no_trade,0.0,risk filter triggered,recent volatility or drawdown is extreme
2024-11-07,35.45,0.011160100265804152,-0.04406611917164069,0.5242453544962841,0.3705517694644132,0.8403215422342674,-0.5826140449070178,neutral,0.0,no clear model edge,observe only unless independent thesis exists
2024-11-08,35.95,-0.026778811995866864,-0.09568314024734895,0.3743682545781184,0.2914046811244603,0.7451034609265201,-2.202627177330701,negative,0.0,short horizon expected return is weak,risk/reward is unfavorable under current model
2024-11-11,39.44,-0.04843698684560237,-0.12515056035106067,0.2733933003168838,0.3215088890020724,0.8005637176203901,-3.0763756718114865,negative,0.0,short horizon expected return is weak,risk/reward is unfavorable under current model
2024-11-12,37.75,-0.006872290700840923,-0.046261753154297425,0.4562534516243631,0.36071612861397656,0.8158987891686957,-1.1273194806467666,negative,0.0,short horizon expected return is weak,risk/reward is unfavorable under current model
2024-11-13,40.08,-0.012992364350007338,-0.03146763757074562,0.40271906296699467,0.37426590621614925,0.8288713370164271,-1.238239031571958,negative,0.0,short horizon expected return is weak,risk/reward is unfavorable under current model
2024-11-14,38.64,-0.009687747011219303,0.005377076221008723,0.38638051584115163,0.466765489422928,0.8349693947085797,-0.7634805992700853,negative,0.0,short horizon expected return is weak,risk/reward is unfavorable under current model
2024-11-15,36.33,0.008408861479165385,0.016307759426499507,0.5109179124809701,0.5239483464079718,0.8240730634437385,0.07560277259221188,neutral,0.0,no clear model edge,observe only unless independent thesis exists
2024-11-18,34.36,0.01943495301896233,0.026320420906481783,0.5684273398867533,0.575924988019487,0.9454909605081547,0.5545460312214827,no_trade,0.0,risk filter triggered,recent volatility or drawdown is extreme
2024-11-19,35.56,0.01713302479517921,0.030618273862598223,0.5484142873028525,0.6093085849023016,0.9537066251127013,0.5489570132254162,no_trade,0.0,risk filter triggered,recent volatility or drawdown is extreme
2024-11-20,35.33,0.008316064445731118,0.02643362409866087,0.5157958417081981,0.5881031650808161,0.9506362208933825,0.22876317684504793,no_trade,0.0,risk filter triggered,recent volatility or drawdown is extreme
2024-11-21,35.33,-0.004161906159098141,0.017677536875596193,0.44286075550655807,0.5653506385902117,0.9272492033671573,-0.2907622221900433,no_trade,0.0,risk filter triggered,recent volatility or drawdown is extreme
2024-11-22,33.55,-0.007499512321113219,0.0055619334766098365,0.4513608701004771,0.576417175818303,0.9540280691502929,-0.42553394621370333,no_trade,0.0,risk filter triggered,recent volatility or drawdown is extreme
2024-11-25,33.38,-0.016724634931295952,0.0027907099921645005,0.41398986412299865,0.5698018226289021,0.9520261003833923,-0.7297300998209566,no_trade,0.0,risk filter triggered,recent volatility or drawdown is extreme
2024-11-26,33.06,-0.032456643612956235,-0.014979273679904872,0.3595723833844145,0.5263731180822209,0.9424207928506692,-1.382523581162096,no_trade,0.0,risk filter triggered,recent volatility or drawdown is extreme
2024-11-27,34.25,-0.03135211931776384,-0.0176514178396897,0.3723957505615759,0.5005228796174571,0.9523786577560789,-1.398458041947983,no_trade,0.0,risk filter triggered,recent volatility or drawdown is extreme
2024-11-28,33.53,-0.026712489652568793,-0.02217852915161745,0.3447487737524724,0.47352794913786406,0.9473096879246825,-1.4496093630524118,no_trade,0.0,risk filter triggered,recent volatility or drawdown is extreme
2024-11-29,34.28,-0.04264902656333364,-0.025232291913231203,0.3236004077815031,0.4474331551529532,0.9255889937784478,-1.8780054709832168,no_trade,0.0,risk filter triggered,recent volatility or drawdown is extreme
2024-12-02,34.49,-0.04169275767820338,-0.029284128120610396,0.34235642622832646,0.42953885480356224,0.9252319010348304,-1.8772295913524426,no_trade,0.0,risk filter triggered,recent volatility or drawdown is extreme
2024-12-03,34.86,-0.0532045197027226,-0.01834834022412804,0.3000666002217372,0.44694972532702393,0.9153095609169224,-2.086163852772639,no_trade,0.0,risk filter triggered,recent volatility or drawdown is extreme
2024-12-04,34.25,-0.05489485063049121,-0.014060139520183954,0.3011076147481863,0.4283286302510828,0.9175418121506557,-2.115052278193119,no_trade,0.0,risk filter triggered,recent volatility or drawdown is extreme
2024-12-05,34.15,-0.04513447397957447,0.006955201124193782,0.31677213375098406,0.45533199056158824,0.9165051287006276,-1.669803035954882,no_trade,0.0,risk filter triggered,recent volatility or drawdown is extreme
2024-12-06,34.22,-0.04450363862904355,0.010742586937584911,0.3371984097259084,0.4377502851320737,0.914549335492626,-1.607844246588702,no_trade,0.0,risk filter triggered,recent volatility or drawdown is extreme
2024-12-09,33.63,-0.051759380862410206,0.002255032756093873,0.31507934365098544,0.4784931771388924,0.8312768534492821,-1.7754204901562487,negative,0.0,short horizon expected return is weak,risk/reward is unfavorable under current model
2024-12-10,33.81,-0.06177494751624076,0.014847411200856982,0.2821962293509065,0.49791992837307925,0.8190606618825211,-1.9150664766029282,negative,0.0,short horizon expected return is weak,risk/reward is unfavorable under current model
2024-12-11,33.24,-0.06225868522953642,0.034286745054012704,0.2816636115971004,0.5366093305987096,0.7542186786629614,-1.683292303632913,negative,0.0,short horizon expected return is weak,risk/reward is unfavorable under current model
2024-12-12,33.54,-0.06325212364190821,0.053854123091989704,0.3093171620213652,0.5617165641449602,0.5850346668678752,-1.3810373032145506,positive,0.5,one primary horizon has positive edge,"confirm liquidity, limit status, and cost assumptions"
2024-12-13,32.25,-0.054751337706917556,0.05577604330927521,0.31753941024546145,0.5309097989786216,0.5699712031296722,-1.2225333732224222,negative,0.0,short horizon expected return is weak,risk/reward is unfavorable under current model
2024-12-16,31.83,-0.05074745430235442,-0.018907733497483318,0.297376604870485,0.46842000647696486,0.5710080115154095,-1.8914850025646084,negative,0.0,short horizon expected return is weak,risk/reward is unfavorable under current model
2024-12-17,31.63,-0.06594170109327606,-0.029061571508940766,0.2544051647099795,0.439773921302457,0.5471216203521805,-2.4162505745662637,negative,0.0,short horizon expected return is weak,risk/reward is unfavorable under current model
2024-12-18,31.68,-0.06960945982532318,-0.03501316635361852,0.2536528480284911,0.43903340475677316,0.5479478633783518,-2.5404972928567338,negative,0.0,short horizon expected return is weak,risk/reward is unfavorable under current model
2024-12-19,31.88,-0.06040893084987853,-0.013470535054802375,0.28799699625148006,0.4519889834352057,0.5134276106904657,-2.0703345975321894,negative,0.0,short horizon expected return is weak,risk/reward is unfavorable under current model
2024-12-20,32.02,-0.07640448144179811,-0.04946496365085326,0.23717832963851304,0.3823829629769386,0.4748263667896159,-2.899277525634392,negative,0.0,short horizon expected return is weak,risk/reward is unfavorable under current model
2024-12-23,33.52,-0.0918126882478933,0.013391604431058133,0.22292333035227804,0.454671724796706,0.5125369467098484,-2.6305682153746894,negative,0.0,short horizon expected return is weak,risk/reward is unfavorable under current model
2024-12-24,33.63,-0.07910795360685169,-0.04586810607137554,0.24779884760624946,0.37141657610964435,0.511006836681256,-2.9307313756158218,negative,0.0,short horizon expected return is weak,risk/reward is unfavorable under current model
2024-12-25,32.47,-0.08370193474032422,-0.05659656198335786,0.25265418564964587,0.33535409990137494,0.5086525641663923,-3.156389655113453,negative,0.0,short horizon expected return is weak,risk/reward is unfavorable under current model
2024-12-26,32.67,-0.06987079760740898,-0.052773345900614395,0.26703033702553214,0.3312330114151973,0.5036604695860625,-2.8207580782899795,negative,0.0,short horizon expected return is weak,risk/reward is unfavorable under current model
2024-12-27,32.89,-0.05751114509161833,-0.03883561303213111,0.31131804305849203,0.34026371093961477,0.49529411905863807,-2.3407457957240996,negative,0.0,short horizon expected return is weak,risk/reward is unfavorable under current model
2024-12-30,32.53,-0.021237750226006193,-0.054461887357489074,0.43203224772084886,0.29533863271673694,0.49526576232104536,-1.5334868209825268,negative,0.0,short horizon expected return is weak,risk/reward is unfavorable under current model
2024-12-31,31.35,-0.0015866204873831672,-0.02259881595527345,0.5037935354165463,0.33674425720626444,0.4856100253046658,-0.6457277682641019,neutral,0.0,no clear model edge,observe only unless independent thesis exists
2025-01-02,29.75,0.0008006468947826355,-0.014133908695950282,0.5484941475141727,0.3720225498050286,0.6537958894518041,-0.42602963243863046,neutral,0.0,no clear model edge,observe only unless independent thesis exists
2025-01-03,28.84,-0.017681319947388287,-0.0509835042968145,0.47672635146657927,0.3542460693294278,0.7192395804590299,-1.3104566841785443,negative,0.0,short horizon expected return is weak,risk/reward is unfavorable under current model
2025-01-06,28.52,-0.0228224256452629,-0.010340191864901208,0.4384595766377435,0.382954095518571,0.7176872941272736,-1.1290314294166603,negative,0.0,short horizon expected return is weak,risk/reward is unfavorable under current model
2025-01-07,28.87,-0.023568043130093287,-0.015148877649576384,0.4105565864176984,0.3925774564855084,0.7224121177120362,-1.2331349958805458,negative,0.0,short horizon expected return is weak,risk/reward is unfavorable under current model
2025-01-08,28.38,-0.015749469821588393,-0.0005833067156319136,0.4240409111378572,0.39070729089346673,0.720990975868552,-0.9313950809000384,negative,0.0,short horizon expected return is weak,risk/reward is unfavorable under current model
2025-01-09,28.23,-0.020284168361123255,-0.030797750781071453,0.38873192931367334,0.3537704956433778,0.7201218683796315,-1.4074493662663736,negative,0.0,short horizon expected return is weak,risk/reward is unfavorable under current model
2025-01-10,27.23,-0.02958503107522731,-0.027330222717073315,0.38929967011808914,0.37348946013093504,0.725360144420631,-1.5333701232945873,negative,0.0,short horizon expected return is weak,risk/reward is unfavorable under current model
2025-01-13,27.94,-0.021305936878000108,0.00679299274432172,0.39802865367164486,0.4512681616107069,0.7289604930597492,-0.9460638402579913,negative,0.0,short horizon expected return is weak,risk/reward is unfavorable under current model
2025-01-14,29.0,-0.013181454931877654,0.026324553965149045,0.40975775044744095,0.4980888803478078,0.7522247541375486,-0.5300617792407942,negative,0.0,short horizon expected return is weak,risk/reward is unfavorable under current model
2025-01-15,29.1,-0.006481128323673183,0.021372079207782807,0.44361058043155044,0.45055075135786027,0.7529420217371433,-0.4361663671491499,negative,0.0,short horizon expected return is weak,risk/reward is unfavorable under current model
2025-01-16,29.81,-0.002593844371188883,0.03312431471582747,0.43998410340002253,0.46779146960050144,0.7619432939450287,-0.2472804986436963,negative,0.0,short horizon expected return is weak,risk/reward is unfavorable under current model
2025-01-17,31.27,-0.005174978275335667,0.04317850382292882,0.4629905872991479,0.48877159795676495,0.7896064135971235,-0.13950307938965598,negative,0.0,short horizon expected return is weak,risk/reward is unfavorable under current model
2025-01-20,31.16,-0.005791345612121038,0.02684400064522558,0.4375760736146827,0.47778275234134443,0.7893293884655552,-0.36002476737372674,negative,0.0,short horizon expected return is weak,risk/reward is unfavorable under current model
2025-01-21,31.37,-0.0046796305104572855,0.03684429402740352,0.4378795040080765,0.5328309163038264,0.7637867998903455,-0.15639326809298265,negative,0.0,short horizon expected return is weak,risk/reward is unfavorable under current model
2025-01-22,30.69,-0.005380489809844216,0.025445469972558324,0.4306811510066374,0.48742399198573416,0.7669935525929927,-0.3551977741655877,negative,0.0,short horizon expected return is weak,risk/reward is unfavorable under current model
2025-01-23,30.28,-0.0006769941884720802,0.03143538858862133,0.4426957224449794,0.4929339875098981,0.7564919598680063,-0.1723156294594911,negative,0.0,short horizon expected return is weak,risk/reward is unfavorable under current model
2025-01-24,30.47,0.00430701415682517,0.02981912026796015,0.46690495450410513,0.4623284977906464,0.7565189931570662,-0.08009601216413262,neutral,0.0,no clear model edge,observe only unless independent thesis exists
2025-01-27,30.05,-0.002348846842079138,0.008247000876389653,0.4403870379898058,0.4226663373132849,0.7563100547650999,-0.5136957981665622,negative,0.0,short horizon expected return is weak,risk/reward is unfavorable under current model
2025-02-05,29.99,0.0016592466208564336,0.01710401650042645,0.4340338905164201,0.4398321773892543,0.7000821710669698,-0.3292123219324951,neutral,0.0,no clear model edge,observe only unless independent thesis exists
2025-02-06,31.35,0.009524424833099896,0.03278399548109766,0.4490467056095618,0.4453332903646219,0.5711210519979144,0.042865889341523106,neutral,0.0,no clear model edge,observe only unless independent thesis exists
2025-02-07,31.71,0.006992314700793482,0.02789822265605628,0.4586822730112746,0.4001420299258491,0.4522839643194389,-0.058105292011427806,neutral,0.0,no clear model edge,observe only unless independent thesis exists
2025-02-10,31.53,-0.004350974814949926,0.002849521754823419,0.40780780419562246,0.3795160748620739,0.4369371933288079,-0.6330730053655851,negative,0.0,short horizon expected return is weak,risk/reward is unfavorable under current model
2025-02-11,30.98,-0.013531579451817132,-0.008706851890814665,0.38065877948204563,0.36603324693442296,0.4402866608413556,-0.996127505108523,negative,0.0,short horizon expected return is weak,risk/reward is unfavorable under current model
2025-02-12,31.43,-0.006212571419080834,0.0013860114254391435,0.3793175705844009,0.3896708490362442,0.4024012584234631,-0.7194780310023065,negative,0.0,short horizon expected return is weak,risk/reward is unfavorable under current model
2025-02-13,30.71,-0.0010170705369787433,0.0008552028585710001,0.4301893065880404,0.3257338675666812,0.40642643362598263,-0.6090842116568712,negative,0.0,short horizon expected return is weak,risk/reward is unfavorable under current model
2025-02-14,30.76,0.0030317868449721824,0.005435286124320055,0.4317845808125643,0.3338805241030401,0.40530170823601797,-0.47377267658755196,neutral,0.0,no clear model edge,observe only unless independent thesis exists
2025-02-17,30.6,-0.00561820717589555,-0.014508558079537718,0.4078041985579668,0.31600471618628634,0.38269796974883735,-0.8841592406205727,negative,0.0,short horizon expected return is weak,risk/reward is unfavorable under current model
2025-02-18,30.11,-0.008082717805515213,-0.016627085792025858,0.42248299803643014,0.32200083725290785,0.40208192670395954,-0.9129379926197135,negative,0.0,short horizon expected return is weak,risk/reward is unfavorable under current model
2025-02-19,30.93,0.002005542005134059,0.015578380212222548,0.4370483438467117,0.36952216871956245,0.39309610998861155,-0.3371960065206211,neutral,0.0,no clear model edge,observe only unless independent thesis exists
2025-02-20,30.84,0.0022462863795459555,-0.004988637334741654,0.4321815165894746,0.34338206020095857,0.39364513051554056,-0.552032194390415,neutral,0.0,no clear model edge,observe only unless independent thesis exists
2025-02-21,31.17,0.0036606018856655017,-0.01373078283171924,0.44009989231023633,0.3150097276574545,0.38741958384289654,-0.6203151177991488,neutral,0.0,no clear model edge,observe only unless independent thesis exists
2025-02-24,32.08,0.011145525298686097,0.005203501649905266,0.4924167689343358,0.3430695656937169,0.36427101812684587,-0.1422012668351204,neutral,0.0,no clear model edge,observe only unless independent thesis exists
2025-02-25,32.03,0.006678163563159849,0.007003219564052516,0.471673120484329,0.34799159166049265,0.36400420155950575,-0.2572558422059545,neutral,0.0,no clear model edge,observe only unless independent thesis exists
2025-02-26,33.34,0.009856055055139146,0.02720656333681871,0.4989928862640335,0.3703108403854328,0.38753875551518996,0.06063651195881567,neutral,0.0,no clear model edge,observe only unless independent thesis exists
2025-02-27,32.92,-0.0018858994774581506,0.022144122552127866,0.4743185466382365,0.37818001569505777,0.3814498939164065,-0.2570291703552341,negative,0.0,short horizon expected return is weak,risk/reward is unfavorable under current model
2025-02-28,32.51,0.0054487936949221254,0.04196530138147506,0.5253297020162281,0.3913068105635105,0.3809576574839989,0.18931042714122648,neutral,0.0,no clear model edge,observe only unless independent thesis exists
2025-03-03,32.23,0.0076414698629213755,0.04345671027267035,0.5168966706790011,0.41364851512454903,0.3830707922248836,0.2619147256196654,neutral,0.0,no clear model edge,observe only unless independent thesis exists
2025-03-04,32.53,0.0037528710587962162,0.03714581358742443,0.4648852507555142,0.45862889323812545,0.37878289609210547,0.08876365673615835,neutral,0.0,no clear model edge,observe only unless independent thesis exists
2025-03-05,31.95,0.006796619790841686,0.034147273257124564,0.5004629496148013,0.4399971958193224,0.38579690272558637,0.17515720805328205,neutral,0.0,no clear model edge,observe only unless independent thesis exists
2025-03-06,33.09,0.012486893081639564,0.03561290827945714,0.5106493853675796,0.46056119942886514,0.3746460197087903,0.3626322525428328,neutral,0.0,no clear model edge,observe only unless independent thesis exists
2025-03-07,32.68,0.020417696727182758,0.051672250365924585,0.5334539212625611,0.5083226051555861,0.36047429718017415,0.7874960916632769,neutral,0.0,no clear model edge,observe only unless independent thesis exists
2025-03-10,33.14,0.01712673545918098,0.06122996089565088,0.5107796250792814,0.5583994992814629,0.35275272504998967,0.8313958999020918,neutral,0.0,no clear model edge,observe only unless independent thesis exists
2025-03-11,33.06,0.01686700692242073,0.06252405518399587,0.4988236382579533,0.5923225003252944,0.3462197465033495,0.8674816584549243,positive,0.5,one primary horizon has positive edge,"confirm liquidity, limit status, and cost assumptions"
2025-03-12,33.85,0.01293643332873329,0.03669955328829829,0.4988192940389004,0.5195296727682592,0.35009364804207577,0.459586790104192,neutral,0.0,no clear model edge,observe only unless independent thesis exists
2025-03-13,32.8,0.02694147776442543,0.05542354847864133,0.5776365100730365,0.5597715246529041,0.3584718793457527,1.1375238499385512,positive,0.5,one primary horizon has positive edge,"confirm liquidity, limit status, and cost assumptions"
2025-03-14,33.3,0.01902187202571709,0.05631931636253232,0.5349825343944082,0.5776881166038421,0.36051463339849343,0.915917957651817,positive,0.5,one primary horizon has positive edge,"confirm liquidity, limit status, and cost assumptions"
2025-03-17,34.9,0.00966778025639298,0.03702972091429964,0.5202581451614621,0.5054474299717608,0.3850228002182483,0.41118344769554943,neutral,0.0,no clear model edge,observe only unless independent thesis exists
2025-03-18,34.37,0.01191020750241551,0.040513835853933866,0.5200209970335331,0.5069243194932622,0.3844836211496747,0.4860017617110759,neutral,0.0,no clear model edge,observe only unless independent thesis exists
2025-03-19,34.06,0.011743938801865219,0.04696032028442327,0.5210485879128486,0.5052904340957123,0.38116609643657606,0.5350839665160562,neutral,0.0,no clear model edge,observe only unless independent thesis exists
2025-03-20,33.85,0.0021964420519067778,0.03968142060844029,0.4728381118893243,0.5121388927386668,0.3820505098350284,0.18451627643626586,neutral,0.0,no clear model edge,observe only unless independent thesis exists
2025-03-21,33.17,-0.0009089106458532307,0.04039726677565011,0.47445443930379044,0.5261767967639926,0.4134002419846853,0.1443315229089952,negative,0.0,short horizon expected return is weak,risk/reward is unfavorable under current model
2025-03-24,32.79,0.0022395205959581514,0.03623609035242324,0.5048687334482834,0.4827893431515639,0.43853767519147124,0.16386689838680188,neutral,0.0,no clear model edge,observe only unless independent thesis exists
2025-03-25,32.69,0.0009833370732504243,0.020996746680603338,0.47374332096468413,0.452733229340854,0.44727965989562707,-0.10895070156794792,neutral,0.0,no clear model edge,observe only unless independent thesis exists
2025-03-26,32.97,-0.00031122299673039104,0.011177899022253074,0.45314821492275376,0.4291811729083243,0.42418987920877094,-0.2926199358126871,negative,0.0,short horizon expected return is weak,risk/reward is unfavorable under current model
2025-03-27,32.42,0.003502432037476648,0.005134256829505347,0.4521644387677931,0.4252287906430749,0.449253959926974,-0.2823511823922231,neutral,0.0,no clear model edge,observe only unless independent thesis exists
2025-03-28,32.05,-0.0020735318864813076,-0.02595690066237609,0.4256002943973965,0.36853471402224813,0.4806829944199963,-0.8100730141112948,negative,0.0,short horizon expected return is weak,risk/reward is unfavorable under current model
2025-03-31,31.43,-0.003813299872404274,-0.04926835252098496,0.41527614919541495,0.33343384041358365,0.5384566069041412,-1.1341718812204735,negative,0.0,short horizon expected return is weak,risk/reward is unfavorable under current model
2025-04-01,31.75,-0.007372307622292031,-0.07303016776019636,0.39502774001565133,0.31794678282382816,0.5387504590693479,-1.46860745712545,negative,0.0,short horizon expected return is weak,risk/reward is unfavorable under current model
2025-04-02,31.62,-0.010019502908877305,-0.0934002953227572,0.38169949717043133,0.3100253891226271,0.5343181924289788,-1.7272626461743614,negative,0.0,short horizon expected return is weak,risk/reward is unfavorable under current model
2025-04-03,31.09,-0.01331646237162786,-0.09281300551237388,0.3671665257612069,0.3164366512013013,0.5448915194190038,-1.8154290112165479,negative,0.0,short horizon expected return is weak,risk/reward is unfavorable under current model
2025-04-07,27.25,0.023903980291852915,0.07812191872241067,0.6202682834279644,0.7344132978421108,0.8562364748165587,1.4746870138326498,strong_positive,1.0,5d and 20d expected return/probability both positive,"model output is probabilistic, not a price forecast"
2025-04-08,27.37,0.01793261698607951,0.04935879666469452,0.5960123299631633,0.7024876181020762,0.8529614893867599,1.0164943251712883,positive,0.5,one primary horizon has positive edge,"confirm liquidity, limit status, and cost assumptions"
2025-04-09,27.74,0.013293612717908413,0.05016178442231094,0.5938364236987516,0.7253285365256201,0.8572483525300515,0.9616288225242582,positive,0.5,one primary horizon has positive edge,"confirm liquidity, limit status, and cost assumptions"
2025-04-10,28.2,0.0031142997646036886,0.045722686249604814,0.5719432250271139,0.7326449229154638,0.8534200172587108,0.684979542504069,positive,0.5,one primary horizon has positive edge,"confirm liquidity, limit status, and cost assumptions"
2025-04-11,29.32,0.015050749250158788,0.10823411280683516,0.5647305562526207,0.7903343042711787,0.8676340838511545,1.4981444298180324,positive,0.5,one primary horizon has positive edge,"confirm liquidity, limit status, and cost assumptions"
2025-04-14,29.09,-0.002496317663693153,0.12455856807000612,0.5288531741349142,0.8360007313140607,0.8635784739181529,1.2716150172530667,positive,0.5,one primary horizon has positive edge,"confirm liquidity, limit status, and cost assumptions"
2025-04-15,28.82,0.0013472675380772107,0.1505213602210816,0.5110356952455902,0.8899185174004552,0.8352088146293268,1.6144072986504021,positive,0.5,one primary horizon has positive edge,"confirm liquidity, limit status, and cost assumptions"
2025-04-16,28.31,-0.00010316531767366892,0.1635138522860336,0.5231947747901655,0.9014698244170597,0.8355522352743067,1.7368417447942737,positive,0.5,one primary horizon has positive edge,"confirm liquidity, limit status, and cost assumptions"
2025-04-17,27.97,0.0047183121357224625,0.16320372667952815,0.5422989829980025,0.900841091269101,0.8355989239115338,1.8743025452254782,positive,0.5,one primary horizon has positive edge,"confirm liquidity, limit status, and cost assumptions"
2025-04-18,28.03,0.013960413153839911,0.1885228450369013,0.5736044640558047,0.9045670837901032,0.8368261981491423,2.340524076466859,positive,0.5,one primary horizon has positive edge,"confirm liquidity, limit status, and cost assumptions"
2025-04-21,27.88,0.02079422336548252,0.15693663271820585,0.5818520867027366,0.8425156776605497,0.8357381988239578,2.1407168245408803,positive,0.5,one primary horizon has positive edge,"confirm liquidity, limit status, and cost assumptions"
2025-04-22,28.25,0.039160786347362496,0.14442770362125001,0.6242896186765545,0.8589319128763643,0.839972615427254,2.5328759055569456,strong_positive,1.0,5d and 20d expected return/probability both positive,"model output is probabilistic, not a price forecast"
2025-04-23,27.9,0.03898671836713413,0.13642228184502048,0.623413777398155,0.8430519162357756,0.8399859110212906,2.4368362275673827,strong_positive,1.0,5d and 20d expected return/probability both positive,"model output is probabilistic, not a price forecast"
2025-04-24,27.34,0.03556287282447682,0.12997874944278906,0.6288317777570944,0.8458481036422364,0.838455462107415,2.334649027797868,strong_positive,1.0,5d and 20d expected return/probability both positive,"model output is probabilistic, not a price forecast"
2025-04-25,27.14,0.024515159160727683,0.12568329027405262,0.5828358443020935,0.824203755961869,0.8379160656887996,1.9361221123905614,positive,0.5,one primary horizon has positive edge,"confirm liquidity, limit status, and cost assumptions"
2025-04-28,26.75,0.02630936540269259,0.12817582094138374,0.6017643139477056,0.7907615554410656,0.8381474819832833,1.9802949151705285,positive,0.5,one primary horizon has positive edge,"confirm liquidity, limit status, and cost assumptions"
2025-04-29,26.93,0.028399950005890736,0.13855653085608793,0.5838264788319147,0.7982883905962271,0.8391400426650675,2.0754946669685914,positive,0.5,one primary horizon has positive edge,"confirm liquidity, limit status, and cost assumptions"
2025-04-30,26.87,0.025382937964620114,0.13024354105050662,0.5636417136822442,0.7628529326128185,0.8362862544463541,1.8434924515868323,positive,0.5,one primary horizon has positive edge,"confirm liquidity, limit status, and cost assumptions"
2025-05-06,27.94,0.028468504357848885,0.1535508732310028,0.5569496698203599,0.8060445806713535,0.825187597267711,2.151918277994397,positive,0.5,one primary horizon has positive edge,"confirm liquidity, limit status, and cost assumptions"
2025-05-07,27.81,0.03947470284171199,0.1469000693489524,0.6043568286898544,0.7822602591912348,0.6682593866656368,2.444736858554604,positive,0.5,one primary horizon has positive edge,"confirm liquidity, limit status, and cost assumptions"
2025-05-08,28.42,-0.025954468040685963,0.040274014156349944,0.37485469132915045,0.6276648225584879,0.4677850198154483,-0.43985302046616237,positive,0.5,one primary horizon has positive edge,"confirm liquidity, limit status, and cost assumptions"
2025-05-09,27.87,-0.024019478879342727,0.03547493951543283,0.409308382371618,0.5629705401905332,0.4755609954379558,-0.4696992840153459,positive,0.5,one primary horizon has positive edge,"confirm liquidity, limit status, and cost assumptions"
2025-05-12,28.3,-0.03226752570290447,0.0418733206722848,0.37128881191834057,0.5736101316956544,0.4764467845399418,-0.6547628759665719,positive,0.5,one primary horizon has positive edge,"confirm liquidity, limit status, and cost assumptions"
2025-05-13,28.35,-0.019859868842081883,0.051272121095213806,0.426137674811676,0.5409011892332419,0.47204903377755847,-0.25641434661942536,negative,0.0,short horizon expected return is weak,risk/reward is unfavorable under current model
2025-05-14,28.2,-0.031230830830535794,0.044044754745171194,0.395115453976117,0.5368993517924395,0.4203229093369252,-0.6026032846522645,negative,0.0,short horizon expected return is weak,risk/reward is unfavorable under current model
2025-05-15,27.49,-0.02388219043271093,0.03782588558342983,0.4056249853796753,0.5123461406995671,0.4047020913349828,-0.5163139222355031,negative,0.0,short horizon expected return is weak,risk/reward is unfavorable under current model
2025-05-16,27.34,-0.027162724659382416,0.03584336657128841,0.37081179414864374,0.5204070049082679,0.3538283111228512,-0.6477749416497238,negative,0.0,short horizon expected return is weak,risk/reward is unfavorable under current model
2025-05-19,27.35,-0.020810830973676402,0.031633901439545864,0.37970292979278464,0.4981595257801999,0.3430081262685709,-0.5669588730009969,negative,0.0,short horizon expected return is weak,risk/reward is unfavorable under current model
2025-05-20,27.53,-0.018514022689374413,0.013077221217907865,0.3758928751981135,0.4507591002119048,0.3418657725800185,-0.7569671619651257,negative,0.0,short horizon expected return is weak,risk/reward is unfavorable under current model
2025-05-21,27.8,-0.0101784231381251,0.02459927339933312,0.3781048659190381,0.44485166327064707,0.34389664558470273,-0.503473975593649,negative,0.0,short horizon expected return is weak,risk/reward is unfavorable under current model
2025-05-22,28.25,-9.55967721624673e-05,0.020940331782531144,0.41574760916258324,0.4403880591179078,0.34836901958714744,-0.25226058479596125,negative,0.0,short horizon expected return is weak,risk/reward is unfavorable under current model
2025-05-23,27.57,0.0039013894784463484,0.007753270665658604,0.4462853658777365,0.39910388160817095,0.3204533412563173,-0.2655990581505119,neutral,0.0,no clear model edge,observe only unless independent thesis exists
2025-05-26,27.51,-0.005627544363338189,-0.010859209664362254,0.40448999175402206,0.3814354774005261,0.30830174217764805,-0.7277943979169103,negative,0.0,short horizon expected return is weak,risk/reward is unfavorable under current model
2025-05-27,27.33,-0.010236607978911698,-0.02107041607496289,0.38443148727669757,0.35494143995212585,0.3023476042012876,-0.9905412794158838,negative,0.0,short horizon expected return is weak,risk/reward is unfavorable under current model
2025-05-28,26.81,-0.006911100387998008,-0.008056526898074012,0.415591559243228,0.37315071344486744,0.36327568368899404,-0.7381892182600558,negative,0.0,short horizon expected return is weak,risk/reward is unfavorable under current model
2025-05-29,27.16,-0.0027325372242276436,-0.00808560944753585,0.4122702105771315,0.378109205716476,0.36239749788103737,-0.6540289101157694,negative,0.0,short horizon expected return is weak,risk/reward is unfavorable under current model
2025-05-30,26.81,-0.010605545383817413,-0.01987772318655076,0.3794144743130273,0.34418201612395904,0.3649771779115247,-1.039937571834126,negative,0.0,short horizon expected return is weak,risk/reward is unfavorable under current model
2025-06-03,26.77,-0.009007007110652809,-0.006728530281946421,0.3729711402392331,0.392923808241365,0.3691527583184385,-0.8380328422529287,negative,0.0,short horizon expected return is weak,risk/reward is unfavorable under current model
2025-06-04,27.0,-0.0142144008698487,-0.0075478289940403565,0.353092941659655,0.4023205001944088,0.33770427526802305,-0.9684494481632286,negative,0.0,short horizon expected return is weak,risk/reward is unfavorable under current model
2025-06-05,27.19,-0.014230051195321891,-0.0016505754990817773,0.3667702706664952,0.4059819859236457,0.33908161391591507,-0.8840502513417641,negative,0.0,short horizon expected return is weak,risk/reward is unfavorable under current model
2025-06-06,27.06,-0.011521443469119118,-0.01590301877757469,0.3764824753686488,0.368975787602607,0.31932036860239044,-0.9759963934159576,negative,0.0,short horizon expected return is weak,risk/reward is unfavorable under current model
2025-06-09,27.34,-0.02250061190955619,-0.018824285079185016,0.3462144330625269,0.3867143578808646,0.31498369085314304,-1.2584932036758667,negative,0.0,short horizon expected return is weak,risk/reward is unfavorable under current model
2025-06-10,26.8,-0.019699647573218425,0.00551563203684316,0.3655665893188231,0.4308822882240483,0.31583215580797375,-0.8892832942517465,negative,0.0,short horizon expected return is weak,risk/reward is unfavorable under current model
2025-06-11,27.03,-0.01661494589401458,0.004624876298146938,0.38554604997144376,0.4416306919756235,0.30840823914769516,-0.7675841879707348,negative,0.0,short horizon expected return is weak,risk/reward is unfavorable under current model
2025-06-12,26.81,-0.011573609965281478,0.012463565084056875,0.3900753691686642,0.42501018176776184,0.30901353991215386,-0.6213922532626088,negative,0.0,short horizon expected return is weak,risk/reward is unfavorable under current model
2025-06-13,26.51,-0.01740136125029207,0.025781928128220624,0.36560408822809964,0.48122231149340927,0.3248081261627974,-0.6003412524491408,negative,0.0,short horizon expected return is weak,risk/reward is unfavorable under current model
2025-06-16,26.26,-0.002195138510283117,0.04441530196505965,0.4146761663391934,0.5185486933007563,0.3525387950429805,0.019856610875816694,negative,0.0,short horizon expected return is weak,risk/reward is unfavorable under current model
2025-06-17,26.36,-0.003012090880610222,0.04167040197216762,0.41588019242412966,0.5298530872922552,0.35326599424919186,0.0029538946546472655,negative,0.0,short horizon expected return is weak,risk/reward is unfavorable under current model
2025-06-18,26.34,-0.003194342800873104,0.033282733644230775,0.40798236637600854,0.5072724948971983,0.35135566877285196,-0.12318645789476364,negative,0.0,short horizon expected return is weak,risk/reward is unfavorable under current model
2025-06-19,25.67,-0.004620187674194964,0.06232169389309158,0.41363029724961725,0.5930567391175613,0.42301648678877324,0.2116792860631385,positive,0.5,one primary horizon has positive edge,"confirm liquidity, limit status, and cost assumptions"
2025-06-20,25.84,0.007586278315596709,0.07429936984569716,0.45643518135656835,0.6084857942338425,0.34821843449542833,0.7034024865591753,positive,0.5,one primary horizon has positive edge,"confirm liquidity, limit status, and cost assumptions"
2025-06-23,25.98,0.007903946238501956,0.06958075502168379,0.4611182827218698,0.6217760758934214,0.3327524925618893,0.71049771205358,positive,0.5,one primary horizon has positive edge,"confirm liquidity, limit status, and cost assumptions"
2025-06-24,26.45,0.013046294590968214,0.054858562756845565,0.4670568188620321,0.5915624381782706,0.3266237214191339,0.6612127323526246,positive,0.5,one primary horizon has positive edge,"confirm liquidity, limit status, and cost assumptions"
2025-06-25,26.79,0.010752892386704679,0.04661923576017418,0.4800477495231798,0.5843998781864965,0.3311706036879506,0.5662132350562847,positive,0.5,one primary horizon has positive edge,"confirm liquidity, limit status, and cost assumptions"
2025-06-26,26.42,0.0076142282367788906,0.03401291795013605,0.5073041079297381,0.5181254888147805,0.32690723604361793,0.3572224422487564,neutral,0.0,no clear model edge,observe only unless independent thesis exists
2025-06-27,26.8,0.009134097297399467,0.039322565706164714,0.5149770648254015,0.5463258604163226,0.32787981747906747,0.49466078743277464,neutral,0.0,no clear model edge,observe only unless independent thesis exists
2025-06-30,27.0,-0.0017202704140590747,0.036256468885312386,0.48765916552904376,0.5578411047868899,0.32510209381322297,0.20946717084594144,neutral,0.0,no clear model edge,observe only unless independent thesis exists
2025-07-01,26.97,-0.008420786179507905,0.030509235151657724,0.47867613799281533,0.5569697348460347,0.32506865533188156,0.007078008316905485,negative,0.0,short horizon expected return is weak,risk/reward is unfavorable under current model
2025-07-02,27.3,-0.0076035454328906415,0.04378406380101936,0.5016791561299102,0.4955074278786924,0.3269360306747402,0.08020440178179414,neutral,0.0,no clear model edge,observe only unless independent thesis exists
2025-07-03,27.05,-0.014024024307957239,0.00941515264521546,0.4937506146445788,0.4970544269171903,0.32797794824244164,-0.3394427345162746,neutral,0.0,no clear model edge,observe only unless independent thesis exists
2025-07-04,26.8,-0.014950138353723068,0.02220273939922944,0.4512217556303146,0.49276971840597167,0.3295158267206695,-0.3625777640855067,negative,0.0,short horizon expected return is weak,risk/reward is unfavorable under current model
2025-07-07,26.61,-0.021213848661272076,0.023463782128837388,0.41396927590886773,0.5252122282475583,0.29496469965229105,-0.4985223368730891,negative,0.0,short horizon expected return is weak,risk/reward is unfavorable under current model
2025-07-08,27.92,-0.027561955160512793,0.013969130583914038,0.39145562914477267,0.3941206922047114,0.3371327366870805,-0.9872182280337666,negative,0.0,short horizon expected return is weak,risk/reward is unfavorable under current model
2025-07-09,27.69,-0.002495800400169131,0.029805131353207517,0.5011476547106499,0.4376221420646383,0.31475611440579115,-0.022924832787169086,neutral,0.0,no clear model edge,observe only unless independent thesis exists
2025-07-10,28.08,-0.012246540540427535,0.02908883109495064,0.4744497950806044,0.4358011225629776,0.28326141304752456,-0.27797693048920624,negative,0.0,short horizon expected return is weak,risk/reward is unfavorable under current model
2025-07-11,27.95,-0.013477123879337635,0.026361486472626386,0.47021935756619065,0.48077050884233413,0.26397471477971723,-0.2525790535869742,negative,0.0,short horizon expected return is weak,risk/reward is unfavorable under current model
2025-07-14,27.69,-0.01708921852954076,0.0309147153257307,0.4471852188962804,0.5415943530137778,0.26391191187221746,-0.24074638469262855,negative,0.0,short horizon expected return is weak,risk/reward is unfavorable under current model
2025-07-15,27.26,-0.007229959895572168,0.04840291853536152,0.5274539030177154,0.4856311780931469,0.2792260269257577,0.1850061114773478,neutral,0.0,no clear model edge,observe only unless independent thesis exists
2025-07-16,27.33,-0.020064889944737863,0.018256937422619367,0.43646009736377567,0.46008705738150946,0.2791147179755496,-0.567713794653919,negative,0.0,short horizon expected return is weak,risk/reward is unfavorable under current model
2025-07-17,27.45,-0.01907714608580629,0.005156639178022162,0.4300217854090266,0.40825244652863885,0.26279211674862635,-0.7484621389851743,negative,0.0,short horizon expected return is weak,risk/reward is unfavorable under current model
2025-07-18,27.55,-0.023974386223404205,-0.0018690402086923533,0.41453590531148704,0.406901978951152,0.26255935272305536,-0.9409154089453027,negative,0.0,short horizon expected return is weak,risk/reward is unfavorable under current model
2025-07-21,27.96,-0.0212498743967701,-0.005663587786601207,0.4081941892673813,0.4099439777784587,0.2651992237615615,-0.9274328472901039,negative,0.0,short horizon expected return is weak,risk/reward is unfavorable under current model
2025-07-22,28.34,-0.01767250238683166,-0.02406894908655179,0.43479512276118687,0.35977293541662536,0.262920472432056,-1.0238802936431222,negative,0.0,short horizon expected return is weak,risk/reward is unfavorable under current model
2025-07-23,28.01,-0.018113955436830673,-0.014298195611625064,0.43539106434261976,0.39761370516815653,0.26531267309814754,-0.8909221171342587,negative,0.0,short horizon expected return is weak,risk/reward is unfavorable under current model
2025-07-24,28.7,-0.021455218567646556,-0.005295634056193445,0.43670533093462194,0.4139757755121148,0.26854838471993053,-0.8565226470868119,negative,0.0,short horizon expected return is weak,risk/reward is unfavorable under current model
2025-07-25,28.55,-0.019910820129469573,-0.011404354833739855,0.4254018106096228,0.411252546669425,0.2678464342020216,-0.9051723573585231,negative,0.0,short horizon expected return is weak,risk/reward is unfavorable under current model
2025-07-28,28.3,-0.022890177988112673,-0.0038770910760599735,0.41067533165395986,0.4106921055758066,0.27014349303919527,-0.9406412277822009,negative,0.0,short horizon expected return is weak,risk/reward is unfavorable under current model
2025-07-29,29.06,-0.021845136137870466,0.0016138926869402334,0.44892056873376796,0.3939028375449858,0.2807423895645135,-0.8182653613223656,negative,0.0,short horizon expected return is weak,risk/reward is unfavorable under current model
2025-07-30,28.57,-0.020413944617093106,0.02904679297826452,0.4485909110334808,0.45839824658990186,0.2867672807605394,-0.4655638933873098,negative,0.0,short horizon expected return is weak,risk/reward is unfavorable under current model
2025-07-31,27.73,-0.015434943180248583,0.03883073270870017,0.4791096141221218,0.4732263009324618,0.3523054740320485,-0.21472698334086682,negative,0.0,short horizon expected return is weak,risk/reward is unfavorable under current model
2025-08-01,28.32,-0.01981877722618694,0.03265473157146533,0.45510745377018247,0.48052750674328676,0.35636106761130926,-0.39706749558007065,negative,0.0,short horizon expected return is weak,risk/reward is unfavorable under current model
2025-08-04,27.88,-0.007243295804292102,0.032662063869589135,0.4585303184296108,0.49200170113231373,0.36038261380778575,-0.1197964084055726,negative,0.0,short horizon expected return is weak,risk/reward is unfavorable under current model
2025-08-05,28.02,-0.000255576240512118,0.03556382911934177,0.46194853401024655,0.5026725436159546,0.3203597396103648,0.08294068466469706,negative,0.0,short horizon expected return is weak,risk/reward is unfavorable under current model
2025-08-06,28.42,-0.008169678791873077,0.01767074517063218,0.4238437576401136,0.452722160223691,0.3223739972601366,-0.39135281198036853,negative,0.0,short horizon expected return is weak,risk/reward is unfavorable under current model
2025-08-07,28.1,0.0011455537575867818,0.02069113397762691,0.4527732256091359,0.45359908610738686,0.32169552683720226,-0.11168395081997463,neutral,0.0,no clear model edge,observe only unless independent thesis exists
2025-08-08,27.95,0.011562757956606289,0.02718071438810881,0.47537770518956557,0.44778823668296713,0.32184008174096335,0.19158521887492402,neutral,0.0,no clear model edge,observe only unless independent thesis exists
2025-08-11,28.6,0.0032075674093035977,0.009147193383174504,0.4558803358701431,0.4257176708095797,0.32954925611739083,-0.2047631093433188,neutral,0.0,no clear model edge,observe only unless independent thesis exists
2025-08-12,28.6,0.0017823127950195895,-0.005444655297590505,0.4249470591418946,0.41629528321587184,0.3234738512954597,-0.435758224409536,neutral,0.0,no clear model edge,observe only unless independent thesis exists
2025-08-13,28.73,0.0024958703589182943,-0.004054131244370425,0.4406665057110844,0.37513003650995613,0.3235608974071623,-0.44232338269331384,neutral,0.0,no clear model edge,observe only unless independent thesis exists
2025-08-14,28.19,-0.005968989427565349,-0.0012417713456477604,0.4496235970880133,0.37890487576069015,0.3319964341877854,-0.5648828584756993,negative,0.0,short horizon expected return is weak,risk/reward is unfavorable under current model
2025-08-15,29.05,-0.0010049993290681515,0.001037569860139159,0.48534951294691525,0.3945040102652126,0.3465074785769471,-0.34308816455069135,neutral,0.0,no clear model edge,observe only unless independent thesis exists
2025-08-18,29.53,0.00199042180095233,-0.003057524092316443,0.5175553226870354,0.35709903807526683,0.347249722107277,-0.30339500972850453,neutral,0.0,no clear model edge,observe only unless independent thesis exists
2025-08-19,29.56,-0.009723249798886125,-0.0046248950480040595,0.47129136570679464,0.3890864464823208,0.3450899701213678,-0.6040883817845115,negative,0.0,short horizon expected return is weak,risk/reward is unfavorable under current model
2025-08-20,30.2,-0.008800511120675583,0.012451025103688475,0.4799018572262746,0.409311536473148,0.34736171438636854,-0.3960217273026788,negative,0.0,short horizon expected return is weak,risk/reward is unfavorable under current model
2025-08-21,29.94,-0.013981080998631426,0.008926515643307743,0.45485579991866554,0.41976578032250655,0.3415283386944655,-0.5668045796881657,negative,0.0,short horizon expected return is weak,risk/reward is unfavorable under current model
2025-08-22,30.32,-0.007824799668320065,0.02239453634309331,0.48628347337845873,0.43566852599499595,0.34226140261785176,-0.23635554566317266,neutral,0.0,no clear model edge,observe only unless independent thesis exists
2025-08-25,29.8,-0.004944724410036625,0.0362248521652699,0.5400006895282417,0.4115258741973732,0.3471135012667356,0.015292669572921691,neutral,0.0,no clear model edge,observe only unless independent thesis exists
2025-08-26,29.65,-0.009110507491393156,0.04882240109766296,0.5051567721362306,0.5320966674536535,0.2877307166735974,0.17319022219164196,neutral,0.0,no clear model edge,observe only unless independent thesis exists
2025-08-27,29.17,-0.01032227927485066,0.04461805198859975,0.5216731758574699,0.5130204744205062,0.3128591665396646,0.11326965649117561,neutral,0.0,no clear model edge,observe only unless independent thesis exists
2025-08-28,30.53,-0.00991540646923833,0.04489598162044589,0.525557808425279,0.5409001953858924,0.3263744473038165,0.17443054565793642,neutral,0.0,no clear model edge,observe only unless independent thesis exists
2025-08-29,30.02,-0.0029068238638494514,0.048369989499868066,0.4945524941007059,0.5499373172766505,0.3287033184353597,0.28429529229897754,neutral,0.0,no clear model edge,observe only unless independent thesis exists
2025-09-01,30.31,-0.0074943516269343445,0.0473406429607071,0.48954653249075886,0.5475073165447122,0.322854093286829,0.1706266152162041,neutral,0.0,no clear model edge,observe only unless independent thesis exists
2025-09-02,30.19,-0.010012295243685042,0.03887826176620909,0.4822186081868605,0.5122107031893672,0.3239520789472587,-0.023741780623948675,neutral,0.0,no clear model edge,observe only unless independent thesis exists
2025-09-03,29.79,0.00038317956374648654,0.06316231303583192,0.5150199222345827,0.5846730841015629,0.32650180118950567,0.5748547571952227,positive,0.5,one primary horizon has positive edge,"confirm liquidity, limit status, and cost assumptions"
2025-09-04,29.45,0.006279070407272751,0.05477008434145609,0.5575554112191342,0.532251306624359,0.3265767800232076,0.6374883470875592,neutral,0.0,no clear model edge,observe only unless independent thesis exists
2025-09-05,34.85,0.022592430817015924,0.0674171104717405,0.6164765338299196,0.5921821795222337,0.6030914562320899,1.2055190352398797,positive,0.5,one primary horizon has positive edge,"confirm liquidity, limit status, and cost assumptions"
2025-09-08,34.54,0.013050156340305825,0.03961862225393561,0.4906670629650865,0.4876804139749355,0.6046515445637832,0.32401456778370497,neutral,0.0,no clear model edge,observe only unless independent thesis exists
2025-09-09,33.11,0.028497822975827806,0.08371260170047987,0.5620938589804532,0.5628003510762355,0.6592888257470562,1.2584591068570419,positive,0.5,one primary horizon has positive edge,"confirm liquidity, limit status, and cost assumptions"
2025-09-10,34.4,0.010104643999244765,0.05598346411809198,0.48030222686177404,0.5486961171205276,0.6657732601304797,0.452138676428982,neutral,0.0,no clear model edge,observe only unless independent thesis exists
2025-09-11,35.77,0.013450593694664626,0.034789667925804194,0.4930225399353754,0.49239960283900197,0.665422693957289,0.28548320566222085,neutral,0.0,no clear model edge,observe only unless independent thesis exists
2025-09-12,34.94,0.030397482681299062,0.015950583866097427,0.6297308487488138,0.36484826747032995,0.6710383235956072,0.5781433374940804,positive,0.5,one primary horizon has positive edge,"confirm liquidity, limit status, and cost assumptions"
2025-09-15,37.92,0.015150962825207321,0.039897845629338034,0.6081211274718871,0.4492660938062448,0.6997847919655671,0.5450034647957134,positive,0.5,one primary horizon has positive edge,"confirm liquidity, limit status, and cost assumptions"
2025-09-16,38.8,-0.014543814614706047,0.03365563250321176,0.4372984998078392,0.43878394686431804,0.6997847919655671,-0.5148861651308871,negative,0.0,short horizon expected return is weak,risk/reward is unfavorable under current model
2025-09-17,38.36,0.003975877373163551,0.043275420745324845,0.4563771069469574,0.48907901000015735,0.6997847919655671,0.06080783578108412,neutral,0.0,no clear model edge,observe only unless independent thesis exists
2025-09-18,37.67,0.01028691392105577,0.03588473620697531,0.48342379290097093,0.49443291819467106,0.6997847919655671,0.19993520464901998,neutral,0.0,no clear model edge,observe only unless independent thesis exists
2025-09-19,38.47,0.008662278084273925,0.0016518970209423527,0.4680026708759758,0.42235931794748477,0.6997847919655671,-0.2625255107118463,neutral,0.0,no clear model edge,observe only unless independent thesis exists
2025-09-22,39.34,0.015534558996776485,-0.006611125072244902,0.5139536702818112,0.39505045872680056,0.6997847919655671,-0.12947983596148438,neutral,0.0,no clear model edge,observe only unless independent thesis exists
2025-09-23,37.94,0.01638624638671174,-0.011076612525546675,0.5289120734389778,0.4040633860693384,0.6997847919655671,-0.09824550151824146,neutral,0.0,no clear model edge,observe only unless independent thesis exists
2025-09-24,38.33,0.0083583145824272,-0.0018001146925731215,0.5131055910358144,0.4364311384154473,0.6997847919655671,-0.16752769330401027,neutral,0.0,no clear model edge,observe only unless independent thesis exists
2025-09-25,39.7,0.003234423579277528,-0.010800596622386867,0.5081769187260593,0.4009260206913901,0.6997847919655671,-0.4126848004017043,neutral,0.0,no clear model edge,observe only unless independent thesis exists
2025-09-26,44.8,-0.00015869652930873427,0.005645057711290265,0.5240633554521205,0.49103604001190804,0.6997847919655671,-0.16173025000900657,neutral,0.0,no clear model edge,observe only unless independent thesis exists
2025-09-29,44.88,-0.028295675692302607,0.003437709609881523,0.3900622241329308,0.44356208906706246,0.6997847919655671,-1.1339211760663392,negative,0.0,short horizon expected return is weak,risk/reward is unfavorable under current model
2025-09-30,45.36,-0.04826644308981668,0.014427972797255186,0.27766028457260694,0.4661927899920051,0.6997847919655671,-1.6699677759501494,negative,0.0,short horizon expected return is weak,risk/reward is unfavorable under current model
2025-10-09,47.41,-0.06421830530595717,-0.0032099927331344646,0.2528910738386271,0.45572752605957856,0.6997847919655671,-2.2053456761160732,negative,0.0,short horizon expected return is weak,risk/reward is unfavorable under current model
2025-10-10,42.38,-0.010240758643238902,0.06157928806755196,0.4961008069592006,0.6027378882335622,0.868287281164311,0.14605027989553387,positive,0.5,one primary horizon has positive edge,"confirm liquidity, limit status, and cost assumptions"
2025-10-13,43.18,-0.01933382266543235,0.06713731240341246,0.4763685418337831,0.6517506050989845,0.868287281164311,0.044299103621611935,positive,0.5,one primary horizon has positive edge,"confirm liquidity, limit status, and cost assumptions"
2025-10-14,43.29,-0.014094574617306664,0.037807682234269155,0.4817942821901565,0.5512052318424746,0.868287281164311,-0.24046853803166593,neutral,0.0,no clear model edge,observe only unless independent thesis exists
2025-10-15,42.0,-0.004460485645271753,0.03854706464559872,0.48581044065050516,0.5907905340545089,0.8923328411727482,0.02505889479091966,positive,0.5,one primary horizon has positive edge,"confirm liquidity, limit status, and cost assumptions"
2025-10-16,40.67,0.005374061097244694,0.04385840864853481,0.48027392856373735,0.5781514510457487,0.9764923012022777,0.2008011041040102,no_trade,0.0,risk filter triggered,recent volatility or drawdown is extreme
2025-10-17,37.56,-0.001984221023655348,0.0017540253277153334,0.5185307945934943,0.5641073135399332,1.0,-0.22556817456667572,no_trade,0.0,risk filter triggered,recent volatility or drawdown is extreme
2025-10-20,38.9,-0.002157221742214387,0.0068174493270442655,0.48825419442393847,0.5746194440336932,1.0,-0.24164597984925507,no_trade,0.0,risk filter triggered,recent volatility or drawdown is extreme
2025-10-21,41.03,0.004679117210462018,0.006459404256924176,0.5088607312178468,0.5828612214139489,1.0,-0.04596534653714213,no_trade,0.0,risk filter triggered,recent volatility or drawdown is extreme
2025-10-22,40.77,-0.0010460392584211485,3.961491022040544e-05,0.46870643024546227,0.5574289452711951,1.0,-0.3479072865285892,no_trade,0.0,risk filter triggered,recent volatility or drawdown is extreme
2025-10-23,40.23,0.006579984663798547,0.019385236636175474,0.4562571405970612,0.5215455896465577,1.0,-0.1294757694972196,no_trade,0.0,risk filter triggered,recent volatility or drawdown is extreme
2025-10-24,41.93,-0.00319562318490123,-0.012375876549995148,0.4084110543610075,0.43660728435293567,1.0,-0.8322815420007421,no_trade,0.0,risk filter triggered,recent volatility or drawdown is extreme
2025-10-27,40.0,0.006760621673790647,0.024242241570147084,0.4980556490928393,0.48649528531055236,1.0,-0.04789431056213145,no_trade,0.0,risk filter triggered,recent volatility or drawdown is extreme
2025-10-28,39.22,0.00848199624063851,0.01939180503517034,0.49932954757070724,0.47880964098537043,1.0,-0.062107288931932736,no_trade,0.0,risk filter triggered,recent volatility or drawdown is extreme
2025-10-29,40.68,-0.008015665480117314,0.009655975102639951,0.4024412467325854,0.4727712824506079,1.0,-0.7060837956541809,no_trade,0.0,risk filter triggered,recent volatility or drawdown is extreme
2025-10-30,39.43,0.003808690567782954,0.03527619767968589,0.4540042401535343,0.4885118962395632,1.0,-0.11808688644933502,no_trade,0.0,risk filter triggered,recent volatility or drawdown is extreme
2025-10-31,38.85,0.020504838189501055,0.05159122465801669,0.49130961976054294,0.48145813615167554,1.0,0.42164590074821395,no_trade,0.0,risk filter triggered,recent volatility or drawdown is extreme
2025-11-03,39.2,-0.005147195633112262,0.02787695030713973,0.43352356822258753,0.4776772909703099,0.9510604076303901,-0.40511564207254314,no_trade,0.0,risk filter triggered,recent volatility or drawdown is extreme
2025-11-04,38.03,-0.003374630936881102,0.020123718980508163,0.4577296212022842,0.4843833514109515,0.9542927488923716,-0.3651639605156377,no_trade,0.0,risk filter triggered,recent volatility or drawdown is extreme
2025-11-05,39.25,0.0030467306979914664,0.026697964565150847,0.44902511131637846,0.47779825047278784,0.9631659341600625,-0.21853406928212296,no_trade,0.0,risk filter triggered,recent volatility or drawdown is extreme
2025-11-06,39.27,-0.012683587433528957,0.023790163673821037,0.4391496133999548,0.4470802427827035,0.8903570599571082,-0.605159241027265,negative,0.0,short horizon expected return is weak,risk/reward is unfavorable under current model
2025-11-07,39.65,-0.02954432522425312,-0.028921552006387716,0.3424486070015018,0.3728018973069145,0.7991423896513397,-1.6815755117324378,negative,0.0,short horizon expected return is weak,risk/reward is unfavorable under current model
2025-11-10,41.0,-0.014374302090271449,-0.0036020153805826297,0.3864835284324941,0.40156147850158064,0.8070415491814464,-1.027702676551809,negative,0.0,short horizon expected return is weak,risk/reward is unfavorable under current model
2025-11-11,41.62,-0.02562876285566426,-0.027942852789020114,0.34204164640432944,0.3882792763129352,0.7295979671710002,-1.5462480658036355,negative,0.0,short horizon expected return is weak,risk/reward is unfavorable under current model
2025-11-12,38.6,0.002658214604080367,-0.0007402603864565178,0.5208969195301477,0.41100202150901877,0.7302382117545086,-0.3079116503720802,neutral,0.0,no clear model edge,observe only unless independent thesis exists
2025-11-13,38.78,0.0016587298832523977,-0.004565781933645332,0.46250158775063704,0.4346237138255375,0.723813063441338,-0.4531430022145341,neutral,0.0,no clear model edge,observe only unless independent thesis exists
2025-11-14,39.4,0.0017063140988495475,-0.009976296972932433,0.45034912882721134,0.4074063906058062,0.6694583579640443,-0.5501692341540473,neutral,0.0,no clear model edge,observe only unless independent thesis exists
2025-11-17,38.2,0.006768496843366048,-0.025527903245059626,0.4839854400869998,0.3676547444221904,0.6677878952182221,-0.560521784846217,neutral,0.0,no clear model edge,observe only unless independent thesis exists
2025-11-18,36.68,0.006207219168903551,-0.014255220893477449,0.4733411583038992,0.3940374767446466,0.7466354115475675,-0.49002794719455467,neutral,0.0,no clear model edge,observe only unless independent thesis exists
2025-11-19,35.45,-0.002650305786409434,-0.03941099952077651,0.4688486254485061,0.398049466217148,0.8287148629711321,-0.9009484108592027,negative,0.0,short horizon expected return is weak,risk/reward is unfavorable under current model
2025-11-20,35.25,-0.00813677854370649,-0.045166846933019644,0.4345731193528339,0.42520736975508944,0.8283064551441466,-1.0912947108903102,negative,0.0,short horizon expected return is weak,risk/reward is unfavorable under current model
2025-11-21,33.94,-0.018914304619421216,-0.0638701408033492,0.42013115115468697,0.3980590460708966,0.8117516489397654,-1.5296225331317053,negative,0.0,short horizon expected return is weak,risk/reward is unfavorable under current model
2025-11-24,34.28,-0.031104251084002454,-0.0572967502294327,0.36281889872416356,0.4030278747371976,0.8004549713734894,-1.8423277085778544,negative,0.0,short horizon expected return is weak,risk/reward is unfavorable under current model
2025-11-25,34.44,-0.026046746554961607,-0.040095957259093505,0.36337689064884565,0.3821251294664817,0.8002416782157482,-1.6370325492560494,negative,0.0,short horizon expected return is weak,risk/reward is unfavorable under current model
2025-11-26,35.94,-0.027549776052007896,-0.03594369419381092,0.3546756216076573,0.36638476020668836,0.8061504716264589,-1.6824800222308918,negative,0.0,short horizon expected return is weak,risk/reward is unfavorable under current model
2025-11-27,35.38,-0.019657702901897636,-0.03278072348996561,0.3821569424408964,0.36056068339541814,0.8003639948517314,-1.442893239467995,negative,0.0,short horizon expected return is weak,risk/reward is unfavorable under current model
2025-11-28,36.36,-0.03156407936693933,-0.041388567396132496,0.3377936324016871,0.35121914149369826,0.8097759805028971,-1.872261341590427,negative,0.0,short horizon expected return is weak,risk/reward is unfavorable under current model
2025-12-01,36.09,-0.02351193286229292,-0.049087929056267916,0.34263664793622167,0.3403443442655564,0.8082453150909717,-1.7791018643507306,negative,0.0,short horizon expected return is weak,risk/reward is unfavorable under current model
2025-12-02,35.8,-0.021132945024015026,-0.05193554427976727,0.3288878680220132,0.3249609563435863,0.8009358875707164,-1.8094641960775149,negative,0.0,short horizon expected return is weak,risk/reward is unfavorable under current model
2025-12-03,35.32,-0.022804950550436714,-0.05342141764897183,0.3455016964797171,0.3059550097761628,0.7880483287737536,-1.843191625858378,negative,0.0,short horizon expected return is weak,risk/reward is unfavorable under current model
2025-12-04,35.42,-0.028683136931770013,-0.04421435404492523,0.33248817836555833,0.32594374646812724,0.7884007666674427,-1.8842725123618922,negative,0.0,short horizon expected return is weak,risk/reward is unfavorable under current model
2025-12-05,35.2,-0.02231859112607235,-0.0394360540646088,0.35717544521135214,0.3177757072996159,0.7858512055251168,-1.6738726259795933,negative,0.0,short horizon expected return is weak,risk/reward is unfavorable under current model
2025-12-08,36.38,-0.025973448949272275,-0.007224914207220509,0.3439685084910074,0.3951672241233705,0.7854081116411005,-1.39095590503296,negative,0.0,short horizon expected return is weak,risk/reward is unfavorable under current model
2025-12-09,36.14,-0.013957025397367963,0.034478884009173316,0.4058588283004986,0.46381325104936044,0.7459441004683558,-0.5443638532544665,negative,0.0,short horizon expected return is weak,risk/reward is unfavorable under current model
2025-12-10,36.62,-0.02699930575679417,0.007967467333534447,0.34513150800141995,0.4306887117544499,0.6884319342647254,-1.1940761818661987,negative,0.0,short horizon expected return is weak,risk/reward is unfavorable under current model
2025-12-11,35.7,-0.020401344111217044,0.010487668309102742,0.38456072908904143,0.4440064894756298,0.6941509213028645,-0.9297591745403752,negative,0.0,short horizon expected return is weak,risk/reward is unfavorable under current model
2025-12-12,35.87,-0.020288216842379195,0.028525823490864317,0.39674576931478184,0.4749118042285877,0.6085467717243933,-0.6732893169087366,negative,0.0,short horizon expected return is weak,risk/reward is unfavorable under current model
2025-12-15,34.62,-0.00229929238820657,0.025200854701861057,0.5018991829283187,0.4377789641037889,0.5015834716297495,-0.1192035248805968,neutral,0.0,no clear model edge,observe only unless independent thesis exists
2025-12-16,33.4,-0.009274366213460655,0.0006732925465719962,0.47237862327323976,0.4154084763739372,0.5369846028647014,-0.5734813466384945,negative,0.0,short horizon expected return is weak,risk/reward is unfavorable under current model
2025-12-17,34.02,0.0028173640845879228,0.008761975006250389,0.4823635852626704,0.4441822642164666,0.5304668878770695,-0.1934015230415374,neutral,0.0,no clear model edge,observe only unless independent thesis exists
2025-12-18,33.93,-0.008157816207994769,-0.008181516492651829,0.44839591809857177,0.40610545359859523,0.5302839745507704,-0.6911082822995533,negative,0.0,short horizon expected return is weak,risk/reward is unfavorable under current model
2025-12-19,34.53,-0.005443392271141367,0.0026826568058915565,0.4293569532541001,0.40731043755378016,0.5148569416601649,-0.5869229003742188,negative,0.0,short horizon expected return is weak,risk/reward is unfavorable under current model
2025-12-22,37.18,-0.0010070226871299957,0.046392947784598564,0.44409692522022803,0.5034655303457862,0.5812454577336452,0.022902594417588573,negative,0.0,short horizon expected return is weak,risk/reward is unfavorable under current model
2025-12-23,37.93,-0.003500994617331458,0.035437827195890774,0.443560580151783,0.5179355234466123,0.5840689287178484,-0.09274084039890237,negative,0.0,short horizon expected return is weak,risk/reward is unfavorable under current model
2025-12-24,39.28,-0.018525107316788327,0.044060793086665856,0.38415819221824365,0.5521713234056776,0.5779067282836317,-0.4036285023563462,negative,0.0,short horizon expected return is weak,risk/reward is unfavorable under current model
2025-12-25,38.67,-0.027912255604710137,0.021750927309223147,0.3609818454468408,0.49830217740570165,0.5778814567952926,-0.9137016017799718,negative,0.0,short horizon expected return is weak,risk/reward is unfavorable under current model
2025-12-26,38.19,-0.016270181349674156,0.03517831150251172,0.3913365721275658,0.5164881148498774,0.5741043340605219,-0.47098145884712284,negative,0.0,short horizon expected return is weak,risk/reward is unfavorable under current model
2025-12-29,37.82,-0.0016352608959175562,0.045649550689692384,0.46526853059048134,0.515754465612784,0.574707592058495,0.07656087777781129,negative,0.0,short horizon expected return is weak,risk/reward is unfavorable under current model
2025-12-30,37.39,-0.004109798287097283,0.02652825244261587,0.45409194357141514,0.4930364319728913,0.5756773281020645,-0.19018175608195373,negative,0.0,short horizon expected return is weak,risk/reward is unfavorable under current model
2025-12-31,36.6,-0.008613581184596457,0.02287904480827024,0.48094176985326864,0.4628222280802073,0.5793069060225775,-0.2984288392090304,neutral,0.0,no clear model edge,observe only unless independent thesis exists
2026-01-05,36.85,-0.009677943289761308,0.034832592789927834,0.490124785290312,0.51837029058486,0.5795835917835747,-0.11017739728122672,neutral,0.0,no clear model edge,observe only unless independent thesis exists
2026-01-06,37.71,0.0044620184314871705,0.06584514718054635,0.5046175004376142,0.5556616131847065,0.5835148950948799,0.515314855786517,neutral,0.0,no clear model edge,observe only unless independent thesis exists
2026-01-07,38.46,0.0024685326609740032,0.06002416518863149,0.5174939325529345,0.5621247684340809,0.5762279565108726,0.4722446466300419,positive,0.5,one primary horizon has positive edge,"confirm liquidity, limit status, and cost assumptions"
2026-01-08,38.71,0.00019981965635476812,0.038246069543518786,0.5125189853546781,0.5442560793464318,0.5752314917969505,0.2116050254179483,neutral,0.0,no clear model edge,observe only unless independent thesis exists
2026-01-09,38.41,0.001395350328777043,0.030155285753206883,0.5405252418207093,0.5247860073189952,0.5181228539514332,0.22367520349817452,neutral,0.0,no clear model edge,observe only unless independent thesis exists
2026-01-12,40.77,0.018942888715105497,0.0716746289483062,0.593839277798627,0.6030393711300468,0.5428021279469604,1.1529646611873312,positive,0.5,one primary horizon has positive edge,"confirm liquidity, limit status, and cost assumptions"
2026-01-13,38.79,0.02683804239134904,0.11330776697729772,0.6689442531987787,0.6312806645269994,0.5730422324891558,1.8556625672829736,strong_positive,1.0,5d and 20d expected return/probability both positive,"model output is probabilistic, not a price forecast"
2026-01-14,38.93,0.024650515693316003,0.10261061724268424,0.6262785479049144,0.6235744714292406,0.5561575973548007,1.6198474902271485,strong_positive,1.0,5d and 20d expected return/probability both positive,"model output is probabilistic, not a price forecast"
2026-01-15,38.43,0.015104911127297007,0.08286519030041009,0.5563332254155187,0.6164719300868282,0.540780205443499,1.1013107491582534,positive,0.5,one primary horizon has positive edge,"confirm liquidity, limit status, and cost assumptions"
2026-01-16,41.95,0.01534780667847185,0.08336785041900546,0.5742664728559217,0.5984287794172072,0.6031262764348128,1.1001411425284588,positive,0.5,one primary horizon has positive edge,"confirm liquidity, limit status, and cost assumptions"
2026-01-19,42.35,0.04469736687012954,0.11620797087947184,0.69304809444058,0.6093698725224952,0.6014480497695796,2.245832961584525,strong_positive,1.0,5d and 20d expected return/probability both positive,"model output is probabilistic, not a price forecast"
2026-01-20,41.39,0.024717211640993508,0.06794906945102963,0.6134089545549689,0.5793111245206366,0.6110592243012185,1.2208721614186693,positive,0.5,one primary horizon has positive edge,"confirm liquidity, limit status, and cost assumptions"
2026-01-21,40.51,0.030705376394399207,0.06288145554419661,0.6163890513633955,0.5853774374099143,0.5751815285330188,1.3297158194527805,positive,0.5,one primary horizon has positive edge,"confirm liquidity, limit status, and cost assumptions"
2026-01-22,43.09,0.027738785885236282,0.054899179110492816,0.587955947746114,0.5934852608169081,0.6039765241933555,1.1436166798901068,positive,0.5,one primary horizon has positive edge,"confirm liquidity, limit status, and cost assumptions"
2026-01-23,51.73,0.08867434980251865,0.09224564615156054,0.7926791157921478,0.5336750117850333,0.7221854304635764,2.9977302210906727,positive,0.5,one primary horizon has positive edge,"confirm liquidity, limit status, and cost assumptions"
2026-01-26,46.23,0.056096938894616845,0.13756107496014713,0.7656822365527789,0.6099250421265844,0.8689638507635803,2.721423651973719,strong_positive,1.0,5d and 20d expected return/probability both positive,"model output is probabilistic, not a price forecast"
2026-01-27,46.7,0.0392558131485844,0.10692408984679068,0.6468068912892352,0.607724311891717,0.8689638507635803,1.858461566806504,strong_positive,1.0,5d and 20d expected return/probability both positive,"model output is probabilistic, not a price forecast"
2026-01-28,45.06,0.045445642539179605,0.09194112207406158,0.6418958089307724,0.6329557501583695,0.9368161608351052,1.8692393088528827,no_trade,0.0,risk filter triggered,recent volatility or drawdown is extreme
2026-01-29,46.77,0.06451892962588468,0.09364423283115086,0.7101999975488815,0.6031106941283692,0.9368161608351052,2.373964616702619,no_trade,0.0,risk filter triggered,recent volatility or drawdown is extreme
2026-01-30,44.37,0.08930577370218215,0.13330774214090674,0.7979016290801367,0.6221499754997274,0.9768316257490819,3.4093734358452497,no_trade,0.0,risk filter triggered,recent volatility or drawdown is extreme
2026-02-02,46.78,0.06332576984999913,0.07266712021780605,0.7266163455125874,0.5414902951480846,0.9768316257490819,2.1038832545064308,no_trade,0.0,risk filter triggered,recent volatility or drawdown is extreme
2026-02-03,54.92,0.06970700799220786,0.04026015693900625,0.6848771050329071,0.41311326174156093,0.9768316257490819,1.6608990276567468,no_trade,0.0,risk filter triggered,recent volatility or drawdown is extreme
2026-02-04,62.06,0.008052185772243474,-0.0391548698709128,0.4538888047200049,0.226976167041764,0.9768316257490819,-1.0567188231183267,no_trade,0.0,risk filter triggered,recent volatility or drawdown is extreme
2026-02-05,55.93,0.027047237043952004,0.05137264836953906,0.6016298596635183,0.39001701149747675,0.9768316257490819,0.6638662172005114,no_trade,0.0,risk filter triggered,recent volatility or drawdown is extreme
2026-02-06,55.55,0.022186579734070268,0.008204104869123185,0.5363907892945996,0.3535160331394823,0.9768316257490819,0.008245261542081828,no_trade,0.0,risk filter triggered,recent volatility or drawdown is extreme
2026-02-09,56.54,0.04131034149971212,0.001844189472072509,0.5917658440658348,0.3357215721516284,0.9768316257490819,0.43939219983163896,no_trade,0.0,risk filter triggered,recent volatility or drawdown is extreme
2026-02-10,54.88,0.06272160570695862,-0.004545210062237741,0.643331965728621,0.3840230557568025,0.9768316257490819,1.0173257109238782,no_trade,0.0,risk filter triggered,recent volatility or drawdown is extreme
2026-02-11,53.26,0.06888231557563551,0.00792666628259716,0.6669699441734306,0.4092154194439341,0.9768316257490819,1.3374574749058705,no_trade,0.0,risk filter triggered,recent volatility or drawdown is extreme
2026-02-12,52.71,0.05095961914185261,-0.004547260616034162,0.629032140357879,0.47979972137938365,1.0,0.9002221610428026,no_trade,0.0,risk filter triggered,recent volatility or drawdown is extreme
2026-02-13,50.96,0.05265614469506408,0.01304509060418646,0.6351641344127035,0.5329276032972056,1.0,1.1777459378597572,no_trade,0.0,risk filter triggered,recent volatility or drawdown is extreme
2026-02-24,51.41,0.053839022161349996,0.03752184602962318,0.6344569549884393,0.5575885654127074,1.0,1.436669048791523,no_trade,0.0,risk filter triggered,recent volatility or drawdown is extreme
2026-02-25,53.55,0.033860728598240034,0.0014921770629003745,0.5796185457918759,0.4349680667930854,1.0,0.41654203997085637,no_trade,0.0,risk filter triggered,recent volatility or drawdown is extreme
2026-02-26,55.58,0.031211769502064324,-0.03659729368498245,0.5292845635771023,0.3417875842505371,1.0,-0.2138996706744392,no_trade,0.0,risk filter triggered,recent volatility or drawdown is extreme
2026-02-27,55.59,0.03702429115950822,-0.0434735133872121,0.5445916585014323,0.29717077728606356,1.0,-0.1913037852607511,no_trade,0.0,risk filter triggered,recent volatility or drawdown is extreme
2026-03-02,55.93,0.009754747258171825,-0.06651564774121366,0.45117942155881846,0.33286230275531536,1.0,-1.0795077485368374,no_trade,0.0,risk filter triggered,recent volatility or drawdown is extreme
2026-03-03,50.72,0.01461938432532809,0.020407663335180935,0.5495359594922833,0.5281912361617997,1.0,0.2682182922730032,no_trade,0.0,risk filter triggered,recent volatility or drawdown is extreme
2026-03-04,49.27,0.018544540129878335,0.053781823865595504,0.554735816738853,0.6007168695279304,1.0,0.7467237484595383,no_trade,0.0,risk filter triggered,recent volatility or drawdown is extreme
2026-03-05,47.86,0.013828741821544867,0.05067189267938422,0.5779649719361336,0.6023274530227924,1.0,0.684414000754937,no_trade,0.0,risk filter triggered,recent volatility or drawdown is extreme
2026-03-06,47.25,0.004611142804822039,0.034941670346060945,0.5321051307388109,0.5989856227167843,1.0,0.2616442284501278,no_trade,0.0,risk filter triggered,recent volatility or drawdown is extreme
2026-03-09,46.49,0.010541057537467343,0.058571411828150566,0.5397698534265001,0.589945434850624,1.0,0.5720978281207583,no_trade,0.0,risk filter triggered,recent volatility or drawdown is extreme
2026-03-10,48.28,-0.001347230168713867,0.03612084899312692,0.47953076334996675,0.5591323440494546,1.0,-0.03718545686358199,no_trade,0.0,risk filter triggered,recent volatility or drawdown is extreme
2026-03-11,47.76,-0.02538123830274775,0.019110584186263484,0.39260384131588266,0.5424902149322145,1.0,-0.88451410460743,no_trade,0.0,risk filter triggered,recent volatility or drawdown is extreme
2026-03-12,46.95,-0.04034326184398633,0.00988566794703475,0.3772494906158777,0.5115632109192269,0.8989727183839493,-1.309566181768738,negative,0.0,short horizon expected return is weak,risk/reward is unfavorable under current model
2026-03-13,47.06,-0.054839662943191404,-0.03807584716729569,0.2905771390718682,0.4555297234952155,0.8225165836802079,-2.252051310163881,negative,0.0,short horizon expected return is weak,risk/reward is unfavorable under current model
2026-03-16,46.44,-0.036645433797891286,-0.04947692955897742,0.3236602183487327,0.4311530063887882,0.8226774061256625,-1.9428656844452705,negative,0.0,short horizon expected return is weak,risk/reward is unfavorable under current model
2026-03-17,45.2,-0.031967856414450414,-0.06679911259744988,0.37878890324861675,0.31850959339241414,0.8178276854647599,-2.0452996224138102,negative,0.0,short horizon expected return is weak,risk/reward is unfavorable under current model
2026-03-18,45.05,-0.03482301533275147,-0.08162709313490561,0.3479696265687324,0.29607061618742136,0.8145709205796209,-2.3291967182977302,negative,0.0,short horizon expected return is weak,risk/reward is unfavorable under current model
2026-03-19,43.6,-0.040518738244433826,-0.07930465446956718,0.3421107425888132,0.31258185264422916,0.8157757960779761,-2.4111053754915597,negative,0.0,short horizon expected return is weak,risk/reward is unfavorable under current model
2026-03-20,45.59,-0.04024133174166769,-0.05572662301231565,0.335834173397703,0.32029514722160374,0.8436472077351673,-2.2284778250085413,negative,0.0,short horizon expected return is weak,risk/reward is unfavorable under current model
2026-03-23,45.63,-0.04798501438435149,-0.044107672061041735,0.28520447582628866,0.34483596062956845,0.8369825589996325,-2.365301848514614,negative,0.0,short horizon expected return is weak,risk/reward is unfavorable under current model
2026-03-24,44.65,-0.03523359630623644,-0.04796873875477513,0.3347888336659809,0.3455389876775303,0.8370846000841232,-2.024329188175867,negative,0.0,short horizon expected return is weak,risk/reward is unfavorable under current model
2026-03-25,44.19,-0.03327766248313278,-0.049656173449301386,0.31560950555226547,0.36248344872340577,0.8131127396559977,-2.006830835309037,negative,0.0,short horizon expected return is weak,risk/reward is unfavorable under current model
2026-03-26,42.92,-0.02883391346886973,-0.038004254265123986,0.35148505061788704,0.40087248212461163,0.7916040892356383,-1.669521146414771,negative,0.0,short horizon expected return is weak,risk/reward is unfavorable under current model
2026-03-27,43.3,-0.01846145034670913,-0.016362376746052232,0.394623518253084,0.39929962985158673,0.7948372150789518,-1.1920334538370598,negative,0.0,short horizon expected return is weak,risk/reward is unfavorable under current model
2026-03-30,41.87,-0.022302715975245663,-0.015071872182865197,0.42416780639712776,0.3870048655350775,0.7950590497973387,-1.2101669735784761,negative,0.0,short horizon expected return is weak,risk/reward is unfavorable under current model
2026-03-31,40.96,-0.04431792877874734,-0.04110445226249334,0.3423031004714882,0.3054158551382461,0.7059431194096222,-2.1545406258043784,negative,0.0,short horizon expected return is weak,risk/reward is unfavorable under current model
2026-04-01,42.2,-0.026198725261181163,-0.05778095227010398,0.3557446882658629,0.2964243647915127,0.7219660149707199,-1.9147986813513387,negative,0.0,short horizon expected return is weak,risk/reward is unfavorable under current model
2026-04-02,41.28,-0.022935486693442433,-0.07141092482439357,0.35354549211954467,0.2759125779011651,0.7184928000124541,-1.9966758343541433,negative,0.0,short horizon expected return is weak,risk/reward is unfavorable under current model
2026-04-03,40.64,-0.018755453617875423,-0.08463956877066399,0.3535471014583016,0.25498150099824485,0.719018545135689,-2.053969708253866,negative,0.0,short horizon expected return is weak,risk/reward is unfavorable under current model
2026-04-07,40.82,-0.021341946673027634,-0.08560414317989107,0.34711910159665105,0.24044864029341018,0.7196600666563695,-2.1528607980148746,negative,0.0,short horizon expected return is weak,risk/reward is unfavorable under current model
2026-04-08,43.21,-0.030806380633378268,-0.10108290028934876,0.3045227609164766,0.2210020679801624,0.7438140371048352,-2.606235839196998,negative,0.0,short horizon expected return is weak,risk/reward is unfavorable under current model
2026-04-09,41.24,-0.010187606663874353,-0.037869644748790246,0.4106648542110337,0.30087730686892256,0.725330087231091,-1.3008946505247414,negative,0.0,short horizon expected return is weak,risk/reward is unfavorable under current model
2026-04-10,42.03,-0.027588173553765735,-0.06937379116386114,0.3119250871231874,0.2925142174277623,0.7315542953444742,-2.1474489047563954,negative,0.0,short horizon expected return is weak,risk/reward is unfavorable under current model
2026-04-13,42.2,-0.023225800372567728,-0.07560272996095863,0.33598380266515765,0.2706802296747979,0.6973076345740641,-2.0782995968965814,negative,0.0,short horizon expected return is weak,risk/reward is unfavorable under current model
2026-04-14,42.46,-0.025291872542681153,-0.07676877487423608,0.3266078347887606,0.2936843864176671,0.651334839098986,-2.096395918328937,negative,0.0,short horizon expected return is weak,risk/reward is unfavorable under current model
2026-04-15,43.28,-0.012520366089269317,-0.03422451603940281,0.3998509801530251,0.31319777794856946,0.6506480318753367,-1.2969483443189689,negative,0.0,short horizon expected return is weak,risk/reward is unfavorable under current model
2026-04-16,45.45,-0.011056250678961977,-0.03392068851102462,0.42618985028260353,0.33300640227930844,0.6781059865020157,-1.1803739624848864,negative,0.0,short horizon expected return is weak,risk/reward is unfavorable under current model
2026-04-17,46.03,-0.03046479100023513,-0.08565336181917989,0.3328839161211498,0.2770683283639065,0.6666882845793007,-2.289353929271703,negative,0.0,short horizon expected return is weak,risk/reward is unfavorable under current model
2026-04-20,45.09,-0.022734245042945994,-0.07234646434152808,0.3546846210630737,0.30199274801703374,0.6505865890154806,-1.9302432259043347,negative,0.0,short horizon expected return is weak,risk/reward is unfavorable under current model
2026-04-21,44.63,-0.014429372630712256,-0.05085993855097344,0.39434183635048664,0.34749371803882473,0.5929351082282863,-1.4037071006860895,negative,0.0,short horizon expected return is weak,risk/reward is unfavorable under current model
2026-04-22,44.84,-0.004031216789458645,-0.041728541571506315,0.4310134201768228,0.3639314883278019,0.559558945221901,-0.9980478382299656,negative,0.0,short horizon expected return is weak,risk/reward is unfavorable under current model
2026-04-23,43.44,-0.0019288143107605237,-0.04443246053720434,0.5003134749786934,0.3274575038111855,0.5130632602615678,-0.8604474969688003,neutral,0.0,no clear model edge,observe only unless independent thesis exists
2026-04-24,43.39,-0.012909107116213025,-0.06432275524583708,0.4311911569145081,0.30024684651336325,0.503375376345645,-1.442421455689142,negative,0.0,short horizon expected return is weak,risk/reward is unfavorable under current model
2026-04-27,43.0,-0.015182222646150502,-0.06719948824438153,0.44070040006104133,0.2951806519313552,0.5166455122425625,-1.5017976014682708,negative,0.0,short horizon expected return is weak,risk/reward is unfavorable under current model
2026-04-28,40.13,0.00035971228233165967,0.024629833599042014,0.5706363179850575,0.5299609313298246,0.7428988523033655,0.15897127698096664,neutral,0.0,no clear model edge,observe only unless independent thesis exists
2026-04-29,41.66,0.00889772234563901,0.011616855919352426,0.5085384055461641,0.5277096702159574,0.7531010738684706,0.07340964838128028,neutral,0.0,no clear model edge,observe only unless independent thesis exists
2026-04-30,42.47,-0.011371007757696425,-0.025022962550404374,0.46513104509581926,0.45130222684678756,0.7479342262176166,-0.8519046847651052,negative,0.0,short horizon expected return is weak,risk/reward is unfavorable under current model
2026-05-06,44.46,-0.02018145059143775,-0.061988378699574714,0.41515443521562767,0.3838574738679267,0.7614308481883598,-1.5575806996749362,negative,0.0,short horizon expected return is weak,risk/reward is unfavorable under current model
2026-05-07,45.96,-0.020860219998184444,-0.023987666544456127,0.4096316949463129,0.40090727001859416,0.7651339012613774,-1.2529165261884327,negative,0.0,short horizon expected return is weak,risk/reward is unfavorable under current model
2026-05-08,45.83,-0.03727290121085072,-0.0709085510760644,0.36494429756560376,0.35955669496091214,0.7658698470503416,-2.1299830267052204,negative,0.0,short horizon expected return is weak,risk/reward is unfavorable under current model
2026-05-11,47.54,-0.044537253113026545,-0.038542351232318035,0.33694573355258284,0.41634601359792156,0.7490300309811233,-1.9811276486765723,negative,0.0,short horizon expected return is weak,risk/reward is unfavorable under current model
2026-05-12,47.74,-0.0383311601349814,0.008664525101662983,0.3383565444963879,0.4939432110520493,0.7193941633880755,-1.3363576701604964,negative,0.0,short horizon expected return is weak,risk/reward is unfavorable under current model
2026-05-13,53.84,-0.02964763414155101,0.07423181153289221,0.3699234491612358,0.5907469239924965,0.8345776818255191,-0.44346745784310304,positive,0.5,one primary horizon has positive edge,"confirm liquidity, limit status, and cost assumptions"
2026-05-14,54.75,-0.028485931544556153,0.059111543621147004,0.36614888811413027,0.502900646309368,0.8340914803452872,-0.6962431505942136,negative,0.0,short horizon expected return is weak,risk/reward is unfavorable under current model
2026-05-15,52.65,-0.030716064044972523,0.026425358202191322,0.3505248779821257,0.47716389937273257,0.8549389469285709,-1.0889824991274055,negative,0.0,short horizon expected return is weak,risk/reward is unfavorable under current model
2026-05-18,51.09,-0.008945125757471528,0.03300551328406931,0.4268621419384963,0.5273442947570802,0.8665155767305344,-0.343220038280938,negative,0.0,short horizon expected return is weak,risk/reward is unfavorable under current model
2026-05-19,51.96,-0.009894314280591527,0.029014575904509073,0.4045485596992012,0.549911982772545,0.8537309944828282,-0.4041089158590365,negative,0.0,short horizon expected return is weak,risk/reward is unfavorable under current model
2026-05-20,56.7,-0.006975846762559629,-0.010322377192309473,0.4966063462291574,0.3774777863732693,0.8460795389235773,-0.7303460062561044,neutral,0.0,no clear model edge,observe only unless independent thesis exists
2026-05-21,52.41,0.016033746708215422,0.014001120872876915,0.5925001412225133,0.46742877606029243,0.8651204281891169,0.2914400409008178,positive,0.5,one primary horizon has positive edge,"confirm liquidity, limit status, and cost assumptions"
2026-05-22,55.09,0.0010214157858386367,-0.008202218161149797,0.5053028847327445,0.42400806657946727,0.8651204281891169,-0.46226140409643385,neutral,0.0,no clear model edge,observe only unless independent thesis exists
2026-05-25,56.4,-0.012240392043182216,-0.017537206965637344,0.4600589142381858,0.4373056774554093,0.7785911602209941,-0.8552988070179752,negative,0.0,short horizon expected return is weak,risk/reward is unfavorable under current model
2026-05-26,53.8,0.019081754121782597,0.01926618077347274,0.5363631762358616,0.546185014681233,0.7769841269841273,0.42564251986472146,neutral,0.0,no clear model edge,observe only unless independent thesis exists
2026-05-27,54.0,0.023897821053081657,0.020747134501134298,0.5536463071519973,0.48607636077005606,0.7769841269841273,0.47395770393101677,neutral,0.0,no clear model edge,observe only unless independent thesis exists
2026-05-28,54.89,0.0042589781047384576,-0.014055333029317147,0.48494965755163,0.48230945492194727,0.7769841269841273,-0.36380925409383047,neutral,0.0,no clear model edge,observe only unless independent thesis exists
2026-05-29,50.82,0.03883535753076908,0.004732371857770283,0.6636058528539831,0.5577660291013372,0.8611111111111113,0.9912009417501777,positive,0.5,one primary horizon has positive edge,"confirm liquidity, limit status, and cost assumptions"
2026-06-01,47.65,0.05227667973884735,-0.015987591312840232,0.7097247428766966,0.5694597624496417,1.0,1.1727568684025869,no_trade,0.0,risk filter triggered,recent volatility or drawdown is extreme
2026-06-02,47.0,0.051197189747978114,-0.014430741357700026,0.688674189527388,0.5914240296837274,1.0,1.1511110224680796,no_trade,0.0,risk filter triggered,recent volatility or drawdown is extreme
2026-06-03,48.41,0.04239950288946191,-0.06390471631391414,0.657674491762108,0.46252430314125653,1.0,0.2921999799582712,no_trade,0.0,risk filter triggered,recent volatility or drawdown is extreme
2026-06-04,49.01,0.048282484922007575,-0.04871484170483591,0.6251484829090455,0.4376491462931379,1.0,0.41402600207780016,no_trade,0.0,risk filter triggered,recent volatility or drawdown is extreme
2026-06-05,48.89,0.03407753713294971,-0.0702355057734274,0.5811800468479736,0.36918598797857477,1.0,-0.2589365475855284,no_trade,0.0,risk filter triggered,recent volatility or drawdown is extreme
2026-06-08,45.76,0.0348378717200161,-0.0598288762984515,0.6005072603135946,0.40545546022210127,1.0,-0.054930868218733664,no_trade,0.0,risk filter triggered,recent volatility or drawdown is extreme
2026-06-09,53.15,0.0235699096116313,-0.05795591876827957,0.4816342625575591,0.400588052803285,1.0,-0.5507891239404976,no_trade,0.0,risk filter triggered,recent volatility or drawdown is extreme
