date,open,close,high,low,volume,amount,amplitude,pct_change,change,turnover
2018-01-02,13.92,14.06,14.48,13.78,182350,391526384.0,5.11,2.7,0.37,1.98
2018-01-03,14.03,14.03,14.18,13.67,172865,367304208.0,3.63,-0.21,-0.03,1.88
2018-01-04,14.0,14.03,14.46,13.76,183848,393486928.0,4.99,0.0,0.0,2.0
2018-01-05,13.96,13.03,14.0,12.78,368244,750136080.0,8.7,-7.13,-1.0,4.0
2018-01-08,12.9,12.98,13.09,12.46,195320,385052640.0,4.83,-0.38,-0.05,2.12
2018-01-09,12.92,12.91,13.16,12.6,161145,319527888.0,4.31,-0.54,-0.07,1.75
2018-01-10,12.74,12.13,12.95,11.84,323221,615944528.0,8.6,-6.04,-0.78,3.51
2018-01-11,12.07,12.21,12.53,11.78,177908,337389264.0,6.18,0.66,0.08,1.93
2018-01-12,12.53,12.21,12.53,11.96,145288,276922320.0,4.67,0.0,0.0,1.58
2018-01-15,12.29,12.23,12.61,11.75,183445,349314048.0,7.04,0.16,0.02,1.99
2018-01-16,12.23,12.07,12.44,11.86,157089,296737648.0,4.74,-1.31,-0.16,1.71
2018-01-17,12.29,12.76,13.15,11.8,268530,523533536.0,11.18,5.72,0.69,2.92
2018-01-18,12.68,12.81,13.07,12.52,162558,320948672.0,4.31,0.39,0.05,1.77
2018-01-19,12.83,12.87,13.19,12.65,169820,338474064.0,4.22,0.47,0.06,1.84
2018-01-22,12.92,13.42,13.66,12.65,272357,554720416.0,7.85,4.27,0.55,2.96
2018-01-23,13.31,13.35,13.59,13.19,140541,287935808.0,2.98,-0.52,-0.07,1.53
2018-01-24,13.29,13.74,13.9,12.92,256442,528906912.0,7.34,2.92,0.39,2.78
2018-01-25,13.65,13.4,13.79,13.39,149607,311426832.0,2.91,-2.47,-0.34,1.62
2018-01-26,13.3,13.23,13.86,13.16,150357,311613040.0,5.22,-1.27,-0.17,1.63
2018-01-29,13.18,11.67,13.38,11.67,413895,774921712.0,12.93,-11.79,-1.56,4.49
2018-01-30,11.52,11.36,11.68,11.13,232989,417222080.0,4.71,-2.66,-0.31,2.53
2018-01-31,11.19,11.35,11.65,11.19,128966,231914884.0,4.05,-0.09,-0.01,1.4
2018-02-01,11.3,10.89,11.58,10.54,173094,301414896.0,9.16,-4.05,-0.46,1.88
2018-02-02,10.83,10.89,11.26,10.65,119776,208484295.0,5.6,0.0,0.0,1.3
2018-02-05,10.69,11.01,11.26,10.62,93873,163574323.0,5.88,1.1,0.12,1.02
2018-02-06,10.57,9.67,10.87,9.67,260390,418814016.0,10.9,-12.17,-1.34,2.83
2018-02-07,9.95,8.98,10.02,8.46,387254,572747136.0,16.13,-7.14,-0.69,4.21
2018-02-08,8.76,9.63,9.9,8.76,236504,365326320.0,12.69,7.24,0.65,2.57
2018-02-09,9.36,9.63,10.11,9.15,282213,442713840.0,9.97,0.0,0.0,3.06
2018-02-12,9.69,10.16,10.42,9.69,229754,373980256.0,7.58,5.5,0.53,2.49
2018-02-13,10.3,10.15,10.49,10.02,144484,236503432.0,4.63,-0.1,-0.01,1.57
2018-02-14,10.2,10.26,10.34,10.0,75365,123476529.0,3.35,1.08,0.11,0.82
2018-02-22,10.53,10.64,10.82,10.15,117440,198627660.0,6.53,3.7,0.38,1.28
2018-02-23,10.59,10.37,10.61,10.07,155756,257435170.0,5.08,-2.54,-0.27,1.69
2018-02-26,10.59,11.06,11.35,10.46,224658,390005024.0,8.58,6.65,0.69,2.44
2018-02-27,11.07,11.37,11.92,10.99,279045,506903616.0,8.41,2.8,0.31,3.03
2018-02-28,11.15,11.34,11.82,11.03,148010,266887921.0,6.95,-0.26,-0.03,1.61
2018-03-01,11.19,11.65,11.89,11.19,188254,343451248.0,6.17,2.73,0.31,2.04
2018-03-02,11.59,12.23,12.47,11.49,254520,481490560.0,8.41,4.98,0.58,2.76
2018-03-05,12.04,12.34,12.39,11.89,151049,285300912.0,4.09,0.9,0.11,1.64
2018-03-06,12.99,12.86,13.49,12.69,301672,605260736.0,6.48,4.21,0.52,3.28
2018-03-07,12.98,12.99,13.34,12.82,171390,344665424.0,4.04,1.01,0.13,1.86
2018-03-08,12.83,12.83,13.13,12.73,125170,248276325.0,3.08,-1.23,-0.16,1.36
2018-03-09,12.8,13.53,13.58,12.77,216285,439974128.0,6.31,5.46,0.7,2.35
2018-03-12,13.63,14.07,14.27,13.53,243345,517356656.0,5.47,3.99,0.54,2.64
2018-03-13,13.99,14.04,14.63,13.84,237885,515046880.0,5.61,-0.21,-0.03,2.58
2018-03-14,13.99,13.49,14.26,13.46,189920,399619056.0,5.7,-3.92,-0.55,2.06
2018-03-15,13.98,14.39,14.92,13.8,339019,739759664.0,8.3,6.67,0.9,3.68
2018-03-16,14.43,14.29,14.61,14.15,180254,393298432.0,3.2,-0.69,-0.1,1.96
2018-03-19,14.19,13.88,14.88,13.88,204965,447162720.0,7.0,-2.87,-0.41,2.23
2018-03-20,13.84,14.12,14.42,13.76,155088,332116224.0,4.76,1.73,0.24,1.68
2018-03-21,14.35,13.39,14.47,13.39,176920,376966176.0,7.65,-5.17,-0.73,1.92
2018-03-22,13.66,13.64,13.92,13.43,174874,364884224.0,3.66,1.87,0.25,1.9
2018-03-23,13.06,13.02,13.93,12.61,231216,474227936.0,9.68,-4.55,-0.62,2.51
2018-03-26,12.92,14.16,14.28,12.92,322416,678025344.0,10.45,8.76,1.14,3.5
2018-03-27,14.26,15.15,15.28,14.03,416755,930413072.0,8.83,6.99,0.99,4.53
2018-03-28,14.86,15.02,15.33,14.86,213807,484996992.0,3.1,-0.86,-0.13,2.32
2018-03-29,15.07,14.93,15.26,14.52,166368,372538048.0,4.93,-0.6,-0.09,1.81
2018-03-30,14.96,15.96,16.12,14.92,254862,594054640.0,8.04,6.9,1.03,2.77
2018-04-02,16.19,15.96,16.66,15.57,263852,633058000.0,6.83,0.0,0.0,2.87
2018-04-03,15.53,15.52,15.73,14.87,253567,581266464.0,5.39,-2.76,-0.44,2.75
2018-04-04,15.78,15.24,15.98,14.99,191020,440780368.0,6.38,-1.8,-0.28,2.07
2018-04-09,15.16,15.04,15.68,14.67,153462,351103600.0,6.63,-1.31,-0.2,1.67
2018-04-10,15.15,14.99,15.3,14.52,187681,418260976.0,5.19,-0.33,-0.05,2.04
2018-04-11,15.15,14.96,15.53,14.79,158558,362415424.0,4.94,-0.2,-0.03,1.72
2018-04-12,14.96,15.12,15.49,14.92,133902,307078256.0,3.81,1.07,0.16,1.45
2018-04-13,15.35,15.19,15.46,14.83,121208,276743680.0,4.17,0.46,0.07,1.32
2018-04-16,15.06,15.78,15.79,14.99,205458,478204800.0,5.27,3.88,0.59,2.23
2018-04-17,15.88,15.09,16.69,14.84,317505,750279024.0,11.72,-4.37,-0.69,3.45
2018-04-18,15.09,16.54,16.69,14.89,335960,797472576.0,11.93,9.61,1.45,3.65
2018-04-19,16.42,15.93,17.03,15.91,399487,986357456.0,6.77,-3.69,-0.61,4.34
2018-04-20,15.98,15.69,16.41,15.52,209344,499642688.0,5.59,-1.51,-0.24,2.27
2018-04-23,15.78,14.19,16.07,13.89,318265,704729488.0,13.89,-9.56,-1.5,3.46
2018-04-24,14.44,15.55,15.59,14.26,253461,574149200.0,9.37,9.58,1.36,2.75
2018-04-25,15.46,15.97,16.5,15.35,217652,522745408.0,7.4,2.7,0.42,2.36
2018-04-26,16.19,16.15,16.44,15.73,230078,557254720.0,4.45,1.13,0.18,2.5
2018-04-27,16.36,15.95,16.46,15.26,181895,433245440.0,7.43,-1.24,-0.2,1.98
2018-05-02,15.81,15.83,16.46,15.75,139964,334919184.0,4.45,-0.75,-0.12,1.52
2018-05-03,16.06,17.46,17.58,15.36,303964,748397936.0,14.02,10.3,1.63,3.3
2018-05-04,17.29,16.95,17.59,16.93,226288,579248960.0,3.78,-2.92,-0.51,2.46
2018-05-07,17.03,17.66,17.76,16.77,214298,550218816.0,5.84,4.19,0.71,2.33
2018-05-08,17.63,17.59,17.75,17.13,136717,352019200.0,3.51,-0.4,-0.07,1.48
2018-05-09,17.61,17.49,18.22,17.42,170907,448879888.0,4.55,-0.57,-0.1,1.86
2018-05-10,17.3,17.07,17.47,16.73,163081,412555696.0,4.23,-2.4,-0.42,1.77
2018-05-11,17.21,16.86,17.34,16.75,110164,277840704.0,3.46,-1.23,-0.21,1.2
2018-05-14,16.61,16.79,17.11,16.46,109787,272748096.0,3.86,-0.42,-0.07,1.19
2018-05-15,16.83,16.86,16.99,16.09,153743,378679216.0,5.36,0.42,0.07,1.67
2018-05-16,16.72,16.5,16.91,16.47,87751,217349756.0,2.61,-2.14,-0.36,0.95
2018-05-17,16.45,16.4,16.77,16.29,93497,229941461.0,2.91,-0.61,-0.1,1.01
2018-05-18,16.46,15.84,16.61,15.61,175604,420144320.0,6.1,-3.41,-0.56,1.91
2018-05-21,15.97,17.12,17.26,15.97,211050,526362912.0,8.14,8.08,1.28,2.29
2018-05-22,17.13,16.86,17.22,16.57,143920,359728112.0,3.8,-1.52,-0.26,1.56
2018-05-23,16.6,16.62,17.06,16.58,149871,286703760.0,2.85,-1.42,-0.24,1.25
2018-05-24,16.69,15.66,16.78,15.15,361862,652992608.0,9.81,-5.78,-0.96,3.02
2018-05-25,15.3,14.68,15.59,13.99,372811,633385984.0,10.22,-6.26,-0.98,3.11
2018-05-28,14.49,13.92,14.59,13.78,338928,557205840.0,5.52,-5.18,-0.76,2.83
2018-05-29,14.07,13.85,14.76,13.79,356469,592370112.0,6.97,-0.5,-0.07,2.97
2018-05-30,13.29,13.84,14.34,13.25,213564,346362576.0,7.87,-0.07,-0.01,1.78
2018-05-31,14.03,13.46,14.14,13.04,243322,384925280.0,7.95,-2.75,-0.38,2.03
2018-06-01,13.42,12.82,13.63,12.57,251464,386479136.0,7.88,-4.75,-0.64,2.1
2018-06-04,11.69,11.31,11.69,11.31,172829,237467196.0,2.96,-11.78,-1.51,1.44
2018-06-05,10.29,10.99,11.09,9.95,775302,984640496.0,10.08,-2.83,-0.32,6.47
2018-06-06,10.74,10.54,10.9,10.23,472544,608291040.0,6.1,-4.09,-0.45,3.94
2018-06-07,10.74,10.57,10.96,10.43,269538,349845232.0,5.03,0.28,0.03,2.25
2018-06-08,10.32,10.36,10.64,10.05,233667,295737680.0,5.58,-1.99,-0.21,1.95
2018-06-11,10.43,9.79,10.47,9.69,285904,353444864.0,7.53,-5.5,-0.57,2.39
2018-06-12,10.09,10.63,10.76,9.86,449514,569704624.0,9.19,8.58,0.84,3.75
2018-06-13,10.64,10.55,11.09,10.42,367513,479972864.0,6.3,-0.75,-0.08,3.07
2018-06-14,10.58,10.41,10.73,10.27,229129,293124544.0,4.36,-1.33,-0.14,1.91
2018-06-15,10.49,10.58,10.92,10.41,252366,326244688.0,4.9,1.63,0.17,2.11
2018-06-19,10.38,9.72,10.69,9.29,370974,458794992.0,13.23,-8.13,-0.86,3.1
2018-06-20,9.75,10.49,10.54,9.75,293335,366766064.0,8.13,7.92,0.77,2.45
2018-06-21,10.49,9.94,10.64,9.7,296497,368242864.0,8.96,-5.24,-0.55,2.47
2018-06-22,9.89,10.01,10.34,9.72,237613,294439328.0,6.24,0.7,0.07,1.98
2018-06-25,10.2,9.52,10.25,9.48,303950,366619152.0,7.69,-4.9,-0.49,2.54
2018-06-26,9.22,10.02,10.13,9.07,317289,383908368.0,11.13,5.25,0.5,2.65
2018-06-27,10.3,10.33,10.61,10.11,314144,397700000.0,4.99,3.09,0.31,2.62
2018-06-28,10.46,10.49,10.83,10.32,271820,349677200.0,4.94,1.55,0.16,2.27
2018-06-29,10.57,10.98,11.08,10.15,371232,483590480.0,8.87,4.67,0.49,3.1
2018-07-02,10.99,10.59,11.2,10.32,305829,399975264.0,8.01,-3.55,-0.39,2.55
2018-07-03,10.62,11.21,11.37,10.49,387156,513144608.0,8.31,5.85,0.62,3.23
2018-07-04,11.02,10.88,11.14,10.75,266014,352557936.0,3.48,-2.94,-0.33,2.22
2018-07-05,10.87,10.06,10.87,10.03,266774,341654624.0,7.72,-7.54,-0.82,2.23
2018-07-06,10.19,10.3,10.76,9.9,317807,401377696.0,8.55,2.39,0.24,2.65
2018-07-09,10.46,10.6,10.74,10.45,215449,278253216.0,2.82,2.91,0.3,1.8
2018-07-10,10.84,10.78,10.96,10.49,243424,317349232.0,4.43,1.7,0.18,2.03
2018-07-11,10.39,10.48,10.64,10.17,247285,314475728.0,4.36,-2.78,-0.3,2.06
2018-07-12,10.89,11.76,11.76,10.83,504478,689853664.0,8.87,12.21,1.28,4.21
2018-07-13,11.98,11.94,12.14,11.71,474059,673928448.0,3.66,1.53,0.18,3.96
2018-07-16,12.13,12.35,12.76,12.07,430116,633580304.0,5.78,3.43,0.41,3.59
2018-07-17,12.21,12.61,12.64,11.95,297381,435287216.0,5.59,2.11,0.26,2.48
2018-07-18,12.53,12.22,12.77,12.12,244988,360559792.0,5.15,-3.09,-0.39,2.04
2018-07-19,12.12,11.95,12.34,11.71,259245,370543248.0,5.16,-2.21,-0.27,2.16
2018-07-20,11.99,12.41,12.42,11.82,278349,404383024.0,5.02,3.85,0.46,2.32
2018-07-23,12.44,12.73,12.95,12.36,317732,477136528.0,4.75,2.58,0.32,2.65
2018-07-24,12.83,12.57,12.87,12.35,292048,434428112.0,4.08,-1.26,-0.16,2.44
2018-07-25,12.61,12.96,12.99,12.5,291655,439776816.0,3.9,3.1,0.39,2.43
2018-07-26,12.85,12.33,12.9,12.1,245622,363048592.0,6.17,-4.86,-0.63,2.05
2018-07-27,12.2,12.04,12.33,12.01,169532,244739050.0,2.6,-2.35,-0.29,1.41
2018-07-30,11.89,11.51,12.06,11.31,224686,313289280.0,6.23,-4.4,-0.53,1.88
2018-07-31,11.58,11.5,11.74,11.25,169502,233754351.0,4.26,-0.09,-0.01,1.41
2018-08-01,11.45,11.59,12.13,11.45,245268,345807968.0,5.91,0.78,0.09,2.05
2018-08-02,11.47,11.37,11.55,10.96,202187,273645248.0,5.09,-1.9,-0.22,1.69
2018-08-03,11.29,10.69,11.44,10.69,196353,259987072.0,6.6,-5.98,-0.68,1.64
2018-08-06,10.45,10.2,10.83,9.79,177685,226041427.0,9.73,-4.58,-0.49,1.48
2018-08-07,10.34,10.76,10.79,10.09,168453,215429984.0,6.86,5.49,0.56,1.41
2018-08-08,10.66,10.23,10.73,10.1,159149,202440383.0,5.86,-4.93,-0.53,1.33
2018-08-09,10.17,10.83,11.0,10.14,237030,309640864.0,8.41,5.87,0.6,1.98
2018-08-10,10.77,10.95,11.02,10.7,197570,260411015.0,2.95,1.11,0.12,1.65
2018-08-13,10.72,11.39,11.41,10.62,194005,258665843.0,7.21,4.02,0.44,1.62
2018-08-14,11.3,11.05,11.33,10.92,156561,209761093.0,3.6,-2.99,-0.34,1.31
2018-08-15,10.96,10.39,11.14,10.33,211720,274375296.0,7.33,-5.97,-0.66,1.77
2018-08-16,10.09,10.31,10.63,9.95,132022,167358563.0,6.54,-0.77,-0.08,1.1
2018-08-17,10.55,9.98,10.62,9.9,134190,168940875.0,6.98,-3.2,-0.33,1.12
2018-08-20,9.98,10.25,10.3,9.81,116668,144181336.0,4.91,2.71,0.27,0.97
2018-08-21,10.23,10.26,10.47,10.08,157967,198874779.0,3.8,0.1,0.01,1.32
2018-08-22,10.44,10.4,10.77,10.33,191626,245963823.0,4.29,1.36,0.14,1.6
2018-08-23,10.44,10.6,10.69,10.3,150734,193833107.0,3.75,1.92,0.2,1.26
2018-08-24,10.59,10.41,10.68,10.32,104353,133124858.0,3.4,-1.79,-0.19,0.87
2018-08-27,10.55,10.84,10.93,10.42,195860,255178498.0,4.9,4.13,0.43,1.63
2018-08-28,10.97,10.83,11.13,10.75,182120,241487344.0,3.51,-0.09,-0.01,1.52
2018-08-29,10.73,10.53,10.78,10.43,147957,190165925.0,3.23,-2.77,-0.3,1.23
2018-08-30,10.54,10.12,10.59,10.09,146044,183729848.0,4.75,-3.89,-0.41,1.22
2018-08-31,10.03,10.04,10.31,9.97,93113,115716491.0,3.36,-0.79,-0.08,0.78
2018-09-03,10.23,10.24,10.38,10.03,121687,152237433.0,3.49,1.99,0.2,1.02
2018-09-04,10.16,10.47,10.57,10.11,149679,189017481.0,4.49,2.25,0.23,1.25
2018-09-05,10.43,10.85,11.14,10.39,377600,496968576.0,7.16,3.63,0.38,3.15
2018-09-06,10.79,10.92,11.11,10.6,210803,278618528.0,4.7,0.65,0.07,1.76
2018-09-07,10.89,11.19,11.43,10.56,320053,428292400.0,7.97,2.47,0.27,2.67
2018-09-10,11.14,10.78,11.15,10.73,189458,251158177.0,3.75,-3.66,-0.41,1.58
2018-09-11,10.86,10.97,11.04,10.63,139314,183413152.0,3.8,1.76,0.19,1.16
2018-09-12,10.98,10.81,11.09,10.75,116085,153458861.0,3.1,-1.46,-0.16,0.97
2018-09-13,11.09,10.99,11.19,10.6,159495,210305787.0,5.46,1.67,0.18,1.33
2018-09-14,10.98,9.66,10.99,9.66,319720,401974160.0,12.1,-12.1,-1.33,2.67
2018-09-17,9.29,8.89,9.29,8.49,276230,308235184.0,8.28,-7.97,-0.77,2.31
2018-09-18,8.82,9.12,9.2,8.81,157395,178135077.0,4.39,2.59,0.23,1.31
2018-09-19,9.05,9.23,9.51,8.9,184359,211838928.0,6.69,1.21,0.11,1.54
2018-09-20,9.19,9.04,9.42,8.96,123762,142056497.0,4.98,-2.06,-0.19,1.03
2018-09-21,9.09,9.27,9.34,8.99,122780,141370119.0,3.87,2.54,0.23,1.02
2018-09-25,9.05,9.26,9.43,9.05,91646,106133529.0,4.1,-0.11,-0.01,0.76
2018-09-26,9.33,9.32,9.44,9.14,123027,142714251.0,3.24,0.65,0.06,1.03
2018-09-27,9.33,8.86,9.34,8.78,179054,202856840.0,6.01,-4.94,-0.46,1.49
2018-09-28,8.99,8.93,9.05,8.82,114001,128069673.0,2.6,0.79,0.07,0.95
2018-10-08,8.67,7.81,8.67,7.81,242464,253619507.0,9.63,-12.54,-1.12,2.02
2018-10-09,7.81,7.74,7.99,7.55,138351,139286737.0,5.63,-0.9,-0.07,1.15
2018-10-10,7.79,7.68,7.85,7.49,153491,153593703.0,4.65,-0.78,-0.06,1.28
2018-10-11,7.05,6.68,7.29,6.68,204166,188769714.0,7.94,-13.02,-1.0,1.7
2018-10-12,6.54,6.87,7.0,6.32,203780,182831056.0,10.18,2.84,0.19,1.7
2018-10-15,7.0,6.85,7.23,6.81,130223,121316914.0,6.11,-0.29,-0.02,1.09
2018-10-16,6.95,6.56,7.05,6.42,159150,143711388.0,9.2,-4.23,-0.29,1.33
2018-10-17,6.76,7.02,7.08,6.7,208884,191857153.0,5.79,7.01,0.46,1.74
2018-10-18,6.99,6.69,7.02,6.66,153874,140010273.0,5.13,-4.7,-0.33,1.28
2018-10-19,6.42,7.0,7.08,6.39,180514,165530317.0,10.31,4.63,0.31,1.51
2018-10-22,7.18,7.55,7.79,7.1,252690,246334412.0,9.86,7.86,0.55,2.11
2018-10-23,7.46,7.26,7.64,7.21,153502,149115872.0,5.7,-3.84,-0.29,1.28
2018-10-24,7.23,7.22,7.42,7.15,102391,98301672.0,3.72,-0.55,-0.04,0.85
2018-10-25,6.82,6.72,6.9,6.3,226754,202561568.0,8.31,-6.93,-0.5,1.89
2018-10-26,6.84,6.88,6.99,6.73,134765,123806418.0,3.87,2.38,0.16,1.12
2018-10-29,6.97,6.92,7.1,6.84,122367,113604249.0,3.78,0.58,0.04,1.02
2018-10-30,6.81,6.69,6.85,6.4,203539,182256691.0,6.5,-3.32,-0.23,1.7
2018-10-31,6.79,6.9,7.02,6.7,170254,156396579.0,4.78,3.14,0.21,1.42
2018-11-01,7.07,7.08,7.42,6.97,268169,253758545.0,6.52,2.61,0.18,2.24
2018-11-02,7.43,8.02,8.02,7.33,469439,468532224.0,9.75,13.28,0.94,3.92
2018-11-05,8.68,8.49,9.05,8.24,617034,675461264.0,10.1,5.86,0.47,5.15
2018-11-06,8.5,8.45,8.5,8.02,239698,254668651.0,5.65,-0.47,-0.04,2.0
2018-11-07,8.34,8.39,8.86,8.34,253888,276577104.0,6.15,-0.71,-0.06,2.12
2018-11-08,8.49,8.1,8.55,8.05,186548,196716309.0,5.96,-3.46,-0.29,1.56
2018-11-09,8.11,8.08,8.28,8.02,125789,131757803.0,3.21,-0.25,-0.02,1.05
2018-11-12,8.06,8.68,8.7,8.05,210279,226602423.0,8.04,7.43,0.6,1.75
2018-11-13,8.49,8.85,8.88,8.42,244322,269594432.0,5.3,1.96,0.17,2.04
2018-11-14,8.82,8.78,8.91,8.61,147266,163004071.0,3.39,-0.79,-0.07,1.23
2018-11-15,8.55,8.89,8.92,8.54,158587,175083011.0,4.33,1.25,0.11,1.32
2018-11-16,9.09,9.2,9.53,9.03,253256,292809552.0,5.62,3.49,0.31,2.11
2018-11-19,9.09,9.03,9.15,8.87,165178,186742072.0,3.04,-1.85,-0.17,1.38
2018-11-20,8.87,8.43,8.92,8.39,186636,204782067.0,5.87,-6.64,-0.6,1.56
2018-11-21,8.24,8.56,8.61,8.16,120659,130054581.0,5.34,1.54,0.13,1.01
2018-11-22,8.55,8.42,8.64,8.36,92951,100412690.0,3.27,-1.64,-0.14,0.78
2018-11-23,8.44,7.79,8.47,7.78,176902,182823280.0,8.19,-7.48,-0.63,1.48
2018-11-26,7.77,7.57,7.88,7.49,152508,151877324.0,5.01,-2.82,-0.22,1.27
2018-11-27,7.72,7.59,7.77,7.54,93664,93291668.0,3.04,0.26,0.02,0.78
2018-11-28,7.6,8.14,8.32,7.43,233505,240026605.0,11.73,7.25,0.55,1.95
2018-11-29,8.14,7.77,8.25,7.76,142549,147836245.0,6.02,-4.55,-0.37,1.19
2018-11-30,7.79,7.9,7.99,7.58,115526,116781290.0,5.28,1.67,0.13,0.96
2018-12-03,8.35,8.37,8.48,8.2,227489,242115685.0,3.54,5.95,0.47,1.9
2018-12-04,8.29,8.39,8.41,8.2,131537,139618502.0,2.51,0.24,0.02,1.1
2018-12-05,8.15,8.67,8.95,8.07,264861,288307008.0,10.49,3.34,0.28,2.21
2018-12-06,8.54,8.66,9.05,8.47,293541,326735136.0,6.69,-0.12,-0.01,2.45
2018-12-07,8.81,8.59,8.86,8.49,146089,160158626.0,4.27,-0.81,-0.07,1.22
2018-12-10,8.56,8.51,8.78,8.42,126024,137405306.0,4.19,-0.93,-0.08,1.05
2018-12-11,8.6,8.79,8.83,8.54,134973,148697236.0,3.41,3.29,0.28,1.13
2018-12-12,8.84,8.67,8.86,8.54,100559,110480802.0,3.64,-1.37,-0.12,0.84
2018-12-13,8.75,8.67,8.81,8.48,133822,147008429.0,3.81,0.0,0.0,1.12
2018-12-14,8.65,8.16,8.71,8.15,139803,149831621.0,6.46,-5.88,-0.51,1.17
2018-12-17,8.16,8.35,8.43,7.94,128104,134716934.0,6.0,2.33,0.19,1.07
2018-12-18,8.29,8.29,8.5,8.1,103588,109993699.0,4.79,-0.72,-0.06,0.86
2018-12-19,8.34,8.05,8.35,8.0,84808,88934660.0,4.22,-2.9,-0.24,0.71
2018-12-20,8.02,8.29,8.38,8.02,109192,115489900.0,4.47,2.98,0.24,0.91
2018-12-21,8.26,7.83,8.35,7.7,154133,158347062.0,7.84,-5.55,-0.46,1.29
2018-12-24,7.87,8.4,8.44,7.84,171982,180181957.0,7.66,7.28,0.57,1.44
2018-12-25,8.37,8.52,8.54,8.05,163874,173864309.0,5.83,1.43,0.12,1.37
2018-12-26,8.5,8.12,8.5,8.12,116412,123542329.0,4.46,-4.69,-0.4,0.97
2018-12-27,8.31,7.87,8.35,7.84,125548,130624214.0,6.28,-3.08,-0.25,1.05
2018-12-28,7.89,7.71,8.0,7.54,168232,168047073.0,5.84,-2.03,-0.16,1.4
2019-01-02,7.72,7.49,7.73,7.44,94977,93910147.0,3.76,-2.85,-0.22,0.79
2019-01-03,7.49,7.23,7.51,7.21,104308,100285649.0,4.01,-3.47,-0.26,0.87
2019-01-04,7.0,7.55,7.62,6.89,170808,163941371.0,10.1,4.43,0.32,1.43
2019-01-07,7.67,7.89,7.98,7.54,142578,144032250.0,5.83,4.5,0.34,1.19
2019-01-08,7.79,7.81,7.95,7.75,92292,93811255.0,2.53,-1.01,-0.08,0.77
2019-01-09,7.87,7.93,8.15,7.78,139555,143960564.0,4.74,1.54,0.12,1.16
2019-01-10,7.96,8.03,8.34,7.92,172904,180300816.0,5.3,1.26,0.1,1.44
2019-01-11,8.03,7.93,8.1,7.77,119774,122525355.0,4.11,-1.25,-0.1,1.0
2019-01-14,7.89,7.78,7.92,7.75,82954,83959248.0,2.14,-1.89,-0.15,0.69
2019-01-15,7.75,8.05,8.05,7.62,141618,144106028.0,5.53,3.47,0.27,1.18
2019-01-16,8.01,7.84,8.13,7.81,113259,116360661.0,3.98,-2.61,-0.21,0.95
2019-01-17,7.82,7.61,7.86,7.61,103929,103846505.0,3.19,-2.93,-0.23,0.87
2019-01-18,7.68,7.88,7.94,7.57,118395,119168633.0,4.86,3.55,0.27,0.99
2019-01-21,7.98,7.94,8.13,7.81,152694,156826405.0,4.06,0.76,0.06,1.27
2019-01-22,7.94,7.07,7.94,6.93,392528,377761136.0,12.72,-10.96,-0.87,3.28
2019-01-23,7.01,6.92,7.14,6.72,183101,168786641.0,5.94,-2.12,-0.15,1.53
2019-01-24,6.94,7.26,7.41,6.91,226265,215670191.0,7.23,4.91,0.34,1.89
2019-01-25,7.26,7.15,7.44,7.09,149370,143308115.0,4.82,-1.52,-0.11,1.25
2019-01-28,7.24,7.26,7.49,7.16,135419,130659631.0,4.62,1.54,0.11,1.13
2019-01-29,7.26,7.22,7.34,6.79,155196,146126377.0,7.58,-0.55,-0.04,1.3
2019-01-30,7.12,8.17,8.17,7.12,582272,596442368.0,14.54,13.16,0.95,4.86
2019-01-31,8.03,8.03,8.35,7.88,415598,432281296.0,5.75,-1.71,-0.14,3.47
2019-02-01,8.26,8.92,9.06,8.07,508575,556485072.0,12.33,11.08,0.89,4.24
2019-02-11,8.98,9.34,9.67,8.98,386657,449724656.0,7.74,4.71,0.42,3.23
2019-02-12,9.35,9.36,9.53,9.21,226484,263666415.0,3.43,0.21,0.02,1.89
2019-02-13,9.37,9.53,9.54,9.24,258640,303594960.0,3.21,1.82,0.17,2.16
2019-02-14,9.41,10.04,10.57,9.3,361207,438632800.0,13.33,5.35,0.51,3.01
2019-02-15,9.94,9.79,9.94,9.6,221708,267548582.0,3.39,-2.49,-0.25,1.85
2019-02-18,9.84,10.3,10.34,9.79,224956,281112288.0,5.62,5.21,0.51,1.88
2019-02-19,10.33,9.82,10.67,9.61,323584,400472176.0,10.29,-4.66,-0.48,2.7
2019-02-20,9.74,9.94,10.07,9.65,233227,284144592.0,4.28,1.22,0.12,1.95
2019-02-21,9.84,9.79,10.54,9.69,392079,486283968.0,8.55,-1.51,-0.15,3.27
2019-02-22,9.79,10.87,11.0,9.79,463716,592028784.0,12.36,11.03,1.08,3.87
2019-02-25,11.09,11.91,12.19,10.98,589178,827503296.0,11.13,9.57,1.04,4.92
2019-02-26,11.91,11.54,12.55,11.49,415820,588112208.0,8.9,-3.11,-0.37,3.47
2019-02-27,11.57,10.97,11.68,10.75,358975,483115824.0,8.06,-4.94,-0.57,3.0
2019-02-28,10.99,11.11,11.36,10.8,216664,292322848.0,5.1,1.28,0.14,1.81
2019-03-01,11.16,11.84,12.04,10.99,226142,309226272.0,9.45,6.57,0.73,1.89
2019-03-04,12.04,12.2,12.95,11.79,428164,626498304.0,9.8,3.04,0.36,3.57
2019-03-05,12.04,13.37,13.59,11.95,399013,603539568.0,13.44,9.59,1.17,3.33
2019-03-06,13.37,13.26,13.85,12.82,255203,395666192.0,7.7,-0.82,-0.11,2.13
2019-03-07,12.99,12.8,13.14,12.3,464016,697482224.0,6.33,-3.47,-0.46,3.87
2019-03-08,12.24,12.54,13.54,11.99,444167,673230528.0,12.11,-2.03,-0.26,3.71
2019-03-11,12.85,13.26,13.47,12.72,328035,506925888.0,5.98,5.74,0.72,2.74
2019-03-12,13.41,13.17,13.72,12.9,325169,505802832.0,6.18,-0.68,-0.09,2.71
2019-03-13,13.24,12.6,13.24,12.47,245036,370793984.0,5.85,-4.33,-0.57,2.04
2019-03-14,12.66,12.2,12.89,11.87,235524,342829616.0,8.1,-3.17,-0.4,1.97
2019-03-15,12.29,12.46,12.79,12.22,200806,297520512.0,4.67,2.13,0.26,1.68
2019-03-18,12.57,12.51,12.66,12.16,241653,356278976.0,4.01,0.4,0.05,2.02
2019-03-19,12.52,13.99,13.99,12.49,624929,991718240.0,11.99,11.83,1.48,5.22
2019-03-20,14.0,13.32,14.03,12.96,498169,786065920.0,7.65,-4.79,-0.67,4.16
2019-03-21,13.38,13.51,13.98,13.09,295909,467188304.0,6.68,1.43,0.19,2.47
2019-03-22,13.49,13.15,13.69,12.94,217273,336828752.0,5.55,-2.66,-0.36,1.81
2019-03-25,12.75,12.73,13.14,12.66,179354,271905504.0,3.65,-3.19,-0.42,1.5
2019-03-26,12.61,11.72,12.87,11.48,379493,542326768.0,10.92,-7.93,-1.01,3.17
2019-03-27,11.91,11.66,11.99,11.27,213981,298453952.0,6.14,-0.51,-0.06,1.79
2019-03-28,11.66,11.53,12.17,11.4,224084,316941680.0,6.6,-1.11,-0.13,1.87
2019-03-29,11.68,12.03,12.13,11.52,208358,295348336.0,5.29,4.34,0.5,1.74
2019-04-01,12.41,12.67,12.77,12.14,271849,402192496.0,5.24,5.32,0.64,2.27
2019-04-02,12.81,12.54,13.06,12.41,222809,334631136.0,5.13,-1.03,-0.13,1.86
2019-04-03,12.44,12.42,12.62,12.18,211968,311607616.0,3.51,-0.96,-0.12,1.77
2019-04-04,12.52,12.36,12.84,12.31,206379,305389360.0,4.27,-0.48,-0.06,1.72
2019-04-08,12.49,11.58,12.49,11.35,360214,505558960.0,9.22,-6.31,-0.78,3.01
2019-04-09,11.43,11.48,11.88,11.28,211433,292466000.0,5.18,-0.86,-0.1,1.76
2019-04-10,11.34,11.55,11.72,11.2,279482,383396560.0,4.53,0.61,0.07,2.33
2019-04-11,11.67,11.29,11.67,10.95,261771,354164128.0,6.23,-2.25,-0.26,2.18
2019-04-12,11.33,11.46,11.48,11.13,168862,230051775.0,3.1,1.51,0.17,1.41
2019-04-15,11.61,11.09,11.72,11.09,232383,318776240.0,5.5,-3.23,-0.37,1.94
2019-04-16,10.99,11.41,11.51,10.87,204253,275963504.0,5.77,2.89,0.32,1.7
2019-04-17,11.44,11.59,11.64,11.25,254213,351560912.0,3.42,1.58,0.18,2.12
2019-04-18,11.57,11.76,12.03,11.31,322522,452692384.0,6.21,1.47,0.17,2.69
2019-04-19,11.79,11.69,11.79,11.41,153544,213578271.0,3.23,-0.6,-0.07,1.28
2019-04-22,11.77,11.37,11.99,11.31,174196,242909229.0,5.82,-2.74,-0.32,1.45
2019-04-23,11.37,10.96,11.37,10.87,153109,204978920.0,4.4,-3.61,-0.41,1.28
2019-04-24,10.99,11.16,11.19,10.69,170194,225179545.0,4.56,1.82,0.2,1.42
2019-04-25,11.04,10.44,11.14,10.43,154133,201923089.0,6.36,-6.45,-0.72,1.29
2019-04-26,10.33,10.53,10.79,10.3,176426,228108131.0,4.69,0.86,0.09,1.47
2019-04-29,10.49,10.55,10.85,10.37,152837,198059934.0,4.56,0.19,0.02,1.28
2019-04-30,10.53,10.49,10.78,10.32,117595,151384402.0,4.36,-0.57,-0.06,0.98
2019-05-06,10.02,9.21,10.02,9.21,186676,221516374.0,7.72,-12.2,-1.28,1.56
2019-05-07,9.2,8.98,9.34,8.59,240914,272283248.0,8.14,-2.5,-0.23,2.01
2019-05-08,8.61,9.1,9.33,8.5,194653,221584246.0,9.24,1.34,0.12,1.62
2019-05-09,9.13,9.69,10.03,9.13,280579,336370112.0,9.89,6.48,0.59,2.34
2019-05-10,9.81,10.12,10.3,9.32,268686,328968656.0,10.11,4.44,0.43,2.24
2019-05-13,9.89,9.57,9.98,9.47,154529,185873181.0,5.04,-5.43,-0.55,1.29
2019-05-14,9.42,9.49,9.78,9.42,110931,132178226.0,3.76,-0.84,-0.08,0.93
2019-05-15,9.64,9.91,9.97,9.5,156651,188803090.0,4.95,4.43,0.42,1.31
2019-05-16,9.84,9.75,9.91,9.63,106471,128486972.0,2.83,-1.61,-0.16,0.89
2019-05-17,9.84,9.54,10.24,9.46,157074,191620331.0,8.0,-2.15,-0.21,1.31
2019-05-20,9.55,9.69,9.92,9.4,156178,186160668.0,5.45,1.57,0.15,1.3
2019-05-21,9.7,9.7,9.85,9.32,170094,202271312.0,5.47,0.1,0.01,1.42
2019-05-22,9.73,9.73,9.97,9.57,133404,160895012.0,4.12,0.31,0.03,1.11
2019-05-23,10.07,9.79,10.18,9.73,225170,275566368.0,4.62,0.62,0.06,1.88
2019-05-24,9.5,9.13,9.6,9.02,177565,205848488.0,5.92,-6.74,-0.66,1.48
2019-05-27,9.18,9.92,10.07,9.08,254120,305619888.0,10.84,8.65,0.79,2.12
2019-05-28,10.03,9.83,10.07,9.76,138043,168275501.0,3.13,-0.91,-0.09,1.15
2019-05-29,9.81,9.72,10.0,9.61,147731,179361763.0,3.97,-1.12,-0.11,1.23
2019-05-30,9.73,9.42,9.75,9.21,154814,181002465.0,5.56,-3.09,-0.3,1.29
2019-05-31,9.53,10.25,10.47,9.49,391296,484950992.0,10.4,8.81,0.83,3.27
2019-06-03,10.48,10.13,10.57,10.01,219019,274161632.0,5.46,-1.17,-0.12,1.83
2019-06-04,10.13,9.91,10.31,9.79,164885,204066210.0,5.13,-2.17,-0.22,1.38
2019-06-05,10.05,10.19,10.33,9.94,226506,282573504.0,3.94,2.83,0.28,1.89
2019-06-06,10.22,9.64,10.25,9.57,186837,226304336.0,6.67,-5.4,-0.55,1.56
2019-06-10,9.71,9.84,9.98,9.65,106235,128159750.0,3.42,2.07,0.2,0.89
2019-06-11,9.87,10.28,10.41,9.59,174568,214910509.0,8.33,4.47,0.44,1.46
2019-06-12,10.2,10.44,10.44,10.13,166490,208021976.0,3.02,1.56,0.16,1.39
2019-06-13,10.47,10.23,10.47,10.12,144761,180228430.0,3.35,-2.01,-0.21,1.21
2019-06-14,10.14,9.82,10.28,9.82,129266,157870312.0,4.5,-4.01,-0.41,1.07
2019-06-17,9.76,9.66,9.92,9.54,86438,103016431.0,3.87,-1.63,-0.16,0.72
2019-06-18,9.85,9.79,10.08,9.69,90159,108985128.0,4.04,1.35,0.13,0.75
2019-06-19,10.19,10.02,10.34,9.98,158984,196848077.0,3.68,2.35,0.23,1.32
2019-06-20,10.07,10.28,10.45,9.98,167830,209095067.0,4.69,2.59,0.26,1.39
2019-06-21,10.57,10.91,11.12,10.52,267463,349930768.0,5.84,6.13,0.63,2.22
2019-06-24,10.89,10.77,10.97,10.73,129792,169320368.0,2.2,-1.28,-0.14,1.08
2019-06-25,10.82,10.8,10.89,10.49,135383,174417423.0,3.71,0.28,0.03,1.12
2019-06-26,10.71,10.6,10.85,10.57,85089,109601773.0,2.59,-1.85,-0.2,0.71
2019-06-27,10.63,10.66,10.91,10.59,139033,179866882.0,3.02,0.57,0.06,1.15
2019-06-28,10.64,10.48,10.69,10.33,94550,120271062.0,3.38,-1.69,-0.18,0.79
2019-07-01,10.77,10.93,11.01,10.7,162467,212767660.0,2.96,4.29,0.45,1.35
2019-07-02,10.92,10.57,11.05,10.5,177526,229130825.0,5.03,-3.29,-0.36,1.47
2019-07-03,10.57,10.35,10.57,10.31,96736,121907081.0,2.46,-2.08,-0.22,0.8
2019-07-04,10.44,10.24,10.48,10.12,107813,134273344.0,3.48,-1.06,-0.11,0.9
2019-07-05,10.24,10.28,10.32,10.14,61121,76120605.0,1.76,0.39,0.04,0.51
2019-07-08,10.15,9.64,10.15,9.59,144678,173244603.0,5.45,-6.23,-0.64,1.2
2019-07-09,9.62,9.66,9.71,9.5,57962,68444904.0,2.18,0.21,0.02,0.48
2019-07-10,9.7,9.49,9.75,9.47,77381,91435893.0,2.9,-1.76,-0.17,0.64
2019-07-11,9.73,9.61,9.98,9.58,147896,177630603.0,4.21,1.26,0.12,1.23
2019-07-12,9.71,9.86,9.94,9.62,85080,102383716.0,3.33,2.6,0.25,0.71
2019-07-15,9.65,10.07,10.24,9.56,138208,168551179.0,6.9,2.13,0.21,1.15
2019-07-16,10.07,9.93,10.14,9.85,67082,81793643.0,2.88,-1.39,-0.14,0.56
2019-07-17,9.93,9.95,10.12,9.88,63249,77218904.0,2.42,0.2,0.02,0.53
2019-07-18,9.86,9.66,9.92,9.65,66817,79788967.0,2.71,-2.91,-0.29,0.55
2019-07-19,9.76,9.7,9.86,9.61,68274,81432890.0,2.59,0.41,0.04,0.57
2019-07-22,9.69,9.42,9.78,9.3,87282,102333540.0,4.95,-2.89,-0.28,0.72
2019-07-23,9.48,9.41,9.57,9.21,106280,123188533.0,3.82,-0.11,-0.01,0.88
2019-07-24,9.43,9.62,9.74,9.43,169820,200837092.0,3.29,2.23,0.21,1.41
2019-07-25,9.67,9.87,9.93,9.57,122337,146824672.0,3.74,2.6,0.25,1.02
2019-07-26,9.8,10.28,10.39,9.77,203254,251091715.0,6.28,4.15,0.41,1.69
2019-07-29,10.26,10.61,10.69,10.18,169337,214277388.0,4.96,3.21,0.33,1.41
2019-07-30,10.59,10.91,11.14,10.59,292902,386051552.0,5.18,2.83,0.3,2.43
2019-07-31,10.85,10.91,11.18,10.85,167198,220894006.0,3.02,0.0,0.0,1.39
2019-08-01,10.99,10.99,11.23,10.86,155362,205072627.0,3.39,0.73,0.08,1.29
2019-08-02,10.74,11.09,11.18,10.64,203826,268737488.0,4.91,0.91,0.1,1.69
2019-08-05,11.12,10.88,11.56,10.84,262715,351548528.0,6.49,-1.89,-0.21,2.18
2019-08-06,10.59,10.76,10.93,10.46,226172,292160016.0,4.32,-1.1,-0.12,1.88
2019-08-07,10.98,10.45,10.99,10.35,166894,213514650.0,5.95,-2.88,-0.31,1.39
2019-08-08,10.62,10.47,10.72,10.29,126325,160885838.0,4.11,0.19,0.02,1.05
2019-08-09,10.6,10.35,10.95,10.28,138552,177141239.0,6.4,-1.15,-0.12,1.15
2019-08-12,10.44,11.0,11.04,10.37,179225,232325121.0,6.47,6.28,0.65,1.49
2019-08-13,10.79,10.98,11.08,10.57,190612,247439836.0,4.64,-0.18,-0.02,1.58
2019-08-14,11.15,10.86,11.2,10.73,214875,282412848.0,4.28,-1.09,-0.12,1.78
2019-08-15,10.53,11.44,11.48,10.49,248806,330101872.0,9.12,5.34,0.58,2.07
2019-08-16,11.39,11.34,11.68,11.26,218109,297805072.0,3.67,-0.87,-0.1,1.81
2019-08-19,11.62,12.21,12.47,11.39,332702,473284432.0,9.52,7.67,0.87,2.76
2019-08-20,12.16,12.23,12.35,12.0,178307,257021206.0,2.87,0.16,0.02,1.48
2019-08-21,12.2,12.55,12.94,12.1,279490,413740864.0,6.87,2.62,0.32,2.32
2019-08-22,12.6,12.41,12.69,12.19,168477,246113879.0,3.98,-1.12,-0.14,1.4
2019-08-23,12.4,12.09,12.49,12.01,161328,231839518.0,3.87,-2.58,-0.32,1.34
2019-08-26,11.78,11.87,12.24,11.7,157374,222876015.0,4.47,-1.82,-0.22,1.31
2019-08-27,11.87,11.87,12.19,11.71,215510,303965536.0,4.04,0.0,0.0,1.79
2019-08-28,11.81,11.74,11.95,11.6,152209,212865038.0,2.95,-1.1,-0.13,1.26
2019-08-29,11.74,11.56,11.83,11.5,130449,180369226.0,2.81,-1.53,-0.18,1.08
2019-08-30,11.68,11.34,11.95,11.17,220668,304613328.0,6.75,-1.9,-0.22,1.83
2019-09-02,11.23,11.75,11.92,11.23,154352,214326621.0,6.08,3.62,0.41,1.28
2019-09-03,11.83,11.8,11.88,11.54,158862,221168912.0,2.89,0.43,0.05,1.32
2019-09-04,11.71,12.03,12.22,11.71,204574,289906160.0,4.32,1.95,0.23,1.7
2019-09-05,12.11,12.05,12.31,11.97,194697,279353536.0,2.83,0.17,0.02,1.62
2019-09-06,12.13,12.05,12.39,11.86,153443,219769932.0,4.4,0.0,0.0,1.27
2019-09-09,12.21,12.44,12.45,11.89,229463,330503984.0,4.65,3.24,0.39,1.91
2019-09-10,12.45,12.02,12.53,11.99,216203,311138528.0,4.34,-3.38,-0.42,1.8
2019-09-11,12.1,11.69,12.14,11.5,229685,322619648.0,5.32,-2.75,-0.33,1.91
2019-09-12,11.75,11.81,12.04,11.67,170523,239881344.0,3.17,1.03,0.12,1.42
2019-09-16,11.91,11.69,11.93,11.55,165132,229992138.0,3.22,-1.02,-0.12,1.37
2019-09-17,11.64,11.19,11.67,11.09,161941,219071553.0,4.96,-4.28,-0.5,1.35
2019-09-18,11.25,11.29,11.44,11.07,150761,202315047.0,3.31,0.89,0.1,1.25
2019-09-19,11.28,11.53,11.57,11.14,143558,195600069.0,3.81,2.13,0.24,1.19
2019-09-20,11.5,11.79,11.89,11.47,181464,253164939.0,3.64,2.25,0.26,1.51
2019-09-23,11.81,12.28,12.29,11.6,346204,494438352.0,5.85,4.16,0.49,2.88
2019-09-24,12.28,12.29,12.46,12.08,271459,394032000.0,3.09,0.08,0.01,2.25
2019-09-25,12.35,12.61,12.86,12.21,441361,653673728.0,5.29,2.6,0.32,3.67
2019-09-26,12.64,11.97,12.75,11.79,337028,489016128.0,7.61,-5.08,-0.64,2.8
2019-09-27,12.23,13.07,13.27,12.08,446526,668088416.0,9.94,9.19,1.1,3.71
2019-09-30,12.99,12.68,13.11,12.45,312823,465788624.0,5.05,-2.98,-0.39,2.6
2019-10-08,12.31,12.52,12.66,12.19,266386,389199152.0,3.71,-1.26,-0.16,2.21
2019-10-09,12.42,13.14,13.19,12.33,259600,390559888.0,6.87,4.95,0.62,2.16
2019-10-10,13.05,13.42,13.6,13.02,289857,450587568.0,4.41,2.13,0.28,2.41
2019-10-11,13.31,12.9,13.41,12.87,212728,325319648.0,4.02,-3.87,-0.52,1.77
2019-10-14,12.97,13.28,13.36,12.92,205458,315380800.0,3.41,2.95,0.38,1.71
2019-10-15,13.2,12.89,13.87,12.89,271757,423919680.0,7.38,-2.94,-0.39,2.26
2019-10-16,13.14,12.96,13.64,12.95,254436,394058256.0,5.35,0.54,0.07,2.11
2019-10-17,12.79,12.54,13.12,12.47,208972,311547968.0,5.02,-3.24,-0.42,1.74
2019-10-18,12.67,11.92,12.67,11.9,191317,276250832.0,6.14,-4.94,-0.62,1.59
2019-10-21,11.98,12.08,12.17,11.74,124587,177539257.0,3.61,1.34,0.16,1.03
2019-10-22,12.26,12.21,12.28,11.96,105803,151526551.0,2.65,1.08,0.13,0.88
2019-10-23,12.22,11.97,12.24,11.94,92148,131456791.0,2.46,-1.97,-0.24,0.77
2019-10-24,11.89,12.09,12.12,11.75,81289,114837691.0,3.09,1.0,0.12,0.68
2019-10-25,12.03,11.88,12.03,11.44,177873,248515377.0,4.88,-1.74,-0.21,1.48
2019-10-28,11.84,12.12,12.33,11.79,202268,289859968.0,4.55,2.02,0.24,1.68
2019-10-29,12.14,12.33,12.64,12.14,201131,294611408.0,4.13,1.73,0.21,1.67
2019-10-30,12.33,12.7,12.79,12.15,173481,256132066.0,5.19,3.0,0.37,1.44
2019-10-31,12.69,12.49,12.82,12.34,121765,179826218.0,3.78,-1.65,-0.21,1.01
2019-11-01,12.73,12.73,12.86,12.47,174921,260153850.0,3.12,1.92,0.24,1.45
2019-11-04,12.76,12.61,12.88,12.59,146662,218864181.0,2.28,-0.94,-0.12,1.22
2019-11-05,12.67,13.06,13.06,12.22,295079,438350944.0,6.66,3.57,0.45,2.45
2019-11-06,13.02,12.89,13.06,12.64,190959,287698752.0,3.22,-1.3,-0.17,1.59
2019-11-07,12.79,13.02,13.27,12.74,188517,288302096.0,4.11,1.01,0.13,1.57
2019-11-08,13.05,12.88,13.21,12.87,122466,186952870.0,2.61,-1.08,-0.14,1.02
2019-11-11,12.86,12.69,13.23,12.59,129586,195530897.0,4.97,-1.48,-0.19,1.08
2019-11-12,12.59,12.6,12.76,12.34,109231,161250746.0,3.31,-0.71,-0.09,0.91
2019-11-13,12.69,12.79,12.8,12.44,111302,164996159.0,2.86,1.51,0.19,0.92
2019-11-14,12.73,12.98,13.04,12.5,125400,188147560.0,4.22,1.49,0.19,1.04
2019-11-15,12.91,12.5,13.04,12.49,96763,145066824.0,4.24,-3.7,-0.48,0.8
2019-11-18,12.46,12.35,12.59,12.28,103654,151753808.0,2.48,-1.2,-0.15,0.86
2019-11-19,12.4,12.48,12.61,12.19,132958,194341206.0,3.4,1.05,0.13,1.1
2019-11-20,12.49,12.21,12.71,12.2,126035,184360290.0,4.09,-2.16,-0.27,1.05
2019-11-21,12.08,11.77,12.08,11.62,205811,288836240.0,3.77,-3.6,-0.44,1.71
2019-11-22,11.84,11.44,11.95,11.29,187627,258822952.0,5.61,-2.8,-0.33,1.56
2019-11-25,11.45,11.17,11.52,11.08,139022,186378601.0,3.85,-2.36,-0.27,1.15
2019-11-26,11.19,11.06,11.32,11.06,99272,132532999.0,2.33,-0.98,-0.11,0.82
2019-11-27,11.06,11.34,11.43,10.99,169813,228453639.0,3.98,2.53,0.28,1.41
2019-11-28,11.3,11.46,11.47,11.15,125767,169964713.0,2.82,1.06,0.12,1.04
2019-11-29,11.46,11.33,11.46,11.09,83317,112591089.0,3.23,-1.13,-0.13,0.69
2019-12-02,11.3,11.44,11.64,11.27,104149,142617063.0,3.27,0.97,0.11,0.87
2019-12-03,11.29,11.63,11.68,11.28,124519,171136801.0,3.5,1.66,0.19,1.03
2019-12-04,11.62,11.75,11.85,11.49,116040,161434212.0,3.1,1.03,0.12,0.96
2019-12-05,11.85,11.84,11.94,11.61,147022,205789716.0,2.81,0.77,0.09,1.22
2019-12-06,11.77,11.86,11.97,11.71,112778,158230808.0,2.2,0.17,0.02,0.94
2019-12-09,11.93,12.14,12.39,11.87,225480,324449808.0,4.38,2.36,0.28,1.87
2019-12-10,11.96,12.16,12.29,11.84,177459,253759941.0,3.71,0.16,0.02,1.47
2019-12-11,12.19,12.04,12.65,12.02,208526,302815088.0,5.18,-0.99,-0.12,1.73
2019-12-12,12.06,12.32,12.51,12.03,209056,303333328.0,3.99,2.33,0.28,1.74
2019-12-13,12.38,12.32,12.48,12.04,233408,336505264.0,3.57,0.0,0.0,1.94
2019-12-16,12.33,12.67,12.75,12.13,238671,350679136.0,5.03,2.84,0.35,1.98
2019-12-17,12.66,12.74,12.87,12.49,223362,332204400.0,3.0,0.55,0.07,1.85
2019-12-18,12.83,12.69,13.05,12.59,196915,295348512.0,3.61,-0.39,-0.05,1.64
2019-12-19,12.79,13.0,13.19,12.69,242366,367952912.0,3.94,2.44,0.31,2.01
2019-12-20,12.98,12.46,13.07,12.45,244130,363221664.0,4.77,-4.15,-0.54,2.03
2019-12-23,12.24,12.2,12.67,12.14,191573,280190640.0,4.25,-2.09,-0.26,1.59
2019-12-24,12.32,12.87,13.03,12.21,264387,394836848.0,6.72,5.49,0.67,2.2
2019-12-25,12.91,14.38,14.38,12.9,803481,1305850432.0,11.5,11.73,1.51,6.67
2019-12-26,14.12,14.41,14.42,13.9,534862,875382128.0,3.62,0.21,0.03,4.44
2019-12-27,14.34,13.53,14.34,13.44,530727,850794224.0,6.25,-6.11,-0.88,4.41
2019-12-30,13.45,13.38,13.52,13.07,338037,525079472.0,3.33,-1.11,-0.15,2.81
2019-12-31,13.34,13.51,13.69,13.25,298237,466969952.0,3.29,0.97,0.13,2.48
2020-01-02,13.64,14.06,14.21,13.33,405850,653285184.0,6.51,4.07,0.55,3.37
2020-01-03,13.95,13.99,14.19,13.7,224132,362800560.0,3.49,-0.5,-0.07,1.86
2020-01-06,13.92,14.31,14.77,13.9,321699,535920160.0,6.22,2.29,0.32,2.67
2020-01-07,14.47,14.95,15.41,14.34,368585,632101328.0,7.48,4.47,0.64,3.06
2020-01-08,14.67,14.54,15.24,14.5,319944,543417520.0,4.95,-2.74,-0.41,2.66
2020-01-09,14.88,14.76,14.95,14.55,215253,364705152.0,2.75,1.51,0.22,1.79
2020-01-10,14.74,14.46,14.79,14.15,312783,520533024.0,4.34,-2.03,-0.3,2.6
2020-01-13,14.45,15.29,15.37,14.4,360400,620168592.0,6.71,5.74,0.83,2.99
2020-01-14,15.31,14.86,15.31,14.85,202600,348477104.0,3.01,-2.81,-0.43,1.68
2020-01-15,14.84,15.24,15.36,14.65,253644,437053984.0,4.78,2.56,0.38,2.11
2020-01-16,15.23,15.42,15.74,15.13,273814,481559728.0,4.0,1.18,0.18,2.27
2020-01-17,15.89,16.67,17.16,15.89,496345,939295072.0,8.24,8.11,1.25,4.12
2020-01-20,16.5,17.89,18.2,16.5,519019,1017568352.0,10.2,7.32,1.22,4.31
2020-01-21,17.68,17.58,18.23,17.51,382121,764020032.0,4.02,-1.73,-0.31,3.17
2020-01-22,17.29,19.04,19.47,17.19,454172,931282864.0,12.97,8.3,1.46,3.77
2020-01-23,18.47,17.34,19.23,17.01,479764,973473680.0,11.66,-8.93,-1.7,3.98
2020-02-03,15.39,15.39,15.75,15.39,408347,720375888.0,2.08,-11.25,-1.95,3.39
2020-02-04,15.59,17.14,17.15,15.59,466529,885215568.0,10.14,11.37,1.75,3.87
2020-02-05,17.14,17.29,18.28,16.91,386138,762193584.0,7.99,0.88,0.15,3.21
2020-02-06,16.94,18.02,18.24,16.7,363653,718217504.0,8.91,4.22,0.73,3.02
2020-02-07,17.82,18.62,18.76,17.48,374560,758659456.0,7.1,3.33,0.6,3.11
2020-02-10,18.19,18.41,18.91,17.84,308260,631934080.0,5.75,-1.13,-0.21,2.56
2020-02-11,18.4,18.11,18.54,17.7,252189,513174112.0,4.56,-1.63,-0.3,2.09
2020-02-12,19.28,19.94,20.14,18.64,644001,1400014672.0,8.28,10.1,1.83,5.35
2020-02-13,20.09,19.41,20.48,19.29,445911,979756144.0,5.97,-2.66,-0.53,3.7
2020-02-14,19.19,19.25,20.27,18.93,346099,753620336.0,6.9,-0.82,-0.16,2.87
2020-02-17,19.42,19.8,19.92,19.1,298056,649463984.0,4.26,2.86,0.55,2.47
2020-02-18,19.82,21.43,21.77,19.82,404604,933035440.0,9.85,8.23,1.63,3.36
2020-02-19,21.22,22.9,23.77,20.8,517874,1290408736.0,13.86,6.86,1.47,4.3
2020-02-20,23.32,25.41,25.41,22.19,520103,1365757552.0,14.06,10.96,2.51,4.32
2020-02-21,25.47,26.19,27.56,25.47,542701,1557440096.0,8.23,3.07,0.78,4.51
2020-02-24,25.44,26.5,27.09,25.09,539677,1522350384.0,7.64,1.18,0.31,4.48
2020-02-25,25.59,26.38,28.28,24.9,782192,2259056640.0,12.75,-0.45,-0.12,6.49
2020-02-26,25.29,23.52,26.07,23.52,566499,1501646560.0,9.67,-10.84,-2.86,4.7
2020-02-27,23.69,22.64,23.69,21.99,531692,1328900800.0,7.23,-3.74,-0.88,4.41
2020-02-28,20.79,21.39,22.6,20.79,534088,1277000016.0,7.99,-5.52,-1.25,4.43
2020-03-02,22.46,21.99,22.64,21.31,384145,931404592.0,6.22,2.81,0.6,3.19
2020-03-03,22.4,21.8,23.28,21.56,424048,1047209648.0,7.82,-0.86,-0.19,3.52
2020-03-04,21.19,21.23,21.79,20.48,342180,797563664.0,6.01,-2.61,-0.57,2.84
2020-03-05,21.64,21.61,21.99,20.85,318551,751513584.0,5.37,1.79,0.38,2.65
2020-03-06,21.12,21.17,21.76,20.95,177851,419098832.0,3.75,-2.04,-0.44,1.48
2020-03-09,20.6,19.31,21.09,19.26,346276,768636432.0,8.64,-8.79,-1.86,2.88
2020-03-10,19.53,20.82,20.92,19.36,376185,842737552.0,8.08,7.82,1.51,3.12
2020-03-11,20.94,19.78,21.29,19.66,350551,796478176.0,7.83,-5.0,-1.04,2.91
2020-03-12,19.19,19.42,20.08,18.84,267712,579890448.0,6.27,-1.82,-0.36,2.22
2020-03-13,18.51,21.19,21.58,18.43,583169,1323897376.0,16.22,9.11,1.77,4.84
2020-03-16,21.39,20.41,22.29,20.1,585966,1377715808.0,10.34,-3.68,-0.78,4.87
2020-03-17,21.49,21.81,21.98,20.29,523600,1222612064.0,8.28,6.86,1.4,4.35
2020-03-18,22.29,21.48,23.19,21.29,584099,1436494368.0,8.71,-1.51,-0.33,4.85
2020-03-19,21.2,22.86,23.04,20.8,489088,1179973968.0,10.43,6.42,1.38,4.06
2020-03-20,22.93,22.39,23.44,22.01,469102,1164814224.0,6.26,-2.06,-0.47,3.9
2020-03-23,21.35,19.94,22.29,19.93,397495,924285472.0,10.54,-10.94,-2.45,3.3
2020-03-24,20.6,18.86,20.74,17.91,491070,1050298976.0,14.19,-5.42,-1.08,4.08
2020-03-25,19.58,20.04,20.47,19.34,387284,857865440.0,5.99,6.26,1.18,3.22
2020-03-26,19.75,19.15,20.06,18.96,265337,574913696.0,5.49,-4.44,-0.89,2.2
2020-03-27,19.56,18.39,19.62,18.16,284060,597061840.0,7.62,-3.97,-0.76,2.36
2020-03-30,18.34,17.3,18.37,16.87,341198,666747760.0,8.16,-5.93,-1.09,2.83
2020-03-31,17.64,16.9,17.84,16.85,217350,424520976.0,5.72,-2.31,-0.4,1.8
2020-04-01,16.93,17.09,17.74,16.81,264915,516124112.0,5.5,1.12,0.19,2.2
2020-04-02,17.07,18.29,18.35,17.06,324832,647420592.0,7.55,7.02,1.2,2.7
2020-04-03,18.18,17.79,18.41,17.56,240065,483364448.0,4.65,-2.73,-0.5,1.99
2020-04-07,18.47,18.19,18.74,18.09,217442,447405728.0,3.65,2.25,0.4,1.81
2020-04-08,18.04,18.14,18.54,17.87,201472,410676288.0,3.68,-0.27,-0.05,1.67
2020-04-09,18.43,18.17,18.49,17.99,157317,321712000.0,2.76,0.17,0.03,1.31
2020-04-10,18.17,17.77,18.23,17.12,188775,375366704.0,6.11,-2.2,-0.4,1.57
2020-04-13,17.35,17.19,17.57,16.78,202240,390693984.0,4.45,-3.26,-0.58,1.68
2020-04-14,17.4,17.89,18.0,17.37,170881,339232256.0,3.66,4.07,0.7,1.42
2020-04-15,17.9,18.04,18.64,17.88,265683,543499920.0,4.25,0.84,0.15,2.21
2020-04-16,17.79,18.27,18.53,17.52,180980,369117504.0,5.6,1.27,0.23,1.5
2020-04-17,18.68,18.87,19.54,18.68,278422,592782080.0,4.71,3.28,0.6,2.31
2020-04-20,18.71,18.92,19.0,18.39,181970,380464480.0,3.23,0.26,0.05,1.51
2020-04-21,18.64,19.13,19.17,18.45,182207,381835104.0,3.81,1.11,0.21,1.51
2020-04-22,18.62,18.94,19.13,18.54,134682,283681968.0,3.08,-0.99,-0.19,1.12
2020-04-23,18.93,18.09,18.93,17.99,226115,462977584.0,4.96,-4.49,-0.85,1.88
2020-04-24,17.93,17.83,18.59,17.66,168050,339516000.0,5.14,-1.44,-0.26,1.4
2020-04-27,17.81,18.12,18.42,17.81,130073,264827942.0,3.42,1.63,0.29,1.08
2020-04-28,18.33,19.25,19.65,17.71,300439,633983216.0,10.71,6.24,1.13,2.49
2020-04-29,19.2,19.74,19.89,19.07,203114,444177152.0,4.26,2.55,0.49,1.69
2020-04-30,20.07,21.26,21.89,20.01,353074,814330000.0,9.52,7.7,1.52,2.93
2020-05-06,21.49,21.88,22.05,21.12,304387,726880064.0,4.37,2.92,0.62,2.53
2020-05-07,21.87,21.23,22.12,21.13,214994,509764640.0,4.52,-2.97,-0.65,1.79
2020-05-08,21.59,21.25,21.79,21.01,194213,458020432.0,3.67,0.09,0.02,1.61
2020-05-11,21.27,21.36,21.79,21.14,176482,417170384.0,3.06,0.52,0.11,1.47
2020-05-12,21.39,21.23,21.53,20.64,198642,463218416.0,4.17,-0.61,-0.13,1.65
2020-05-13,21.45,21.79,22.11,21.45,265555,637247744.0,3.11,2.64,0.56,2.21
2020-05-14,21.7,21.44,22.24,21.17,332221,792886032.0,4.91,-1.61,-0.35,2.76
2020-05-15,21.57,22.17,22.34,21.07,357421,861385744.0,5.92,3.4,0.73,2.97
2020-05-18,22.97,21.04,23.27,20.73,449540,1072465632.0,11.46,-5.1,-1.13,3.73
2020-05-19,21.32,22.02,22.09,20.98,335721,801185472.0,5.28,4.66,0.98,2.79
2020-05-20,21.88,21.8,23.06,21.61,366832,898799232.0,6.58,-1.0,-0.22,3.05
2020-05-21,22.09,21.78,22.65,21.7,357026,868108192.0,4.36,-0.09,-0.02,2.96
2020-05-22,21.73,20.52,21.77,20.19,342988,788955056.0,7.25,-5.79,-1.26,2.85
2020-05-25,20.29,19.72,20.56,19.44,210986,466271920.0,5.46,-3.9,-0.8,1.75
2020-05-26,19.92,20.42,20.42,19.86,189271,422584832.0,2.84,3.55,0.7,1.57
2020-05-27,20.29,19.11,20.4,19.0,310536,673263072.0,6.86,-6.42,-1.31,2.58
2020-05-28,19.29,19.0,19.34,18.55,230835,488247152.0,4.13,-0.58,-0.11,1.92
2020-05-29,18.88,19.19,19.33,18.72,179193,381490768.0,3.21,1.0,0.19,1.49
2020-06-01,19.39,20.26,20.67,19.31,324735,723578944.0,7.09,5.58,1.07,2.7
2020-06-02,20.49,20.64,20.84,20.15,242538,550320096.0,3.41,1.88,0.38,2.01
2020-06-03,20.55,20.18,20.86,20.03,262964,594821440.0,4.02,-2.23,-0.46,2.18
2020-06-04,20.31,19.9,20.5,19.83,182859,407972832.0,3.32,-1.39,-0.28,1.52
2020-06-05,20.01,20.28,20.52,19.72,189051,423796000.0,4.02,1.91,0.38,1.57
2020-06-08,20.5,20.29,20.75,20.12,177191,401469696.0,3.11,0.05,0.01,1.47
2020-06-09,20.09,20.31,20.39,19.74,157703,351690608.0,3.2,0.1,0.02,1.31
2020-06-10,20.21,19.94,20.3,19.54,187656,412566720.0,3.74,-1.82,-0.37,1.56
2020-06-11,19.84,20.78,21.81,19.7,387398,890252912.0,10.58,4.21,0.84,3.22
2020-06-12,20.28,20.26,20.7,20.02,263413,590869600.0,3.27,-2.5,-0.52,2.19
2020-06-15,19.99,19.58,20.19,19.39,250165,546927536.0,3.95,-3.36,-0.68,2.08
2020-06-16,19.89,20.32,20.32,19.82,192346,426147552.0,2.55,3.78,0.74,1.6
2020-06-17,20.34,19.91,20.41,19.54,198070,436162720.0,4.28,-2.02,-0.41,1.64
2020-06-18,19.89,20.16,20.35,19.7,179629,399817488.0,3.26,1.26,0.25,1.49
2020-06-19,20.17,20.71,20.99,19.91,294928,669289552.0,5.36,2.73,0.55,2.45
2020-06-22,20.73,21.81,22.27,20.61,428211,1020712560.0,8.02,5.31,1.1,3.55
2020-06-23,21.68,21.58,21.85,21.31,236959,561060000.0,2.48,-1.05,-0.23,1.96
2020-06-24,21.77,22.19,22.57,21.59,367681,889423520.0,4.54,2.83,0.61,3.05
2020-06-29,22.14,22.47,22.87,21.9,308114,758939792.0,4.37,1.26,0.28,2.55
2020-06-30,23.07,22.63,23.07,22.17,276063,683196576.0,4.01,0.71,0.16,2.29
2020-07-01,22.66,22.07,22.78,21.41,308945,749057088.0,6.05,-2.47,-0.56,2.56
2020-07-02,22.09,22.78,23.1,21.77,318472,789325648.0,6.03,3.22,0.71,2.64
2020-07-03,22.82,23.4,23.46,22.23,344244,862372256.0,5.4,2.72,0.62,2.85
2020-07-06,23.79,25.05,25.77,23.09,461607,1220190480.0,11.45,7.05,1.65,3.82
2020-07-07,25.05,25.09,26.09,25.05,371374,1027547792.0,4.15,0.16,0.04,3.08
2020-07-08,25.09,25.36,25.6,24.41,264548,719829904.0,4.74,1.08,0.27,2.19
2020-07-09,25.54,26.01,26.79,25.46,330523,933115808.0,5.24,2.56,0.65,2.74
2020-07-10,25.91,26.19,26.69,25.54,307494,868810928.0,4.42,0.69,0.18,2.55
2020-07-13,25.94,27.18,27.18,25.91,326417,937399168.0,4.85,3.78,0.99,2.7
2020-07-14,27.14,25.3,27.14,24.57,452180,1256570032.0,9.46,-6.92,-1.88,3.75
2020-07-15,25.39,24.73,25.88,24.3,355616,969090192.0,6.25,-2.25,-0.57,2.95
2020-07-16,24.89,22.29,24.99,22.19,420747,1075144896.0,11.32,-9.87,-2.44,3.49
2020-07-17,22.31,21.56,22.77,21.29,362604,871720512.0,6.64,-3.28,-0.73,3.0
2020-07-20,21.98,22.39,22.56,21.54,351606,849802608.0,4.73,3.85,0.83,2.91
2020-07-21,22.57,22.61,23.39,22.33,280411,696237040.0,4.73,0.98,0.22,2.32
2020-07-22,22.68,22.4,23.1,22.2,240189,594133920.0,3.98,-0.93,-0.21,1.99
2020-07-23,22.15,23.09,23.26,21.74,339251,838140288.0,6.79,3.08,0.69,2.81
2020-07-24,22.89,21.27,23.05,21.19,280042,678136928.0,8.06,-7.88,-1.82,2.32
2020-07-27,21.39,21.56,22.24,21.3,210068,500054672.0,4.42,1.36,0.29,1.74
2020-07-28,22.27,22.27,23.24,21.92,245005,605317024.0,6.12,3.29,0.71,2.03
2020-07-29,22.17,22.99,23.09,21.79,269077,664182896.0,5.84,3.23,0.72,2.23
2020-07-30,23.07,22.44,23.09,22.25,201647,496258192.0,3.65,-2.39,-0.55,1.67
2020-07-31,22.33,22.72,23.14,22.29,243316,602653232.0,3.79,1.25,0.28,2.02
2020-08-03,23.09,23.81,24.2,22.95,339181,872544240.0,5.5,4.8,1.09,2.81
2020-08-04,23.81,23.96,24.51,23.57,324328,845943360.0,3.95,0.63,0.15,2.69
2020-08-05,24.96,23.66,24.98,23.59,320431,835547440.0,5.8,-1.25,-0.3,2.66
2020-08-06,23.46,23.19,23.81,23.07,225429,573433536.0,3.13,-1.99,-0.47,1.87
2020-08-07,23.15,22.23,23.29,21.8,225771,553770960.0,6.43,-4.14,-0.96,1.87
2020-08-10,22.22,22.49,22.75,21.99,149255,365737008.0,3.42,1.17,0.26,1.24
2020-08-11,22.33,22.26,23.04,22.15,177805,440044816.0,3.96,-1.02,-0.23,1.47
2020-08-12,22.16,21.79,22.39,21.22,184557,437693824.0,5.26,-2.11,-0.47,1.53
2020-08-13,21.83,22.04,22.2,21.64,118758,285770448.0,2.57,1.15,0.25,0.98
2020-08-14,22.16,23.17,23.3,22.04,265109,663632864.0,5.72,5.13,1.13,2.2
2020-08-17,23.54,23.19,23.54,22.59,233322,586474720.0,4.1,0.09,0.02,1.93
2020-08-18,23.17,23.01,23.17,22.85,141200,354165008.0,1.38,-0.78,-0.18,1.17
2020-08-19,22.99,22.36,23.37,22.22,177568,443814816.0,5.0,-2.82,-0.65,1.47
2020-08-20,22.01,21.5,22.43,21.45,161820,387760688.0,4.38,-3.85,-0.86,1.34
2020-08-21,21.78,21.65,22.15,21.47,134998,322783664.0,3.16,0.7,0.15,1.12
2020-08-24,21.91,23.81,24.36,21.91,446142,1136068384.0,11.32,9.98,2.16,3.7
2020-08-25,23.53,23.54,23.85,23.19,263863,674808728.0,2.77,-1.13,-0.27,2.19
2020-08-26,23.63,21.99,23.8,21.68,363374,889440794.0,9.01,-6.58,-1.55,3.01
2020-08-27,22.22,24.27,24.75,22.05,638100,1662004788.0,12.28,10.37,2.28,5.29
2020-08-28,24.58,24.87,25.39,24.01,503807,1349071536.0,5.69,2.47,0.6,4.17
2020-08-31,25.01,23.95,25.13,23.43,501088,1300931792.0,6.84,-3.7,-0.92,4.15
2020-09-01,23.86,23.98,24.01,23.24,259971,669023556.0,3.22,0.13,0.03,2.15
2020-09-02,23.88,23.86,24.13,23.49,230903,597644053.0,2.67,-0.5,-0.12,1.91
2020-09-03,23.75,23.14,23.85,22.99,231508,588390311.0,3.6,-3.02,-0.72,1.92
2020-09-04,22.69,23.59,23.98,22.59,288001,736992378.0,6.01,1.94,0.45,2.39
2020-09-07,24.34,24.94,27.01,24.02,645530,1772308101.0,12.67,5.72,1.35,5.35
2020-09-08,24.89,25.84,26.59,24.4,602221,1678951612.0,8.78,3.61,0.9,4.99
2020-09-09,25.29,23.66,25.61,23.6,432616,1142351441.0,7.78,-8.44,-2.18,3.58
2020-09-10,24.02,24.63,24.79,22.77,486126,1267347150.0,8.54,4.1,0.97,4.03
2020-09-11,23.89,27.04,27.32,23.44,575006,1592396646.0,15.75,9.78,2.41,4.76
2020-09-14,27.45,28.8,29.33,26.47,673226,2036177722.0,10.58,6.51,1.76,5.58
2020-09-15,28.19,28.46,28.8,27.49,450147,1362572579.0,4.55,-1.18,-0.34,3.73
2020-09-16,28.59,27.83,30.11,27.59,504941,1561971426.0,8.85,-2.21,-0.63,4.18
2020-09-17,27.59,30.66,32.66,26.95,765444,2435913561.0,20.52,10.17,2.83,6.34
2020-09-18,30.59,30.04,31.32,29.57,530211,1719451659.0,5.71,-2.02,-0.62,4.39
2020-09-21,30.38,30.5,31.15,29.57,421050,1364486584.0,5.26,1.53,0.46,3.49
2020-09-22,29.9,28.29,30.27,28.27,471421,1463622864.0,6.56,-7.25,-2.21,3.91
2020-09-23,28.87,30.19,31.09,28.54,557282,1765037952.0,9.01,6.72,1.9,4.62
2020-09-24,29.41,28.13,29.47,27.6,498744,1520727552.0,6.19,-6.82,-2.06,4.13
2020-09-25,28.43,27.7,28.48,27.49,239218,718441555.0,3.52,-1.53,-0.43,1.98
2020-09-28,28.22,28.35,29.17,28.17,344022,1056732286.0,3.61,2.35,0.65,2.85
2020-09-29,28.72,28.09,29.29,28.09,249645,769186888.0,4.23,-0.92,-0.26,2.07
2020-09-30,29.29,28.54,30.41,28.48,427167,1344338245.0,6.87,1.6,0.45,3.54
2020-10-09,30.8,29.81,30.8,29.29,467373,1498366464.0,5.29,4.45,1.27,3.87
2020-10-12,29.89,30.72,30.77,28.3,628897,1983828689.0,8.29,3.05,0.91,5.21
2020-10-13,29.89,32.31,33.57,29.47,641930,2163886068.0,13.35,5.18,1.59,5.32
2020-10-14,31.73,31.69,32.27,30.89,403053,1359134996.0,4.27,-1.92,-0.62,3.34
2020-10-15,31.71,30.81,32.51,30.77,457297,1541977108.0,5.49,-2.78,-0.88,3.79
2020-10-16,30.79,29.05,30.99,28.87,453550,1442161264.0,6.88,-5.71,-1.76,3.76
2020-10-19,28.95,28.01,29.14,27.9,250210,765306736.0,4.27,-3.58,-1.04,2.07
2020-10-20,28.39,28.63,28.77,28.01,215161,657217536.0,2.71,2.21,0.62,1.78
2020-10-21,28.63,26.99,28.86,26.99,343873,1028775216.0,6.53,-5.73,-1.64,2.85
2020-10-22,27.43,26.99,27.76,26.45,218761,638227536.0,4.85,0.0,0.0,1.81
2020-10-23,26.99,26.2,27.35,26.02,231955,665048352.0,4.93,-2.93,-0.79,1.92
2020-10-26,26.19,26.77,26.95,25.87,180279,516153376.0,4.12,2.18,0.57,1.49
2020-10-27,26.49,26.97,27.16,26.35,161013,467009216.0,3.03,0.75,0.2,1.33
2020-10-28,26.97,27.56,27.85,26.49,223203,656127952.0,5.04,2.19,0.59,1.85
2020-10-29,26.87,27.42,28.15,26.74,216000,641984112.0,5.12,-0.51,-0.14,1.79
2020-10-30,27.54,26.89,28.29,26.78,254464,756397296.0,5.51,-1.93,-0.53,2.11
2020-11-02,27.2,27.88,27.99,26.49,219647,648200592.0,5.58,3.68,0.99,1.82
2020-11-03,28.08,27.92,28.49,27.63,217168,653930176.0,3.08,0.14,0.04,1.8
2020-11-04,27.97,26.87,28.22,26.84,240336,710227936.0,4.94,-3.76,-1.05,1.99
2020-11-05,27.32,28.57,28.57,27.09,298807,900284208.0,5.51,6.33,1.7,2.48
2020-11-06,28.79,27.96,28.83,27.78,230036,695620352.0,3.68,-2.14,-0.61,1.91
2020-11-09,28.09,29.72,30.05,28.09,414045,1299946432.0,7.01,6.29,1.76,3.43
2020-11-10,29.34,30.01,30.37,28.9,323305,1029364192.0,4.95,0.98,0.29,2.68
2020-11-11,29.61,28.55,30.21,28.29,249882,782243216.0,6.4,-4.87,-1.46,2.07
2020-11-12,28.9,27.46,29.09,27.1,221990,664998800.0,6.97,-3.82,-1.09,1.84
2020-11-13,27.33,27.45,27.84,27.0,144553,426561744.0,3.06,-0.04,-0.01,1.2
2020-11-16,27.55,26.57,27.68,26.37,221713,643253424.0,4.77,-3.21,-0.88,1.84
2020-11-17,26.52,25.15,26.69,24.15,381986,1038159536.0,9.56,-5.34,-1.42,3.17
2020-11-18,25.39,25.97,26.38,25.2,290712,816325152.0,4.69,3.26,0.82,2.41
2020-11-19,25.76,26.13,26.25,25.57,126853,357025792.0,2.62,0.62,0.16,1.05
2020-11-20,26.24,26.89,27.03,26.14,176703,510221440.0,3.41,2.91,0.76,1.46
2020-11-23,27.03,27.21,27.26,26.47,168363,489459648.0,2.94,1.19,0.32,1.4
2020-11-24,26.78,27.16,27.38,26.77,129011,377006912.0,2.24,-0.18,-0.05,1.07
2020-11-25,27.16,26.43,27.29,26.34,125386,361365824.0,3.5,-2.69,-0.73,1.04
2020-11-26,26.48,26.72,26.75,26.0,107540,307170432.0,2.84,1.1,0.29,0.89
2020-11-27,26.51,26.3,26.91,26.0,87803,250095782.0,3.41,-1.57,-0.42,0.73
2020-11-30,26.4,25.93,26.52,25.61,142780,401053840.0,3.46,-1.41,-0.37,1.18
2020-12-01,26.09,26.89,26.99,25.71,137678,395561888.0,4.94,3.7,0.96,1.14
2020-12-02,26.94,28.04,28.74,26.79,307420,926576272.0,7.25,4.28,1.15,2.55
2020-12-03,28.07,27.69,28.19,27.23,156734,466026896.0,3.42,-1.25,-0.35,1.3
2020-12-04,27.56,27.73,27.89,27.2,119284,354167072.0,2.49,0.14,0.04,0.99
2020-12-07,28.03,27.74,28.34,27.33,125761,375320976.0,3.64,0.04,0.01,1.04
2020-12-08,27.44,26.99,27.82,26.99,118524,348643968.0,2.99,-2.7,-0.75,0.98
2020-12-09,27.29,26.37,27.64,26.36,156461,458805776.0,4.74,-2.3,-0.62,1.3
2020-12-10,26.81,27.54,27.88,26.14,220412,645945744.0,6.6,4.44,1.17,1.83
2020-12-11,28.22,27.03,28.57,26.83,270766,806879616.0,6.32,-1.85,-0.51,2.24
2020-12-14,27.55,28.86,29.41,27.55,378221,1167094800.0,6.88,6.77,1.83,3.13
2020-12-15,28.58,29.52,29.55,28.47,329981,1030340496.0,3.74,2.29,0.66,2.73
2020-12-16,29.09,29.87,30.27,28.95,317061,1012097920.0,4.47,1.19,0.35,2.63
2020-12-17,29.97,29.67,30.14,28.87,193560,608780224.0,4.25,-0.67,-0.2,1.6
2020-12-18,29.98,30.04,30.64,29.48,228731,736523456.0,3.91,1.25,0.37,1.89
2020-12-21,30.59,30.79,31.46,30.32,264223,871782160.0,3.79,2.5,0.75,2.19
2020-12-22,30.77,29.82,31.27,29.78,256473,838083088.0,4.84,-3.15,-0.97,2.12
2020-12-23,30.41,31.16,32.08,30.39,329137,1100074400.0,5.67,4.49,1.34,2.73
2020-12-24,30.89,30.74,31.66,30.53,189372,627093088.0,3.63,-1.35,-0.42,1.57
2020-12-25,30.33,31.54,31.55,29.29,269490,878051376.0,7.35,2.6,0.8,2.23
2020-12-28,31.79,30.88,32.27,30.26,247967,821334704.0,6.37,-2.09,-0.66,2.05
2020-12-29,30.35,27.89,30.66,27.7,349322,1077668592.0,9.59,-9.68,-2.99,2.89
2020-12-30,28.37,28.27,28.49,27.45,291073,877792992.0,3.73,1.36,0.38,2.41
2020-12-31,28.69,27.97,29.07,27.38,266140,804732992.0,5.98,-1.06,-0.3,2.2
2021-01-04,28.52,30.19,30.36,27.99,320168,1014418256.0,8.47,7.94,2.22,2.65
2021-01-05,29.95,30.71,30.99,29.25,326348,1054404320.0,5.76,1.72,0.52,2.7
2021-01-06,30.69,29.99,30.78,29.29,237183,760626848.0,4.85,-2.34,-0.72,1.96
2021-01-07,30.2,32.55,33.34,30.19,506044,1718121040.0,10.5,8.54,2.56,4.19
2021-01-08,32.56,32.25,33.13,31.4,354059,1209298560.0,5.31,-0.92,-0.3,2.93
2021-01-11,32.69,31.99,34.0,31.12,471878,1643101184.0,8.93,-0.81,-0.26,3.91
2021-01-12,30.99,34.69,34.77,30.99,461975,1636395936.0,11.82,8.44,2.7,3.83
2021-01-13,34.49,34.85,35.72,33.69,428196,1573659392.0,5.85,0.46,0.16,3.55
2021-01-14,34.82,35.49,37.34,33.37,544264,2040634192.0,11.39,1.84,0.64,4.51
2021-01-15,35.29,34.09,35.49,32.89,331201,1203707872.0,7.33,-3.94,-1.4,2.74
2021-01-18,34.56,36.39,37.71,33.35,412939,1587218672.0,12.79,6.75,2.3,3.42
2021-01-19,36.2,36.87,38.26,35.84,390313,1530997792.0,6.65,1.32,0.48,3.23
2021-01-20,36.99,40.29,40.9,36.87,425871,1763028304.0,10.93,9.28,3.42,3.53
2021-01-21,40.89,40.76,43.68,40.14,550703,2402927952.0,8.79,1.17,0.47,4.56
2021-01-22,41.3,42.89,43.34,40.64,417373,1841328016.0,6.62,5.23,2.13,3.46
2021-01-25,42.34,41.12,43.47,40.59,398794,1758196896.0,6.71,-4.13,-1.77,3.3
2021-01-26,40.49,39.19,41.37,39.14,335260,1408644560.0,5.42,-4.69,-1.93,2.78
2021-01-27,40.54,41.89,43.07,38.06,575297,2444954416.0,12.78,6.89,2.7,4.77
2021-01-28,40.89,39.71,41.14,39.03,395644,1674040272.0,5.04,-5.2,-2.18,3.28
2021-01-29,40.19,38.03,41.35,36.89,371376,1525591040.0,11.23,-4.23,-1.68,3.08
2021-02-01,39.4,39.09,39.75,38.13,213096,877184128.0,4.26,2.79,1.06,1.77
2021-02-02,41.14,40.49,41.69,40.04,316015,1355927584.0,4.22,3.58,1.4,2.62
2021-02-03,40.34,39.21,41.05,38.86,252035,1055243536.0,5.41,-3.16,-1.28,2.09
2021-02-04,38.66,37.98,39.14,36.78,268736,1076012512.0,6.02,-3.14,-1.23,2.23
2021-02-05,38.69,38.17,40.72,38.0,261815,1084387648.0,7.16,0.5,0.19,2.17
2021-02-08,37.29,38.39,39.0,35.96,195987,781173008.0,7.96,0.58,0.22,1.62
2021-02-09,38.6,39.61,40.14,38.24,201676,837867584.0,4.95,3.18,1.22,1.67
2021-02-10,39.74,39.58,40.27,38.01,190444,790661920.0,5.71,-0.08,-0.03,1.58
2021-02-18,40.31,41.24,42.44,39.83,295946,1281314528.0,6.59,4.19,1.66,2.45
2021-02-19,40.89,39.99,40.99,38.57,204791,857354704.0,5.87,-3.03,-1.25,1.7
2021-02-22,39.57,38.13,40.15,37.89,258018,1056272416.0,5.65,-4.65,-1.86,2.14
2021-02-23,37.58,37.7,38.63,37.34,144693,578711424.0,3.38,-1.13,-0.43,1.2
2021-02-24,37.66,36.24,37.89,35.89,184419,715600240.0,5.31,-3.87,-1.46,1.53
2021-02-25,36.86,35.09,37.06,34.79,166946,631747680.0,6.26,-3.17,-1.15,1.38
2021-02-26,34.07,35.28,35.55,33.59,166849,615864912.0,5.59,0.54,0.19,1.38
2021-03-01,35.48,35.57,36.24,35.19,119289,451109888.0,2.98,0.82,0.29,0.99
2021-03-02,36.17,34.97,36.19,34.69,133663,498499936.0,4.22,-1.69,-0.6,1.11
2021-03-03,34.99,34.75,35.46,34.36,162509,599588288.0,3.15,-0.63,-0.22,1.35
2021-03-04,34.75,32.99,34.99,32.74,183625,656510800.0,6.47,-5.06,-1.76,1.52
2021-03-05,32.88,33.06,33.49,32.47,134774,474043664.0,3.09,0.21,0.07,1.12
2021-03-08,33.26,31.04,33.72,31.03,166273,569446352.0,8.14,-6.11,-2.02,1.38
2021-03-09,31.04,29.63,31.35,29.51,188549,612676000.0,5.93,-4.54,-1.41,1.56
2021-03-10,30.82,29.99,31.04,29.62,123094,396523440.0,4.79,1.21,0.36,1.02
2021-03-11,29.92,30.9,31.23,29.67,134238,439291312.0,5.2,3.03,0.91,1.11
2021-03-12,31.49,31.1,31.69,29.9,142072,466873664.0,5.79,0.65,0.2,1.18
2021-03-15,32.63,30.75,33.48,30.48,218074,733031104.0,9.65,-1.13,-0.35,1.81
2021-03-16,30.92,29.35,31.32,29.17,190328,608468224.0,6.99,-4.55,-1.4,1.58
2021-03-17,29.19,29.79,30.11,28.6,149983,476111280.0,5.14,1.5,0.44,1.24
2021-03-18,29.87,31.24,31.4,29.87,181833,599405536.0,5.14,4.87,1.45,1.51
2021-03-19,30.79,30.12,31.16,29.62,144768,469753648.0,4.93,-3.59,-1.12,1.2
2021-03-22,29.97,30.36,30.82,29.62,114406,369339488.0,3.98,0.8,0.24,0.95
2021-03-23,30.63,30.55,31.33,30.08,167972,551398864.0,4.12,0.63,0.19,1.39
2021-03-24,30.19,29.57,30.54,29.39,109123,348351584.0,3.76,-3.21,-0.98,0.9
2021-03-25,29.26,29.66,30.09,29.26,102819,327472912.0,2.81,0.3,0.09,0.85
2021-03-26,29.95,30.59,31.01,29.95,150523,492617328.0,3.57,3.14,0.93,1.25
2021-03-29,30.74,30.23,30.74,28.89,147101,472526256.0,6.05,-1.18,-0.36,1.22
2021-03-30,30.39,31.48,31.77,29.92,175407,583069632.0,6.12,4.13,1.25,1.45
2021-03-31,31.29,30.83,31.57,30.52,92633,305353296.0,3.34,-2.06,-0.65,0.77
2021-04-01,30.79,31.46,32.07,30.77,121688,409158176.0,4.22,2.04,0.63,1.01
2021-04-02,31.66,32.74,33.14,31.2,193613,671356768.0,6.17,4.07,1.28,1.6
2021-04-06,33.33,32.4,33.33,31.75,142140,489364384.0,4.83,-1.04,-0.34,1.18
2021-04-07,32.99,31.67,33.09,30.93,192259,647318560.0,6.67,-2.25,-0.73,1.59
2021-04-08,31.57,31.63,32.0,31.44,115217,390381904.0,1.77,-0.13,-0.04,0.95
2021-04-09,31.39,30.81,31.97,30.78,107531,357612816.0,3.76,-2.59,-0.82,0.89
2021-04-12,30.75,29.24,31.18,28.94,129294,412177088.0,7.27,-5.1,-1.57,1.07
2021-04-13,29.13,29.08,29.52,28.76,86430,270047248.0,2.6,-0.55,-0.16,0.72
2021-04-14,29.39,29.59,29.83,28.96,98295,310265824.0,2.99,1.75,0.51,0.81
2021-04-15,29.39,30.07,30.3,29.31,91210,291691088.0,3.35,1.62,0.48,0.76
2021-04-16,30.07,31.33,31.48,29.92,169988,560790528.0,5.19,4.19,1.26,1.41
2021-04-19,31.44,32.72,32.85,31.08,184049,633204240.0,5.65,4.44,1.39,1.52
2021-04-20,32.49,33.29,33.92,32.3,169753,601809664.0,4.95,1.74,0.57,1.41
2021-04-21,33.11,33.99,34.43,33.0,150907,542442896.0,4.3,2.1,0.7,1.25
2021-04-22,34.29,34.0,34.39,33.39,125853,452924784.0,2.94,0.03,0.01,1.04
2021-04-23,34.19,33.95,34.2,33.71,96727,348644144.0,1.44,-0.15,-0.05,0.8
2021-04-26,34.58,34.28,35.96,34.19,191600,710737520.0,5.21,0.97,0.33,1.59
2021-04-27,34.46,34.13,35.23,33.89,119557,436568032.0,3.91,-0.44,-0.15,0.99
2021-04-28,34.34,35.38,35.48,34.09,114782,425387376.0,4.07,3.66,1.25,0.95
2021-04-29,36.39,36.34,37.5,35.13,315701,1215451888.0,6.7,2.71,0.96,2.61
2021-04-30,35.99,36.57,36.97,35.58,148580,572614208.0,3.82,0.63,0.23,1.23
2021-05-06,36.71,35.96,37.31,34.98,171299,652767952.0,6.37,-1.67,-0.61,1.42
2021-05-07,36.0,35.76,36.78,35.29,133306,507493792.0,4.14,-0.56,-0.2,1.1
2021-05-10,35.69,34.09,35.76,33.76,191695,702563648.0,5.59,-4.67,-1.67,1.59
2021-05-11,35.27,33.97,35.27,33.19,115111,414853872.0,6.1,-0.35,-0.12,0.95
2021-05-12,33.93,34.42,34.59,33.17,101654,366711408.0,4.18,1.32,0.45,0.84
2021-05-13,33.89,33.89,34.14,33.31,73949,264916064.0,2.41,-1.54,-0.53,0.61
2021-05-14,34.12,34.79,35.09,33.89,95044,348172464.0,3.54,2.66,0.9,0.79
2021-05-17,34.71,37.02,37.24,34.6,195866,751591248.0,7.59,6.41,2.23,1.62
2021-05-18,36.78,37.71,38.19,36.44,150729,593967888.0,4.73,1.86,0.69,1.25
2021-05-19,38.37,37.98,38.47,37.4,105593,423720880.0,2.84,0.72,0.27,0.87
2021-05-20,37.64,38.7,39.01,37.45,105559,427197776.0,4.11,1.9,0.72,0.87
2021-05-21,38.57,38.34,39.07,37.73,84156,340486688.0,3.46,-0.93,-0.36,0.7
2021-05-24,38.39,38.39,38.69,37.64,78061,315074688.0,2.74,0.13,0.05,0.65
2021-05-25,38.3,39.5,39.77,38.1,118530,491361664.0,4.35,2.89,1.11,0.98
2021-05-26,39.12,38.68,39.42,37.67,118192,479685792.0,4.43,-2.08,-0.82,0.98
2021-05-27,38.79,40.57,40.65,38.49,134000,565621344.0,5.58,4.89,1.89,1.11
2021-05-28,39.94,39.3,40.49,38.99,168648,704043376.0,3.7,-3.13,-1.27,1.4
2021-05-31,39.86,40.96,41.07,39.04,121064,516244640.0,5.17,4.22,1.66,1.0
2021-06-01,40.68,40.96,41.04,39.91,105737,450890080.0,2.76,0.0,0.0,0.88
2021-06-02,41.24,40.75,41.34,39.94,92462,394405936.0,3.42,-0.51,-0.21,0.77
2021-06-03,40.69,39.77,41.23,39.59,119232,507371712.0,4.02,-2.4,-0.98,0.99
2021-06-04,39.88,41.31,42.27,39.78,161956,704671856.0,6.26,3.87,1.54,1.34
2021-06-07,41.31,40.56,42.1,40.39,102750,441569120.0,4.14,-1.82,-0.75,0.85
2021-06-08,41.06,40.09,41.09,38.76,202482,844179184.0,5.74,-1.16,-0.47,1.68
2021-06-09,40.1,40.49,40.65,39.46,93216,394103856.0,2.97,1.0,0.4,0.77
2021-06-10,40.49,42.15,42.69,40.02,159929,703183120.0,6.59,4.1,1.66,1.32
2021-06-11,42.88,41.69,42.88,41.36,91529,402789984.0,3.61,-1.09,-0.46,0.76
2021-06-15,41.82,41.83,42.37,41.14,100443,441015584.0,2.95,0.34,0.14,0.83
2021-06-16,41.84,39.49,42.02,39.44,110981,470633856.0,6.17,-5.59,-2.34,0.92
2021-06-17,40.16,41.38,41.9,39.09,177057,753704464.0,7.12,4.79,1.89,1.47
2021-06-18,41.49,42.1,42.75,41.09,130303,575540832.0,4.01,1.74,0.72,1.08
2021-06-21,42.39,47.79,48.54,41.71,286628,1393252272.0,16.22,13.52,5.69,2.37
2021-06-22,46.86,45.59,47.39,44.97,200912,963295376.0,5.06,-4.6,-2.2,1.66
2021-06-23,45.75,45.89,46.54,45.09,187532,899584928.0,3.18,0.66,0.3,1.55
2021-06-24,46.41,45.14,46.41,43.69,163683,767826480.0,5.93,-1.63,-0.75,1.36
2021-06-25,44.58,45.1,45.64,44.41,115335,543365584.0,2.72,-0.09,-0.04,0.96
2021-06-28,45.1,45.21,46.39,44.74,154421,737177696.0,3.66,0.24,0.11,1.28
2021-06-29,46.12,46.43,47.84,45.59,191439,930726592.0,4.98,2.7,1.22,1.59
2021-06-30,47.04,48.39,49.33,46.15,219028,1098006016.0,6.85,4.22,1.96,1.81
2021-07-01,49.15,45.68,49.15,45.68,154286,752739040.0,7.17,-5.6,-2.71,1.28
2021-07-02,44.93,45.3,46.75,44.72,142929,682879776.0,4.44,-0.83,-0.38,1.18
2021-07-05,45.87,46.19,47.21,45.3,123416,595756208.0,4.22,1.96,0.89,1.02
2021-07-06,46.42,45.22,47.24,44.41,157168,750618992.0,6.13,-2.1,-0.97,1.3
2021-07-07,45.02,47.72,48.32,44.34,196590,964764880.0,8.8,5.53,2.5,1.63
2021-07-08,47.72,48.22,50.37,47.38,189240,966150848.0,6.27,1.05,0.5,1.57
2021-07-09,49.47,48.4,49.52,46.22,196078,975020720.0,6.84,0.37,0.18,1.62
2021-07-12,48.92,51.22,52.56,48.33,225426,1195095680.0,8.74,5.83,2.82,1.87
2021-07-13,51.02,50.62,52.52,49.82,146804,775471712.0,5.27,-1.17,-0.6,1.22
2021-07-14,50.92,48.84,50.92,48.8,129050,665880480.0,4.19,-3.52,-1.78,1.07
2021-07-15,48.87,51.16,51.47,48.82,172583,903749136.0,5.43,4.75,2.32,1.43
2021-07-16,50.48,49.52,51.44,49.5,156197,816964096.0,3.79,-3.21,-1.64,1.29
2021-07-19,48.9,49.04,50.45,48.72,142141,729672080.0,3.49,-0.97,-0.48,1.18
2021-07-20,49.02,49.81,50.81,48.72,109384,565300048.0,4.26,1.57,0.77,0.91
2021-07-21,50.29,52.87,53.46,49.77,229994,1244723056.0,7.41,6.14,3.06,1.9
2021-07-22,53.32,53.34,53.83,51.47,171116,939262416.0,4.46,0.89,0.47,1.42
2021-07-23,53.41,57.22,61.35,53.39,332623,1977784720.0,14.92,7.27,3.88,2.75
2021-07-26,58.0,56.51,59.02,54.94,222097,1299744208.0,7.13,-1.24,-0.71,1.84
2021-07-27,56.52,56.08,60.8,55.92,298904,1796851232.0,8.64,-0.76,-0.43,2.48
2021-07-28,54.16,54.02,56.14,51.94,267835,1507393520.0,7.49,-3.67,-2.06,2.22
2021-07-29,56.04,62.34,64.02,54.72,341977,2095967232.0,17.22,15.4,8.32,2.83
2021-07-30,61.03,61.88,63.32,60.2,252499,1611295648.0,5.0,-0.74,-0.46,2.09
2021-08-02,64.65,65.42,68.87,61.64,432910,2884516608.0,11.68,5.72,3.54,3.58
2021-08-03,64.63,63.1,66.7,62.02,267591,1764366848.0,7.15,-3.55,-2.32,2.22
2021-08-04,62.07,65.22,66.43,62.02,270587,1795675920.0,6.99,3.36,2.12,2.24
2021-08-05,64.32,63.35,64.42,62.02,165273,1073620064.0,3.68,-2.87,-1.87,1.37
2021-08-06,63.52,63.51,65.4,62.34,147743,971020048.0,4.83,0.25,0.16,1.22
2021-08-09,63.19,59.77,63.53,58.62,234131,1454807040.0,7.73,-5.89,-3.74,1.94
2021-08-10,59.99,59.76,61.37,58.64,192175,1192007792.0,4.57,-0.02,-0.01,1.59
2021-08-11,60.22,62.4,63.24,59.76,204761,1311503728.0,5.82,4.42,2.64,1.7
2021-08-12,62.42,63.07,65.69,62.13,200384,1324806672.0,5.71,1.07,0.67,1.66
2021-08-13,62.28,60.02,63.01,59.77,164439,1039423840.0,5.14,-4.84,-3.05,1.36
2021-08-16,59.67,58.96,61.08,58.2,156649,961707888.0,4.8,-1.77,-1.06,1.3
2021-08-17,58.61,57.4,59.78,56.38,191295,1139117168.0,5.77,-2.65,-1.56,1.58
2021-08-18,58.12,57.02,58.6,56.11,157313,934995760.0,4.34,-0.66,-0.38,1.3
2021-08-19,56.9,58.51,59.17,56.19,139624,836334560.0,5.23,2.61,1.49,1.16
2021-08-20,58.52,58.98,59.9,57.83,130829,798368912.0,3.54,0.8,0.47,1.08
2021-08-23,59.13,61.01,61.85,58.31,171826,1072937552.0,6.0,3.44,2.03,1.42
2021-08-24,61.39,60.8,62.32,59.63,150379,946050912.0,4.41,-0.34,-0.21,1.25
2021-08-25,60.7,62.12,62.98,59.02,144497,910550752.0,6.51,2.17,1.32,1.2
2021-08-26,62.1,66.42,67.7,61.84,262642,1768554832.0,9.43,6.92,4.3,2.17
2021-08-27,65.63,69.78,70.22,65.12,256543,1801369408.0,7.68,5.06,3.36,2.12
2021-08-30,69.72,74.82,77.76,69.67,304363,2334379584.0,11.59,7.22,5.04,2.52
2021-08-31,75.02,75.69,75.69,72.7,166790,1269061808.0,4.0,1.16,0.87,1.38
2021-09-01,81.28,74.88,83.01,70.32,331849,2570782144.0,16.77,-1.07,-0.81,2.75
2021-09-02,74.82,75.47,78.52,74.23,199432,1549675744.0,5.73,0.79,0.59,1.65
2021-09-03,73.97,73.02,78.32,72.33,220864,1697906352.0,7.94,-3.25,-2.45,1.83
2021-09-06,72.48,71.88,73.81,69.72,203983,1506567616.0,5.6,-1.56,-1.14,1.69
2021-09-07,71.6,72.13,74.87,70.9,147359,1094418032.0,5.52,0.35,0.25,1.22
2021-09-08,72.52,68.53,72.97,67.82,215737,1534835456.0,7.14,-4.99,-3.6,1.79
2021-09-09,69.52,67.95,69.52,66.42,175233,1218224832.0,4.52,-0.85,-0.58,1.45
2021-09-10,69.02,73.31,73.87,67.9,245663,1798877776.0,8.79,7.89,5.36,2.03
2021-09-13,73.89,68.97,74.01,67.92,219244,1572474192.0,8.31,-5.92,-4.34,1.82
2021-09-14,68.03,68.62,71.39,67.81,151934,1081740256.0,5.19,-0.51,-0.35,1.26
2021-09-15,68.35,69.54,70.88,68.03,123490,884704224.0,4.15,1.34,0.92,1.02
2021-09-16,68.45,67.52,69.62,67.02,160585,1129221984.0,3.74,-2.9,-2.02,1.33
2021-09-17,66.92,65.74,68.9,63.41,167546,1127601616.0,8.13,-2.64,-1.78,1.39
2021-09-22,63.59,66.26,67.52,63.48,110073,749700016.0,6.15,0.79,0.52,0.91
2021-09-23,66.88,66.02,66.98,65.07,102216,694891792.0,2.88,-0.36,-0.24,0.85
2021-09-24,65.38,66.23,68.52,64.83,142207,977463104.0,5.59,0.32,0.21,1.18
2021-09-27,66.23,65.76,68.87,63.66,131779,898173552.0,7.87,-0.71,-0.47,1.09
2021-09-28,64.74,64.44,66.92,63.62,99627,666567680.0,5.02,-2.01,-1.32,0.83
2021-09-29,62.13,61.97,64.58,61.02,139658,902467632.0,5.52,-3.83,-2.47,1.16
2021-09-30,62.31,62.37,63.47,60.71,94302,607990112.0,4.45,0.65,0.4,0.78
2021-10-08,63.02,60.73,63.3,60.02,113553,718662416.0,5.26,-2.63,-1.64,0.94
2021-10-11,60.3,60.52,62.1,59.22,92009,575749376.0,4.74,-0.35,-0.21,0.76
2021-10-12,60.52,59.32,61.89,58.62,95941,593863824.0,5.4,-1.98,-1.2,0.79
2021-10-13,59.32,61.54,61.59,59.02,95114,592432272.0,4.33,3.74,2.22,0.79
2021-10-14,61.07,69.25,69.5,60.72,256549,1769519936.0,14.27,12.53,7.71,2.12
2021-10-15,70.02,70.25,72.09,68.7,172474,1246630480.0,4.9,1.44,1.0,1.43
2021-10-18,71.57,74.11,74.44,70.53,219582,1647209056.0,5.57,5.49,3.86,1.82
2021-10-19,74.69,74.35,74.9,72.69,123358,938331344.0,2.98,0.32,0.24,1.02
2021-10-20,74.38,73.7,76.0,73.3,112318,855976304.0,3.63,-0.87,-0.65,0.93
2021-10-21,74.02,73.02,74.3,71.68,142789,1069337920.0,3.55,-0.92,-0.68,1.18
2021-10-22,73.18,71.52,73.7,71.31,95355,706594864.0,3.27,-2.05,-1.5,0.79
2021-10-25,71.92,72.98,73.97,71.14,121629,911586480.0,3.96,2.04,1.46,1.01
2021-10-26,72.49,72.24,73.7,70.03,133478,989931840.0,5.03,-1.01,-0.74,1.11
2021-10-27,73.92,72.97,74.0,71.68,122074,915435664.0,3.21,1.01,0.73,1.01
2021-10-28,73.01,73.03,74.6,72.22,146228,1103077360.0,3.26,0.08,0.06,1.21
2021-10-29,73.32,74.43,76.5,71.02,151203,1140525696.0,7.5,1.92,1.4,1.25
2021-11-01,74.43,73.67,75.52,71.38,147373,1112561744.0,5.56,-1.02,-0.76,1.22
2021-11-02,72.04,74.77,77.64,72.04,183572,1412524608.0,7.6,1.49,1.1,1.52
2021-11-03,73.52,74.63,76.3,73.52,117512,903226720.0,3.72,-0.19,-0.14,0.97
2021-11-04,74.88,74.38,76.22,73.74,104654,802820384.0,3.32,-0.33,-0.25,0.87
2021-11-05,74.38,77.03,78.62,73.57,163621,1283947904.0,6.79,3.56,2.65,1.35
2021-11-08,76.25,77.52,77.9,74.82,118974,935048352.0,4.0,0.64,0.49,0.99
2021-11-09,80.04,75.65,80.6,75.02,139694,1103275536.0,7.2,-2.41,-1.87,1.16
2021-11-10,75.02,77.7,78.52,74.9,108969,863153840.0,4.79,2.71,2.05,0.9
2021-11-11,77.31,79.13,79.41,76.12,106061,848335712.0,4.23,1.84,1.43,0.88
2021-11-12,79.12,80.75,81.25,77.97,128184,1047548192.0,4.15,2.05,1.62,1.06
2021-11-15,81.61,73.82,81.88,73.58,213910,1672408288.0,10.28,-8.58,-6.93,1.77
2021-11-16,72.62,72.17,73.88,71.63,168824,1255533776.0,3.05,-2.24,-1.65,1.4
2021-11-17,72.09,72.02,73.17,70.87,113984,841872224.0,3.19,-0.21,-0.15,0.94
2021-11-18,71.91,69.58,71.91,68.32,170163,1220461904.0,4.98,-3.39,-2.44,1.41
2021-11-19,69.56,70.06,70.91,67.81,180188,1282894560.0,4.46,0.69,0.48,1.49
2021-11-22,70.13,74.5,74.95,69.52,202982,1514346432.0,7.75,6.34,4.44,1.68
2021-11-23,73.83,69.26,73.83,69.09,193032,1407453792.0,6.36,-7.03,-5.24,1.6
2021-11-24,67.72,65.96,69.26,65.62,207247,1432952432.0,5.26,-4.76,-3.3,1.72
2021-11-25,65.64,64.84,66.85,64.61,134520,907487088.0,3.4,-1.7,-1.12,1.11
2021-11-26,65.02,66.23,67.28,64.62,105693,720701120.0,4.1,2.14,1.39,0.88
2021-11-29,65.9,68.57,68.81,65.63,138868,971840128.0,4.8,3.53,2.34,1.15
2021-11-30,69.52,69.85,69.85,67.32,107077,757412784.0,3.69,1.87,1.28,0.89
2021-12-01,69.52,66.94,69.52,66.52,160572,1111982128.0,4.29,-4.17,-2.91,1.33
2021-12-02,66.51,66.96,67.8,65.93,91171,627480736.0,2.79,0.03,0.02,0.75
2021-12-03,66.08,66.22,67.3,65.0,136353,927511712.0,3.43,-1.11,-0.74,1.13
2021-12-06,68.38,66.03,69.45,66.03,146033,1015077392.0,5.16,-0.29,-0.19,1.21
2021-12-07,67.01,66.05,69.0,65.03,128769,880712304.0,6.01,0.03,0.02,1.07
2021-12-08,66.9,68.9,69.42,66.44,159655,1121150960.0,4.51,4.31,2.85,1.32
2021-12-09,68.9,68.82,69.02,67.42,122399,858647744.0,2.32,-0.12,-0.08,1.01
2021-12-10,68.31,73.31,74.01,68.31,304745,2255811440.0,8.28,6.52,4.49,2.52
2021-12-13,73.85,73.12,73.85,69.83,228936,1698582512.0,5.48,-0.26,-0.19,1.9
2021-12-14,72.36,71.67,72.71,71.23,120404,889165824.0,2.02,-1.98,-1.45,1.0
2021-12-15,70.82,70.32,71.57,70.25,104801,762438800.0,1.84,-1.88,-1.35,0.87
2021-12-16,71.02,70.75,71.14,69.85,53718,389221136.0,1.83,0.61,0.43,0.44
2021-12-17,70.47,68.75,70.47,68.55,84613,602718672.0,2.71,-2.83,-2.0,0.7
2021-12-20,68.22,66.77,69.22,66.1,80826,559820464.0,4.54,-2.88,-1.98,0.67
2021-12-21,66.5,66.22,68.15,64.92,88925,605732608.0,4.84,-0.82,-0.55,0.74
2021-12-22,66.41,67.58,68.53,65.17,115552,800395232.0,5.07,2.05,1.36,0.96
2021-12-23,67.37,68.5,69.52,66.92,70978,499877152.0,3.85,1.36,0.92,0.59
2021-12-24,69.18,67.44,69.32,65.83,63694,439638912.0,5.09,-1.55,-1.06,0.53
2021-12-27,66.67,66.06,67.43,65.29,96896,659243696.0,3.17,-2.05,-1.38,0.8
2021-12-28,66.02,66.7,66.93,65.04,81586,554713664.0,2.86,0.97,0.64,0.68
2021-12-29,66.4,66.02,67.99,64.43,98152,667056032.0,5.34,-1.02,-0.68,0.81
2021-12-30,65.66,64.72,66.95,64.7,108677,732068624.0,3.41,-1.97,-1.3,0.9
2021-12-31,65.45,67.52,68.39,65.4,195863,1356842816.0,4.62,4.33,2.8,1.62
2022-01-04,67.52,62.65,68.08,62.02,261214,1712285504.0,8.98,-7.21,-4.87,2.16
2022-01-05,63.22,59.68,63.4,58.32,200295,1245506784.0,8.11,-4.74,-2.97,1.66
2022-01-06,57.63,58.46,59.52,57.12,161867,977138576.0,4.02,-2.04,-1.22,1.34
2022-01-07,58.56,56.76,59.48,55.68,164408,966928064.0,6.5,-2.91,-1.7,1.36
2022-01-10,56.62,54.69,56.62,54.02,160042,910804976.0,4.58,-3.65,-2.07,1.32
2022-01-11,54.61,54.47,55.25,53.88,130918,739881552.0,2.51,-0.4,-0.22,1.08
2022-01-12,54.8,57.11,57.23,54.2,157888,916006656.0,5.56,4.85,2.64,1.31
2022-01-13,57.47,57.48,59.68,55.4,189130,1130929280.0,7.49,0.65,0.37,1.57
2022-01-14,57.12,59.27,61.01,57.02,170011,1050849200.0,6.94,3.11,1.79,1.41
2022-01-17,60.21,60.87,61.59,59.68,114468,717402432.0,3.22,2.7,1.6,0.95
2022-01-18,60.51,60.49,61.38,59.76,85299,531545920.0,2.66,-0.62,-0.38,0.71
2022-01-19,60.41,59.01,60.41,58.67,84163,515051328.0,2.88,-2.45,-1.48,0.7
2022-01-20,59.5,58.32,59.96,57.91,82795,500864784.0,3.47,-1.17,-0.69,0.69
2022-01-21,58.34,57.37,58.97,56.83,70139,418691568.0,3.67,-1.63,-0.95,0.58
2022-01-24,57.34,59.42,60.02,57.04,86524,525391312.0,5.19,3.57,2.05,0.72
2022-01-25,59.27,58.79,60.72,58.77,85574,528924944.0,3.28,-1.06,-0.63,0.71
2022-01-26,58.72,59.52,59.75,57.9,63846,388035824.0,3.15,1.24,0.73,0.53
2022-01-27,59.37,56.22,59.37,56.03,142444,839417216.0,5.61,-5.54,-3.3,1.18
2022-01-28,56.26,55.31,57.36,54.82,111046,640475328.0,4.52,-1.62,-0.91,0.92
2022-02-07,56.62,57.45,58.29,55.82,105016,620250624.0,4.47,3.87,2.14,0.87
2022-02-08,58.02,53.83,58.02,53.18,123478,695862496.0,8.42,-6.3,-3.62,1.02
2022-02-09,53.77,55.25,55.47,52.72,122965,690739440.0,5.11,2.64,1.42,1.02
2022-02-10,55.22,55.12,55.82,53.63,98337,555194864.0,3.96,-0.24,-0.13,0.81
2022-02-11,54.02,52.06,54.45,51.9,119117,655303600.0,4.63,-5.55,-3.06,0.99
2022-02-14,51.16,52.32,53.72,50.86,124310,676185648.0,5.49,0.5,0.26,1.03
2022-02-15,53.22,55.07,55.12,52.32,122147,688628256.0,5.35,5.26,2.75,1.01
2022-02-16,55.46,54.96,55.72,54.36,64341,366866992.0,2.47,-0.2,-0.11,0.53
2022-02-17,54.82,57.2,58.38,54.82,103941,612631440.0,6.48,4.08,2.24,0.86
2022-02-18,56.89,55.12,57.47,54.41,99806,573134288.0,5.35,-3.64,-2.08,0.83
2022-02-21,55.05,55.33,55.51,53.94,70433,400872176.0,2.85,0.38,0.21,0.58
2022-02-22,55.02,58.12,58.32,54.32,147553,874390576.0,7.23,5.04,2.79,1.22
2022-02-23,58.55,60.59,61.85,58.13,189161,1186422768.0,6.4,4.25,2.47,1.57
2022-02-24,60.72,60.58,62.2,59.72,97235,611655328.0,4.09,-0.02,-0.01,0.8
2022-02-25,62.09,61.62,62.61,60.09,98593,628004080.0,4.16,1.72,1.04,0.82
2022-02-28,61.7,63.02,63.22,61.27,102018,657592448.0,3.16,2.27,1.4,0.84
2022-03-01,63.19,62.3,64.16,61.7,100724,647603712.0,3.9,-1.14,-0.72,0.83
2022-03-02,61.62,61.4,61.96,60.68,60666,383859824.0,2.05,-1.44,-0.9,0.5
2022-03-03,61.86,60.16,62.01,59.82,71347,446728240.0,3.57,-2.02,-1.24,0.59
2022-03-04,60.0,60.2,61.72,59.73,74573,466442656.0,3.31,0.07,0.04,0.62
2022-03-07,59.31,58.76,60.62,58.42,85190,522744048.0,3.65,-2.39,-1.44,0.7
2022-03-08,58.75,58.46,60.67,58.32,131765,809553472.0,4.0,-0.51,-0.3,1.09
2022-03-09,60.02,58.7,61.62,56.02,165000,1005316288.0,9.58,0.41,0.24,1.37
2022-03-10,60.62,60.95,62.25,59.68,147458,929368432.0,4.38,3.83,2.25,1.22
2022-03-11,59.96,60.85,61.28,58.66,101973,634238432.0,4.3,-0.16,-0.1,0.84
2022-03-14,59.77,57.68,60.9,57.53,124483,753800496.0,5.54,-5.21,-3.17,1.03
2022-03-15,57.02,55.45,58.3,55.2,132598,777597712.0,5.37,-3.87,-2.23,1.1
2022-03-16,56.55,57.47,58.12,53.27,140312,811008224.0,8.75,3.64,2.02,1.16
2022-03-17,58.68,59.32,60.67,57.74,133151,819843856.0,5.1,3.22,1.85,1.1
2022-03-18,59.17,58.17,59.46,57.11,75781,454935920.0,3.96,-1.94,-1.15,0.63
2022-03-21,58.42,61.04,62.48,58.27,99904,629749456.0,7.24,4.93,2.87,0.83
2022-03-22,60.43,60.02,61.0,59.44,80090,497123408.0,2.56,-1.67,-1.02,0.66
2022-03-23,60.61,59.81,61.12,59.12,60048,372188448.0,3.33,-0.35,-0.21,0.5
2022-03-24,59.48,59.82,60.5,57.81,54241,331327328.0,4.5,0.02,0.01,0.45
2022-03-25,59.47,57.84,61.0,57.72,64158,389304784.0,5.48,-3.31,-1.98,0.53
2022-03-28,57.48,57.04,58.8,56.05,53252,316485584.0,4.75,-1.38,-0.8,0.44
2022-03-29,57.17,57.12,57.97,56.07,50250,296688112.0,3.33,0.14,0.08,0.42
2022-03-30,57.42,58.82,58.88,56.4,54639,328272896.0,4.34,2.98,1.7,0.45
2022-03-31,58.34,58.02,58.84,57.18,50505,303106992.0,2.82,-1.36,-0.8,0.42
2022-04-01,58.03,57.0,58.32,57.0,50081,298172528.0,2.28,-1.76,-1.02,0.41
2022-04-06,55.68,55.01,56.62,54.53,75632,432889696.0,3.67,-3.49,-1.99,0.63
2022-04-07,54.04,53.9,55.31,53.53,54413,305351904.0,3.24,-2.02,-1.11,0.45
2022-04-08,55.02,53.12,55.12,52.83,56924,317185200.0,4.25,-1.45,-0.78,0.47
2022-04-11,52.35,50.62,52.82,50.54,73510,390628896.0,4.29,-4.71,-2.5,0.61
2022-04-12,50.63,50.13,51.28,48.72,105928,547555008.0,5.06,-0.97,-0.49,0.88
2022-04-13,50.02,49.73,51.41,48.94,65266,341352048.0,4.93,-0.8,-0.4,0.54
2022-04-14,50.11,50.28,50.7,49.37,66990,348314992.0,2.67,1.11,0.55,0.55
2022-04-15,49.59,49.3,50.16,48.99,44214,227290751.0,2.33,-1.95,-0.98,0.37
2022-04-18,49.02,52.29,52.81,48.68,78856,419351520.0,8.38,6.06,2.99,0.65
2022-04-19,52.54,52.72,54.0,52.02,68088,374243712.0,3.79,0.82,0.43,0.56
2022-04-20,52.81,50.92,54.02,50.82,56134,302351584.0,6.07,-3.41,-1.8,0.46
2022-04-21,50.69,49.12,52.24,48.99,57959,303197504.0,6.38,-3.53,-1.8,0.48
2022-04-22,49.38,47.45,49.38,47.16,80149,399485808.0,4.52,-3.4,-1.67,0.66
2022-04-25,46.97,42.72,47.33,42.02,157664,737922144.0,11.19,-9.97,-4.73,1.3
2022-04-26,43.0,42.05,43.51,41.52,98261,438233616.0,4.66,-1.57,-0.67,0.81
2022-04-27,41.42,45.32,45.67,40.22,167412,754248512.0,12.96,7.78,3.27,1.39
2022-04-28,44.75,46.61,46.72,44.5,97695,467962400.0,4.9,2.85,1.29,0.81
2022-04-29,47.52,48.57,49.04,47.07,101031,506311808.0,4.23,4.21,1.96,0.84
2022-05-05,48.69,49.37,50.5,48.4,81893,421665584.0,4.32,1.65,0.8,0.68
2022-05-06,48.09,48.94,49.62,48.05,56649,288298784.0,3.18,-0.87,-0.43,0.47
2022-05-09,49.05,47.6,49.79,47.32,64293,322596592.0,5.05,-2.74,-1.34,0.53
2022-05-10,47.02,48.41,49.68,46.92,92052,464176496.0,5.8,1.7,0.81,0.76
2022-05-11,48.82,50.42,51.28,48.42,109476,573872256.0,5.91,4.15,2.01,0.91
2022-05-12,50.02,50.02,50.5,49.25,55976,290592656.0,2.48,-0.79,-0.4,0.46
2022-05-13,50.42,50.32,51.22,49.38,52979,277017584.0,3.68,0.6,0.3,0.44
2022-05-16,50.72,49.53,52.2,49.14,68922,360359984.0,6.08,-1.57,-0.79,0.57
2022-05-17,49.71,51.22,51.72,49.27,85045,447330160.0,4.95,3.41,1.69,0.7
2022-05-18,51.23,52.99,53.64,50.9,81877,444694032.0,5.35,3.46,1.77,0.68
2022-05-19,51.97,54.22,54.82,51.92,114968,641191824.0,5.47,2.32,1.23,0.95
2022-05-20,54.52,54.07,54.78,52.82,78649,439744816.0,3.61,-0.28,-0.15,0.65
2022-05-23,54.22,54.51,54.89,53.43,54172,304632480.0,2.7,0.81,0.44,0.45
2022-05-24,54.52,53.0,55.51,52.72,68604,383538624.0,5.12,-2.77,-1.51,0.57
2022-05-25,52.95,52.52,53.6,52.05,62527,341877824.0,2.92,-0.91,-0.48,0.52
2022-05-26,53.22,52.62,53.3,51.62,51734,282146736.0,3.2,0.19,0.1,0.43
2022-05-27,53.19,52.11,53.81,51.9,47530,259611168.0,3.63,-0.97,-0.51,0.39
2022-05-30,52.51,52.18,52.97,51.66,50257,271495088.0,2.51,0.13,0.07,0.42
2022-05-31,53.12,53.34,53.42,51.92,75127,412270080.0,2.87,2.22,1.16,0.62
2022-06-01,52.92,52.22,53.39,51.7,89290,484473200.0,3.17,-2.1,-1.12,0.74
2022-06-02,52.8,55.04,55.39,52.4,108981,610335968.0,5.73,5.4,2.82,0.9
2022-06-06,55.05,58.06,58.93,54.71,117853,697406032.0,7.67,5.49,3.02,0.98
2022-06-07,58.16,58.3,59.0,57.1,95885,572719712.0,3.27,0.41,0.24,0.79
2022-06-08,58.1,57.42,58.65,56.34,80213,472618960.0,3.96,-1.51,-0.88,0.66
2022-06-09,56.73,56.1,57.88,55.73,76763,446136064.0,3.74,-2.3,-1.32,0.64
2022-06-10,55.6,57.6,57.68,55.31,98911,576459152.0,4.22,2.67,1.5,0.82
2022-06-13,56.9,58.14,58.48,56.4,82930,492426448.0,3.61,0.94,0.54,0.69
2022-06-14,56.96,58.08,58.1,56.61,88261,521386560.0,2.56,-0.1,-0.06,0.73
2022-06-15,58.74,58.42,60.38,57.57,95192,577074384.0,4.84,0.59,0.34,0.79
2022-06-16,57.8,60.16,60.38,57.65,78519,481657728.0,4.67,2.98,1.74,0.65
2022-06-17,59.92,61.44,61.65,59.0,95294,596689104.0,4.4,2.13,1.28,0.79
2022-06-20,61.69,63.44,66.1,61.68,127473,838214640.0,7.19,3.26,2.0,1.05
2022-06-21,63.15,62.1,64.1,61.31,75057,480004688.0,4.4,-2.11,-1.34,0.62
2022-06-22,62.33,64.13,64.9,61.9,100674,661182704.0,4.83,3.27,2.03,0.83
2022-06-23,64.2,65.59,65.9,63.51,85231,566707584.0,3.73,2.28,1.46,0.71
2022-06-24,65.29,64.8,66.03,64.32,75360,503600528.0,2.61,-1.2,-0.79,0.62
2022-06-27,65.3,63.91,65.78,63.25,112940,740776768.0,3.9,-1.37,-0.89,0.93
2022-06-28,63.71,67.1,67.45,63.4,118803,797099648.0,6.34,4.99,3.19,0.98
2022-06-29,66.5,64.99,67.48,64.31,112494,755475728.0,4.72,-3.14,-2.11,0.93
2022-06-30,65.1,65.89,66.49,64.49,88834,595828272.0,3.08,1.38,0.9,0.74
2022-07-01,65.4,63.8,66.26,63.73,79422,526469344.0,3.84,-3.17,-2.09,0.66
2022-07-04,62.82,67.05,68.8,62.81,148787,1015602384.0,9.39,5.09,3.25,1.23
2022-07-05,66.68,67.29,69.48,66.6,143692,994995280.0,4.3,0.36,0.24,1.19
2022-07-06,67.29,67.24,68.9,66.41,91428,632880224.0,3.7,-0.07,-0.05,0.76
2022-07-07,67.02,68.52,69.58,66.5,109428,766391888.0,4.58,1.9,1.28,0.91
2022-07-08,68.6,68.16,70.52,67.84,144836,1022028864.0,3.91,-0.53,-0.36,1.2
2022-07-11,69.3,66.65,69.3,65.65,94808,650997856.0,5.36,-2.22,-1.51,0.78
2022-07-12,68.1,65.63,68.29,65.26,100720,685908368.0,4.55,-1.53,-1.02,0.83
2022-07-13,65.63,65.8,66.81,63.3,109927,735961301.0,5.35,0.26,0.17,0.91
2022-07-14,65.59,68.1,69.28,65.2,112078,780270843.0,6.2,3.5,2.3,0.93
2022-07-15,68.23,66.77,69.49,66.4,73593,511288615.0,4.54,-1.95,-1.33,0.61
2022-07-18,66.73,66.09,67.29,64.0,102839,689953857.0,4.93,-1.02,-0.68,0.85
2022-07-19,67.3,65.3,67.3,65.04,71893,485053166.0,3.42,-1.2,-0.79,0.59
2022-07-20,67.05,67.88,69.35,66.31,92622,643477644.0,4.66,3.95,2.58,0.77
2022-07-21,67.89,66.16,68.7,65.92,76734,529909572.0,4.1,-2.53,-1.72,0.63
2022-07-22,65.95,67.49,68.57,65.95,68066,469123345.0,3.96,2.01,1.33,0.56
2022-07-25,67.44,66.97,67.59,65.97,74669,511686895.0,2.4,-0.77,-0.52,0.62
2022-07-26,67.01,68.32,69.24,67.01,72311,506745957.0,3.33,2.02,1.35,0.6
2022-07-27,68.68,72.95,73.3,67.55,157347,1156675033.0,8.42,6.78,4.63,1.3
2022-07-28,72.95,71.26,72.95,70.78,106473,781088712.0,2.97,-2.32,-1.69,0.88
2022-07-29,71.36,71.32,72.2,70.33,68176,497794107.0,2.62,0.08,0.06,0.57
2022-08-01,70.42,69.85,70.6,67.68,85281,606318604.0,4.09,-2.06,-1.47,0.71
2022-08-02,69.18,69.3,71.03,68.61,89318,638752383.0,3.46,-0.79,-0.55,0.74
2022-08-03,70.1,69.42,71.28,68.36,92344,660894891.0,4.21,0.17,0.12,0.77
2022-08-04,70.25,68.75,70.55,67.2,76994,539388159.0,4.83,-0.97,-0.67,0.64
2022-08-05,68.88,69.99,70.24,67.81,68441,486384848.0,3.53,1.8,1.24,0.57
2022-08-08,69.83,68.35,69.91,67.48,78154,548413567.0,3.47,-2.34,-1.64,0.65
2022-08-09,68.3,70.24,71.58,67.7,95209,680621057.0,5.68,2.77,1.89,0.79
2022-08-10,69.4,69.53,71.2,68.68,78470,559889151.0,3.59,-1.01,-0.71,0.65
2022-08-11,69.8,68.3,70.2,65.85,126977,881567097.0,6.26,-1.77,-1.23,1.05
2022-08-12,67.7,65.93,68.6,65.85,100192,688065913.0,4.03,-3.47,-2.37,0.83
2022-08-15,68.68,74.02,74.57,68.3,286728,2148755424.0,9.51,12.27,8.09,2.38
2022-08-16,73.22,74.5,74.76,71.2,205205,1547008248.0,4.81,0.65,0.48,1.7
2022-08-17,74.62,74.4,76.8,73.74,134607,1030410050.0,4.11,-0.13,-0.1,1.12
2022-08-18,74.4,82.31,83.2,74.14,270429,2210971187.0,12.18,10.63,7.91,2.24
2022-08-19,83.22,80.36,84.21,79.96,169197,1410678495.0,5.16,-2.37,-1.95,1.4
2022-08-22,79.33,79.99,81.12,77.88,137920,1117488728.0,4.03,-0.46,-0.37,1.14
2022-08-23,79.1,81.41,82.89,79.1,152186,1270402160.0,4.74,1.78,1.42,1.26
2022-08-24,81.45,78.8,82.97,78.48,120810,987074355.0,5.52,-3.21,-2.61,1.0
2022-08-25,80.6,77.7,81.18,76.07,135348,1077062257.0,6.48,-1.4,-1.1,1.12
2022-08-26,77.85,75.21,78.8,74.32,110022,854467667.0,5.77,-3.2,-2.49,0.91
2022-08-29,73.3,78.46,79.67,73.3,146849,1166957907.0,8.47,4.32,3.25,1.22
2022-08-30,78.44,78.7,82.3,77.44,139541,1135564016.0,6.19,0.31,0.24,1.16
2022-08-31,77.96,74.3,78.7,73.17,184185,1407195753.0,7.03,-5.59,-4.4,1.53
2022-09-01,73.74,72.77,74.72,72.1,95306,713670809.0,3.53,-2.06,-1.53,0.79
2022-09-02,73.15,72.43,74.53,71.4,78628,586864434.0,4.3,-0.47,-0.34,0.65
2022-09-05,72.81,72.5,75.3,71.46,126317,942029976.0,5.3,0.1,0.07,1.05
2022-09-06,73.06,76.21,76.46,71.03,138488,1056453709.0,7.49,5.12,3.71,1.15
2022-09-07,75.65,77.13,79.5,75.3,134058,1069637871.0,5.51,1.21,0.92,1.11
2022-09-08,77.0,81.2,82.4,76.8,169117,1387796930.0,7.26,5.28,4.07,1.4
2022-09-09,81.4,79.9,82.05,79.02,87277,711652223.0,3.73,-1.6,-1.3,0.72
2022-09-13,80.3,78.89,80.74,77.68,82342,663179778.0,3.83,-1.26,-1.01,0.68
2022-09-14,77.51,78.87,80.41,77.3,74543,601572244.0,3.94,-0.03,-0.02,0.62
2022-09-15,79.9,71.3,80.11,70.25,218776,1629929408.0,12.5,-9.6,-7.57,1.81
2022-09-16,71.27,72.05,74.3,70.8,100743,750904418.0,4.91,1.05,0.75,0.84
2022-09-19,72.11,70.99,73.62,70.3,66456,484891602.0,4.61,-1.47,-1.06,0.55
2022-09-20,71.81,72.08,73.6,70.9,63097,467628515.0,3.8,1.54,1.09,0.52
2022-09-21,71.59,69.64,72.38,69.42,79836,574931139.0,4.11,-3.39,-2.44,0.66
2022-09-22,69.18,70.11,71.1,68.01,65004,467057862.0,4.44,0.67,0.47,0.54
2022-09-23,70.16,69.3,71.2,68.16,70954,501997305.0,4.34,-1.16,-0.81,0.59
2022-09-26,69.3,70.18,71.8,68.38,87570,633854181.0,4.94,1.27,0.88,0.73
2022-09-27,70.21,69.46,70.85,68.92,59516,424350323.0,2.75,-1.03,-0.72,0.49
2022-09-28,70.0,67.2,70.45,67.01,90337,632045516.0,4.95,-3.25,-2.26,0.75
2022-09-29,67.8,68.47,68.89,66.12,62204,433014227.0,4.12,1.89,1.27,0.52
2022-09-30,68.47,65.92,68.47,65.8,70726,484505108.0,3.9,-3.72,-2.55,0.59
2022-10-10,66.07,64.2,66.8,63.62,81525,542086782.0,4.82,-2.61,-1.72,0.68
2022-10-11,65.05,63.36,65.05,62.99,60810,398597223.0,3.21,-1.31,-0.84,0.5
2022-10-12,63.3,64.8,65.3,59.97,138203,887512482.0,8.41,2.27,1.44,1.15
2022-10-13,64.39,65.4,68.47,63.85,95964,653314864.0,7.13,0.93,0.6,0.8
2022-10-14,66.3,66.65,67.69,64.38,109680,743339707.0,5.06,1.91,1.25,0.91
2022-10-17,66.18,68.82,69.7,65.91,113366,786413076.0,5.69,3.26,2.17,0.94
2022-10-18,68.82,68.82,69.94,67.99,68217,481469183.0,2.83,0.0,0.0,0.57
2022-10-19,68.75,68.26,70.5,67.9,59149,417791935.0,3.78,-0.81,-0.56,0.49
2022-10-20,67.9,68.15,69.66,66.6,67182,468521848.0,4.48,-0.16,-0.11,0.56
2022-10-21,67.61,68.11,68.83,67.5,38294,267825454.0,1.95,-0.06,-0.04,0.32
2022-10-24,68.22,67.03,69.25,66.3,60225,417240868.0,4.33,-1.59,-1.08,0.5
2022-10-25,66.83,68.48,68.95,65.36,79596,553175791.0,5.36,2.16,1.45,0.66
2022-10-26,70.3,75.11,76.15,69.41,206208,1555498704.0,9.84,9.68,6.63,1.71
2022-10-27,75.11,74.76,78.28,74.68,110578,860777061.0,4.79,-0.47,-0.35,0.92
2022-10-28,74.88,72.6,75.62,72.09,109662,824445598.0,4.72,-2.89,-2.16,0.91
2022-10-31,72.76,69.56,73.55,68.2,143181,1030282337.0,7.37,-4.19,-3.04,1.19
2022-11-01,68.71,71.3,72.47,68.5,99067,717715045.0,5.71,2.5,1.74,0.82
2022-11-02,70.95,73.3,74.9,70.58,92356,686356737.0,6.06,2.81,2.0,0.76
2022-11-03,72.51,74.62,76.67,72.26,108189,830818797.0,6.02,1.8,1.32,0.9
2022-11-04,74.7,76.0,76.41,74.35,88236,681337642.0,2.76,1.85,1.38,0.73
2022-11-07,75.3,74.95,76.99,74.5,87151,672107894.0,3.28,-1.38,-1.05,0.72
2022-11-08,74.95,73.78,75.38,73.12,42093,317232159.0,3.02,-1.56,-1.17,0.35
2022-11-09,73.78,71.68,74.38,71.3,52575,389208537.0,4.17,-2.85,-2.1,0.43
2022-11-10,71.79,70.4,72.81,69.55,74144,538419731.0,4.55,-1.79,-1.28,0.61
2022-11-11,72.46,69.95,72.8,69.68,76109,551736953.0,4.43,-0.64,-0.45,0.63
2022-11-14,69.35,68.43,71.65,67.81,110562,783759728.0,5.49,-2.17,-1.52,0.91
2022-11-15,68.26,69.71,69.94,67.81,82636,585117465.0,3.11,1.87,1.28,0.68
2022-11-16,70.04,70.68,71.6,69.2,80517,581181334.0,3.44,1.39,0.97,0.67
2022-11-17,69.85,66.57,70.6,65.61,150023,1026749849.0,7.06,-5.81,-4.11,1.24
2022-11-18,66.8,65.7,67.74,65.62,113686,772564657.0,3.18,-1.31,-0.87,0.94
2022-11-21,65.09,66.66,67.69,65.09,64252,439598929.0,3.96,1.46,0.96,0.53
2022-11-22,65.96,64.7,66.77,64.49,73225,489130438.0,3.42,-2.94,-1.96,0.61
2022-11-23,64.69,67.32,67.88,64.4,91057,621524050.0,5.38,4.05,2.62,0.75
2022-11-24,67.29,66.98,68.92,66.9,51373,357934134.0,3.0,-0.51,-0.34,0.43
2022-11-25,66.45,65.05,67.48,64.68,52651,354075762.0,4.18,-2.88,-1.93,0.44
2022-11-28,64.17,63.57,64.96,63.04,84561,551781683.0,2.95,-2.28,-1.48,0.7
2022-11-29,63.58,62.95,64.18,62.21,87157,563003196.0,3.1,-0.98,-0.62,0.72
2022-11-30,62.89,62.8,62.96,61.18,99426,632067541.0,2.83,-0.24,-0.15,0.82
2022-12-01,63.8,63.05,63.8,62.36,73845,477598789.0,2.29,0.4,0.25,0.61
2022-12-02,62.6,62.02,63.78,61.86,68416,440543307.0,3.05,-1.63,-1.03,0.57
2022-12-05,62.05,63.69,63.83,61.8,126140,818729973.0,3.27,2.69,1.67,1.04
2022-12-06,63.4,65.71,66.16,63.3,148902,994461753.0,4.49,3.17,2.02,1.23
2022-12-07,64.77,68.3,69.1,64.77,144595,1005521423.0,6.59,3.94,2.59,1.2
2022-12-08,68.6,68.96,69.0,66.97,97619,682092590.0,2.97,0.97,0.66,0.81
2022-12-09,68.4,69.08,69.08,67.3,88319,619698284.0,2.58,0.17,0.12,0.73
2022-12-12,68.64,68.79,69.19,68.09,65608,460511071.0,1.59,-0.42,-0.29,0.54
2022-12-13,68.96,67.77,69.18,67.45,59337,413497573.0,2.51,-1.48,-1.02,0.49
2022-12-14,68.94,67.56,69.1,66.98,58888,407498065.0,3.13,-0.31,-0.21,0.49
2022-12-15,67.14,68.43,68.49,67.0,57718,401688610.0,2.21,1.29,0.87,0.48
2022-12-16,68.1,67.8,69.4,66.92,60650,421859879.0,3.62,-0.92,-0.63,0.5
2022-12-19,67.03,67.95,68.69,66.3,39484,274895273.0,3.53,0.22,0.15,0.33
2022-12-20,67.67,66.5,68.27,66.33,34838,238779070.0,2.86,-2.13,-1.45,0.29
2022-12-21,66.8,63.82,66.9,63.18,59991,395552477.0,5.59,-4.03,-2.68,0.5
2022-12-22,64.5,58.9,64.59,58.41,185109,1151793710.0,9.68,-7.71,-4.92,1.53
2022-12-23,59.11,58.45,60.26,57.69,90763,545988909.0,4.36,-0.76,-0.45,0.75
2022-12-26,58.5,59.02,59.3,56.88,105952,637174405.0,4.14,0.98,0.57,0.88
2022-12-27,59.35,60.33,61.16,59.1,97117,604146185.0,3.49,2.22,1.31,0.8
2022-12-28,59.83,61.3,62.06,59.55,102054,638526372.0,4.16,1.61,0.97,0.84
2022-12-29,60.72,62.6,63.29,60.52,76185,488669491.0,4.52,2.12,1.3,0.63
2022-12-30,62.61,61.86,63.25,61.59,46507,297062711.0,2.65,-1.18,-0.74,0.38
2023-01-03,61.92,62.29,62.91,60.61,89904,572611855.0,3.72,0.7,0.43,0.74
2023-01-04,61.5,60.12,62.39,59.84,78748,490175427.0,4.09,-3.48,-2.17,0.65
2023-01-05,60.3,60.38,60.9,59.31,72901,450908702.0,2.64,0.43,0.26,0.6
2023-01-06,60.36,62.88,64.28,60.3,103053,665002287.0,6.59,4.14,2.5,0.85
2023-01-09,62.91,62.35,63.68,61.51,71144,457415396.0,3.45,-0.84,-0.53,0.59
2023-01-10,62.73,63.81,64.15,62.64,94410,615788673.0,2.42,2.34,1.46,0.78
2023-01-11,63.39,63.6,64.49,62.97,57611,377086935.0,2.38,-0.33,-0.21,0.48
2023-01-12,63.34,64.97,66.25,63.34,73740,494624497.0,4.58,2.15,1.37,0.61
2023-01-13,64.97,64.5,65.28,64.1,49126,324547483.0,1.82,-0.72,-0.47,0.41
2023-01-16,64.63,64.99,65.17,63.92,56680,376232126.0,1.94,0.76,0.49,0.47
2023-01-17,64.53,65.3,65.68,64.34,53370,356627256.0,2.06,0.48,0.31,0.44
2023-01-18,65.14,66.95,67.81,65.14,73313,502512149.0,4.09,2.53,1.65,0.61
2023-01-19,66.81,64.91,66.88,64.83,82618,553571792.0,3.06,-3.05,-2.04,0.68
2023-01-20,65.0,65.25,65.78,64.6,71859,479660776.0,1.82,0.52,0.34,0.59
2023-01-30,66.3,66.8,68.48,66.17,108229,745723059.0,3.54,2.38,1.55,0.88
2023-01-31,66.58,67.06,67.56,66.21,62082,426398337.0,2.02,0.39,0.26,0.5
2023-02-01,67.5,66.97,67.78,65.24,70384,480066218.0,3.79,-0.13,-0.09,0.57
2023-02-02,67.3,68.0,68.86,66.11,76837,535639682.0,4.11,1.54,1.03,0.62
2023-02-03,68.0,67.7,68.52,66.55,49587,342460901.0,2.9,-0.44,-0.3,0.4
2023-02-06,68.3,67.64,68.86,66.3,46245,319628558.0,3.78,-0.09,-0.06,0.38
2023-02-07,67.61,66.82,68.2,66.72,56284,387563702.0,2.19,-1.21,-0.82,0.46
2023-02-08,66.7,66.71,67.9,66.5,37700,259491500.0,2.1,-0.16,-0.11,0.31
2023-02-09,66.7,67.55,67.68,65.85,67878,467623716.0,2.74,1.26,0.84,0.55
2023-02-10,67.55,66.9,68.08,66.42,40610,279485240.0,2.46,-0.96,-0.65,0.33
2023-02-13,67.0,66.4,67.27,65.8,51968,353829145.0,2.2,-0.75,-0.5,0.42
2023-02-14,66.35,65.85,67.47,65.52,45672,310279239.0,2.94,-0.83,-0.55,0.37
2023-02-15,65.95,65.41,66.5,65.05,57831,387796806.0,2.2,-0.67,-0.44,0.47
2023-02-16,65.11,65.7,67.68,64.81,77138,524380379.0,4.39,0.44,0.29,0.63
2023-02-17,66.2,64.96,66.3,64.9,51794,348178979.0,2.13,-1.13,-0.74,0.42
2023-02-20,64.8,66.65,67.0,64.3,53025,356559023.0,4.16,2.6,1.69,0.43
2023-02-21,66.68,65.14,66.94,63.38,97457,648542758.0,5.34,-2.27,-1.51,0.79
2023-02-22,64.8,64.8,66.42,64.8,49296,330379863.0,2.49,-0.52,-0.34,0.4
2023-02-23,65.1,67.12,68.0,64.98,96041,659098186.0,4.66,3.58,2.32,0.78
2023-02-24,67.3,66.01,67.66,65.87,39007,265871755.0,2.67,-1.65,-1.11,0.32
2023-02-27,65.63,66.31,68.14,65.6,54799,374972565.0,3.85,0.45,0.3,0.45
2023-02-28,66.3,66.9,67.0,65.17,50615,344803544.0,2.76,0.89,0.59,0.41
2023-03-01,66.98,65.92,67.08,65.36,51921,350781308.0,2.57,-1.46,-0.98,0.42
2023-03-02,65.6,62.4,65.9,61.5,142194,916410805.0,6.67,-5.34,-3.52,1.16
2023-03-03,62.88,62.82,64.09,62.51,62712,407068766.0,2.53,0.67,0.42,0.51
2023-03-06,63.29,66.12,66.4,63.1,86879,580484390.0,5.25,5.25,3.3,0.71
2023-03-07,66.0,65.69,66.98,65.48,58389,394714610.0,2.27,-0.65,-0.43,0.47
2023-03-08,65.65,65.16,66.8,64.83,40715,274183291.0,3.0,-0.81,-0.53,0.33
2023-03-09,65.2,66.88,68.02,65.15,75603,518899548.0,4.4,2.64,1.72,0.61
2023-03-10,66.77,67.45,68.33,66.15,56521,390309806.0,3.26,0.85,0.57,0.46
2023-03-13,67.11,66.75,68.53,66.26,41961,288138561.0,3.37,-1.04,-0.7,0.34
2023-03-14,66.35,65.49,66.88,65.28,61060,411780905.0,2.4,-1.89,-1.26,0.5
2023-03-15,65.9,64.51,67.06,64.32,55319,370772123.0,4.18,-1.5,-0.98,0.45
2023-03-16,64.13,62.08,65.21,61.86,71863,464764022.0,5.19,-3.77,-2.43,0.58
2023-03-17,62.08,62.17,63.1,62.08,52683,338005144.0,1.64,0.14,0.09,0.43
2023-03-20,61.87,61.54,63.2,60.7,74497,473049083.0,4.02,-1.01,-0.63,0.61
2023-03-21,61.31,60.81,62.03,59.78,64628,401920846.0,3.66,-1.19,-0.73,0.53
2023-03-22,61.14,60.53,61.59,60.32,39825,249095072.0,2.09,-0.46,-0.28,0.32
2023-03-23,60.19,60.65,61.27,59.95,66586,415408153.0,2.18,0.2,0.12,0.54
2023-03-24,60.5,60.49,61.05,59.8,53616,333098189.0,2.06,-0.26,-0.16,0.44
2023-03-27,60.56,61.4,61.88,60.09,65850,414003460.0,2.96,1.5,0.91,0.54
2023-03-28,61.28,60.35,61.75,59.88,45946,286022157.0,3.05,-1.71,-1.05,0.37
2023-03-29,60.6,62.15,62.45,60.58,65697,417111110.0,3.1,2.98,1.8,0.53
2023-03-30,61.9,62.85,63.11,61.2,58079,372295255.0,3.07,1.13,0.7,0.47
2023-03-31,62.85,63.59,64.32,62.42,57238,373629159.0,3.02,1.18,0.74,0.47
2023-04-03,65.42,66.55,66.79,64.81,123433,831432383.0,3.11,4.65,2.96,1.0
2023-04-04,66.55,66.67,68.48,65.8,118915,818331731.0,4.03,0.18,0.12,0.97
2023-04-06,67.3,67.6,68.8,65.81,76702,529281307.0,4.48,1.39,0.93,0.62
2023-04-07,67.84,67.74,69.02,66.82,55686,389629131.0,3.25,0.21,0.14,0.45
2023-04-10,68.23,69.3,70.5,67.52,77152,549775835.0,4.4,2.3,1.56,0.63
2023-04-11,69.07,69.35,69.8,68.32,83792,594476948.0,2.14,0.07,0.05,0.68
2023-04-12,69.28,69.17,70.1,67.01,79218,556070618.0,4.46,-0.26,-0.18,0.64
2023-04-13,68.99,68.05,69.29,67.5,58922,410924263.0,2.59,-1.62,-1.12,0.48
2023-04-14,68.1,70.11,71.08,67.8,103547,740124707.0,4.82,3.03,2.06,0.84
2023-04-17,73.28,68.05,73.3,67.77,135443,964606780.0,7.89,-2.94,-2.06,1.1
2023-04-18,68.14,69.32,69.41,67.63,89900,630417622.0,2.62,1.87,1.27,0.73
2023-04-19,69.31,67.4,69.51,67.11,76873,536921284.0,3.46,-2.77,-1.92,0.62
2023-04-20,67.9,66.7,67.9,66.1,82478,563624739.0,2.67,-1.04,-0.7,0.67
2023-04-21,67.23,65.78,67.67,65.76,77139,527757556.0,2.86,-1.38,-0.92,0.63
2023-04-24,66.27,64.07,66.85,63.68,69343,460356959.0,4.82,-2.6,-1.71,0.56
2023-04-25,64.5,62.94,64.94,61.85,85485,550653539.0,4.82,-1.76,-1.13,0.69
2023-04-26,62.74,65.26,65.69,62.29,86818,574753371.0,5.4,3.69,2.32,0.71
2023-04-27,65.02,65.3,66.08,64.4,70952,474782324.0,2.57,0.06,0.04,0.58
2023-04-28,65.8,66.72,68.36,65.45,97931,672495584.0,4.46,2.17,1.42,0.8
2023-05-04,66.51,65.71,67.49,65.37,57165,387415774.0,3.18,-1.51,-1.01,0.46
2023-05-05,65.43,65.32,65.71,63.92,52509,349084374.0,2.72,-0.59,-0.39,0.43
2023-05-08,65.38,66.16,66.89,64.41,50480,340925665.0,3.8,1.29,0.84,0.41
2023-05-09,66.6,66.3,66.96,65.71,43913,298675682.0,1.89,0.21,0.14,0.36
2023-05-10,65.94,66.03,66.29,64.7,54963,370297074.0,2.4,-0.41,-0.27,0.45
2023-05-11,66.03,66.85,68.1,65.79,53464,368542002.0,3.5,1.24,0.82,0.43
2023-05-12,67.39,67.19,68.14,66.67,58555,404574558.0,2.2,0.51,0.34,0.48
2023-05-15,67.21,69.2,69.29,67.09,69661,488910825.0,3.27,2.99,2.01,0.57
2023-05-16,69.05,69.62,70.43,68.75,65398,464074950.0,2.43,0.61,0.42,0.53
2023-05-17,69.26,70.11,70.35,68.11,77614,546786952.0,3.22,0.7,0.49,0.63
2023-05-18,70.1,70.88,72.0,69.8,77701,560610870.0,3.14,1.1,0.77,0.63
2023-05-19,70.55,71.25,71.75,70.13,51967,376833592.0,2.29,0.52,0.37,0.42
2023-05-22,72.33,70.73,73.43,70.24,73952,535466253.0,4.48,-0.73,-0.52,0.6
2023-05-23,71.95,69.63,72.18,69.25,68362,487929156.0,4.14,-1.56,-1.1,0.56
2023-05-24,69.99,71.84,72.96,69.37,77710,564430402.0,5.16,3.17,2.21,0.63
2023-05-25,71.76,71.75,72.93,71.05,74113,543304804.0,2.62,-0.13,-0.09,0.6
2023-05-26,71.73,70.75,72.12,70.16,57028,410792617.0,2.73,-1.39,-1.0,0.46
2023-05-29,70.84,69.38,71.13,69.13,58735,416267578.0,2.83,-1.94,-1.37,0.48
2023-05-30,69.54,68.4,69.72,67.31,54015,375452630.0,3.47,-1.41,-0.98,0.44
2023-05-31,69.1,67.7,69.18,67.13,58925,406602989.0,3.0,-1.02,-0.7,0.48
2023-06-01,67.7,66.6,68.63,66.35,66804,456286547.0,3.37,-1.62,-1.1,0.54
2023-06-02,66.62,66.62,67.14,66.26,58872,400680933.0,1.32,0.03,0.02,0.48
2023-06-05,66.71,65.32,66.83,65.25,59882,402216875.0,2.37,-1.95,-1.3,0.49
2023-06-06,65.32,64.46,65.71,63.96,71747,472417725.0,2.68,-1.32,-0.86,0.58
2023-06-07,64.55,63.75,64.75,63.56,50171,326966931.0,1.85,-1.1,-0.71,0.41
2023-06-08,63.74,63.75,64.98,63.61,49801,325301044.0,2.15,0.0,0.0,0.4
2023-06-09,64.25,63.53,64.58,62.35,80187,516008338.0,3.5,-0.35,-0.22,0.65
2023-06-12,63.43,64.14,64.54,62.11,79578,515064021.0,3.82,0.96,0.61,0.65
2023-06-13,63.95,63.72,64.35,63.29,50516,328481565.0,1.65,-0.65,-0.42,0.41
2023-06-14,64.03,63.43,64.86,63.3,59824,389905544.0,2.45,-0.46,-0.29,0.49
2023-06-15,63.74,66.6,66.74,63.43,89483,597261525.0,5.22,5.0,3.17,0.73
2023-06-16,66.63,67.22,67.35,65.96,61833,420554181.0,2.09,0.93,0.62,0.5
2023-06-19,66.75,65.57,66.91,65.0,65033,435355988.0,2.84,-2.45,-1.65,0.53
2023-06-20,65.73,65.55,66.31,65.0,48090,321292567.0,2.0,-0.03,-0.02,0.39
2023-06-21,65.4,65.17,66.51,65.08,40600,271898566.0,2.18,-0.58,-0.38,0.33
2023-06-26,65.04,65.83,66.9,63.86,61880,412940982.0,4.66,1.01,0.66,0.5
2023-06-27,65.82,66.4,68.84,65.63,61117,416661440.0,4.88,0.87,0.57,0.5
2023-06-28,67.05,68.05,68.4,66.7,71501,492826515.0,2.56,2.48,1.65,0.58
2023-06-29,68.19,68.87,69.54,67.65,61578,432201417.0,2.78,1.2,0.82,0.5
2023-06-30,68.5,69.65,69.92,68.1,55211,389664690.0,2.64,1.13,0.78,0.45
2023-07-03,69.26,69.46,70.05,69.15,47879,338848895.0,1.29,-0.27,-0.19,0.39
2023-07-04,69.26,68.4,69.95,68.3,44102,308885991.0,2.38,-1.53,-1.06,0.36
2023-07-05,68.44,67.55,68.6,67.43,36045,248703634.0,1.71,-1.24,-0.85,0.29
2023-07-06,67.28,67.56,68.35,67.17,36687,252852676.0,1.75,0.01,0.01,0.3
2023-07-07,66.93,65.85,67.35,65.85,36353,245952934.0,2.22,-2.53,-1.71,0.3
2023-07-10,65.85,67.06,68.24,65.63,38187,261438879.0,3.96,1.84,1.21,0.31
2023-07-11,66.85,66.55,67.06,65.85,29914,202179346.0,1.8,-0.76,-0.51,0.24
2023-07-12,66.62,66.44,67.15,65.41,30538,206653106.0,2.61,-0.17,-0.11,0.25
2023-07-13,67.93,67.68,68.87,67.35,51019,353118185.0,2.29,1.87,1.24,0.41
2023-07-14,67.63,66.46,67.71,66.34,35167,239400203.0,2.02,-1.8,-1.22,0.29
2023-07-17,66.39,65.16,66.55,64.73,42525,283052604.0,2.74,-1.96,-1.3,0.35
2023-07-18,65.68,64.05,65.68,63.76,51868,339101202.0,2.95,-1.7,-1.11,0.42
2023-07-19,64.13,62.86,64.23,62.62,60698,390233923.0,2.51,-1.86,-1.19,0.49
2023-07-20,63.2,62.44,63.57,62.38,53371,342403078.0,1.89,-0.67,-0.42,0.43
2023-07-21,62.35,62.25,62.65,61.74,35529,225080245.0,1.46,-0.3,-0.19,0.29
2023-07-24,61.88,61.07,62.23,60.98,57475,360277020.0,2.01,-1.9,-1.18,0.47
2023-07-25,61.49,61.55,61.9,60.76,72127,451274243.0,1.87,0.79,0.48,0.59
2023-07-26,61.47,61.75,62.13,61.05,56388,354451830.0,1.75,0.32,0.2,0.46
2023-07-27,62.02,59.83,62.11,59.63,87595,539796467.0,4.02,-3.11,-1.92,0.71
2023-07-28,59.71,60.44,60.83,59.27,56676,348387949.0,2.61,1.02,0.61,0.46
2023-07-31,60.75,60.53,61.6,60.25,51038,316853452.0,2.23,0.15,0.09,0.41
2023-08-01,60.53,60.15,60.95,59.55,60304,370249328.0,2.31,-0.63,-0.38,0.49
2023-08-02,60.65,59.95,60.73,59.8,35424,217522315.0,1.55,-0.33,-0.2,0.29
2023-08-03,59.86,60.24,60.7,59.77,38089,234023645.0,1.55,0.48,0.29,0.31
2023-08-04,60.16,60.36,60.74,60.1,39069,240564955.0,1.06,0.2,0.12,0.32
2023-08-07,60.55,59.87,60.59,59.82,35386,216961290.0,1.28,-0.81,-0.49,0.29
2023-08-08,59.88,59.28,60.3,59.21,43025,261278151.0,1.82,-0.99,-0.59,0.35
2023-08-09,59.09,59.06,59.49,58.76,27594,166450206.0,1.23,-0.37,-0.22,0.22
2023-08-10,59.06,59.1,59.69,58.95,31982,193468116.0,1.25,0.07,0.04,0.26
2023-08-11,59.11,58.5,59.44,58.5,34662,208457307.0,1.59,-1.02,-0.6,0.28
2023-08-14,58.43,58.35,58.63,57.65,33418,198286473.0,1.68,-0.26,-0.15,0.27
2023-08-15,58.16,56.35,58.63,56.2,99168,577382882.0,4.16,-3.43,-2.0,0.81
2023-08-16,56.23,55.33,56.88,54.81,57641,329278761.0,3.67,-1.81,-1.02,0.47
2023-08-17,55.33,55.14,55.5,54.55,43274,243462151.0,1.72,-0.34,-0.19,0.35
2023-08-18,55.44,54.72,56.53,54.63,47655,270205216.0,3.45,-0.76,-0.42,0.39
2023-08-21,54.51,54.1,55.18,54.1,38003,212245149.0,1.97,-1.13,-0.62,0.31
2023-08-22,54.73,53.75,54.84,52.38,84996,464399263.0,4.55,-0.65,-0.35,0.69
2023-08-23,53.95,53.3,54.66,53.28,57314,316709636.0,2.57,-0.84,-0.45,0.47
2023-08-24,53.6,54.42,54.95,53.29,55744,310107929.0,3.11,2.1,1.12,0.45
2023-08-25,54.22,54.5,55.4,54.1,56153,313847144.0,2.39,0.15,0.08,0.46
2023-08-28,57.54,53.16,57.91,52.75,109581,613386109.0,9.47,-2.46,-1.34,0.89
2023-08-29,52.76,54.75,54.88,52.75,74991,416591798.0,4.01,2.99,1.59,0.61
2023-08-30,54.99,56.0,56.98,54.75,79296,454713995.0,4.07,2.28,1.25,0.64
2023-08-31,55.93,55.08,55.94,54.85,49355,278592874.0,1.95,-1.64,-0.92,0.4
2023-09-01,55.23,54.55,55.72,54.13,54394,304125228.0,2.89,-0.96,-0.53,0.44
2023-09-04,54.71,54.0,54.75,53.51,69226,381640258.0,2.27,-1.01,-0.55,0.56
2023-09-05,54.22,54.4,55.08,54.0,53143,296433536.0,2.0,0.74,0.4,0.43
2023-09-06,54.06,53.76,54.34,53.47,43637,240099240.0,1.6,-1.18,-0.64,0.35
2023-09-07,53.75,52.24,53.75,52.2,44704,241566314.0,2.88,-2.83,-1.52,0.36
2023-09-08,51.96,51.37,52.5,51.12,54633,287998930.0,2.64,-1.67,-0.87,0.44
2023-09-11,51.47,51.86,52.5,51.1,74908,397339745.0,2.73,0.95,0.49,0.61
2023-09-12,51.97,51.83,52.22,51.35,34984,185622702.0,1.68,-0.06,-0.03,0.28
2023-09-13,51.61,51.05,51.95,50.75,58750,308103685.0,2.32,-1.5,-0.78,0.48
2023-09-14,50.93,50.27,51.14,49.98,66821,345165149.0,2.27,-1.53,-0.78,0.54
2023-09-15,50.5,49.75,50.62,49.45,65273,333710993.0,2.33,-1.03,-0.52,0.53
2023-09-18,49.75,50.07,50.3,49.23,44575,228016979.0,2.15,0.64,0.32,0.36
2023-09-19,49.87,49.31,50.11,49.11,51417,260467368.0,2.0,-1.52,-0.76,0.42
2023-09-20,49.48,48.55,49.48,48.55,50773,254178524.0,1.89,-1.54,-0.76,0.41
2023-09-21,48.63,47.46,48.65,47.36,73696,362102577.0,2.66,-2.25,-1.09,0.6
2023-09-22,47.25,47.64,47.73,46.67,73943,359115182.0,2.23,0.38,0.18,0.6
2023-09-25,47.75,47.25,47.75,46.67,62141,300310788.0,2.27,-0.82,-0.39,0.5
2023-09-26,47.25,46.49,47.5,46.43,51815,248701609.0,2.26,-1.61,-0.76,0.42
2023-09-27,46.48,47.4,48.25,46.28,83628,406244648.0,4.24,1.96,0.91,0.68
2023-09-28,47.4,46.46,47.67,46.41,73967,354858217.0,2.66,-1.98,-0.94,0.6
2023-10-09,46.45,46.96,47.29,45.88,60796,291059301.0,3.03,1.08,0.5,0.49
2023-10-10,47.12,46.2,47.39,46.2,49420,236610016.0,2.53,-1.62,-0.76,0.4
2023-10-11,46.62,45.91,46.92,45.76,59576,282328267.0,2.51,-0.63,-0.29,0.48
2023-10-12,45.95,46.34,46.55,45.47,60186,284824728.0,2.35,0.94,0.43,0.49
2023-10-13,45.97,45.17,46.06,44.95,53671,249488341.0,2.4,-2.52,-1.17,0.44
2023-10-16,44.97,44.14,45.13,43.9,64588,293947064.0,2.72,-2.28,-1.03,0.52
2023-10-17,44.31,43.98,44.37,43.63,44837,202703890.0,1.68,-0.36,-0.16,0.36
2023-10-18,43.77,43.17,44.01,43.1,46535,207834184.0,2.07,-1.84,-0.81,0.38
2023-10-19,43.18,42.73,43.35,42.65,60586,267986475.0,1.62,-1.02,-0.44,0.49
2023-10-20,42.41,42.47,43.36,42.25,64555,283856018.0,2.6,-0.61,-0.26,0.52
2023-10-23,42.47,41.15,42.47,40.99,67903,290702314.0,3.48,-3.11,-1.32,0.55
2023-10-24,41.15,41.56,41.85,40.86,67183,286663617.0,2.41,1.0,0.41,0.55
2023-10-25,41.57,40.81,42.03,40.72,81426,345670975.0,3.15,-1.8,-0.75,0.66
2023-10-26,40.78,40.2,41.02,39.48,112143,462251267.0,3.77,-1.49,-0.61,0.91
2023-10-27,40.25,42.01,43.07,40.2,192066,825674906.0,7.14,4.5,1.81,1.56
2023-10-30,42.01,42.69,43.06,41.41,142512,618405145.0,3.93,1.62,0.68,1.16
2023-10-31,42.55,42.24,42.9,41.82,67553,293936462.0,2.53,-1.05,-0.45,0.55
2023-11-01,42.26,41.5,42.3,41.41,56771,244161823.0,2.11,-1.75,-0.74,0.46
2023-11-02,41.63,40.28,41.73,40.21,78974,331572798.0,3.66,-2.94,-1.22,0.64
2023-11-03,40.33,41.6,41.83,40.29,107612,459312445.0,3.82,3.28,1.32,0.87
2023-11-06,42.15,44.2,44.95,41.84,184730,834998173.0,7.48,6.25,2.6,1.5
2023-11-07,44.16,45.57,46.13,43.76,200797,935130156.0,5.36,3.1,1.37,1.63
2023-11-08,45.26,45.49,46.2,45.15,131556,615253341.0,2.3,-0.18,-0.08,1.07
2023-11-09,45.55,45.7,46.46,45.18,107599,507269325.0,2.81,0.46,0.21,0.87
2023-11-10,45.35,45.14,46.15,45.01,81590,379225306.0,2.49,-1.23,-0.56,0.66
2023-11-13,45.32,45.06,45.7,44.64,85113,393069865.0,2.35,-0.18,-0.08,0.69
2023-11-14,45.18,44.66,45.63,44.52,84728,390331034.0,2.46,-0.89,-0.4,0.69
2023-11-15,45.35,45.09,45.72,44.94,94248,437937499.0,1.75,0.96,0.43,0.77
2023-11-16,44.96,43.95,45.04,43.9,64997,296268997.0,2.53,-2.53,-1.14,0.53
2023-11-17,43.75,43.74,44.12,43.46,50219,225926747.0,1.5,-0.48,-0.21,0.41
2023-11-20,43.74,43.73,44.07,42.89,67597,302529766.0,2.7,-0.02,-0.01,0.55
2023-11-21,44.04,42.88,44.43,42.7,92071,411128094.0,3.96,-1.94,-0.85,0.75
2023-11-22,42.54,41.65,42.91,41.65,89764,388818618.0,2.94,-2.87,-1.23,0.73
2023-11-23,41.75,41.95,42.54,41.44,61020,263330062.0,2.64,0.72,0.3,0.5
2023-11-24,41.79,41.35,41.92,41.16,59387,253834073.0,1.81,-1.43,-0.6,0.48
2023-11-27,41.03,40.42,41.25,40.15,91757,383706553.0,2.66,-2.25,-0.93,0.75
2023-11-28,40.42,40.41,40.9,40.03,62467,260393890.0,2.15,-0.02,-0.01,0.51
2023-11-29,40.18,42.18,42.9,39.75,195671,843577483.0,7.8,4.38,1.77,1.59
2023-11-30,41.73,41.92,42.43,41.07,111209,478285382.0,3.22,-0.62,-0.26,0.9
2023-12-01,41.95,41.51,42.95,41.07,111224,478499902.0,4.48,-0.98,-0.41,0.9
2023-12-04,41.31,40.58,41.5,40.51,83386,350524159.0,2.38,-2.24,-0.93,0.68
2023-12-05,40.61,39.65,41.12,39.65,77888,323497286.0,3.62,-2.29,-0.93,0.63
2023-12-06,39.54,39.73,40.53,39.45,84047,346478680.0,2.72,0.2,0.08,0.68
2023-12-07,39.49,38.4,39.71,38.35,140605,562959435.0,3.42,-3.35,-1.33,1.14
2023-12-08,38.74,39.01,39.07,37.96,227135,906222813.0,2.89,1.59,0.61,1.85
2023-12-11,38.74,40.76,40.83,37.66,166382,671491040.0,8.13,4.49,1.75,1.35
2023-12-12,40.52,39.91,40.9,39.58,97475,403063362.0,3.24,-2.09,-0.85,0.79
2023-12-13,39.9,39.09,40.13,39.02,64900,264403936.0,2.78,-2.05,-0.82,0.53
2023-12-14,39.35,38.95,39.95,38.9,51978,211002131.0,2.69,-0.36,-0.14,0.42
2023-12-15,39.34,39.9,40.76,39.17,117480,486755161.0,4.08,2.44,0.95,0.95
2023-12-18,39.54,39.19,40.03,39.04,73117,297403672.0,2.48,-1.78,-0.71,0.59
2023-12-19,39.27,39.46,40.4,39.16,87298,357527767.0,3.16,0.69,0.27,0.71
2023-12-20,39.45,38.67,39.57,38.55,70634,283441501.0,2.58,-2.0,-0.79,0.57
2023-12-21,38.59,40.1,40.71,38.26,126512,518765899.0,6.34,3.7,1.43,1.03
2023-12-22,40.13,40.49,41.2,39.5,124604,519210423.0,4.24,0.97,0.39,1.01
2023-12-25,40.35,40.38,40.64,39.65,90563,374125828.0,2.45,-0.27,-0.11,0.74
2023-12-26,40.32,39.18,40.34,38.87,87210,354336978.0,3.64,-2.97,-1.2,0.71
2023-12-27,39.36,39.21,39.65,38.75,70293,284373787.0,2.3,0.08,0.03,0.57
2023-12-28,39.09,43.4,43.72,39.06,242200,1048791456.0,11.88,10.69,4.19,1.97
2023-12-29,43.4,42.84,43.4,42.5,126994,560737105.0,2.07,-1.29,-0.56,1.03
2024-01-02,42.75,41.46,42.87,41.44,100359,432553050.0,3.34,-3.22,-1.38,0.81
2024-01-03,41.33,41.42,41.95,41.11,85229,364000579.0,2.03,-0.1,-0.04,0.69
2024-01-04,41.37,39.81,41.38,39.67,100224,415819157.0,4.13,-3.89,-1.61,0.81
2024-01-05,39.62,38.36,40.41,38.33,113542,459345892.0,5.22,-3.64,-1.45,0.92
2024-01-08,38.25,37.4,38.84,37.29,105100,412703185.0,4.04,-2.5,-0.96,0.85
2024-01-09,37.13,37.8,39.43,36.16,152762,596053471.0,8.74,1.07,0.4,1.24
2024-01-10,37.63,38.59,39.65,37.25,128624,514321876.0,6.35,2.09,0.79,1.04
2024-01-11,38.46,38.53,39.39,38.16,126255,504588843.0,3.19,-0.16,-0.06,1.03
2024-01-12,38.43,38.46,39.53,37.5,135881,541216175.0,5.27,-0.18,-0.07,1.1
2024-01-15,38.01,37.9,38.35,37.12,83637,326508060.0,3.2,-1.46,-0.56,0.68
2024-01-16,37.85,38.55,39.25,37.37,99849,396508676.0,4.96,1.72,0.65,0.81
2024-01-17,38.45,37.08,38.45,37.08,85698,333264169.0,3.55,-3.81,-1.47,0.7
2024-01-18,36.83,38.38,38.45,36.66,154738,599121807.0,4.83,3.51,1.3,1.26
2024-01-19,39.07,38.09,39.8,37.95,144248,576906200.0,4.82,-0.76,-0.29,1.17
2024-01-22,37.99,36.98,38.44,36.71,137121,531369662.0,4.54,-2.91,-1.11,1.11
2024-01-23,36.85,37.63,38.37,36.36,129767,503134073.0,5.44,1.76,0.65,1.05
2024-01-24,37.5,36.13,37.72,35.03,228834,851599738.0,7.15,-3.99,-1.5,1.86
2024-01-25,35.76,37.13,37.22,35.1,152083,572465176.0,5.87,2.77,1.0,1.23
2024-01-26,36.92,35.73,37.2,35.58,129124,483628188.0,4.36,-3.77,-1.4,1.05
2024-01-29,35.55,33.86,35.55,33.85,136606,488025122.0,4.76,-5.23,-1.87,1.11
2024-01-30,33.73,32.39,34.03,32.39,126992,436317169.0,4.84,-4.34,-1.47,1.03
2024-01-31,32.28,31.49,32.7,31.47,143052,474548597.0,3.8,-2.78,-0.9,1.16
2024-02-01,31.12,32.27,33.02,31.12,126632,424436422.0,6.03,2.48,0.78,1.03
2024-02-02,32.14,30.5,32.52,29.61,182366,585632097.0,9.02,-5.48,-1.77,1.48
2024-02-05,30.16,29.9,30.97,28.25,173054,535699647.0,8.92,-1.97,-0.6,1.41
2024-02-06,29.72,31.99,32.11,29.56,170711,553976646.0,8.53,6.99,2.09,1.39
2024-02-07,31.99,32.11,32.8,31.45,194398,649323864.0,4.22,0.38,0.12,1.58
2024-02-08,32.18,33.04,33.18,31.4,229377,774894631.0,5.54,2.9,0.93,1.86
2024-02-19,33.53,32.83,33.53,32.38,148334,505506386.0,3.48,-0.64,-0.21,1.2
2024-02-20,32.56,32.87,33.05,32.24,102644,347720738.0,2.47,0.12,0.04,0.83
2024-02-21,32.74,33.34,34.11,32.3,147313,509918696.0,5.51,1.43,0.47,1.2
2024-02-22,33.29,33.46,34.02,33.15,121174,420619341.0,2.61,0.36,0.12,0.98
2024-02-23,33.54,33.97,34.03,33.2,123354,431024505.0,2.48,1.52,0.51,1.0
2024-02-26,34.2,34.1,34.93,33.45,165014,583030021.0,4.36,0.38,0.13,1.34
2024-02-27,33.85,35.25,35.25,33.65,141713,506429123.0,4.69,3.37,1.15,1.15
2024-02-28,35.13,34.45,37.12,34.45,239439,888356196.0,7.57,-2.27,-0.8,1.94
2024-02-29,34.15,35.75,35.8,33.87,161665,590360530.0,5.6,3.77,1.3,1.31
2024-03-01,35.75,35.67,36.31,35.42,140200,518847475.0,2.49,-0.22,-0.08,1.14
2024-03-04,35.65,35.78,36.62,35.46,144445,536708102.0,3.25,0.31,0.11,1.17
2024-03-05,35.51,35.11,35.53,34.77,118221,429928235.0,2.12,-1.87,-0.67,0.96
2024-03-06,34.89,35.88,36.73,34.85,157792,584783713.0,5.35,2.19,0.77,1.28
2024-03-07,36.4,34.76,36.4,34.75,120849,442908467.0,4.6,-3.12,-1.12,0.98
2024-03-08,34.71,35.57,35.97,34.7,128118,469493131.0,3.65,2.33,0.81,1.04
2024-03-11,36.37,37.8,37.86,35.97,274713,1047610947.0,5.31,6.27,2.23,2.23
2024-03-12,37.93,37.75,38.96,37.55,219419,864559132.0,3.73,-0.13,-0.05,1.78
2024-03-13,37.55,37.43,37.95,37.17,120280,466033799.0,2.07,-0.85,-0.32,0.98
2024-03-14,37.27,37.06,38.02,36.6,127537,491556731.0,3.79,-0.99,-0.37,1.04
2024-03-15,36.78,36.5,37.24,35.73,145384,545729069.0,4.07,-1.51,-0.56,1.18
2024-03-18,36.43,37.45,37.67,36.21,163511,624519511.0,4.0,2.6,0.95,1.33
2024-03-19,37.3,36.66,37.87,36.65,117872,451468673.0,3.26,-2.11,-0.79,0.96
2024-03-20,36.44,36.47,37.23,36.27,99519,376585037.0,2.62,-0.52,-0.19,0.81
2024-03-21,36.73,35.83,37.2,35.6,143017,535292772.0,4.39,-1.75,-0.64,1.16
2024-03-22,35.57,34.35,35.79,34.35,151401,546353706.0,4.02,-4.13,-1.48,1.23
2024-03-25,34.25,33.57,34.68,33.55,114625,403911434.0,3.29,-2.27,-0.78,0.93
2024-03-26,33.52,34.18,34.54,33.48,101312,356364512.0,3.16,1.82,0.61,0.82
2024-03-27,34.11,33.03,34.51,33.03,81850,286511870.0,4.33,-3.36,-1.15,0.66
2024-03-28,32.96,33.27,33.9,32.96,82651,286178078.0,2.85,0.73,0.24,0.67
2024-03-29,33.15,33.02,33.49,32.55,96058,327964466.0,2.83,-0.75,-0.25,0.78
2024-04-01,33.16,33.91,34.15,33.08,112444,393201887.0,3.24,2.7,0.89,0.91
2024-04-02,33.96,33.7,33.99,33.28,94041,327694597.0,2.09,-0.62,-0.21,0.76
2024-04-03,33.69,33.25,33.77,33.23,70450,244218147.0,1.6,-1.34,-0.45,0.57
2024-04-08,33.13,31.58,33.13,31.47,150938,502746246.0,4.99,-5.02,-1.67,1.23
2024-04-09,31.57,32.27,32.48,31.46,77053,256272376.0,3.23,2.18,0.69,0.63
2024-04-10,32.53,31.51,32.53,31.26,75484,248533677.0,3.94,-2.36,-0.76,0.61
2024-04-11,31.3,31.2,31.77,30.99,79740,259460631.0,2.48,-0.98,-0.31,0.65
2024-04-12,31.2,30.33,31.37,30.3,111413,355923281.0,3.43,-2.79,-0.87,0.9
2024-04-15,30.45,31.07,31.64,30.41,143917,465770596.0,4.06,2.44,0.74,1.17
2024-04-16,31.15,30.69,31.91,30.57,167923,546121342.0,4.31,-1.22,-0.38,1.36
2024-04-17,30.77,31.42,31.45,30.75,142811,463324695.0,2.28,2.38,0.73,1.16
2024-04-18,31.2,30.76,31.28,30.29,136229,437641973.0,3.15,-2.1,-0.66,1.11
2024-04-19,30.49,29.84,30.55,29.73,132318,413928291.0,2.67,-2.99,-0.92,1.07
2024-04-22,29.7,29.73,30.52,29.47,95211,296880641.0,3.52,-0.37,-0.11,0.77
2024-04-23,29.7,29.11,30.12,28.81,115211,350813614.0,4.41,-2.09,-0.62,0.94
2024-04-24,29.2,28.72,29.23,28.51,99505,298464088.0,2.47,-1.34,-0.39,0.81
2024-04-25,28.74,28.7,29.18,28.2,108049,324040625.0,3.41,-0.07,-0.02,0.88
2024-04-26,29.55,32.45,33.48,29.55,414149,1368597193.0,13.69,13.07,3.75,3.36
2024-04-29,32.74,33.72,34.23,32.38,328477,1137632035.0,5.7,3.91,1.27,2.67
2024-04-30,33.26,32.67,33.65,32.62,190162,649544453.0,3.05,-3.11,-1.05,1.54
2024-05-06,33.34,32.95,33.45,32.71,206445,706366080.0,2.27,0.86,0.28,1.68
2024-05-07,32.96,32.65,33.26,32.58,144214,490863359.0,2.06,-0.91,-0.3,1.17
2024-05-08,32.53,31.79,32.55,31.54,149328,495519948.0,3.09,-2.63,-0.86,1.21
2024-05-09,31.79,32.6,33.21,31.79,223348,757799104.0,4.47,2.55,0.81,1.81
2024-05-10,32.55,31.54,32.55,31.36,182479,600778363.0,3.65,-3.25,-1.06,1.48
2024-05-13,31.23,31.26,31.62,30.54,149317,483872935.0,3.42,-0.89,-0.28,1.21
2024-05-14,31.4,31.1,31.53,30.8,119686,387337468.0,2.34,-0.51,-0.16,0.97
2024-05-15,31.1,31.26,32.03,31.1,177790,584597733.0,2.99,0.51,0.16,1.44
2024-05-16,31.51,32.38,33.29,31.17,300057,1010380573.0,6.78,3.58,1.12,2.44
2024-05-17,32.01,31.9,32.15,31.16,196389,645512758.0,3.06,-1.48,-0.48,1.59
2024-05-20,31.95,31.98,32.26,31.63,146408,484985756.0,1.97,0.25,0.08,1.19
2024-05-21,31.77,31.58,31.82,31.39,107039,350986255.0,1.34,-1.25,-0.4,0.87
2024-05-22,31.77,33.85,34.65,31.77,428983,1443110937.0,9.12,7.19,2.27,3.48
2024-05-23,33.46,32.76,34.15,32.53,272113,915961479.0,4.79,-3.22,-1.09,2.21
2024-05-24,32.86,32.98,34.65,32.85,312875,1069570656.0,5.49,0.67,0.22,2.54
2024-05-27,33.24,31.85,33.35,31.11,268558,868330743.0,6.79,-3.43,-1.13,2.18
2024-05-28,31.65,31.34,32.44,31.32,165656,535917408.0,3.52,-1.6,-0.51,1.35
2024-05-29,31.33,32.24,33.64,31.33,316322,1055476271.0,7.37,2.87,0.9,2.57
2024-05-30,32.7,31.83,32.8,31.57,191757,622219209.0,3.82,-1.27,-0.41,1.56
2024-05-31,31.96,31.54,32.01,31.45,151334,486604479.0,1.76,-0.91,-0.29,1.23
2024-06-03,31.45,31.3,31.46,30.75,132501,418978716.0,2.25,-0.76,-0.24,1.08
2024-06-04,31.23,31.8,31.8,30.94,140728,450933732.0,2.75,1.6,0.5,1.14
2024-06-05,31.64,31.03,31.9,30.93,139968,446926353.0,3.05,-2.42,-0.77,1.14
2024-06-06,31.1,30.6,31.58,30.42,167864,529217646.0,3.74,-1.39,-0.43,1.36
2024-06-07,30.69,30.67,30.8,30.17,125429,389377565.0,2.06,0.23,0.07,1.02
2024-06-11,30.43,30.87,30.93,29.96,105501,327685132.0,3.16,0.65,0.2,0.86
2024-06-12,30.85,31.58,31.83,30.67,163676,524525027.0,3.76,2.3,0.71,1.33
2024-06-13,31.58,33.1,33.62,31.33,389422,1296493929.0,7.25,4.81,1.52,3.16
2024-06-14,32.8,33.08,33.15,32.23,202674,673244815.0,2.78,-0.06,-0.02,1.65
2024-06-17,32.81,33.12,33.56,32.6,169796,572637791.0,2.9,0.12,0.04,1.38
2024-06-18,33.04,33.27,33.36,32.87,208067,700755527.0,1.48,0.45,0.15,1.69
2024-06-19,33.24,32.19,33.25,32.11,159246,525939087.0,3.43,-3.25,-1.08,1.29
2024-06-20,31.96,30.54,32.32,30.53,207421,656050031.0,5.56,-5.13,-1.65,1.68
2024-06-21,30.85,30.35,31.0,30.11,128454,398135559.0,2.91,-0.62,-0.19,1.04
2024-06-24,30.05,29.4,30.34,29.37,126155,383112978.0,3.2,-3.13,-0.95,1.02
2024-06-25,29.51,28.65,29.57,28.21,160831,471649969.0,4.63,-2.55,-0.75,1.31
2024-06-26,28.65,29.23,29.3,28.08,119247,349360883.0,4.26,2.02,0.58,0.97
2024-06-27,28.95,28.18,29.06,28.09,122365,355048134.0,3.32,-3.59,-1.05,0.99
2024-06-28,28.28,28.18,28.66,28.14,93518,270696909.0,1.85,0.0,0.0,0.76
2024-07-01,27.93,28.01,28.18,26.86,158286,442285608.0,4.68,-0.6,-0.17,1.29
2024-07-02,27.77,26.98,27.77,26.98,119967,334226910.0,2.82,-3.68,-1.03,0.97
2024-07-03,27.08,27.38,27.7,26.86,97054,269931210.0,3.11,1.48,0.4,0.79
2024-07-04,27.2,27.45,27.58,27.08,115637,322987113.0,1.83,0.26,0.07,0.94
2024-07-05,27.34,29.08,29.74,27.27,241136,703447879.0,9.0,5.94,1.63,1.96
2024-07-08,28.85,28.07,29.02,27.92,119548,346281901.0,3.78,-3.47,-1.01,0.97
2024-07-09,28.19,28.5,28.94,27.65,177242,510014170.0,4.6,1.53,0.43,1.44
2024-07-10,28.15,28.12,28.67,27.23,129285,371744392.0,5.05,-1.33,-0.38,1.05
2024-07-11,28.7,28.88,29.52,28.5,149360,440043358.0,3.63,2.7,0.76,1.21
2024-07-12,28.75,28.92,29.35,28.58,131526,387797488.0,2.67,0.14,0.04,1.07
2024-07-15,28.77,28.48,28.77,28.09,88821,257297582.0,2.35,-1.52,-0.44,0.72
2024-07-16,28.36,28.79,28.9,28.28,95793,279846291.0,2.18,1.09,0.31,0.78
2024-07-17,29.34,29.0,29.88,28.97,146842,439836448.0,3.16,0.73,0.21,1.19
2024-07-18,28.76,29.58,29.62,28.3,144809,430160991.0,4.55,2.0,0.58,1.18
2024-07-19,29.3,29.92,30.03,29.3,124533,378069785.0,2.47,1.15,0.34,1.01
2024-07-22,29.82,29.53,30.15,29.32,104272,315238578.0,2.77,-1.3,-0.39,0.85
2024-07-23,29.54,28.37,29.59,28.37,100365,295531552.0,4.13,-3.93,-1.16,0.81
2024-07-24,28.27,28.03,28.7,27.89,71469,205296913.0,2.86,-1.2,-0.34,0.58
2024-07-25,27.85,28.65,29.11,27.83,111767,326970514.0,4.57,2.21,0.62,0.91
2024-07-26,28.55,28.85,28.93,28.47,82226,240637711.0,1.61,0.7,0.2,0.67
2024-07-29,28.78,27.78,28.85,27.72,103951,296670305.0,3.92,-3.71,-1.07,0.84
2024-07-30,27.84,27.7,28.18,27.53,65495,185393448.0,2.34,-0.29,-0.08,0.53
2024-07-31,27.69,29.33,29.37,27.46,145478,424965667.0,6.9,5.88,1.63,1.18
2024-08-01,29.17,28.95,29.6,28.91,84120,250638602.0,2.35,-1.3,-0.38,0.68
2024-08-02,28.9,28.28,29.14,28.15,90687,264747957.0,3.42,-2.31,-0.67,0.74
2024-08-05,28.14,27.16,28.79,27.16,129916,369407774.0,5.76,-3.96,-1.12,1.05
2024-08-06,27.5,28.14,28.51,27.5,110056,314994055.0,3.72,3.61,0.98,0.89
2024-08-07,28.08,28.17,28.5,27.92,66217,190140210.0,2.06,0.11,0.03,0.54
2024-08-08,28.15,27.88,28.41,27.63,61535,175040899.0,2.77,-1.03,-0.29,0.5
2024-08-09,28.14,27.28,28.28,27.27,96884,272828504.0,3.62,-2.15,-0.6,0.79
2024-08-12,27.69,27.22,28.04,27.01,76445,212749026.0,3.78,-0.22,-0.06,0.62
2024-08-13,27.05,26.65,27.18,26.23,117867,320155351.0,3.49,-2.09,-0.57,0.96
2024-08-14,26.6,26.24,26.88,26.24,73344,197662823.0,2.4,-1.54,-0.41,0.6
2024-08-15,26.24,26.29,26.7,25.87,86585,232457219.0,3.16,0.19,0.05,0.7
2024-08-16,26.38,26.31,26.52,26.17,50937,136890319.0,1.33,0.08,0.02,0.41
2024-08-19,26.15,25.64,26.31,25.6,86550,228293701.0,2.7,-2.55,-0.67,0.7
2024-08-20,25.7,25.16,25.76,25.01,77152,199643248.0,2.93,-1.87,-0.48,0.63
2024-08-21,24.82,23.78,24.82,23.73,187155,463163512.0,4.33,-5.48,-1.38,1.52
2024-08-22,23.77,22.82,24.13,22.77,165706,392703231.0,5.72,-4.04,-0.96,1.35
2024-08-23,22.74,22.6,22.95,22.45,112255,260521816.0,2.19,-0.96,-0.22,0.91
2024-08-26,22.6,22.72,23.22,22.56,102865,240286211.0,2.92,0.53,0.12,0.84
2024-08-27,22.75,22.33,22.9,22.3,111675,257444291.0,2.64,-1.72,-0.39,0.91
2024-08-28,22.33,22.12,22.44,22.05,91911,209213034.0,1.75,-0.94,-0.21,0.75
2024-08-29,21.99,22.81,23.2,21.82,167242,388201730.0,6.24,3.12,0.69,1.36
2024-08-30,22.71,23.13,23.61,22.43,205461,486606019.0,5.17,1.4,0.32,1.67
2024-09-02,23.02,21.96,23.35,21.95,161951,372429427.0,6.05,-5.06,-1.17,1.32
2024-09-03,21.9,22.25,22.49,21.76,123323,280133362.0,3.32,1.32,0.29,1.0
2024-09-04,22.01,22.45,22.84,21.96,119243,273870343.0,3.96,0.9,0.2,0.97
2024-09-05,22.39,22.71,23.0,22.33,93490,217551640.0,2.98,1.16,0.26,0.76
2024-09-06,22.64,22.12,22.68,22.06,78394,178840405.0,2.73,-2.6,-0.59,0.64
2024-09-09,22.01,21.92,22.27,21.77,71246,160316361.0,2.26,-0.9,-0.2,0.58
2024-09-10,21.91,21.92,22.05,21.52,82569,184353183.0,2.42,0.0,0.0,0.67
2024-09-11,21.81,22.17,22.36,21.69,84972,192743715.0,3.06,1.14,0.25,0.69
2024-09-12,22.22,21.98,22.91,21.97,117118,268693119.0,4.24,-0.86,-0.19,0.95
2024-09-13,22.03,21.42,22.09,21.42,88973,198057322.0,3.05,-2.55,-0.56,0.72
2024-09-18,21.33,21.37,21.54,21.11,63815,139302313.0,2.01,-0.23,-0.05,0.52
2024-09-19,21.65,21.6,22.09,21.27,96170,214167173.0,3.84,1.08,0.23,0.78
2024-09-20,21.65,21.09,21.67,20.91,104549,226569830.0,3.52,-2.36,-0.51,0.85
2024-09-23,21.09,20.85,21.33,20.84,78778,170216631.0,2.32,-1.14,-0.24,0.64
2024-09-24,21.05,22.39,22.4,20.9,219538,489051300.0,7.19,7.39,1.54,1.78
2024-09-25,22.64,22.73,23.35,22.64,214928,505820753.0,3.17,1.52,0.34,1.75
2024-09-26,22.73,23.94,23.94,22.53,217066,518087188.0,6.2,5.32,1.21,1.76
2024-09-27,24.33,26.44,26.93,24.32,424770,1107422972.0,10.9,10.44,2.5,3.45
2024-09-30,28.28,31.84,31.84,27.33,631891,1912495340.0,17.06,20.42,5.4,5.13
2024-10-08,38.32,38.32,38.32,35.71,787027,3034708139.0,8.2,20.35,6.48,6.39
2024-10-09,37.45,38.25,42.25,36.17,958366,3768364500.0,15.87,-0.18,-0.07,7.78
2024-10-10,38.61,36.22,39.0,34.94,521593,1925774558.0,10.61,-5.31,-2.03,4.24
2024-10-11,35.44,32.45,36.12,31.92,486745,1656338850.0,11.6,-10.41,-3.77,3.95
2024-10-14,32.55,33.38,33.56,31.4,360538,1195278337.0,6.66,2.87,0.93,2.93
2024-10-15,32.95,32.83,34.15,32.57,304760,1036928324.0,4.73,-1.65,-0.55,2.47
2024-10-16,31.96,32.2,33.25,31.93,196140,647241505.0,4.02,-1.92,-0.63,1.59
2024-10-17,32.63,31.36,32.73,31.35,206926,674011120.0,4.29,-2.61,-0.84,1.68
2024-10-18,31.33,34.16,35.71,31.05,471951,1591419192.0,14.86,8.93,2.8,3.83
2024-10-21,34.51,36.13,37.8,34.51,554306,2050284911.0,9.63,5.77,1.97,4.5
2024-10-22,35.96,36.53,36.91,35.16,352436,1293898404.0,4.84,1.11,0.4,2.86
2024-10-23,36.54,37.24,38.25,35.64,485494,1822665061.0,7.14,1.94,0.71,3.94
2024-10-24,36.45,35.15,36.63,35.13,321222,1162452385.0,4.03,-5.61,-2.09,2.61
2024-10-25,34.45,36.6,37.65,34.45,503803,1869605504.0,9.1,4.13,1.45,4.09
2024-10-28,36.35,35.86,36.35,35.2,293477,1062818099.0,3.14,-2.02,-0.74,2.38
2024-10-29,36.09,34.48,37.03,34.47,323442,1161460869.0,7.14,-3.85,-1.38,2.63
2024-10-30,34.25,34.36,35.1,33.97,200568,702900442.0,3.28,-0.35,-0.12,1.63
2024-10-31,34.8,35.45,35.97,34.42,335045,1199373109.0,4.51,3.17,1.09,2.72
2024-11-01,35.05,33.43,35.16,33.36,302877,1046710987.0,5.08,-5.7,-2.02,2.46
2024-11-04,33.55,33.75,34.05,33.3,153654,525619269.0,2.24,0.96,0.32,1.25
2024-11-05,34.02,35.03,35.37,33.51,288789,1018013946.0,5.51,3.79,1.28,2.34
2024-11-06,35.05,35.1,36.55,34.75,336729,1219782700.0,5.14,0.2,0.07,2.73
2024-11-07,33.95,35.45,35.59,33.7,277270,975109911.0,5.38,1.0,0.35,2.25
2024-11-08,35.91,35.95,36.74,35.53,389911,1429487634.0,3.41,1.41,0.5,3.17
2024-11-11,36.45,39.44,39.44,36.33,603996,2346852317.0,8.65,9.71,3.49,4.9
2024-11-12,40.03,37.75,40.03,37.25,454402,1768751362.0,7.05,-4.28,-1.69,3.69
2024-11-13,37.45,40.08,41.2,37.35,571036,2287893964.0,10.2,6.17,2.33,4.64
2024-11-14,39.92,38.64,40.7,38.45,345295,1375692083.0,5.61,-3.59,-1.44,2.8
2024-11-15,39.05,36.33,39.35,36.23,321589,1223330586.0,8.07,-5.98,-2.31,2.61
2024-11-18,36.05,34.36,36.33,34.01,269591,961877083.0,6.39,-5.42,-1.97,2.19
2024-11-19,34.48,35.56,35.58,34.01,200467,709667123.0,4.57,3.49,1.2,1.63
2024-11-20,35.33,35.33,35.68,34.73,179813,642765130.0,2.67,-0.65,-0.23,1.46
2024-11-21,35.75,35.33,36.4,34.98,192727,699550936.0,4.02,0.0,0.0,1.56
2024-11-22,34.95,33.55,35.26,33.48,217445,757582315.0,5.04,-5.04,-1.78,1.77
2024-11-25,33.45,33.38,33.77,32.73,139687,472262058.0,3.1,-0.51,-0.17,1.13
2024-11-26,33.41,33.06,34.08,32.97,98486,335227732.0,3.33,-0.96,-0.32,0.8
2024-11-27,33.0,34.25,34.33,32.67,134880,459379336.0,5.02,3.6,1.19,1.1
2024-11-28,34.24,33.53,34.5,33.49,114306,394892674.0,2.95,-2.1,-0.72,0.93
2024-11-29,33.45,34.28,34.81,33.25,159422,552981618.0,4.65,2.24,0.75,1.29
2024-12-02,33.95,34.49,34.78,33.07,172979,599612670.0,4.99,0.61,0.21,1.4
2024-12-03,34.53,34.86,35.01,34.24,150439,529287042.0,2.23,1.07,0.37,1.22
2024-12-04,35.3,34.25,35.63,34.15,162817,576972057.0,4.25,-1.75,-0.61,1.32
2024-12-05,33.76,34.15,34.4,33.76,99795,345645788.0,1.87,-0.29,-0.1,0.81
2024-12-06,34.15,34.22,34.67,33.62,136487,474353289.0,3.07,0.2,0.07,1.11
2024-12-09,34.15,33.63,34.3,33.46,111231,382627745.0,2.45,-1.72,-0.59,0.9
2024-12-10,34.93,33.81,35.13,33.77,173481,608357661.0,4.04,0.54,0.18,1.41
2024-12-11,33.62,33.24,33.89,33.11,148739,505991320.0,2.31,-1.69,-0.57,1.21
2024-12-12,33.35,33.54,33.59,32.78,148859,502205299.0,2.44,0.9,0.3,1.21
2024-12-13,33.23,32.25,33.25,32.2,185511,617630383.0,3.13,-3.85,-1.29,1.51
2024-12-16,32.23,31.83,32.44,31.58,105427,342529082.0,2.67,-1.3,-0.42,0.86
2024-12-17,31.75,31.63,32.21,31.63,88305,286641601.0,1.82,-0.63,-0.2,0.72
2024-12-18,31.82,31.68,31.96,31.61,76829,248065687.0,1.11,0.16,0.05,0.62
2024-12-19,31.32,31.88,31.88,31.18,99147,317388806.0,2.21,0.63,0.2,0.81
2024-12-20,31.75,32.02,32.5,31.55,110646,360735194.0,2.98,0.44,0.14,0.9
2024-12-23,31.98,33.52,34.09,31.78,316069,1070352423.0,7.21,4.68,1.5,2.57
2024-12-24,33.15,33.63,33.91,32.87,197513,671924537.0,3.1,0.33,0.11,1.6
2024-12-25,33.55,32.47,33.61,32.36,155080,516325613.0,3.72,-3.45,-1.16,1.26
2024-12-26,32.33,32.67,33.13,32.33,113348,376743348.0,2.46,0.62,0.2,0.92
2024-12-27,32.5,32.89,33.5,32.4,161436,542782377.0,3.37,0.67,0.22,1.31
2024-12-30,32.77,32.53,33.11,32.33,108408,360226324.0,2.37,-1.09,-0.36,0.88
2024-12-31,32.53,31.35,32.8,31.34,143943,466973063.0,4.49,-3.63,-1.18,1.17
2025-01-02,31.25,29.75,31.32,29.44,160799,496366188.0,6.0,-5.1,-1.6,1.31
2025-01-03,29.74,28.84,30.01,28.75,121905,364357909.0,4.24,-3.06,-0.91,0.99
2025-01-06,28.55,28.52,29.09,28.24,109871,321051872.0,2.95,-1.11,-0.32,0.89
2025-01-07,28.45,28.87,28.9,28.25,83542,243659902.0,2.28,1.23,0.35,0.68
2025-01-08,28.65,28.38,28.73,27.6,115084,331490478.0,3.91,-1.7,-0.49,0.93
2025-01-09,28.24,28.23,28.83,28.15,83585,242365474.0,2.4,-0.53,-0.15,0.68
2025-01-10,28.18,27.23,28.42,27.23,108552,307135472.0,4.22,-3.54,-1.0,0.88
2025-01-13,26.96,27.94,28.4,26.89,113028,321304878.0,5.55,2.61,0.71,0.92
2025-01-14,27.96,29.0,29.05,27.75,134259,390916003.0,4.65,3.79,1.06,1.09
2025-01-15,28.96,29.1,29.55,28.61,124128,367873950.0,3.24,0.34,0.1,1.01
2025-01-16,29.17,29.81,29.9,28.84,161906,484513508.0,3.64,2.44,0.71,1.31
2025-01-17,29.57,31.27,32.08,29.41,268148,843293611.0,8.96,4.9,1.46,2.18
2025-01-20,31.33,31.16,31.59,30.96,138191,440133746.0,2.01,-0.35,-0.11,1.12
2025-01-21,31.28,31.37,31.63,30.41,124559,393192374.0,3.92,0.67,0.21,1.01
2025-01-22,31.16,30.69,31.47,30.59,88618,279082704.0,2.81,-2.17,-0.68,0.72
2025-01-23,31.1,30.28,31.3,30.28,120028,375638850.0,3.32,-1.34,-0.41,0.97
2025-01-24,30.31,30.47,30.63,30.1,101743,314595548.0,1.75,0.63,0.19,0.83
2025-01-27,30.51,30.05,30.69,30.02,84448,260061520.0,2.2,-1.38,-0.42,0.69
2025-02-05,30.06,29.99,30.43,29.8,69475,212465302.0,2.1,-0.2,-0.06,0.56
2025-02-06,30.05,31.35,31.59,29.72,152751,480115180.0,6.24,4.53,1.36,1.24
2025-02-07,31.44,31.71,32.24,31.25,190062,614137993.0,3.16,1.15,0.36,1.54
2025-02-10,31.87,31.53,31.9,31.04,121487,387849584.0,2.71,-0.57,-0.18,0.99
2025-02-11,31.4,30.98,31.53,30.85,91758,289485181.0,2.16,-1.74,-0.55,0.75
2025-02-12,30.95,31.43,31.52,30.78,117649,372558579.0,2.39,1.45,0.45,0.96
2025-02-13,31.44,30.71,31.66,30.71,107599,340843002.0,3.02,-2.29,-0.72,0.87
2025-02-14,30.69,30.76,31.07,30.47,98662,308639122.0,1.95,0.16,0.05,0.8
2025-02-17,30.7,30.6,30.84,30.37,118788,369948895.0,1.53,-0.52,-0.16,0.96
2025-02-18,30.55,30.11,31.35,30.11,158668,496147096.0,4.05,-1.6,-0.49,1.29
2025-02-19,30.05,30.93,31.16,30.05,141295,442032283.0,3.69,2.72,0.82,1.15
2025-02-20,30.8,30.84,30.89,30.3,120448,375122813.0,1.91,-0.29,-0.09,0.98
2025-02-21,30.78,31.17,31.38,30.58,176873,558944201.0,2.59,1.07,0.33,1.44
2025-02-24,31.17,32.08,32.75,30.93,268178,874412310.0,5.84,2.92,0.91,2.18
2025-02-25,31.9,32.03,32.4,31.66,182081,594678843.0,2.31,-0.16,-0.05,1.48
2025-02-26,32.11,33.34,33.65,31.77,324181,1079767357.0,5.87,4.09,1.31,2.63
2025-02-27,33.35,32.92,33.84,32.37,257449,864743249.0,4.41,-1.26,-0.42,2.09
2025-02-28,33.43,32.51,34.6,32.5,373951,1283744028.0,6.38,-1.25,-0.41,3.04
2025-03-03,32.8,32.23,33.65,32.08,246033,824354055.0,4.83,-0.86,-0.28,2.0
2025-03-04,32.13,32.53,32.72,31.97,154760,508524816.0,2.33,0.93,0.3,1.26
2025-03-05,32.52,31.95,32.54,31.47,148669,481870040.0,3.29,-1.78,-0.58,1.21
2025-03-06,32.1,33.09,33.57,31.96,233460,783911889.0,5.04,3.57,1.14,1.9
2025-03-07,32.96,32.68,33.33,32.17,173645,576717834.0,3.51,-1.24,-0.41,1.41
2025-03-10,32.87,33.14,33.15,32.5,138273,462390875.0,1.99,1.41,0.46,1.12
2025-03-11,32.75,33.06,33.08,32.36,129806,430762839.0,2.17,-0.24,-0.08,1.05
2025-03-12,33.15,33.85,34.45,33.15,249984,857644735.0,3.93,2.39,0.79,2.03
2025-03-13,33.86,32.8,34.02,32.52,152174,512062803.0,4.43,-3.1,-1.05,1.24
2025-03-14,32.79,33.3,33.47,32.52,130006,438364097.0,2.9,1.52,0.5,1.06
2025-03-17,33.3,34.9,34.92,33.27,325527,1139865026.0,4.95,4.8,1.6,2.64
2025-03-18,34.75,34.37,34.89,34.32,167663,588464908.0,1.63,-1.52,-0.53,1.36
2025-03-19,34.55,34.06,34.66,33.77,144163,501080615.0,2.59,-0.9,-0.31,1.17
2025-03-20,34.11,33.85,34.15,33.75,97581,336631024.0,1.17,-0.62,-0.21,0.79
2025-03-21,33.8,33.17,34.32,33.01,131381,448445658.0,3.87,-2.01,-0.68,1.07
2025-03-24,33.17,32.79,33.45,32.28,111628,372214608.0,3.53,-1.15,-0.38,0.91
2025-03-25,32.8,32.69,33.24,32.49,83265,277971894.0,2.29,-0.3,-0.1,0.68
2025-03-26,33.11,32.97,33.41,32.65,91285,306673307.0,2.32,0.86,0.28,0.74
2025-03-27,32.78,32.42,32.81,31.83,104732,343815677.0,2.97,-1.67,-0.55,0.85
2025-03-28,32.42,32.05,32.9,32.05,75380,247877710.0,2.62,-1.14,-0.37,0.61
2025-03-31,31.85,31.43,31.92,31.0,85925,274826986.0,2.87,-1.93,-0.62,0.7
2025-04-01,31.5,31.75,32.31,31.47,68930,223608202.0,2.67,1.02,0.32,0.56
2025-04-02,31.81,31.62,32.06,31.56,52286,168976147.0,1.57,-0.41,-0.13,0.42
2025-04-03,31.39,31.09,31.73,31.08,72754,231960418.0,2.06,-1.68,-0.53,0.59
2025-04-07,29.15,27.25,29.45,25.95,220209,623713678.0,11.26,-12.35,-3.84,1.79
2025-04-08,27.81,27.37,28.4,26.96,143711,404558274.0,5.28,0.44,0.12,1.17
2025-04-09,27.01,27.74,28.2,26.37,136203,382079821.0,6.69,1.35,0.37,1.11
2025-04-10,28.45,28.2,28.95,28.12,117759,342042624.0,2.99,1.66,0.46,0.96
2025-04-11,27.97,29.32,30.29,27.95,157564,468311655.0,8.3,3.97,1.12,1.28
2025-04-14,29.59,29.09,29.69,29.05,92138,274840669.0,2.18,-0.78,-0.23,0.75
2025-04-15,29.05,28.82,29.05,28.57,55861,163658852.0,1.65,-0.93,-0.27,0.45
2025-04-16,28.68,28.31,28.85,27.9,70144,202045295.0,3.3,-1.77,-0.51,0.57
2025-04-17,28.02,27.97,28.47,27.95,54470,156835371.0,1.84,-1.2,-0.34,0.44
2025-04-18,27.95,28.03,28.1,27.72,41545,118242126.0,1.36,0.21,0.06,0.34
2025-04-21,26.63,27.88,27.92,26.25,137778,382423666.0,5.96,-0.54,-0.15,1.12
2025-04-22,27.73,28.25,28.54,27.55,82528,236906854.0,3.55,1.33,0.37,0.67
2025-04-23,28.25,27.9,28.65,27.75,77778,222180755.0,3.19,-1.24,-0.35,0.63
2025-04-24,27.95,27.34,28.13,27.2,61791,173446946.0,3.33,-2.01,-0.56,0.5
2025-04-25,27.45,27.14,27.49,27.11,56254,156539894.0,1.39,-0.73,-0.2,0.46
2025-04-28,27.25,26.75,27.29,26.71,47504,130301517.0,2.14,-1.44,-0.39,0.39
2025-04-29,26.63,26.93,27.17,26.53,68739,188962502.0,2.39,0.67,0.18,0.56
2025-04-30,26.85,26.87,27.23,26.85,54720,150820030.0,1.41,-0.22,-0.06,0.44
2025-05-06,27.05,27.94,27.95,27.0,84338,237331224.0,3.54,3.98,1.07,0.68
2025-05-07,28.33,27.81,28.61,27.63,77128,220273605.0,3.51,-0.47,-0.13,0.63
2025-05-08,27.74,28.42,28.42,27.73,86961,250138322.0,2.48,2.19,0.61,0.71
2025-05-09,28.36,27.87,28.38,27.74,60466,172302532.0,2.25,-1.94,-0.55,0.49
2025-05-12,28.2,28.3,28.41,28.05,76439,219858114.0,1.29,1.54,0.43,0.62
2025-05-13,28.74,28.35,29.12,28.31,120377,352720386.0,2.86,0.18,0.05,0.98
2025-05-14,28.36,28.2,28.55,27.85,78144,223859326.0,2.47,-0.53,-0.15,0.63
2025-05-15,28.08,27.49,28.11,27.46,62732,177171732.0,2.3,-2.52,-0.71,0.51
2025-05-16,27.49,27.34,27.64,27.26,65154,181984781.0,1.38,-0.55,-0.15,0.53
2025-05-19,27.24,27.35,27.47,26.96,48381,134369508.0,1.87,0.04,0.01,0.39
2025-05-20,27.44,27.53,27.6,27.25,46087,129162530.0,1.28,0.66,0.18,0.37
2025-05-21,27.65,27.8,28.6,27.62,100522,287809363.0,3.56,0.98,0.27,0.82
2025-05-22,28.05,28.25,28.74,28.05,127199,367543106.0,2.48,1.62,0.45,1.03
2025-05-23,28.14,27.57,28.27,27.54,88432,250653365.0,2.58,-2.41,-0.68,0.72
2025-05-26,27.68,27.51,27.74,27.29,48792,136699216.0,1.63,-0.22,-0.06,0.4
2025-05-27,27.5,27.33,27.67,27.28,44203,123593615.0,1.42,-0.65,-0.18,0.36
2025-05-28,27.35,26.81,27.52,26.45,70421,190858093.0,3.92,-1.9,-0.52,0.57
2025-05-29,26.74,27.16,27.24,26.74,45196,123141391.0,1.86,1.31,0.35,0.37
2025-05-30,27.16,26.81,27.2,26.81,41621,112737116.0,1.44,-1.29,-0.35,0.34
2025-06-03,26.65,26.77,26.88,26.63,36959,99444719.0,0.93,-0.15,-0.04,0.3
2025-06-04,26.93,27.0,27.1,26.8,34192,92691737.0,1.12,0.86,0.23,0.28
2025-06-05,27.01,27.19,27.25,26.82,50996,138624155.0,1.59,0.7,0.19,0.41
2025-06-06,27.17,27.06,27.25,27.01,36997,100744005.0,0.88,-0.48,-0.13,0.3
2025-06-09,27.08,27.34,27.34,27.03,51820,141865134.0,1.15,1.03,0.28,0.42
2025-06-10,27.25,26.8,27.31,26.66,69924,189479171.0,2.38,-1.98,-0.54,0.57
2025-06-11,26.79,27.03,27.2,26.79,49046,133555035.0,1.53,0.86,0.23,0.4
2025-06-12,27.03,26.81,27.05,26.77,46466,125412108.0,1.04,-0.81,-0.22,0.38
2025-06-13,26.72,26.51,26.93,26.45,57849,154706419.0,1.79,-1.12,-0.3,0.47
2025-06-16,26.44,26.26,26.54,26.15,67859,179414885.0,1.47,-0.94,-0.25,0.55
2025-06-17,26.28,26.36,26.4,26.18,46867,123940585.0,0.84,0.38,0.1,0.38
2025-06-18,26.55,26.34,26.56,26.2,44479,117935241.0,1.37,-0.08,-0.02,0.36
2025-06-19,26.25,25.67,26.39,25.65,76594,200031079.0,2.81,-2.54,-0.67,0.62
2025-06-20,25.72,25.84,26.28,25.72,66078,172926533.0,2.18,0.66,0.17,0.54
2025-06-23,25.67,25.98,26.03,25.53,56916,148194759.0,1.93,0.54,0.14,0.46
2025-06-24,26.05,26.45,26.5,26.0,84142,222888255.0,1.92,1.81,0.47,0.68
2025-06-25,26.4,26.79,26.79,26.28,94950,253343409.0,1.93,1.29,0.34,0.77
2025-06-26,26.76,26.42,26.92,26.41,87022,233479228.0,1.9,-1.38,-0.37,0.71
2025-06-27,26.51,26.8,26.98,26.51,100115,269847479.0,1.78,1.44,0.38,0.81
2025-06-30,26.94,27.0,27.27,26.85,91428,248280904.0,1.57,0.75,0.2,0.74
2025-07-01,26.93,26.97,27.04,26.73,62544,168939693.0,1.15,-0.11,-0.03,0.51
2025-07-02,26.97,27.3,27.35,26.76,144174,393140415.0,2.19,1.22,0.33,1.17
2025-07-03,27.13,27.05,27.29,26.9,87981,239292500.0,1.43,-0.92,-0.25,0.71
2025-07-04,27.24,26.8,27.32,26.75,81891,221596438.0,2.11,-0.92,-0.25,0.66
2025-07-07,26.73,26.61,26.86,26.56,49708,133237769.0,1.12,-0.71,-0.19,0.4
2025-07-08,26.61,27.92,28.05,26.58,239212,665465765.0,5.52,4.92,1.31,1.94
2025-07-09,27.91,27.69,28.23,27.62,105923,296249570.0,2.18,-0.82,-0.23,0.86
2025-07-10,27.7,28.08,28.25,27.67,153769,432981499.0,2.09,1.41,0.39,1.25
2025-07-11,28.15,27.95,28.16,27.85,96335,271030926.0,1.1,-0.46,-0.13,0.78
2025-07-14,27.88,27.69,27.95,27.65,71219,198522685.0,1.07,-0.93,-0.26,0.58
2025-07-15,27.65,27.26,27.79,27.07,103757,285383095.0,2.6,-1.55,-0.43,0.84
2025-07-16,27.26,27.33,27.48,27.13,72144,198055276.0,1.28,0.26,0.07,0.59
2025-07-17,27.5,27.45,27.6,27.2,85437,235072354.0,1.46,0.44,0.12,0.69
2025-07-18,27.4,27.55,27.9,27.34,90729,250901125.0,2.04,0.36,0.1,0.74
2025-07-21,27.62,27.96,28.02,27.48,102385,286660415.0,1.96,1.49,0.41,0.83
2025-07-22,28.0,28.34,28.34,27.84,130276,368277483.0,1.79,1.36,0.38,1.06
2025-07-23,28.43,28.01,28.71,27.95,124044,352391091.0,2.68,-1.16,-0.33,1.01
2025-07-24,27.9,28.7,28.76,27.9,140708,402302598.0,3.07,2.46,0.69,1.14
2025-07-25,28.69,28.55,28.75,28.37,83964,240735022.0,1.32,-0.52,-0.15,0.68
2025-07-28,28.45,28.3,28.58,28.25,85907,244944393.0,1.16,-0.88,-0.25,0.7
2025-07-29,28.32,29.06,29.55,28.12,192884,560068318.0,5.05,2.69,0.76,1.57
2025-07-30,29.02,28.57,29.07,28.35,110474,319224536.0,2.48,-1.69,-0.49,0.9
2025-07-31,28.5,27.73,28.68,27.65,144414,407731716.0,3.61,-2.94,-0.84,1.17
2025-08-01,27.93,28.32,29.15,27.93,205390,591805565.0,4.4,2.13,0.59,1.67
2025-08-04,28.15,27.88,28.15,27.62,124876,348735928.0,1.87,-1.55,-0.44,1.01
2025-08-05,27.97,28.02,28.09,27.83,72779,204490058.0,0.93,0.5,0.14,0.59
2025-08-06,28.01,28.42,28.43,27.84,111025,313851483.0,2.11,1.43,0.4,0.9
2025-08-07,28.42,28.1,28.42,27.92,101987,288246595.0,1.76,-1.13,-0.32,0.83
2025-08-08,28.02,27.95,28.38,27.92,110733,312395793.0,1.64,-0.53,-0.15,0.9
2025-08-11,27.95,28.6,28.72,27.86,155520,444103357.0,3.08,2.33,0.65,1.26
2025-08-12,28.51,28.6,28.66,28.22,114461,327581728.0,1.54,0.0,0.0,0.93
2025-08-13,28.55,28.73,29.05,28.37,145912,420832989.0,2.38,0.45,0.13,1.18
2025-08-14,28.74,28.19,28.9,28.12,152629,437738910.0,2.71,-1.88,-0.54,1.24
2025-08-15,28.17,29.05,29.14,28.17,202872,588495790.0,3.44,3.05,0.86,1.65
2025-08-18,29.48,29.53,29.82,29.07,223795,662374656.0,2.58,1.65,0.48,1.82
2025-08-19,29.64,29.56,30.05,29.36,185853,554099284.0,2.34,0.1,0.03,1.51
2025-08-20,29.56,30.2,30.21,29.36,210072,628647516.0,2.88,2.17,0.64,1.71
2025-08-21,30.08,29.94,30.34,29.75,168312,508583161.0,1.95,-0.86,-0.26,1.37
2025-08-22,29.77,30.32,30.41,29.76,192981,585678347.0,2.17,1.27,0.38,1.57
2025-08-25,30.02,29.8,30.41,29.41,370223,1108388632.0,3.3,-1.72,-0.52,3.01
2025-08-26,29.64,29.65,30.2,29.43,192917,578675364.0,2.58,-0.5,-0.15,1.57
2025-08-27,29.67,29.17,30.35,29.15,269169,808244854.0,4.05,-1.62,-0.48,2.19
2025-08-28,29.05,30.53,30.74,29.05,343360,1035840231.0,5.79,4.66,1.36,2.79
2025-08-29,30.42,30.02,30.5,29.89,197132,596886288.0,2.0,-1.67,-0.51,1.6
2025-09-01,30.09,30.31,30.5,29.78,186910,565145697.0,2.4,0.97,0.29,1.52
2025-09-02,30.35,30.19,31.33,30.0,380062,1169099254.0,4.39,-0.4,-0.12,3.09
2025-09-03,30.19,29.79,30.71,29.53,239420,722318014.0,3.91,-1.32,-0.4,1.94
2025-09-04,29.79,29.45,31.0,29.05,324701,982873510.0,6.55,-1.14,-0.34,2.64
2025-09-05,29.4,34.85,35.35,29.4,885861,2913383642.0,20.2,18.34,5.4,7.19
2025-09-08,35.82,34.54,35.83,34.0,725451,2536935765.0,5.25,-0.89,-0.31,5.89
2025-09-09,34.1,33.11,34.79,33.03,452626,1528946462.0,5.1,-4.14,-1.43,3.68
2025-09-10,33.46,34.4,34.76,32.88,503922,1713137560.0,5.68,3.9,1.29,4.09
2025-09-11,34.06,35.77,35.86,33.68,520639,1808175533.0,6.34,3.98,1.37,4.23
2025-09-12,36.43,34.94,37.58,34.79,601320,2194210044.0,7.8,-2.32,-0.83,4.88
2025-09-15,35.86,37.92,40.54,35.18,696109,2624206333.0,15.34,8.53,2.98,5.65
2025-09-16,37.85,38.8,39.53,37.66,536494,2080117846.0,4.93,2.32,0.88,4.36
2025-09-17,38.34,38.36,39.23,37.42,423095,1623685926.0,4.66,-1.13,-0.44,3.44
2025-09-18,38.18,37.67,39.14,36.38,502053,1911593299.0,7.19,-1.8,-0.69,4.08
2025-09-19,38.35,38.47,39.71,38.35,486947,1912964157.0,3.61,2.12,0.8,3.95
2025-09-22,38.48,39.34,39.5,37.26,433645,1668205087.0,5.82,2.26,0.87,3.52
2025-09-23,39.35,37.94,39.35,37.36,361041,1384142969.0,5.06,-3.56,-1.4,2.93
2025-09-24,37.65,38.33,38.85,36.7,389252,1478159649.0,5.67,1.03,0.39,3.16
2025-09-25,38.55,39.7,41.11,38.34,493436,1984402509.0,7.23,3.57,1.37,4.01
2025-09-26,39.36,44.8,45.8,39.03,725312,3081943443.0,17.05,12.85,5.1,5.89
2025-09-29,44.18,44.88,48.73,43.87,779150,3583651843.0,10.85,0.18,0.08,6.33
2025-09-30,45.59,45.36,46.8,44.83,545259,2502059853.0,4.39,1.07,0.48,4.43
2025-10-09,45.05,47.41,48.3,44.58,564115,2626803879.0,8.2,4.52,2.05,4.58
2025-10-10,45.87,42.38,46.43,42.36,570742,2527239720.0,8.58,-10.61,-5.03,4.63
2025-10-13,40.85,43.18,43.65,40.62,344202,1468449754.0,7.15,1.89,0.8,2.79
2025-10-14,43.35,43.29,45.27,41.82,476263,2093782533.0,7.99,0.25,0.11,3.87
2025-10-15,42.59,42.0,43.16,41.05,353012,1481396843.0,4.87,-2.98,-1.29,2.87
2025-10-16,41.94,40.67,42.2,40.52,313752,1297083364.0,4.0,-3.17,-1.33,2.55
2025-10-17,40.63,37.56,40.63,37.56,459125,1779178415.0,7.55,-7.65,-3.11,3.73
2025-10-20,38.35,38.9,39.21,38.1,312919,1216393049.0,2.96,3.57,1.34,2.54
2025-10-21,38.91,41.03,41.44,38.9,400446,1626080569.0,6.53,5.48,2.13,3.25
2025-10-22,40.28,40.77,41.26,40.24,200219,818049894.0,2.49,-0.63,-0.26,1.63
2025-10-23,40.6,40.23,41.32,39.57,222191,902674793.0,4.29,-1.32,-0.54,1.8
2025-10-24,40.45,41.93,42.28,40.45,274929,1149776258.0,4.55,4.23,1.7,2.23
2025-10-27,41.93,40.0,42.23,39.15,430507,1741733246.0,7.35,-4.6,-1.93,3.5
2025-10-28,39.85,39.22,40.2,38.98,221173,877028433.0,3.05,-1.95,-0.78,1.8
2025-10-29,39.22,40.68,40.84,39.13,257473,1036508381.0,4.36,3.72,1.46,2.09
2025-10-30,40.56,39.43,40.82,39.35,204490,820798873.0,3.61,-3.07,-1.25,1.66
2025-10-31,39.3,38.85,40.29,38.83,173979,688767008.0,3.7,-1.47,-0.58,1.41
2025-11-03,38.85,39.2,39.65,37.75,193428,748854309.0,4.89,0.9,0.35,1.57
2025-11-04,39.07,38.03,39.36,37.76,148056,567420797.0,4.08,-2.98,-1.17,1.2
2025-11-05,37.44,39.25,39.61,37.36,186658,725910281.0,5.92,3.21,1.22,1.52
2025-11-06,39.3,39.27,39.77,38.63,140616,551980564.0,2.9,0.05,0.02,1.14
2025-11-07,38.85,39.65,40.35,38.37,255588,1016883230.0,5.04,0.97,0.38,2.08
2025-11-10,39.88,41.0,43.05,39.88,402791,1672279688.0,7.99,3.4,1.35,3.27
2025-11-11,41.03,41.62,42.11,40.88,318212,1330327065.0,3.0,1.51,0.62,2.58
2025-11-12,41.35,38.6,41.55,38.48,291766,1156510056.0,7.38,-7.26,-3.02,2.37
2025-11-13,39.37,38.78,40.2,38.73,194953,769958139.0,3.81,0.47,0.18,1.58
2025-11-14,38.65,39.4,41.13,38.0,246271,984121647.0,8.07,1.6,0.62,2.0
2025-11-17,39.39,38.2,39.53,38.07,150095,578835885.0,3.71,-3.05,-1.2,1.22
2025-11-18,38.07,36.68,38.5,36.4,263599,976897522.0,5.5,-3.98,-1.52,2.14
2025-11-19,36.7,35.45,37.15,35.25,230717,827761938.0,5.18,-3.35,-1.23,1.87
2025-11-20,35.83,35.25,35.93,34.77,177472,631181165.0,3.27,-0.56,-0.2,1.44
2025-11-21,34.86,33.94,35.25,33.81,156489,539057292.0,4.09,-3.72,-1.31,1.27
2025-11-24,34.33,34.28,34.73,33.65,135266,463401433.0,3.18,1.0,0.34,1.1
2025-11-25,34.45,34.44,35.0,34.3,130485,453430005.0,2.04,0.47,0.16,1.06
2025-11-26,34.33,35.94,36.83,34.05,293691,1050933357.0,8.07,4.36,1.5,2.38
2025-11-27,36.0,35.38,36.88,35.31,218565,792741976.0,4.37,-1.56,-0.56,1.77
2025-11-28,35.26,36.36,37.61,35.13,258983,952768273.0,7.01,2.77,0.98,2.1
2025-12-01,36.05,36.09,36.79,35.52,162829,587175698.0,3.49,-0.74,-0.27,1.32
2025-12-02,35.73,35.8,36.46,35.55,107836,388100633.0,2.52,-0.8,-0.29,0.88
2025-12-03,35.75,35.32,36.24,35.21,129984,465946102.0,2.88,-1.34,-0.48,1.06
2025-12-04,35.18,35.42,35.65,34.77,99842,353267606.0,2.49,0.28,0.1,0.81
2025-12-05,35.43,35.2,35.53,34.9,105028,371307013.0,1.78,-0.62,-0.22,0.85
2025-12-08,35.4,36.38,36.73,35.38,179608,653241203.0,3.84,3.35,1.18,1.46
2025-12-09,36.13,36.14,36.21,35.59,120913,436182805.0,1.7,-0.66,-0.24,0.98
2025-12-10,36.22,36.62,36.9,35.7,188756,689547929.0,3.32,1.33,0.48,1.53
2025-12-11,36.62,35.7,37.04,35.7,133453,487055725.0,3.66,-2.51,-0.92,1.08
2025-12-12,35.83,35.87,36.25,34.9,157659,563417167.0,3.78,0.48,0.17,1.28
2025-12-15,35.74,34.62,36.34,34.48,153210,539877692.0,5.19,-3.48,-1.25,1.24
2025-12-16,34.51,33.4,34.62,33.11,151930,513434918.0,4.36,-3.52,-1.22,1.23
2025-12-17,33.61,34.02,34.13,33.1,126079,425948118.0,3.08,1.86,0.62,1.02
2025-12-18,33.85,33.93,34.53,33.66,108227,371437160.0,2.56,-0.26,-0.09,0.88
2025-12-19,33.89,34.53,35.1,33.89,137120,479373039.0,3.57,1.77,0.6,1.11
2025-12-22,34.83,37.18,37.95,34.36,327128,1201255408.0,10.4,7.67,2.65,2.66
2025-12-23,37.05,37.93,38.94,36.94,302822,1163393868.0,5.38,2.02,0.75,2.46
2025-12-24,38.12,39.28,40.3,37.95,344159,1354787254.0,6.2,3.56,1.35,2.79
2025-12-25,39.18,38.67,39.52,38.11,220860,858664079.0,3.59,-1.55,-0.61,1.79
2025-12-26,38.94,38.19,39.05,37.93,206680,795175640.0,2.9,-1.24,-0.48,1.68
2025-12-29,38.07,37.82,38.52,37.66,148765,568518140.0,2.25,-0.97,-0.37,1.21
2025-12-30,37.51,37.39,37.82,37.15,126294,474367137.0,1.77,-1.14,-0.43,1.03
2025-12-31,37.6,36.6,37.7,36.46,152129,562230851.0,3.32,-2.11,-0.79,1.24
2026-01-05,36.9,36.85,37.39,36.46,189750,703059103.0,2.54,0.68,0.25,1.54
2026-01-06,37.09,37.71,37.95,36.99,274672,1034599488.0,2.61,2.33,0.86,2.23
2026-01-07,37.74,38.46,38.83,37.74,342207,1313969746.0,2.89,1.99,0.75,2.78
2026-01-08,38.53,38.71,39.35,38.08,295927,1149126544.0,3.3,0.65,0.25,2.4
2026-01-09,38.45,38.41,38.95,37.75,295451,1136798534.0,3.1,-0.77,-0.3,2.4
2026-01-12,37.88,40.77,41.85,37.82,521055,2111655241.0,10.49,6.14,2.36,4.23
2026-01-13,39.85,38.79,40.34,37.93,440922,1718878792.0,5.91,-4.86,-1.98,3.58
2026-01-14,38.77,38.93,40.04,38.37,360977,1422441351.0,4.31,0.36,0.14,2.93
2026-01-15,38.45,38.43,38.94,37.87,222083,853075426.0,2.75,-1.28,-0.5,1.8
2026-01-16,38.7,41.95,42.35,38.61,673005,2770535069.0,9.73,9.16,3.52,5.46
2026-01-19,43.65,42.35,43.95,41.79,574415,2466280089.0,5.15,0.95,0.4,4.66
2026-01-20,41.76,41.39,43.18,40.95,351512,1475698515.0,5.27,-2.27,-0.96,2.85
2026-01-21,40.85,40.51,41.69,40.37,334728,1374295674.0,3.19,-2.13,-0.88,2.72
2026-01-22,41.06,43.09,43.84,41.06,565930,2424164366.0,6.86,6.37,2.58,4.6
2026-01-23,45.05,51.73,51.74,44.9,1092295,5330216494.0,15.87,20.05,8.64,8.87
2026-01-26,49.77,46.23,50.54,45.65,764195,3618385122.0,9.45,-10.63,-5.5,6.21
2026-01-27,45.36,46.7,47.07,43.74,620033,2822523660.0,7.2,1.02,0.47,5.03
2026-01-28,46.82,45.06,47.06,44.75,368730,1686869821.0,4.95,-3.51,-1.64,2.99
2026-01-29,45.06,46.77,49.15,44.57,641719,3039165622.0,10.16,3.79,1.71,5.21
2026-01-30,45.73,44.37,46.46,41.88,564603,2485904913.0,9.79,-5.13,-2.4,4.58
2026-02-02,45.86,46.78,48.27,45.26,609393,2876681246.0,6.78,5.43,2.41,4.95
2026-02-03,47.72,54.92,55.85,47.64,904945,4805572825.0,17.55,17.4,8.14,7.35
2026-02-04,54.92,62.06,65.75,54.3,1247497,7418974292.0,20.85,13.0,7.14,10.13
2026-02-05,57.4,55.93,58.73,54.86,923717,5234655655.0,6.24,-9.88,-6.13,7.5
2026-02-06,54.26,55.55,57.53,53.63,765887,4255341740.0,6.97,-0.68,-0.38,6.22
2026-02-09,57.35,56.54,60.45,55.47,865867,5024284864.0,8.96,1.78,0.99,7.03
2026-02-10,55.45,54.88,56.91,54.64,525586,2911282478.0,4.01,-2.94,-1.66,4.27
2026-02-11,54.71,53.26,55.31,53.15,392056,2117649895.0,3.94,-2.95,-1.62,3.18
2026-02-12,52.82,52.71,53.34,52.03,352614,1859448367.0,2.46,-1.03,-0.55,2.86
2026-02-13,52.05,50.96,52.35,50.83,274074,1413947016.0,2.88,-3.32,-1.75,2.23
2026-02-24,52.15,51.41,52.43,50.87,285330,1475848157.0,3.06,0.88,0.45,2.32
2026-02-25,51.73,53.55,54.35,50.95,555961,2966695307.0,6.61,4.16,2.14,4.51
2026-02-26,52.85,55.58,56.05,51.72,545382,2963018831.0,8.09,3.79,2.03,4.43
2026-02-27,54.76,55.59,56.8,54.18,437883,2447041310.0,4.71,0.02,0.01,3.56
2026-03-02,54.33,55.93,58.07,54.33,570797,3233557041.0,6.73,0.61,0.34,4.63
2026-03-03,55.65,50.72,56.42,49.75,603825,3130591181.0,11.93,-9.32,-5.21,4.9
2026-03-04,49.32,49.27,51.15,48.85,339910,1694965251.0,4.53,-2.86,-1.45,2.76
2026-03-05,50.4,47.86,50.55,47.53,358523,1741148237.0,6.13,-2.86,-1.41,2.91
2026-03-06,47.54,47.25,48.13,46.94,228851,1090349008.0,2.49,-1.27,-0.61,1.86
2026-03-09,46.53,46.49,46.98,44.65,323317,1481153432.0,4.93,-1.61,-0.76,2.63
2026-03-10,47.15,48.28,48.65,46.34,356826,1702112962.0,4.97,3.85,1.79,2.9
2026-03-11,48.25,47.76,49.85,47.63,379882,1855641263.0,4.6,-1.08,-0.52,3.08
2026-03-12,47.56,46.95,48.12,45.95,299054,1403484640.0,4.54,-1.7,-0.81,2.43
2026-03-13,46.8,47.06,48.66,46.17,280161,1335949383.0,5.3,0.23,0.11,2.27
2026-03-16,47.21,46.44,47.53,45.15,191734,886022296.0,5.06,-1.32,-0.62,1.56
2026-03-17,46.82,45.2,47.55,45.16,196985,914832950.0,5.15,-2.67,-1.24,1.6
2026-03-18,45.6,45.05,46.11,44.57,166693,755059382.0,3.41,-0.33,-0.15,1.35
2026-03-19,44.4,43.6,44.72,43.25,213965,941708826.0,3.26,-3.22,-1.45,1.74
2026-03-20,44.21,45.59,47.28,43.15,492672,2260392106.0,9.47,4.56,1.99,4.0
2026-03-23,45.0,45.63,46.99,45.0,429777,1987381531.0,4.36,0.09,0.04,3.49
2026-03-24,46.06,44.65,46.65,42.65,332870,1478754846.0,8.77,-2.15,-0.98,2.7
2026-03-25,44.53,44.19,46.2,43.99,280482,1263476076.0,4.95,-1.03,-0.46,2.28
2026-03-26,44.24,42.92,44.41,42.56,226633,983239738.0,4.19,-2.87,-1.27,1.84
2026-03-27,42.62,43.3,44.02,42.27,178341,772426640.0,4.08,0.89,0.38,1.45
2026-03-30,42.65,41.87,43.29,40.75,265951,1112575241.0,5.87,-3.3,-1.43,2.16
2026-03-31,41.87,40.96,43.13,40.96,192713,812127388.0,5.18,-2.17,-0.91,1.56
2026-04-01,41.94,42.2,43.73,41.21,251804,1070949747.0,6.15,3.03,1.24,2.04
2026-04-02,42.03,41.28,42.53,40.97,127096,530452365.0,3.7,-2.18,-0.92,1.03
2026-04-03,41.29,40.64,42.0,40.62,138814,573620651.0,3.34,-1.55,-0.64,1.13
2026-04-07,41.06,40.82,41.87,40.65,120640,498512179.0,3.0,0.44,0.18,0.98
2026-04-08,41.84,43.21,43.54,41.62,240047,1029119019.0,4.7,5.85,2.39,1.95
2026-04-09,42.65,41.24,42.75,39.67,447330,1836209978.0,7.13,-4.56,-1.97,3.63
2026-04-10,41.69,42.03,42.95,41.05,277666,1175150155.0,4.61,1.92,0.79,2.25
2026-04-13,41.84,42.2,42.83,41.64,226659,960419788.0,2.83,0.4,0.17,1.84
2026-04-14,42.25,42.46,43.13,41.5,292761,1239023591.0,3.86,0.62,0.26,2.38
2026-04-15,43.07,43.28,44.03,42.62,432576,1880912881.0,3.32,1.93,0.82,3.51
2026-04-16,43.0,45.45,46.35,41.8,549735,2444176639.0,10.51,5.01,2.17,4.46
2026-04-17,44.51,46.03,46.32,44.22,430154,1951740466.0,4.62,1.28,0.58,3.49
2026-04-20,45.82,45.09,46.4,45.04,361350,1655026993.0,2.95,-2.04,-0.94,2.93
2026-04-21,45.19,44.63,45.53,43.96,259451,1158516661.0,3.48,-1.02,-0.46,2.11
2026-04-22,44.29,44.84,45.43,43.91,274657,1232951380.0,3.41,0.47,0.21,2.23
2026-04-23,44.91,43.44,45.3,43.05,306659,1354722996.0,5.02,-3.12,-1.4,2.49
2026-04-24,43.22,43.39,44.09,43.01,201732,881209721.0,2.49,-0.12,-0.05,1.64
2026-04-27,43.37,43.0,44.29,42.46,272314,1184835908.0,4.22,-0.9,-0.39,2.21
2026-04-28,41.04,40.13,42.89,39.79,495816,2041084079.0,7.21,-6.67,-2.87,4.03
2026-04-29,39.85,41.66,42.32,39.7,293096,1202922363.0,6.53,3.81,1.53,2.38
2026-04-30,41.67,42.47,42.7,41.18,224837,944661242.0,3.65,1.94,0.81,1.83
2026-05-06,43.09,44.46,44.82,42.93,311862,1375793179.0,4.45,4.69,1.99,2.53
2026-05-07,45.07,45.96,47.27,44.94,453792,2107051456.0,5.24,3.37,1.5,3.68
2026-05-08,45.84,45.83,46.27,44.97,286795,1312981117.0,2.83,-0.28,-0.13,2.33
2026-05-11,46.06,47.54,48.23,45.96,405475,1918802538.0,4.95,3.73,1.71,3.29
2026-05-12,48.65,47.74,48.9,47.13,382142,1837122451.0,3.72,0.42,0.2,3.1
2026-05-13,47.55,53.84,54.79,47.35,813115,4202827960.0,15.58,12.78,6.1,6.6
2026-05-14,54.39,54.75,56.9,54.07,812127,4497563763.0,5.26,1.69,0.91,6.59
2026-05-15,54.42,52.65,55.14,51.13,637078,3370642353.0,7.32,-3.84,-2.1,5.17
2026-05-18,51.7,51.09,54.03,50.68,432523,2255119092.0,6.36,-2.96,-1.56,3.51
2026-05-19,50.65,51.96,52.25,49.43,355498,1816285246.0,5.52,1.7,0.87,2.89
2026-05-20,51.74,56.7,57.43,51.36,654656,3633998299.0,11.68,9.12,4.74,5.32
2026-05-21,57.0,52.41,57.26,52.13,486506,2642979956.0,9.05,-7.57,-4.29,3.95
2026-05-22,54.91,55.09,56.8,54.17,495968,2749951868.0,5.02,5.11,2.68,4.03
2026-05-25,55.5,56.4,56.65,53.0,466038,2593521937.0,6.63,2.38,1.31,3.78
2026-05-26,54.55,53.8,57.68,52.8,549700,3029334426.0,8.65,-4.61,-2.6,4.46
2026-05-27,53.8,54.0,56.92,53.7,432862,2392908171.0,5.99,0.37,0.2,3.51
2026-05-28,53.0,54.89,55.55,51.05,424724,2264871558.0,8.33,1.65,0.89,3.45
2026-05-29,55.22,50.82,56.0,50.37,388145,2035466520.0,10.26,-7.41,-4.07,3.15
2026-06-01,51.39,47.65,52.42,47.59,402932,2002136506.0,9.5,-6.24,-3.17,3.27
2026-06-02,47.98,47.0,48.38,45.79,291673,1372438452.0,5.44,-1.36,-0.65,2.37
2026-06-03,48.01,48.41,50.45,47.68,339341,1657367677.0,5.89,3.0,1.41,2.76
2026-06-04,47.8,49.01,49.46,46.88,254668,1236102877.0,5.33,1.24,0.6,2.07
2026-06-05,48.48,48.89,50.22,46.23,379022,1827283918.0,8.14,-0.24,-0.12,3.08
2026-06-08,47.0,45.76,48.72,45.71,306467,1438355452.0,6.16,-6.4,-3.13,2.49
2026-06-09,46.46,53.15,53.26,46.14,501643,2502421311.62,15.56,16.15,7.39,4.07
